customer_id,age,gender,marital_status,dependents_count,employment_type,occupation,education_level,city_tier,yearly_income,account_age_months,initial_credit_score,existing_loans_count,existing_loan_monthly_EMI_total,total_credit_limit,initial_credit_utilization_ratio,initial_avg_monthly_balance,initial_savings_rate,has_existing_auto_loan,has_existing_investment_account,txn_count_last_30d,high_value_txn_count_30d,bounced_txn_count,final_avg_monthly_balance,monthly_fuel_spend,monthly_transport_service_spend,avg_monthly_investment_debit,final_credit_score,dti_ratio,savings_rate,income_to_limit,txn_intensity,age_x_dependents,score_x_log_income,opted_home_loan,opted_car_loan,recommend_nifty50,recommend_elss
CUST_000010,44,Female,Married,3,Self-Employed,Trader,Graduate,tier2,3113934.63,23,751,2,59585.67,1238731.78,0.7,91265.64,0.37,1,1,125,4,0,491484.2116312106,33131.80586895047,3975.078054673482,12591.193690402755,761,0.2296211608482191,1.8939985941809565,2.513806593541506,0.4001364138659969,132,11378.013847559952,1,1,0,0
CUST_000014,52,Male,Married,1,Salaried,Govt. Employee,Graduate,tier3,1646955.55,204,830,2,30487.8,588581.73,0.3,50998.47,0.39,0,1,108,4,0,242787.81421251487,22464.32805872375,1616.562037281095,4615.59401751535,837,0.2221377099992043,1.768980676364983,2.798171720057094,0.6517978107499625,52,11981.185968227925,1,1,0,1
CUST_000019,33,Male,Single,0,Salaried,Teacher,Graduate,tier2,1150095.95,162,762,0,27310.01,971890.56,0.41,11645.66,0.14,0,0,141,4,0,77646.86167887118,6706.951119937487,14762.413382391898,2943.2436156081785,769,0.2849472695150051,0.8101520732436066,1.1833583059410453,1.215416707557681,0,10731.66938007193,1,1,1,1
CUST_000022,30,Male,Married,1,Salaried,Product Manager,Post-Graduate,tier1,2465173.82,62,716,1,56515.24,2150958.12,0.25,60015.82,0.26,1,1,149,4,0,340236.0228417492,16442.91930134722,2465.2264970675365,24089.18948655295,726,0.2751041623304486,1.656196559698283,1.146081204927781,0.6019779249281169,30,10685.103404065412,1,0,0,0
CUST_000023,41,Female,Married,1,Salaried,Sales Rep,Under-Graduate,tier3,699190.58,183,606,2,30155.35,395598.46,0.66,2036.81,0.07,0,0,210,1,116,8771.519999379123,3995.393961837881,28412.544097162805,0.0,611,0.5175384221265317,0.1505404056039803,1.767420461089608,2.961122241640604,41,8222.6425172202,0,1,0,0
CUST_000041,33,Female,Married,1,Salaried,Product Manager,Post-Graduate,tier1,2513193.97,83,753,3,58833.94,1712268.63,0.17,50567.89,0.26,1,1,159,4,0,333537.1785843034,20803.9025100081,2346.5377660173635,16297.690690906786,760,0.2809189889040411,1.592565906172681,1.4677559690175668,0.6301536936536036,33,11200.169702538133,1,1,0,1
CUST_000053,44,Female,Married,3,Self-Employed,Trader,Graduate,tier2,2601662.62,174,759,2,43659.07,1291615.53,0.42,75103.66,0.35,1,1,124,4,0,439413.0438747494,30365.058896807743,1665.463440657085,10822.386938489715,766,0.2013736982989825,2.0267548009124186,2.0142686002942374,0.4747933329918394,132,11315.092825599502,1,1,0,0
CUST_000055,33,Female,Married,0,Salaried,Data Scientist,Post-Graduate,tier1,2305822.37,44,736,2,54915.95,1999524.05,0.51,55021.6,0.29,1,1,140,4,0,300818.413974833,13568.4930427136,4320.322264101848,19350.9024618121,744,0.28579303378152,1.5655161596441969,1.153185037616808,0.6045368669618646,0,10900.305595494194,1,1,0,0
CUST_000056,32,Female,Married,0,Salaried,Product Manager,Post-Graduate,tier1,2171129.36,48,735,2,46562.18,877076.18,0.24,53606.92,0.28,1,1,161,4,0,288300.6159248477,24182.70986859571,2324.5636961983887,17505.80901420829,743,0.2573513499830338,1.5934510091494791,2.4754142617186776,0.7381497079109512,0,10840.93356038776,1,1,0,1
CUST_000063,32,Female,Married,1,Salaried,Data Scientist,Post-Graduate,tier1,2643033.42,36,748,0,73174.35,1700632.97,0.76,45924.48,0.25,1,1,159,4,0,334550.8473512801,11549.14104278416,4883.82700586936,22698.251066354384,757,0.3322274348202461,1.5189334764498148,1.5541459635785118,0.5993139732103338,32,11194.090729952166,1,1,0,0
CUST_000065,26,Female,Single,1,Salaried,Teacher,Graduate,tier1,1246651.01,27,745,0,21250.23,663908.44,0.27,14004.09,0.13,0,0,122,4,0,147798.87225026835,6421.727150249832,13907.060223989773,782.1678621540411,752,0.2045482684209905,1.4226671143497072,1.8777425577801696,0.970834376681876,26,10555.05103722469,1,1,1,1
CUST_000068,30,Male,Single,0,Salaried,Architect,Post-Graduate,tier2,2214033.13,22,786,3,28180.32,1399437.72,0.18,64119.93,0.3,0,1,170,4,0,352695.237738572,7520.655234019468,27738.90384363325,16919.37562822585,792,0.1527357484352633,1.9115883391513635,1.5820865168001068,0.7643771026018844,0,11571.378831674156,1,1,0,1
CUST_000073,32,Female,Married,0,Salaried,Product Manager,Post-Graduate,tier1,2615724.04,147,735,1,60806.18,1932331.64,0.53,54224.44,0.29,1,1,143,4,0,391386.3375289483,18088.48857380092,3373.775656915947,19800.494032060866,743,0.2789555784076745,1.7955313451075057,1.3536613654675935,0.5446116873729046,0,10979.349546098085,1,1,0,1
CUST_000075,38,Female,Single,0,Salaried,Architect,Post-Graduate,tier2,1650417.23,58,745,0,32085.84,798493.33,0.23,39578.65,0.31,0,1,170,4,0,181183.8461956781,8470.272290635969,16199.929780366074,11134.7642499768,753,0.2332908754894022,1.317358002892458,2.0669116460726777,1.023839050381331,0,10780.354082723396,1,1,0,1
CUST_000078,29,Female,Married,0,Salaried,Data Scientist,Post-Graduate,tier1,2383581.09,131,797,3,60296.4,1374046.1,0.54,51398.11,0.24,1,1,156,4,0,304269.52422779065,18847.934937487447,1950.677514848564,21139.18657858429,804,0.3035571813979374,1.53181946450998,1.7347157095269876,0.6517431168375416,0,11806.028455161631,1,1,0,0
CUST_000090,38,Female,Single,0,Salaried,HR Manager,Post-Graduate,tier1,1670765.18,29,769,1,34155.69,1406477.75,0.3,34325.49,0.31,0,1,170,4,0,191985.0649261201,6772.56961732456,17237.342411998492,12569.571062312774,774,0.2453159433264464,1.3788916958474626,1.1879064507728965,1.011444085246935,0,11090.485681070364,1,1,0,1
CUST_000098,28,Male,Married,0,Salaried,Software Engineer,Post-Graduate,tier1,1873196.79,112,780,2,32094.0,1201849.99,0.72,35443.28,0.27,1,1,136,4,0,257454.51990276572,16384.694687231393,4784.26697468448,13007.100544452953,787,0.2055980102463644,1.649284508660238,1.558593207964991,0.7221762522226899,0,11366.765012698854,1,1,0,1
CUST_000099,38,Male,Single,0,Salaried,HR Manager,Post-Graduate,tier2,2156245.89,193,772,1,25668.37,1199534.19,0.1,59737.13,0.28,0,1,175,4,0,316054.48268536985,12883.04039336987,19037.020270588648,21784.10337761513,781,0.1428495364253484,1.758905467575791,1.7975678479261623,0.8078491957346541,0,11390.010059322143,1,1,0,0
CUST_000106,30,Male,Single,0,Salaried,HR Manager,Post-Graduate,tier1,1698567.1,68,774,1,31894.57,1118328.53,0.29,47839.78,0.32,0,1,170,4,0,206696.9016735182,11650.415166971514,17708.815916871717,17140.66664129482,780,0.2253264743455279,1.460257470542419,1.5188431087928085,0.994985798333586,0,11189.331004784235,1,1,0,0
CUST_000110,30,Female,Single,0,Salaried,HR Manager,Post-Graduate,tier1,1617338.21,90,765,2,20034.06,853107.8,0.21,32476.36,0.33,0,1,161,4,0,213491.07617653272,9376.727578291164,12494.366038294002,19148.45549864889,772,0.1486435767056289,1.5840062951600276,1.89581705170548,0.9893456628170736,0,11036.738114109745,1,1,0,0
CUST_000116,31,Female,Single,0,Salaried,Teacher,Graduate,tier2,1228579.84,91,672,2,17047.73,878775.76,0.18,10873.56,0.2,0,0,128,4,0,140544.12944163868,6519.353345941829,16016.082802980016,1788.239046701055,683,0.1665099452394214,1.3727338066152743,1.398056817069218,1.0334416552428305,0,9576.595896188668,0,0,0,1
CUST_000117,28,Male,Single,0,Salaried,Analyst,Graduate,tier1,800479.16,26,759,3,8520.61,303080.01,0.32,12995.39,0.14,0,0,164,1,1,47841.94935404383,2746.4019298032745,20008.22215209233,5207.187377241943,770,0.1277307297184893,0.71718892217189,2.641139278241154,2.023494348701082,0,10466.584610483606,1,1,1,1
CUST_000118,27,Female,Married,1,Salaried,Product Manager,Post-Graduate,tier1,2634761.54,25,778,1,65700.58,1353404.73,0.66,64653.11,0.23,1,1,156,4,0,350768.8429126665,10091.728737304156,2938.727780618743,16815.332062036323,787,0.2992313942852181,1.5975665654179896,1.946763990721393,0.5898452379944998,27,11635.246947562517,1,1,0,1
CUST_000126,32,Male,Married,1,Salaried,Data Scientist,Post-Graduate,tier1,1880458.79,101,743,2,32554.01,1026481.89,0.67,35679.03,0.26,1,1,156,4,0,239190.819032133,20384.10520229872,1931.136364507357,13979.710892844076,753,0.2077395310139329,1.5263676753977105,1.831943628402808,0.8251965122180738,32,10878.611236161842,1,1,0,1
CUST_000127,28,Female,Single,0,Salaried,Junior Software Engineer,Graduate,tier1,914704.98,63,725,3,10759.77,704455.6,0.58,10261.49,0.15,0,0,177,4,0,66426.45929441086,1276.8069526871848,17834.29255189649,4806.019376849249,732,0.1411553986895487,0.8714362244952863,1.298454695434751,1.9141240052584123,0,10047.694026197138,0,1,1,1
CUST_000129,50,Male,Married,1,Self-Employed,Business Owner,Graduate,tier2,2748970.28,367,671,0,48872.52,1347279.7,0.69,75317.88,0.27,1,1,118,4,0,447661.556557328,17154.875279415024,1413.462806556498,8408.950809918282,677,0.2133408586395107,1.9541554406410857,2.040384219858564,0.427695799608251,50,10037.701165408043,1,0,0,0
CUST_000134,32,Female,Married,1,Salaried,Software Engineer,Post-Graduate,tier1,2081494.59,73,709,3,43457.09,907757.38,0.47,41013.04,0.24,1,1,137,4,0,258673.19799149348,12751.504448226851,2385.8497735667497,17746.009555765293,717,0.2505325145283349,1.4912652166515223,2.293005094593564,0.6550339678382816,32,10431.344211723508,1,0,0,0
CUST_000138,28,Male,Married,1,Salaried,Product Manager,Post-Graduate,tier1,2492514.47,47,751,0,60982.03,866156.73,0.65,48765.43,0.27,1,1,151,4,0,322507.4999181872,17026.45363812419,6540.925476230547,20648.43372825489,761,0.2935914096832038,1.5526775926348522,2.8776681009358427,0.6033931144462074,28,11208.619073425654,1,1,0,1
CUST_000139,29,Male,Married,0,Salaried,Software Engineer,Post-Graduate,tier1,2494241.08,77,774,1,57564.64,1213438.44,0.17,46221.12,0.27,1,1,153,4,0,314111.89428686514,11432.08487766426,4261.6014964596425,18449.50068974361,782,0.2769469086913987,1.5112110161020154,2.0555134420222902,0.6109635418966931,0,11518.465453995595,1,1,0,1
CUST_000140,35,Male,Single,0,Salaried,HR Manager,Post-Graduate,tier2,1694945.84,196,715,2,17611.1,1322827.95,0.71,45213.82,0.29,0,1,177,4,0,238158.58643087244,13020.70698352639,13498.692942991274,24817.04024625012,723,0.1246834552533766,1.686120427143173,1.2813038601854003,1.0381561445963583,0,10370.106079346984,1,1,0,0
CUST_000141,28,Male,Married,0,Salaried,Product Manager,Post-Graduate,tier1,2161535.4,71,800,0,36723.61,706470.22,0.57,36616.61,0.26,1,1,144,4,0,312054.28296520334,21964.61179477193,3872.3143151289687,8818.84624848654,808,0.2038740024854417,1.7323938376657575,3.059622726032633,0.6631252707185893,0,11785.754497069103,1,1,0,1
CUST_000142,57,Female,Married,1,Self-Employed,CXO,Post-Graduate,tier1,9323218.49,258,818,3,146486.72,4195598.64,0.22,405773.04,0.56,1,1,116,8,0,1927009.682285499,17755.02732993648,2729.24480129323,32933.758408527225,827,0.1885441577235961,2.48026863781054,2.222142075024108,0.1242872435958584,57,13271.711353960196,1,0,0,0
CUST_000147,35,Female,Married,1,Self-Employed,Trader,Graduate,tier2,2933157.49,143,752,3,60208.02,2269037.78,0.72,96532.04,0.38,1,1,134,4,0,482554.1715534485,23675.97750886263,8030.398450884932,21393.94451956888,760,0.2463192946957865,1.9741955173007684,1.2926872453012903,0.4552933387197026,35,11317.608691324736,1,1,0,0
CUST_000148,33,Female,Single,1,Salaried,Gig Worker,Under-Graduate,tier1,514733.67,41,673,3,27068.47,431184.04,0.8,1790.18,0.09,0,0,198,0,130,5036.745671111491,2858.035760597269,26495.40685926826,0.0,679,0.6310332634755336,0.1174190509525566,1.1937651408314167,3.773342770247619,33,8929.805246396494,0,0,0,0
CUST_000153,36,Male,Married,2,Self-Employed,Business Owner,Graduate,tier2,3698341.42,16,711,2,78564.15,1853314.75,0.33,98410.32,0.32,1,1,134,8,0,620009.2446642899,33001.58167561295,1816.945044489221,4909.101655581669,721,0.2549160918212083,2.0117360595493,1.9955268928135963,0.3613475266255285,72,10903.967998783655,1,1,0,0
CUST_000160,33,Female,Single,0,Salaried,Teacher,Graduate,tier1,1241714.37,151,703,1,28237.12,707491.18,0.52,16924.2,0.13,0,0,125,4,0,133882.32765404263,4529.446006258717,8500.904033132449,4067.605926917584,710,0.2728825353044568,1.293834109239793,1.755092713533597,0.9986303824250256,0,9962.723084608857,1,1,1,1
CUST_000162,30,Female,Married,0,Salaried,Data Scientist,Post-Graduate,tier1,2448334.56,109,761,2,61191.76,1885315.04,0.53,42102.05,0.3,1,1,148,4,0,321868.50174663885,18873.899152047663,2956.6294463171744,17359.183376885685,771,0.2999171489840065,1.5775634397769511,1.2986334959522223,0.6020335979005234,0,11342.118540043915,1,1,0,1
CUST_000163,35,Female,Single,0,Self-Employed,Gig Worker,Under-Graduate,tier1,740976.3,184,597,0,30909.01,273188.03,0.16,1564.79,0.04,0,0,208,1,95,13314.3681514511,2547.962123594026,27774.628839651614,0.0,606,0.5005586727887605,0.2156207025366165,2.7123208424584253,2.769727886219578,0,8190.529513335775,0,1,0,0
CUST_000164,52,Male,Married,1,Self-Employed,Investor,Post-Graduate,tier1,10362070.77,285,811,0,109182.54,5648189.12,0.3,506134.31,0.55,1,1,127,8,0,2543767.5318238,15696.989630473725,1234.8468153278832,34036.14148973236,821,0.1264408429348996,2.945856644791653,1.8345825033949104,0.1224442088915673,52,13262.157119886198,1,0,0,0
CUST_000167,41,Female,Single,0,Salaried,Gig Worker,Under-Graduate,tier2,645134.83,145,599,2,28857.72,444567.89,0.29,3472.73,0.04,0,0,202,1,109,8835.090785804961,3290.6536899637163,31652.55714195875,0.0,603,0.5367656227962866,0.1643363719692454,1.4511470427001762,3.0833347694244866,0,8066.461346140913,0,0,0,0
CUST_000183,28,Male,Single,0,Salaried,Junior Software Engineer,Graduate,tier2,1044086.39,78,781,1,20324.82,332568.78,0.38,15336.77,0.17,0,0,163,4,0,69999.69747843614,1986.8126803117057,15670.582055993966,3008.356354060752,789,0.2335966057758215,0.8045184034248282,3.1394505838744577,1.5463628175675428,0,10934.47780939544,1,1,1,1
CUST_000188,33,Female,Single,1,Self-Employed,Gig Worker,Under-Graduate,tier1,604512.8,124,661,0,22608.01,366606.87,0.7,2044.24,0.04,0,0,209,1,107,10794.489789762512,3993.941140131128,25432.203929907533,0.0,670,0.4487758318599997,0.2142738850038081,1.648935687059855,3.401068293451332,33,8919.160450965555,0,1,0,0
CUST_000192,28,Female,Single,0,Salaried,Analyst,Graduate,tier2,798266.85,18,746,0,13855.02,362765.88,0.75,9593.14,0.14,0,0,163,1,0,39082.34057821962,781.4012270294838,17118.62763505115,1948.5133988542143,753,0.2082733871754212,0.5874990762170831,2.2004953980363364,2.016660710506685,0,10233.420202222189,0,1,1,0
CUST_000193,27,Male,Married,1,Salaried,Data Scientist,Post-Graduate,tier1,2551724.7,14,748,3,59767.6,845604.4,0.51,45214.63,0.27,1,1,148,4,0,342023.6641847167,18829.89416490997,1592.8188660255737,19249.80285850802,756,0.2810678703645247,1.6084276917036937,3.017630563854015,0.5777357730906837,27,11152.724007608022,1,1,0,1
CUST_000194,45,Male,Married,1,Salaried,Govt. Employee,Graduate,tier2,1374794.66,42,786,2,24880.16,591791.22,0.49,42521.59,0.35,0,1,108,4,0,179420.97602076211,15494.994606401871,885.4053539755567,4559.857293717875,793,0.2171664777940485,1.566075998096449,2.323103639314488,0.7798990212743888,45,11208.115824034108,1,1,0,1
CUST_000198,45,Female,Married,2,Self-Employed,Investor,Post-Graduate,tier1,8221398.17,118,833,1,118753.69,5970635.71,0.22,286126.9,0.58,1,1,121,8,0,1629956.443940445,11661.27538865656,2187.904248340118,45368.78839054327,842,0.1733333151531594,2.3790903169699584,1.3769717652106153,0.146998113201466,90,13406.53531495146,1,0,0,0
CUST_000206,42,Male,Married,1,Self-Employed,Gig Worker,Under-Graduate,tier1,628088.61,270,616,1,21165.16,558560.67,0.52,4239.81,0.02,0,0,206,1,101,11671.428559717237,3114.070659884498,29046.44773185516,0.0,623,0.4043650268067723,0.2229852041006724,1.1244749572594197,3.2283917432721454,42,8317.322952718376,0,1,0,0
CUST_000207,42,Female,Married,1,Salaried,Govt. Employee,Graduate,tier2,1352808.55,158,791,0,33724.28,645552.16,0.44,38655.01,0.38,0,1,107,4,0,183081.0001085297,18821.21325791824,603.1555215310395,7200.569187415075,796,0.2991463723699348,1.6239936636846302,2.095580401155499,0.7851432983745222,42,11237.684532235207,1,1,0,1
CUST_000208,35,Female,Single,0,Self-Employed,Gig Worker,Under-Graduate,tier1,659040.47,24,581,1,31837.54,225515.95,0.23,3999.22,0.1,0,0,215,1,132,7990.475354218575,4426.136075889145,31290.876201196388,0.0,589,0.5796966059470198,0.1454902433650281,2.922354483776053,3.213557469849321,0,7891.741084968691,0,1,0,0
CUST_000216,31,Male,Married,0,Salaried,Data Scientist,Post-Graduate,tier1,2197191.03,99,742,0,60650.69,1142837.08,0.3,50460.56,0.23,1,1,153,4,0,260956.86837241656,8022.6578207701505,6873.047630632262,10268.72782343046,750,0.331243071333285,1.4252130448177105,1.9225742197879856,0.6931887540336733,0,10952.018064825095,1,1,0,1
CUST_000220,47,Male,Married,1,Salaried,Govt. Employee,Graduate,tier2,1857873.92,60,749,1,40655.93,1619064.18,0.59,39743.93,0.39,0,1,119,4,0,262401.78862874943,10941.09701043508,2059.652705052462,6515.653278382702,759,0.2625947883818399,1.6948411254147366,1.1474979160505447,0.6370879679073843,47,10956.122402180958,1,1,0,1
CUST_000233,39,Female,Married,3,Self-Employed,Trader,Graduate,tier2,3136280.82,23,704,1,71908.51,1157281.12,0.42,78966.15,0.35,1,1,118,4,0,460917.2101282097,22230.750918905644,4252.655130601005,10757.181009462867,715,0.2751344244699702,1.7635491451141083,2.7100399857555906,0.3750459884251527,117,10695.362193577595,1,0,0,0
CUST_000235,32,Female,Married,1,Salaried,Product Manager,Post-Graduate,tier1,2381591.2,56,715,2,59206.21,1918316.82,0.31,42725.17,0.28,1,1,149,4,0,320689.950077718,19776.7600613384,7136.526453238745,10228.594267312545,725,0.2983177550315686,1.6158356694064804,1.241499805282526,0.623016174336149,32,10645.377864837648,1,1,0,1
CUST_000236,48,Female,Married,2,Self-Employed,Business Owner,Graduate,tier2,2579055.56,276,751,0,34195.13,1155367.45,0.26,80985.87,0.37,1,1,127,4,0,469609.1033029612,30201.127740534022,8884.206551276993,11565.38983271651,757,0.1591046184148817,2.185018076701928,2.232236443707633,0.4905263601218353,96,11175.541201212229,1,1,0,0
CUST_000242,25,Male,Single,0,Salaried,Junior Software Engineer,Graduate,tier2,828625.89,55,752,1,10246.84,473624.82,0.27,10300.45,0.13,0,0,169,1,0,45775.78281000714,2601.716486640069,19455.13265419708,2106.1356227092665,760,0.1483906076271747,0.6629064400133642,1.7495369868137678,2.0152013193868843,0,10356.919197925356,1,1,1,1
CUST_000250,44,Male,Married,1,Self-Employed,Business Owner,Graduate,tier2,3551689.37,251,746,1,63931.33,2884928.01,0.74,108721.72,0.26,1,1,133,4,0,633467.9682022535,26846.968392235285,6712.164631747188,16452.14694876704,752,0.216002383105762,2.140274428091076,1.231118463466108,0.3734183028993345,44,11342.366524932257,1,0,0,0
CUST_000259,33,Female,Married,1,Salaried,Product Manager,Post-Graduate,tier1,1939503.93,91,740,2,54079.59,1733118.88,0.32,33798.5,0.22,1,1,148,4,0,223013.06787617155,11945.936520806488,4513.155395172347,11648.14410391584,745,0.3345964165398734,1.3798065657104754,1.119082385691635,0.759167487289959,33,10786.06776427462,1,0,0,1
CUST_000265,30,Female,Single,0,Salaried,Architect,Post-Graduate,tier2,1696856.11,85,787,3,23417.31,764327.65,0.36,31518.84,0.27,0,1,162,4,0,223272.6796415017,5529.885253097739,23012.61277612213,15997.275199124786,795,0.1656037486614089,1.578951327983894,2.220060846862145,0.9491133965592446,0,11403.709229615584,1,1,0,0
CUST_000273,29,Male,Married,1,Salaried,Software Engineer,Post-Graduate,tier1,2586657.71,70,715,0,57356.88,1563951.19,0.49,62762.98,0.25,1,1,142,4,0,362551.6985267244,19833.31175388693,3934.578141065232,22856.6229644092,723,0.2660883054914653,1.6819388905747432,1.6539237749972395,0.546856828503592,29,10675.729452350422,1,1,0,0
CUST_000276,28,Male,Single,2,Self-Employed,Sales Rep,Under-Graduate,tier2,515636.09,92,625,3,27093.29,340560.99,0.24,1052.63,0.03,0,0,209,0,144,4295.288125133719,1273.7412916615913,30518.56742344727,0.0,634,0.6305065146270589,0.0999585928876506,1.5140741043943278,3.9761348959124936,56,8339.102478265699,0,1,0,0
CUST_000277,42,Male,Married,2,Self-Employed,Business Owner,Graduate,tier2,3033778.83,279,704,3,72298.48,2520566.69,0.73,65225.98,0.33,1,1,127,4,0,463451.243257882,25864.51943314122,2126.172207667482,11505.012621809648,714,0.285972833532495,1.8331570074310573,1.2036093464325888,0.4172445078737866,84,10656.678386244585,1,0,0,0
CUST_000279,32,Female,Single,0,Salaried,HR Manager,Post-Graduate,tier1,1684601.06,26,730,2,21533.2,768649.47,0.71,37310.41,0.34,0,1,152,4,0,217549.569460792,9589.562870900696,15818.28293510514,16375.28550545352,738,0.1533873897427816,1.5496703044255775,2.1916347231271454,0.8969662747643979,0,10580.735466646194,1,1,0,0
CUST_000290,27,Female,Married,1,Salaried,Data Scientist,Post-Graduate,tier1,2489642.64,102,759,0,55619.17,955254.41,0.43,60739.52,0.22,1,1,159,4,0,326496.6451697711,20085.226403306708,2829.4803118095697,30649.29474549165,764,0.2680813753348536,1.5736960777970608,2.606258613076057,0.6360909253812377,27,11251.924708283928,1,0,0,0
CUST_000302,24,Female,Single,0,Salaried,Analyst,Graduate,tier2,876382.51,42,763,1,15673.43,523751.06,0.28,12536.91,0.17,0,0,168,2,0,47877.44413767363,3065.0252733833017,21436.791412729526,1249.750665698295,769,0.2146078710602602,0.655560165081458,1.6732774473478922,1.8953442571875656,0,10522.656925535266,0,1,1,1
CUST_000307,30,Female,Single,0,Salaried,Architect,Post-Graduate,tier2,1957176.05,42,787,0,17067.83,1113765.48,0.58,47255.33,0.2,0,1,164,4,0,275659.8543519954,9203.042874721044,19639.54700915864,16232.01553243507,794,0.1046470521828497,1.6901381817776502,1.7572588914688831,0.8336823742847012,0,11502.688887640315,1,1,0,1
CUST_000318,27,Female,Married,1,Salaried,Data Scientist,Post-Graduate,tier1,2194051.97,68,733,2,49791.53,799009.92,0.56,41944.22,0.22,1,1,145,4,0,282506.0557039586,17649.365116665977,6255.406833632919,12313.909630705106,739,0.2723249495774729,1.5451111338597403,2.745959930059529,0.6578792241455177,27,10790.331925293522,1,1,0,1
CUST_000328,33,Female,Single,0,Salaried,HR Manager,Post-Graduate,tier1,2234867.41,69,757,0,45717.44,1594357.96,0.47,54662.94,0.35,0,1,163,4,0,309671.1519073739,5041.330625785991,23779.50607930108,25265.93737245921,765,0.2454760098219348,1.662753617157575,1.401734155274544,0.7261007900684877,0,11184.06507411433,1,1,0,0
CUST_000330,30,Male,Married,1,Salaried,Sales Rep,Under-Graduate,tier2,679777.3,85,593,2,28999.2,278167.01,0.74,3542.75,0.06,0,0,211,1,118,8406.444447082757,5186.418377104163,28637.48616304569,0.0,604,0.5119092048080192,0.1483950002816947,2.44376519068458,3.0589583043686703,30,8111.431284727155,0,0,0,0
CUST_000332,54,Female,Married,2,Salaried,Govt. Employee,Graduate,tier2,1391888.01,172,808,0,33424.21,826951.22,0.78,44138.09,0.28,0,1,100,4,0,181475.07578445124,13943.425184494252,1742.9130933439706,4765.219641470469,815,0.2881604404902619,1.5645526932738616,1.6831540883946112,0.7133237411738759,108,11529.13049173926,1,1,0,1
CUST_000337,28,Male,Single,0,Salaried,Consultant,Graduate,tier1,999937.82,52,697,0,11795.49,361152.68,0.44,9178.36,0.2,0,0,175,3,0,68060.39802739122,4100.783068752847,21059.621222627356,2890.0275951370318,705,0.1415529831286934,0.8167657616346136,2.768732191791594,1.7327799448088794,0,9739.891810145356,1,1,1,1
CUST_000339,33,Female,Married,0,Salaried,Software Engineer,Post-Graduate,tier1,2217433.77,177,748,0,56662.33,1128187.1,0.33,40154.7,0.29,1,1,134,4,0,271794.51775081654,13871.96225142725,5025.307613408535,16388.753305603568,756,0.3066356657732378,1.4708518499687135,1.965482325154821,0.601589155218743,0,11046.56735200349,1,1,0,1
CUST_000343,26,Male,Single,0,Salaried,Teacher,Graduate,tier1,1144041.0,42,664,0,28421.37,1019103.74,0.46,18877.88,0.17,0,0,128,4,0,109988.5232222185,5702.442112242975,14766.732023616958,916.0517255771044,669,0.2981124475876555,1.1536723199594967,1.122594131001687,1.1091460355394651,0,9332.6022914047,1,1,0,1
CUST_000346,36,Female,Single,0,Salaried,HR Manager,Post-Graduate,tier2,1964329.3,23,769,0,32561.8,752469.48,0.44,54281.59,0.24,0,1,160,4,0,272796.2703536079,10438.407172715764,10201.89206880315,18360.44510217821,776,0.1989173673638079,1.6664900566125116,2.6105067935688324,0.8104017906232764,0,11244.753658413909,1,1,0,0
CUST_000349,33,Male,Married,2,Salaried,Gig Worker,Under-Graduate,tier2,732450.97,123,598,1,36560.23,307821.47,0.73,1407.83,0.04,0,0,194,1,95,9888.414420513936,3239.969294480011,25770.56845791785,0.0,609,0.5989692011324478,0.1620026921581677,2.37945907587578,2.6129671566056407,66,8224.02920608443,0,1,0,0
CUST_000363,27,Male,Single,0,Salaried,Analyst,Graduate,tier1,811871.52,73,729,3,16691.92,302926.19,0.5,11751.18,0.1,0,0,167,1,4,36042.1496864873,2817.2840518509947,16880.945056005658,1811.1656280310644,737,0.2467140113892199,0.532719023829733,2.680087977576394,2.0319477672130555,0,10028.431676855997,0,1,1,1
CUST_000365,43,Male,Married,0,Salaried,Sales Rep,Under-Graduate,tier1,543827.31,212,606,1,23652.53,218177.2,0.62,1643.34,0.08,0,0,215,0,128,6803.145868262017,3601.559476542061,30523.753017910374,0.0,614,0.5219011476018531,0.1501137356531733,2.4925831728376164,3.882076526706492,0,8108.722765815396,0,0,0,0
CUST_000366,32,Male,Married,1,Salaried,Product Manager,Post-Graduate,tier1,2380374.29,93,732,2,55463.18,1301429.5,0.18,42967.55,0.21,1,1,160,4,0,285122.7869077673,20219.61289557856,4497.457513987063,14347.93778603379,741,0.2796009046077979,1.4373605902818436,1.829044493732089,0.6693512420600876,32,10879.931620105175,1,1,0,1
CUST_000370,28,Male,Single,0,Salaried,Architect,Post-Graduate,tier1,1976060.39,85,786,1,22468.37,757990.91,0.4,37844.16,0.2,0,1,162,4,0,271697.2691144282,13397.235512932471,13494.24922361848,18297.761935935345,795,0.1364425925712165,1.6499229713811945,2.6069676522009315,0.8156851665522619,0,11524.80989857379,1,1,0,0
CUST_000384,28,Male,Married,0,Salaried,Data Scientist,Post-Graduate,tier1,2581660.37,68,766,1,62207.09,944634.51,0.69,58175.92,0.24,1,1,155,4,0,344979.10843994346,17879.42326380457,5056.548797896679,19266.253423204907,773,0.2891478751039195,1.6035145858881086,2.7329698520437797,0.5980721926152692,0,11412.528473542385,1,1,0,1
CUST_000387,33,Male,Single,1,Salaried,Analyst,Graduate,tier2,939243.26,176,737,0,23224.7,784731.76,0.52,8514.05,0.19,0,0,126,2,0,60778.19370891138,4785.557840159854,15431.217490474482,1385.0034466114216,747,0.2967206167149918,0.7765070429383983,1.196895692235405,1.3273731329943812,33,10273.364646562442,0,1,1,1
CUST_000390,33,Male,Married,1,Salaried,Data Scientist,Post-Graduate,tier1,1964715.63,23,704,0,46193.04,1112058.11,0.58,32941.52,0.28,1,1,143,4,0,251082.3904266349,16206.458629067263,7715.443180093842,6981.841394009637,714,0.2821340075519781,1.533540140176895,1.7667366890236615,0.7241549002172025,33,10346.473029143812,1,0,0,1
CUST_000391,27,Female,Single,0,Salaried,Junior Software Engineer,Graduate,tier2,1106569.97,69,752,2,22970.67,389660.41,0.58,14070.98,0.17,0,0,164,4,0,72960.88892054223,2536.559391030687,22385.313509603107,1379.8881327588067,758,0.2490986185144512,0.7912027222407272,2.8398243747052088,1.4687839043351667,0,10548.916644300252,1,1,1,1
CUST_000393,35,Male,Single,0,Salaried,Sales Rep,Under-Graduate,tier2,518163.37,50,669,0,22321.01,339257.18,0.58,2639.01,0.05,0,0,200,0,128,5874.070664361193,4759.023018180428,25828.772767694027,0.0,679,0.5169140324056699,0.1360328028951556,1.5273423031391609,3.786707131923973,0,8934.314447719067,0,1,0,0
CUST_000396,29,Female,Single,0,Salaried,HR Manager,Post-Graduate,tier1,2243103.14,54,761,1,36005.33,720689.8,0.21,51538.34,0.31,0,1,176,4,0,273108.58801181667,8064.912897335816,27166.213408665924,8311.650885147144,768,0.1926178252267514,1.46104985771787,3.1124348194815306,0.7811448880231909,0,11230.749113329488,1,1,0,1
CUST_000405,36,Male,Married,1,Self-Employed,Business Owner,Graduate,tier2,3401478.47,204,704,3,80991.55,1890330.02,0.73,111980.29,0.4,1,1,136,8,0,527615.6818066378,28917.343575261013,3506.4802180924235,17642.58368496648,710,0.2857272741381516,1.8613570249631344,1.799408904584341,0.3986541354311991,36,10678.201933555312,1,1,0,0
CUST_000406,29,Male,Married,0,Self-Employed,Gig Worker,Under-Graduate,tier1,656677.35,75,628,1,22728.73,566919.42,0.29,4479.23,0.04,0,0,206,1,99,11538.722257139,1535.414549444804,34280.72224250255,0.0,635,0.4153330033447322,0.2108526156022905,1.158323685006795,3.0899504835435017,0,8505.792998391385,0,1,0,0
CUST_000413,37,Male,Married,2,Salaried,Gig Worker,Under-Graduate,tier1,669844.69,126,605,2,26788.11,371886.94,0.12,3693.61,0.03,0,0,208,1,104,9837.7326708466,3055.6649385897613,26356.67655734713,0.0,616,0.4798896910322714,0.1762358931582204,1.8012003562148315,3.059522315309987,74,8263.51843326739,0,0,0,0
CUST_000418,54,Male,Married,1,Self-Employed,Investor,Post-Graduate,tier1,8436964.58,392,844,3,131990.88,6117711.08,0.26,343779.45,0.5,1,1,116,8,0,1864341.0301935037,15941.784790325735,8835.496398238112,33696.13033373929,853,0.187732008614868,2.6516717393000087,1.3791045524326146,0.1373274374497258,54,13603.757682287209,1,1,0,0
CUST_000420,26,Male,Single,0,Salaried,Consultant,Graduate,tier2,976591.09,50,753,2,10603.23,865822.73,0.41,14643.39,0.17,0,0,170,4,0,89271.25572262956,3514.127165702853,18428.90224923307,2819.517904247935,761,0.1302870749671701,1.0969195977780029,1.1279329223281973,1.7231049593200765,0,10495.578315927463,1,1,1,1
CUST_000424,50,Male,Married,1,Self-Employed,Surgeon,Post-Graduate,tier1,8202274.48,299,783,1,80255.37,2817475.19,0.64,340344.28,0.55,1,1,118,8,0,1873531.46481134,15605.447054353988,3576.366814720734,51907.44046351599,792,0.1174141432816669,2.740989068420844,2.91121341472632,0.143687355174714,50,12608.578359669704,1,1,0,0
CUST_000437,36,Female,Single,0,Salaried,HR Manager,Post-Graduate,tier1,1633026.26,18,785,3,15336.74,823786.54,0.78,37722.78,0.25,0,1,170,4,0,231620.1310187551,8421.03665772196,18439.04912630663,15009.864021888652,796,0.1126984495758231,1.7020064013840444,1.982339111368448,1.0346760982383811,0,11387.533067752707,1,1,0,0
CUST_000447,29,Male,Married,1,Salaried,Product Manager,Post-Graduate,tier1,2552912.91,13,742,1,69472.86,952127.54,0.64,57946.67,0.3,1,1,148,4,0,329284.5791524629,23363.806231172595,7961.139355399612,18830.678674004583,750,0.326556537849756,1.5477991281104913,2.681269180314666,0.5774679249635525,29,11064.559480906975,0,1,0,1
CUST_000449,44,Male,Married,3,Self-Employed,Trader,Graduate,tier2,2735464.0,206,719,3,54509.86,1370680.3,0.23,80855.43,0.4,1,1,142,4,0,434410.4476659391,31802.1945514467,4331.370453356142,15633.81672768941,727,0.2391241304986773,1.9056739565586645,1.9956965926360852,0.5172167619025417,132,10775.457322304845,0,1,0,0
CUST_000452,47,Female,Married,1,Salaried,Govt. Employee,Graduate,tier3,1765334.62,281,799,3,36263.25,1325422.49,0.69,56284.83,0.32,0,1,108,4,0,268092.9301042759,10249.359474226574,1271.0276393796153,14325.385929819133,807,0.2465005994120293,1.822370250014306,1.3319023190089985,0.608336021746706,47,11607.768066280532,1,1,0,1
CUST_000455,57,Female,Married,1,Self-Employed,Investor,Post-Graduate,tier1,7710529.01,298,838,2,70954.56,5892276.62,0.63,330157.48,0.43,1,1,118,4,0,1701195.1697399046,11672.22949671552,5813.860749584315,43175.12619083532,846,0.1104273641623495,2.647588802186898,1.3085820980037255,0.1528392676812181,57,13415.950473466875,1,1,0,0
CUST_000465,41,Female,Married,3,Self-Employed,Business Owner,Graduate,tier2,2941562.46,52,761,2,66325.05,2210001.75,0.55,69886.8,0.34,1,1,133,4,0,453986.99805129424,31813.04483775561,5571.126409380389,7034.178556564295,767,0.2705695914969292,1.852016343864888,1.3310220813073648,0.4506087938250847,123,11424.044520690964,1,1,0,0
CUST_000467,27,Female,Married,0,Salaried,Product Manager,Post-Graduate,tier1,1978281.5,88,750,1,48035.07,1167299.64,0.37,39606.32,0.3,1,1,157,4,0,229232.9424237652,14364.946064270378,3849.46297652437,12622.84666410887,756,0.2913727614229132,1.3904889790545147,1.694748920894963,0.7896266197718985,0,10960.29113911063,1,1,0,1
CUST_000471,48,Female,Married,1,Salaried,Govt. Employee,Graduate,tier2,1355147.28,293,812,0,32412.04,663120.61,0.48,44049.78,0.39,0,1,103,4,0,183096.92070699972,15323.398879888367,2252.974734060568,4381.5711648710285,821,0.2870101586877669,1.621331957734147,2.043587872215475,0.7544973462497029,48,11592.045000633336,1,1,0,1
CUST_000476,46,Female,Married,3,Self-Employed,Trader,Graduate,tier2,2721234.02,94,742,1,66349.51,1035288.53,0.69,68351.0,0.34,1,1,134,4,0,395920.8120881499,29066.33646568029,4364.774988642962,15952.5320137052,750,0.2925843948501209,1.745909671576772,2.62847632584481,0.4906207194944064,138,11112.447290019443,1,1,0,0
CUST_000482,34,Male,Single,0,Salaried,Architect,Post-Graduate,tier2,2160057.06,149,766,0,32248.68,1249589.86,0.8,44909.01,0.35,0,1,165,4,0,289523.9072550764,7034.647809156362,19235.670835166613,16000.120635792586,772,0.1791536053944497,1.6084147268240194,1.7286114432687192,0.7603486702787438,0,11260.118448692976,1,1,0,1
CUST_000483,49,Female,Married,1,Salaried,Govt. Employee,Graduate,tier2,1313354.26,306,775,0,30602.85,1144026.61,0.8,35486.12,0.28,0,1,108,4,0,160721.8684643755,11155.824845743717,2174.3614396531248,5143.128937337417,784,0.2796129390441322,1.4684878699202353,1.1480092337981247,0.8161080011938753,49,11045.06701931212,1,1,0,1
CUST_000489,38,Male,Married,2,Self-Employed,Trader,Graduate,tier2,2911740.96,15,752,0,46350.78,2592978.34,0.34,64419.66,0.31,1,1,122,4,0,461941.3647551361,24349.814843192373,6637.192889304102,9607.99920800875,763,0.1910221669354807,1.903766031394928,1.122932572227899,0.4175592623378905,76,11356.69196073382,1,1,0,0
CUST_000490,35,Male,Single,0,Salaried,HR Manager,Post-Graduate,tier2,1839679.36,138,780,0,15468.52,771058.11,0.51,43846.53,0.33,0,1,166,4,0,263337.4973909224,11088.192765704793,28353.39990870124,25579.87769954048,788,0.1008985768134498,1.7177065878545348,2.385912229219365,0.8974528428538013,0,11366.98068891736,1,1,0,0
CUST_000493,60,Female,Married,1,Self-Employed,Surgeon,Post-Graduate,tier1,9113471.92,348,774,2,100674.59,5625994.87,0.25,341449.14,0.54,1,1,119,8,0,2050265.2203796592,14889.817949679247,6415.881549721091,39910.84123220622,781,0.1325612784973235,2.699646245116315,1.6198859954015572,0.1304328012882183,60,12515.731509854037,1,1,0,0
CUST_000505,32,Male,Single,0,Salaried,Architect,Post-Graduate,tier1,2043798.66,40,752,1,32834.34,756943.48,0.46,59240.82,0.21,0,1,179,4,0,283313.0376616631,6777.17174360505,21414.816548923853,24767.880048289637,759,0.1927830633782876,1.6634400233238618,2.70006415794194,0.8715557346794647,0,11028.513799758815,1,1,0,0
CUST_000532,39,Female,Married,2,Self-Employed,Business Owner,Graduate,tier2,2898792.71,158,719,0,39032.17,2129240.25,0.13,77299.76,0.34,1,1,137,4,0,453087.9520154632,33212.04448910805,1478.526925411227,18306.31127992478,731,0.1615790254459742,1.8756197702554296,1.3614205107100943,0.470985778838809,78,10877.13763508296,1,0,0,0
CUST_000537,49,Male,Married,1,Self-Employed,CXO,Post-Graduate,tier1,7967641.49,83,845,1,114778.39,4713970.49,0.68,354317.51,0.56,1,1,119,8,0,1794851.0690616192,11498.199651530304,3428.0617763219548,39477.26511607914,854,0.1728665386526491,2.703206515666312,1.6902184298106564,0.149166893685517,49,13570.82792450058,1,0,0,0
CUST_000546,42,Male,Married,2,Salaried,Gig Worker,Under-Graduate,tier1,515094.2,89,630,3,19993.92,250646.2,0.52,3876.16,0.07,0,0,208,0,113,8487.217847165284,3343.284430636634,28734.92363338729,0.0,635,0.4657816970558692,0.1977196433783623,2.0550566692945305,3.9611940105223034,84,8351.587955751402,0,1,0,0
CUST_000560,25,Female,Single,0,Salaried,Junior Software Engineer,Graduate,tier2,808258.98,68,798,3,12782.68,513719.13,0.24,12806.33,0.17,0,0,175,1,8,41164.81062449266,3665.2079314836233,18080.974192043013,3959.5659150466927,806,0.189778136040465,0.6111536102581735,1.5733449650882865,2.138687191676161,0,10963.72706879998,0,1,1,1
CUST_000561,33,Female,Single,1,Salaried,Teacher,Graduate,tier1,945993.98,111,740,2,20201.03,645075.8,0.77,10262.16,0.16,0,0,125,2,0,63913.97289647295,6343.639216246263,13293.349864751868,2244.527092934344,747,0.2562482321729086,0.8107429455759628,1.4664827195769556,1.307539614423095,33,10278.71442847512,1,1,1,1
CUST_000571,45,Female,Married,1,Self-Employed,Surgeon,Post-Graduate,tier1,8400467.36,176,839,1,84549.04,4497347.99,0.74,319437.09,0.49,1,1,117,8,0,1880142.645277242,25572.59232866848,1835.448053214957,27761.631927283317,847,0.1207774504906348,2.685764797037357,1.86787091210371,0.1391123643811394,45,13504.396922433518,1,1,0,0
CUST_000572,39,Female,Single,1,Salaried,Sales Rep,Under-Graduate,tier3,630844.13,211,618,1,31613.86,567510.08,0.6,3449.11,0.02,0,0,201,0,121,7210.995839769364,3250.5370233523963,31255.844854530893,0.0,625,0.6013515633112735,0.1371659019580777,1.1115979092425827,3.136488119193664,39,8346.759797239303,0,0,0,0
CUST_000573,40,Male,Married,2,Self-Employed,Trader,Graduate,tier2,3616305.43,239,698,0,65197.64,2045348.74,0.73,101648.89,0.29,1,1,133,4,0,613670.8571837533,26485.5575536736,1251.8981138070512,13856.55670575719,708,0.2163448577576886,2.0363395716080817,1.7680621359161783,0.3667644730080003,80,10691.482327717136,1,0,0,0
CUST_000582,31,Male,Single,0,Salaried,Teacher,Graduate,tier1,886111.17,132,720,3,17848.66,497510.84,0.13,10177.95,0.19,0,0,127,1,0,68588.39752905806,7311.333580814302,14265.58781912864,1320.78755254241,728,0.2417089714514518,0.9288333701382582,1.781085591852447,1.417234872766958,0,9969.667944077715,0,1,1,1
CUST_000584,40,Male,Single,1,Salaried,Gig Worker,Under-Graduate,tier2,695032.62,147,627,3,35730.08,624111.14,0.46,2316.13,0.03,0,0,185,1,99,9174.946488426507,2632.451506246968,19447.62345792241,0.0,639,0.6168826398512371,0.1584061723420262,1.1136341940087882,2.6239920643671777,40,8595.646202888223,0,1,0,0
CUST_000588,26,Female,Single,0,Salaried,Teacher,Graduate,tier2,904601.86,24,752,1,13210.43,553068.67,0.38,10020.85,0.14,0,0,119,2,0,95456.275816984,2420.014257068364,10233.071999420235,1909.9833280476837,760,0.1752406933053181,1.266258854141156,1.6356020029086027,1.301112595594328,0,10423.59098620585,1,1,1,1
CUST_000598,31,Male,Single,0,Salaried,HR Manager,Post-Graduate,tier1,1770173.82,150,811,1,21108.46,1180483.73,0.48,50458.89,0.3,0,1,163,4,0,255719.6719755322,10318.698900123289,19914.343647722777,15910.250452819098,818,0.1430931810311303,1.7335107021173553,1.4995313154114245,0.9156409231992862,0,11768.229694052074,1,1,0,0
CUST_000601,43,Male,Married,2,Self-Employed,Business Owner,Graduate,tier2,2564034.8,79,792,1,52029.45,1735418.91,0.23,71653.86,0.29,1,1,127,4,0,374070.54514754086,26687.269270265097,5958.66574699567,12386.84492475804,798,0.2435031217058908,1.7506882252580145,1.4774722735548194,0.4933888228706154,86,11776.160261468012,1,1,0,0
CUST_000603,29,Male,Married,0,Self-Employed,Sales Rep,Under-Graduate,tier1,698961.65,22,651,2,26338.29,241798.23,0.27,2135.54,0.03,0,0,217,1,105,12262.41159050589,3119.873304938016,27223.535374765725,0.0,660,0.4521765305458939,0.2105214396652444,2.890669461602504,3.0608143613974046,0,8881.852706965876,0,1,0,0
CUST_000611,28,Male,Married,1,Salaried,Product Manager,Post-Graduate,tier1,2160024.24,51,760,2,36214.24,1383220.68,0.32,41683.75,0.26,1,1,145,4,0,286796.6123026492,18776.76943860032,3754.7999173178296,19187.24233980335,770,0.2011868467540155,1.5932877809641703,1.5615893469801605,0.668195300896731,28,11230.935457878491,1,1,0,0
CUST_000615,30,Female,Married,0,Salaried,Product Manager,Post-Graduate,tier1,2085574.5,101,758,2,56340.39,841896.76,0.51,43389.28,0.26,1,1,156,4,0,248807.71215490604,17256.19964550489,6585.157892858619,12622.841358183206,764,0.3241700500075158,1.431584135138424,2.477230133027079,0.7444259318864589,0,11116.62432125544,1,1,0,1
CUST_000629,28,Male,Single,0,Salaried,Junior Software Engineer,Graduate,tier2,801065.21,22,764,2,7401.1,314012.42,0.43,10056.55,0.16,0,0,166,1,0,55900.6018612778,1470.241525344558,18006.75816443643,2336.830341619652,772,0.1108672159079397,0.8373814832846558,2.551054060046224,2.0466911655599183,0,10494.335536757664,0,1,1,1
CUST_000635,31,Male,Married,0,Salaried,Product Manager,Post-Graduate,tier1,2726418.5,13,782,0,50850.94,2451606.18,0.54,50853.62,0.3,1,1,151,4,0,386737.9739143255,21326.860439570428,4687.275344763383,21032.5559225404,791,0.2238132532628284,1.7021727445360906,1.1120943527339482,0.5518161787021978,0,11721.433316393308,1,1,0,1
CUST_000636,28,Male,Single,0,Salaried,Junior Software Engineer,Graduate,tier2,838687.24,93,735,3,14907.64,655678.71,0.14,9951.59,0.19,0,0,170,2,1,43628.28259377673,5626.754513514965,18215.93149715753,3067.679660978465,743,0.2132965805477539,0.6242278115398324,1.2791111684697396,2.0030936249259503,0,10134.218588062244,0,1,1,1
CUST_000637,47,Female,Married,2,Salaried,Govt. Employee,Graduate,tier2,1615410.88,254,779,2,37769.2,644828.69,0.62,42291.76,0.35,0,1,98,4,0,223415.80958032684,16896.483293869667,1083.7862210749358,4666.774397887169,785,0.2805645540937243,1.6596209872698608,2.50517447482916,0.6029244740874381,94,11221.653905200486,1,1,0,1
CUST_000645,28,Male,Married,1,Self-Employed,Sales Rep,Under-Graduate,tier3,683392.6,41,561,3,25709.39,581818.18,0.74,3938.33,0.07,0,0,209,1,88,13055.96726425194,1409.603097202767,29771.43353335556,0.0,572,0.4514348893759275,0.2292516134234731,1.1745790161128753,3.0141654237440667,28,7684.720617104657,0,0,0,0
CUST_000646,28,Female,Single,1,Salaried,Analyst,Graduate,tier1,1229074.85,52,699,1,20783.42,533693.76,0.45,17734.06,0.16,0,0,124,4,0,150512.28901825444,4880.707735531464,20691.320203126725,418.1090707829063,704,0.2029157174694367,1.4695035328211778,2.3029546889311785,1.0007466457736591,28,9871.328264854656,1,1,1,1
CUST_000647,23,Female,Single,0,Salaried,Consultant,Graduate,tier2,928163.78,19,757,0,12463.48,325736.39,0.35,13425.92,0.1,0,0,174,2,0,63410.56477807151,2074.03107531614,16509.36675567729,2076.5207796367995,765,0.1611351677373007,0.8198089130669387,2.84942351874312,1.8546868223797768,0,10511.837888905491,1,1,1,1
CUST_000650,29,Male,Married,0,Salaried,Software Engineer,Post-Graduate,tier1,2572827.3,93,787,1,50180.3,1577165.41,0.59,51148.37,0.26,1,1,151,4,0,355915.9958658641,22210.694578624123,5733.597216898293,12773.209462495364,796,0.2340463316150371,1.6600305935898791,1.6312972960158338,0.584630648746821,0,11749.371020645893,1,1,0,1
CUST_000651,32,Male,Married,1,Salaried,Data Scientist,Post-Graduate,tier1,2090973.56,83,786,2,50768.59,936637.73,0.74,48504.12,0.22,1,1,139,4,0,251303.6371119793,13700.094876320098,2376.624015168368,13598.279744030491,794,0.2913569044446198,1.4422116073072029,2.232422697276249,0.6615980450510761,32,11555.193804655915,1,1,0,1
CUST_000659,36,Male,Married,3,Self-Employed,Trader,Graduate,tier2,3104490.66,97,719,0,76900.73,1201454.0,0.71,101184.05,0.28,1,1,125,8,0,511817.908510071,43504.89527115048,2479.6526608544214,6268.5554315292175,726,0.2972485003443353,1.978357107325156,2.58394251969487,0.4013497346625531,108,10852.509754479754,0,0,0,0
CUST_000664,48,Male,Married,3,Self-Employed,Trader,Graduate,tier2,3106792.51,231,738,0,60318.49,2276216.36,0.39,67668.32,0.26,1,1,124,4,0,489307.76266550855,31421.10817178811,4784.065165683357,3488.748710991142,745,0.2329795381943745,1.88994612731076,1.3648927227231058,0.3978448985684966,144,11137.080786286686,1,1,0,0
CUST_000667,32,Male,Married,1,Self-Employed,Gig Worker,Under-Graduate,tier3,554993.15,71,668,3,28626.01,382904.06,0.3,2044.68,0.05,0,0,178,0,115,5693.918961203764,2742.7801787495805,25084.515260705004,0.0,676,0.6189350134859108,0.1231106189455091,1.449427568285465,3.150480673969233,32,8941.257888041557,0,1,0,0
CUST_000671,31,Female,Married,0,Salaried,Software Engineer,Post-Graduate,tier1,2134982.08,42,723,2,53169.03,937046.78,0.4,41729.75,0.22,1,1,161,4,0,248282.780739447,16959.412600801614,2800.7004694119687,12790.356365033196,731,0.2988431518273811,1.395504276467766,2.278413252310357,0.7505890212378837,0,10653.57154335464,1,0,0,1
CUST_000675,29,Female,Married,0,Salaried,Data Scientist,Post-Graduate,tier1,2033215.31,124,801,3,36369.66,773507.78,0.31,49758.42,0.28,1,1,152,4,0,278291.40159792855,16362.596998415996,2417.3065841216285,19500.959069881523,808,0.2146518089017799,1.6424611270714944,2.62856138491408,0.7439255141446645,0,11736.304624979048,1,0,0,0
CUST_000681,28,Female,Single,0,Salaried,Analyst,Graduate,tier1,779953.67,80,708,2,15671.96,473210.24,0.76,10715.21,0.16,0,0,165,1,11,34534.08810401156,3882.832776789977,22899.96374097173,4899.330307875895,717,0.2411176891926538,0.5313170479005039,1.6482145901690757,2.088730089702602,0,9727.532605501749,0,1,1,0
CUST_000689,39,Male,Married,2,Self-Employed,Trader,Graduate,tier2,3367771.38,78,713,0,55200.66,1722650.12,0.34,97475.4,0.28,1,1,116,4,0,597192.2442196731,28891.60152405076,2720.7858538919536,12878.391445031397,718,0.1966895863711994,2.127900200824697,1.9549932896453228,0.3434217030993969,78,10791.369165488237,1,0,0,0
CUST_000690,36,Female,Single,0,Salaried,Architect,Post-Graduate,tier1,1920881.85,27,769,1,22760.7,1366027.61,0.36,48944.22,0.28,0,1,163,4,0,276905.2370637789,8446.867895092146,27043.6989923974,19791.5515186958,777,0.1421881797372613,1.7298524042676,1.4061798090744233,0.8441738680178696,0,11241.865569334168,1,1,0,0
CUST_000693,31,Female,Married,1,Salaried,Product Manager,Post-Graduate,tier1,2353171.9,104,734,1,44653.66,909384.18,0.34,43631.04,0.21,1,1,136,4,0,333060.8420934201,15276.872090435902,3470.0238231926805,23396.553031029245,740,0.2277101759875206,1.6984350883588153,2.5876514723936888,0.5754977028966873,31,10856.743607797956,1,1,0,0
CUST_000696,50,Female,Married,1,Salaried,Govt. Employee,Graduate,tier3,1350397.14,175,770,3,31092.38,738618.45,0.54,32956.07,0.33,0,1,96,4,0,176899.60693078616,13338.124945714277,1068.916511366785,3793.944117660355,780,0.2762929759198757,1.5719645404424871,1.828271838766228,0.7056762850883382,50,11010.409819853505,1,1,0,1
CUST_000700,46,Male,Married,1,Salaried,Govt. Employee,Graduate,tier2,1808645.54,99,770,0,32037.34,1459510.0,0.54,53538.94,0.34,0,1,107,4,0,272400.69476453,7476.963880314407,2643.085993923008,7411.0970095160465,779,0.2125599078308655,1.8073119232811532,1.2392133666686993,0.5883499431120591,46,11223.901607987706,1,1,0,1
CUST_000704,32,Male,Single,0,Salaried,HR Manager,Post-Graduate,tier2,2234677.85,16,796,3,40936.86,1563588.03,0.65,41299.0,0.29,0,1,171,4,0,275994.1311324795,9947.813465507415,18372.13860736511,21667.766674056853,802,0.219825726599152,1.4820533478459008,1.4291977029283711,0.7618019663712545,0,11724.925683712909,1,1,0,0
CUST_000708,34,Female,Single,1,Salaried,Analyst,Graduate,tier2,1080603.51,146,763,1,17981.74,375250.57,0.75,10827.7,0.14,0,0,125,4,0,116072.03467553204,6516.79001266754,13510.541080215113,2559.900241535746,770,0.1996833082656754,1.2889546774193392,2.87967751873763,1.146154389325228,34,10697.634003972798,1,1,1,1
CUST_000717,23,Female,Single,0,Salaried,Analyst,Graduate,tier1,888992.97,48,704,3,12004.03,383108.08,0.32,12585.84,0.19,0,0,164,3,0,64649.18125483145,2285.8068067086097,24180.017703429035,2693.053741785985,711,0.1620332448760101,0.8726499864876767,2.3204695905406365,1.8242634311144836,0,9739.16831514691,1,1,1,1
CUST_000727,28,Male,Married,0,Salaried,Software Engineer,Post-Graduate,tier1,2748807.26,72,730,0,49975.07,1765941.33,0.15,50092.1,0.29,1,1,154,4,0,397780.511340095,18224.48824570222,6112.953551402997,21036.83987670323,737,0.2181667047836386,1.7365150941503302,1.556566833074328,0.5582122471288553,0,10927.261697582082,1,1,0,1
CUST_000761,28,Male,Married,1,Salaried,Software Engineer,Post-Graduate,tier1,2728553.7,83,742,2,49147.04,1853220.23,0.51,61281.38,0.25,1,1,152,4,0,422980.9734124328,18636.042994307478,3459.149525382416,21206.90140169421,750,0.2161445040520739,1.8602343645048365,1.4723302624803194,0.5550375002688464,28,11114.461959789523,1,1,0,1
CUST_000768,27,Female,Married,1,Salaried,Product Manager,Post-Graduate,tier1,2245071.04,75,808,2,48894.82,1347194.61,0.35,49420.82,0.27,1,1,154,4,0,294176.6911223711,20346.966723484216,4797.2968897681,16436.317173015294,815,0.2613434913302806,1.5723784958388236,1.6664774018971156,0.6829053154795514,27,11918.762256700364,1,1,0,1
CUST_000769,30,Male,Single,0,Salaried,HR Manager,Post-Graduate,tier2,2097521.86,93,749,2,25133.66,1257086.7,0.45,51482.05,0.27,0,1,169,4,0,290998.681600093,15533.518028866669,17638.865237703558,17619.15474075764,757,0.1437897741493431,1.6648046764790327,1.6685565056439575,0.8018896658087333,0,11019.09458527644,1,1,0,0
CUST_000771,34,Female,Single,0,Salaried,Analyst,Graduate,tier2,1010007.94,174,718,1,21013.59,359562.06,0.79,15879.95,0.13,0,0,132,4,0,90075.60953590232,6078.89559607355,11105.833571099303,3122.2846182459925,723,0.2496614868811402,1.0701841336229738,2.8089869409833144,1.2941075733194782,0,9995.81462221045,1,1,1,1
CUST_000781,49,Male,Married,2,Self-Employed,Trader,Graduate,tier2,3035855.13,346,705,0,73644.45,2027121.17,0.21,72890.21,0.26,1,1,126,4,0,439804.3650246293,25797.461606583445,9316.47976985772,10234.598690640698,714,0.291097522439989,1.7384332562326443,1.497618236793296,0.4136769301959545,98,10657.16687625209,0,0,0,0
CUST_000785,32,Male,Single,0,Salaried,HR Manager,Post-Graduate,tier2,1788332.51,156,711,3,36272.22,1565231.7,0.69,49834.08,0.29,0,1,167,4,0,217888.14727972023,8130.108602761556,16360.98928225386,11654.564310719616,718,0.2433908218277249,1.462054851700047,1.1425345956546908,0.9286380525923984,0,10336.898626312097,1,1,0,1
CUST_000786,33,Male,Single,0,Salaried,Sales Rep,Under-Graduate,tier1,670148.66,136,590,1,30463.45,402983.06,0.57,4515.92,0.08,0,0,214,1,115,9180.82452161906,3441.624855585618,34171.391005771264,0.0,597,0.5454832278576304,0.164393257968065,1.6629656766076557,3.1463709713108896,0,8008.908034715775,0,1,0,0
CUST_000794,28,Female,Single,0,Salaried,Architect,Post-Graduate,tier2,1836552.91,108,787,3,31653.25,1447768.16,0.26,41582.85,0.23,0,1,162,4,0,241560.29553705757,6811.03944512622,14858.068292555465,15226.863682201363,796,0.2068203513699932,1.5783398292438735,1.2685398755144086,0.8773103609579213,0,11481.027592855273,1,1,0,1
CUST_000803,45,Male,Single,0,Self-Employed,Gig Worker,Under-Graduate,tier2,560569.39,48,630,2,20657.64,172696.92,0.25,3485.35,0.06,0,0,214,0,122,8141.840331222938,4157.880026457156,24843.044580944603,0.0,639,0.44220461902954,0.1742870628913943,3.2459533386389365,3.750639339414966,0,8458.257752563874,0,1,0,0
CUST_000807,30,Male,Single,1,Self-Employed,Sales Rep,Under-Graduate,tier1,522776.47,130,586,0,27623.19,162634.78,0.2,1070.1,0.04,0,0,186,0,124,4932.600187511504,4081.44594528439,29677.694417031493,0.0,594,0.6340581306240362,0.1132220881805944,3.2144001153989605,3.491145170131106,30,7821.145231968322,0,1,0,0
CUST_000817,27,Female,Married,1,Salaried,Data Scientist,Post-Graduate,tier1,1962808.8,98,778,0,52589.34,747866.13,0.35,38959.8,0.29,1,1,155,4,0,240035.42407246857,14400.27287585791,4143.041259182706,17607.615034671308,787,0.3215128349974689,1.46749264572172,2.624542142933866,0.7856818156934418,27,11403.541522353516,1,1,0,0
CUST_000824,36,Female,Married,2,Salaried,Gig Worker,Under-Graduate,tier3,617882.9,88,680,3,22936.09,478982.54,0.59,3066.33,0.09,0,0,217,1,109,10639.933545346828,4424.196187822014,31435.661574443668,0.0,690,0.4454367239477134,0.206635792825223,1.2899877519799534,3.456058446567027,72,9200.498539752309,0,1,0,0
CUST_000827,30,Female,Married,0,Salaried,Product Manager,Post-Graduate,tier1,2165417.76,42,739,0,44965.31,1531842.45,0.73,41337.45,0.25,1,1,142,4,0,278783.4988868908,15388.074191647844,2655.331240599386,10786.45621711512,745,0.2491808923878463,1.5449136464452624,1.413602519239156,0.6527481875481241,0,10868.152620894092,0,0,0,1
CUST_000828,33,Female,Single,0,Salaried,HR Manager,Post-Graduate,tier2,1753263.92,24,776,3,29175.43,871043.03,0.51,30671.62,0.34,0,1,167,4,0,207447.6944047168,9114.457083165153,15079.932216835346,17845.99052438361,785,0.1996862878262766,1.419840599223311,2.0128304191465496,0.9471072260129952,0,11285.937366874394,1,1,0,0
CUST_000833,55,Female,Married,1,Self-Employed,Surgeon,Post-Graduate,tier1,9152503.39,153,797,0,94229.85,6112997.64,0.41,366703.92,0.53,1,1,120,8,0,2128314.6068688044,15084.570641861435,4838.915064104706,41334.636989956365,806,0.1235461675634505,2.7904651556587714,1.4972199290396049,0.1309685736443694,55,12919.807711523184,1,1,0,0
CUST_000846,48,Female,Married,1,Self-Employed,Business Owner,Graduate,tier2,3308207.18,193,656,0,70728.24,2902562.54,0.28,95664.56,0.38,1,1,126,4,0,521549.9898494329,25632.432088351703,5564.168787883792,17636.316508790384,663,0.2565546095407137,1.8918335024565072,1.1397535779699073,0.37972312506418,48,9952.90114698071,0,1,0,0
CUST_000849,30,Female,Married,1,Salaried,Gig Worker,Under-Graduate,tier3,607324.09,33,620,0,29553.46,219348.03,0.38,4809.92,0.04,0,0,200,1,117,7524.370177916517,4320.318271028104,28891.75391935368,0.0,630,0.5839295998365585,0.1486696470400733,2.7687566705902458,3.2397893301069787,30,8389.59628187842,0,1,0,0
CUST_000852,40,Female,Married,2,Salaried,Govt. Employee,Graduate,tier2,1369895.89,55,784,0,27383.76,925909.94,0.54,35522.72,0.38,0,1,110,4,0,190760.505165625,15456.397587384605,1750.1429216545837,6414.520437753728,793,0.2398738794036728,1.671007283553568,1.4795115067978353,0.797161588763048,80,11205.285103533171,1,1,0,1
CUST_000854,31,Female,Married,1,Salaried,Software Engineer,Post-Graduate,tier1,2098163.65,102,806,0,49772.88,1845773.71,0.6,50098.2,0.21,1,1,141,4,0,283551.46777407604,15807.000917019364,5432.846263145667,10426.477132022264,813,0.2846637553914993,1.6217029366864075,1.1367387572451897,0.6688285323580074,31,11834.494291567376,1,1,0,1
CUST_000856,25,Male,Single,1,Self-Employed,Gig Worker,Under-Graduate,tier3,633443.69,42,586,0,28716.94,296089.01,0.13,2505.64,0.05,0,0,197,1,116,7451.487146522606,5372.487373852617,28962.335852550204,0.0,597,0.5440053431361553,0.1411588011124681,2.1393619122779586,3.061650973685048,25,7975.279995898242,0,1,0,0
CUST_000858,32,Male,Single,0,Salaried,HR Manager,Post-Graduate,tier2,1981846.43,123,819,0,27003.41,1295966.68,0.2,35914.52,0.34,0,1,175,4,0,269694.678495058,8820.803592827808,23408.691489292996,18415.54842551678,826,0.1635035656911175,1.6329804858668415,1.5292406289021034,0.8785817890589086,0,11976.620050827973,1,1,0,0
CUST_000860,26,Male,Single,0,Salaried,Junior Software Engineer,Graduate,tier2,857223.08,46,722,2,11702.24,447089.26,0.77,11598.18,0.2,0,0,164,2,3,58706.00062064649,3342.4490587187565,16193.012735814542,4939.442457673766,727,0.1638137347342341,0.8217955889623157,1.917337854776796,1.8910935811348564,0,9931.877518661784,0,1,1,1
CUST_000861,45,Male,Married,2,Self-Employed,Trader,Graduate,tier2,3270603.73,292,709,1,54750.4,1199693.76,0.18,105969.56,0.33,1,1,126,4,0,537392.5265770904,24081.66105335522,5757.753507826683,8132.171617782458,715,0.2008810738521091,1.9717113997140483,2.726196561865453,0.384075646954166,90,10725.3471028255,1,0,0,0
CUST_000868,33,Female,Married,0,Salaried,Data Scientist,Post-Graduate,tier1,2697223.2,65,795,2,61411.17,2285306.64,0.13,48182.56,0.25,1,1,158,4,0,350824.0042648375,23907.115492677323,6139.898350029623,14579.653701468787,801,0.2732183088816281,1.5608160723907392,1.1802451244594798,0.583623840103025,0,11860.99471618395,1,1,0,1
CUST_000871,26,Female,Single,0,Salaried,Consultant,Graduate,tier1,1064343.41,46,747,1,17167.73,711370.18,0.21,17234.07,0.19,0,0,170,4,0,92523.3504425076,3316.340332077763,17473.44786094558,2320.778996139419,756,0.1935563610279389,1.0431479888001802,1.496185732461076,1.582361826001241,0,10491.66941012715,1,1,1,1
CUST_000875,36,Male,Single,1,Self-Employed,Gig Worker,Under-Graduate,tier1,587244.42,133,605,1,24794.5,298740.11,0.24,2502.67,0.08,0,0,200,1,116,8232.867841700248,2425.015677429797,26185.821566462077,0.0,615,0.506650910687362,0.1682304539138167,1.965730193611452,3.348712743101057,36,8169.166833607799,0,1,0,0
CUST_000877,27,Female,Married,1,Salaried,Product Manager,Post-Graduate,tier1,2725934.67,25,732,0,58917.26,1319175.33,0.78,63134.74,0.29,1,1,145,4,0,384847.3317030498,10337.04287963244,3193.1047687661367,20206.616119886858,739,0.2593620512759334,1.6941519917690089,2.0663914353284367,0.5299834151376137,27,10950.740173995497,1,1,0,1
CUST_000879,46,Female,Married,2,Salaried,Govt. Employee,Graduate,tier2,1350223.6,70,817,1,31903.78,1198453.9,0.2,44713.84,0.31,0,1,121,4,0,170430.2561242803,8776.60039146261,702.4983105760341,9924.426932828668,823,0.2835396726319465,1.5146712718072042,1.126636972321612,0.8895596282846436,92,11617.288180217354,1,1,0,1
CUST_000883,28,Male,Married,1,Salaried,Product Manager,Post-Graduate,tier1,2074190.42,117,776,0,58011.81,1494798.77,0.34,41738.77,0.25,1,1,148,4,0,245874.4160935408,14349.467932252266,3824.849757212044,15448.77399419638,784,0.3356189893944873,1.422471097648459,1.3876041872818858,0.7101078604900218,28,11403.344255538204,1,1,0,1
CUST_000887,32,Male,Married,0,Salaried,Data Scientist,Post-Graduate,tier1,2707302.1,53,787,3,78265.15,1290489.22,0.74,64962.75,0.23,1,1,144,8,0,331575.4331861516,13710.069649854162,2905.4108498491246,15248.685206913951,795,0.3469053701600416,1.4696873178600958,2.0978865690280086,0.5299373963608979,0,11775.113507381688,1,0,0,1
CUST_000891,46,Male,Married,2,Salaried,Govt. Employee,Graduate,tier2,1716844.18,18,799,0,38500.07,698712.67,0.77,54948.98,0.25,0,1,109,4,0,240774.2431553324,13677.905186094997,2833.407250982012,7009.740528274405,808,0.2690969956493385,1.682896302859794,2.4571498364988336,0.6312092385776231,92,11599.647165267248,1,1,0,1
CUST_000893,42,Female,Married,0,Self-Employed,Sales Rep,Under-Graduate,tier3,734998.79,186,593,1,39051.02,358038.91,0.38,3947.32,0.1,0,0,210,1,115,8695.441443335709,4336.077922019664,26846.59127546908,0.0,602,0.6375583139398537,0.1419643068369493,2.052840394245435,2.818796524488315,0,8131.59054647335,0,1,0,0
CUST_000895,33,Male,Married,1,Salaried,Product Manager,Post-Graduate,tier1,2525485.13,62,781,3,53629.51,1771639.26,0.13,62455.19,0.23,1,1,162,4,0,355719.0813005808,21920.69510523168,2854.494188552662,12484.509312544742,790,0.254822748501797,1.6902133543929112,1.4255067391615948,0.6389309804392346,33,11646.13586182577,1,1,0,1
CUST_000900,28,Male,Single,0,Salaried,Junior Software Engineer,Graduate,tier2,875116.8,70,768,2,17740.71,764777.32,0.59,7637.95,0.19,0,0,171,2,6,39947.38110113394,2014.0447098908892,17541.324435354796,3111.108583704136,777,0.2432653570537273,0.5477691663371235,1.1442751149117305,1.9319484162994085,0,10631.002410828114,0,1,1,1
CUST_000904,37,Female,Single,0,Self-Employed,Gig Worker,Under-Graduate,tier3,607761.47,160,593,3,22686.46,333092.38,0.26,1485.12,0.05,0,0,208,1,111,9395.813607072036,2943.753120350703,27458.109599657342,0.0,601,0.4479259682065425,0.1855128083903768,1.8245978650191128,3.366995355019471,0,8003.841185574131,0,1,0,0
CUST_000913,30,Female,Single,0,Salaried,HR Manager,Post-Graduate,tier1,2078199.01,26,737,3,36937.79,1514297.09,0.41,34858.91,0.27,0,1,156,4,0,242062.3364058326,6435.5663022325625,18331.38570962744,22261.69740114029,743,0.213286080127157,1.397715642392825,1.372384356636149,0.7470552339740838,0,10808.430434028918,1,1,0,0
CUST_000914,45,Female,Married,1,Self-Employed,Business Owner,Graduate,tier2,3667459.44,270,715,2,61146.21,1406813.62,0.59,80048.1,0.38,1,1,121,4,0,666662.9285374455,18659.53855635999,3388.323083256414,21576.87480816512,723,0.2000709567897821,2.1813271823186566,2.606924457466897,0.3290315011604859,45,10928.152231664128,1,1,0,0
CUST_000916,52,Female,Married,1,Self-Employed,Investor,Post-Graduate,tier1,8417249.84,404,780,2,93481.56,7247467.42,0.53,302099.86,0.5,1,1,122,8,0,1898388.720714697,16344.693213581935,1264.801096803864,44529.89906137555,791,0.1332712159041021,2.706422240581785,1.161405521515884,0.1447684622104428,52,12613.122919009262,1,0,0,0
CUST_000919,25,Female,Single,0,Salaried,Junior Software Engineer,Graduate,tier1,812882.8,24,726,3,8380.89,597790.07,0.49,9020.51,0.19,0,0,174,2,0,48446.699822433446,2850.526069910282,25393.31131459212,2905.965522123821,733,0.1237191823591441,0.7151729816320652,1.3598108784060627,2.1145174015060224,0,9974.915749499129,0,1,1,1
CUST_000920,31,Male,Single,2,Self-Employed,Gig Worker,Under-Graduate,tier2,662746.93,135,655,3,30766.67,540826.33,0.37,3058.76,0.04,0,0,211,1,121,8344.395517310126,2446.598788035144,30738.2913532017,0.0,666,0.5570653570824009,0.1510847182515089,1.2254316548684774,3.136394840181582,62,8927.163900530611,0,1,0,0
CUST_000921,28,Male,Single,0,Salaried,Teacher,Graduate,tier1,1149516.67,62,764,0,20833.15,893526.7,0.46,14286.98,0.13,0,0,121,4,0,129497.91766568203,3594.762911672438,17867.802900170635,3639.3206383711354,773,0.2174785253507422,1.3518366723190858,1.286492483668945,1.0435382528825567,0,10787.101365110306,1,1,1,1
CUST_000925,29,Female,Married,0,Salaried,Product Manager,Post-Graduate,tier1,2434076.31,100,795,3,54636.26,2002894.24,0.12,54581.08,0.26,1,1,150,4,0,336026.89509745874,18976.46467854801,2711.4134054367823,19860.06008502534,803,0.2693555189869015,1.6566049492138206,1.2152788929689604,0.6137287914713269,0,11808.177886588472,1,1,0,1
CUST_000937,24,Female,Single,0,Salaried,Junior Software Engineer,Graduate,tier2,1038040.77,25,730,0,21274.22,532029.27,0.74,9125.36,0.14,0,0,172,4,0,70032.4584407935,2424.409810602271,26590.42914540433,2110.003385351708,737,0.2459322371443602,0.8095826393195039,1.9510934406044227,1.6411575286331657,0,10209.547931483889,0,1,1,1
CUST_000940,29,Female,Married,0,Self-Employed,Gig Worker,Under-Graduate,tier2,585508.5,62,597,1,23205.71,314006.41,0.22,4739.25,0.08,0,0,210,0,115,8235.962545512844,1923.396445327338,25160.55722900247,0.0,607,0.4755914096944513,0.1687926392776241,1.864632748634817,3.526398027903884,0,8061.104276213324,0,1,0,0
CUST_000947,32,Female,Single,0,Salaried,Architect,Post-Graduate,tier1,1978258.78,61,789,3,17697.64,1082370.21,0.31,57501.96,0.28,0,1,168,4,0,283295.37962094106,11492.85732993224,15310.81463277216,22344.28340852514,795,0.1073521795636085,1.7184424851340585,1.827708240687592,0.8449604331685637,0,11525.693853192004,1,1,0,0
CUST_000949,26,Female,Single,0,Salaried,Teacher,Graduate,tier2,1016367.08,81,694,0,20300.43,857840.52,0.29,10879.81,0.14,0,0,119,4,0,110851.1388456051,1191.8936174931218,14711.645953878537,2932.864195453028,702,0.2396794314184428,1.3087771013028535,1.1847958583305689,1.1594292365651475,0,9709.88577973338,0,1,1,1
CUST_000951,50,Female,Married,2,Self-Employed,Business Owner,Graduate,tier2,2891245.22,280,715,2,53880.97,1128483.52,0.44,67473.57,0.27,1,1,110,4,0,466109.5376328524,19574.47183527326,1594.5321271129014,9969.387459049323,723,0.223629926637935,1.934561343384809,2.5620601512548884,0.3791475441017702,100,10756.214287851835,1,1,0,0
CUST_000954,47,Female,Married,3,Self-Employed,Business Owner,Graduate,tier2,3339403.92,185,770,0,72796.97,1219407.53,0.62,72410.01,0.27,1,1,137,4,0,507866.624047936,26364.94935770269,4982.927192626263,15311.325306000756,777,0.2615917456607202,1.824989649260351,2.738544005428599,0.4090280040037691,141,11671.552571959042,1,1,0,0
CUST_000956,54,Male,Married,1,Salaried,Govt. Employee,Graduate,tier2,1519049.64,248,786,0,31806.93,1194298.16,0.21,46055.82,0.29,0,1,98,4,0,218248.02907785267,13239.794652634866,2581.109204163569,9235.43854409615,794,0.2512624569994408,1.7240751000296686,1.2719171970279206,0.640920984095716,54,11301.47531828306,1,1,0,1
CUST_000957,33,Female,Married,0,Salaried,Software Engineer,Post-Graduate,tier1,2103996.5,64,778,0,53543.43,1841006.69,0.47,52504.66,0.29,1,1,146,4,0,257846.1150154537,11954.29787071018,5657.674487408455,11800.735621945829,786,0.3053795457575385,1.4705992776100687,1.1428504679412828,0.6906350128772683,0,11443.648836396118,1,1,0,1
CUST_000960,29,Male,Married,0,Salaried,Product Manager,Post-Graduate,tier1,2302423.87,75,723,1,43981.39,1846566.89,0.34,55549.7,0.28,1,1,143,4,0,340507.4599898767,20333.084702604006,5874.611033523377,16602.2040784084,728,0.2292253551452879,1.774681142314952,1.2468666234632728,0.6183987367333308,0,10664.816647451487,1,1,0,1
CUST_000964,29,Male,Married,0,Salaried,Product Manager,Post-Graduate,tier1,2691656.69,81,783,3,48694.32,2119044.59,0.76,55390.23,0.21,1,1,147,4,0,384782.81288418977,16819.26313711517,5385.865575760444,17469.48711694214,794,0.2170890652965168,1.7154391146892145,1.2702212272837414,0.5441105842356306,0,11755.700235911354,1,1,0,1
CUST_000969,33,Female,Married,1,Salaried,Data Scientist,Post-Graduate,tier1,2146410.6,21,762,2,49012.16,1597818.0,0.19,39918.48,0.3,1,1,151,4,0,261169.62004800903,21448.86259208672,4134.294390314491,11322.661862356368,772,0.2740121726262107,1.460120407125842,1.3433377622872178,0.7002377005566565,33,11255.225762472252,1,1,0,1
CUST_000975,33,Male,Married,0,Salaried,Software Engineer,Post-Graduate,tier1,2426166.78,52,783,0,47096.48,1032570.77,0.6,48488.85,0.22,1,1,149,4,0,338085.237638449,18648.956754646228,7447.616334032948,17101.18577848211,793,0.2329415147221756,1.672186272959402,2.3496350089059668,0.6116165823425275,0,11658.546055487086,1,1,0,1
CUST_000976,34,Male,Single,0,Salaried,Architect,Post-Graduate,tier2,1851033.66,44,760,1,37518.56,1061359.94,0.41,49967.34,0.31,0,1,171,4,0,242297.04229038584,8386.5315666956,14491.841290574972,16152.681990481862,767,0.2432261557502584,1.5707686581240952,1.7440190139275336,0.9188442083309768,0,11068.772827674067,1,1,0,0
CUST_000985,49,Male,Married,2,Self-Employed,Investor,Post-Graduate,tier1,8985292.9,163,821,2,127416.87,7979192.37,0.4,349774.12,0.45,1,1,102,8,0,1948043.807117262,16385.250375328946,3383.6377233037606,29693.4579310262,830,0.1701670067979551,2.6016396711709966,1.1260903807373202,0.1133926389434189,98,13289.212823821856,1,1,0,0
CUST_000987,38,Female,Married,2,Self-Employed,Business Owner,Graduate,tier2,3526629.65,57,766,3,86075.47,1668347.69,0.51,109927.66,0.31,1,1,136,8,0,553655.1400511942,22148.91562602857,4864.576652439328,16638.934708044653,774,0.2928864745869488,1.8839060896970723,2.113844468568498,0.3845469089476191,76,11668.710595848785,1,1,0,0
CUST_000988,38,Female,Single,0,Salaried,HR Manager,Post-Graduate,tier1,1902791.42,173,778,3,26975.54,678223.24,0.74,45767.57,0.25,0,1,174,4,0,257442.981790671,11602.107457700104,18543.72424967533,22135.152619095188,787,0.1701208209936894,1.623560137120235,2.805549120450192,0.9096653099792764,0,11379.101618164294,1,1,0,0
CUST_000991,41,Male,Married,3,Self-Employed,Trader,Graduate,tier2,3065366.84,79,785,0,69812.13,1596071.92,0.74,88052.29,0.36,1,1,122,4,0,463344.0787895821,24792.03303327969,2893.7483262147757,10698.247678340987,791,0.2732926674733619,1.813847239016952,1.920568165519656,0.3967006420606395,123,11814.121403362806,1,1,0,0
CUST_000996,42,Male,Married,1,Salaried,Govt. Employee,Graduate,tier2,1377215.02,117,796,2,28436.29,1175817.15,0.76,37516.5,0.29,0,1,111,4,0,173976.35799650167,13477.444330561186,2446.043268429665,5265.272077736674,805,0.2477699573451587,1.515883921561472,1.1712823279688276,0.8001643465480931,42,11379.137587354397,1,1,0,1
CUST_001016,43,Female,Married,2,Salaried,Govt. Employee,Graduate,tier3,1581548.17,206,755,1,34497.95,592607.24,0.17,45515.96,0.38,0,1,116,4,0,207937.16958445628,15014.575656742272,3736.6617350546985,6244.50056094811,763,0.2617512806989822,1.5777117319624177,2.66879206742046,0.7288500730706756,86,10890.997459341635,1,1,0,1
CUST_001017,37,Male,Single,0,Salaried,Architect,Post-Graduate,tier2,1995567.09,86,780,0,21257.69,1283648.15,0.16,35423.93,0.33,0,1,173,4,0,278137.685199278,12414.620294460932,17510.07223781757,24625.78059394991,786,0.1278286995881481,1.6725231483515577,1.5546047687563227,0.8625989170973083,0,11402.061309184946,1,1,0,0
CUST_001022,38,Female,Single,0,Salaried,Architect,Post-Graduate,tier1,1561476.08,109,795,2,13866.81,1149642.84,0.49,31168.56,0.29,0,1,173,4,0,198450.74784260624,9170.895094119993,16126.12401041724,18960.34594556078,805,0.1065661160858813,1.5250894352720736,1.3582259354340558,1.1008758084310133,0,11480.21993580982,1,1,0,0
CUST_001029,44,Male,Married,2,Self-Employed,Trader,Graduate,tier2,3603138.95,260,739,3,78885.99,1776062.1,0.26,117805.73,0.27,1,1,120,8,0,640817.4922781404,17826.342010829932,1933.06455871016,13268.12467025738,747,0.2627233477409543,2.1341903278678025,2.028722374784995,0.3321211878663011,88,11277.69522501044,1,1,0,0
CUST_001037,50,Male,Married,3,Self-Employed,Trader,Graduate,tier2,2972011.84,34,756,1,57190.83,2640794.16,0.74,78584.77,0.27,1,1,133,4,0,466206.3571243536,29995.180456029382,2560.612007554895,18137.38515824886,760,0.2309167075860334,1.882379343731053,1.1254230865827548,0.4460076188027476,150,11327.610003901436,1,1,0,0
CUST_001049,29,Male,Single,1,Salaried,Analyst,Graduate,tier1,1113366.33,75,648,1,17856.08,942953.28,0.14,16871.77,0.19,0,0,124,4,0,123349.137904686,7480.698580979678,12952.833898544824,3110.4059969216323,655,0.1924529643036971,1.32945793444375,1.1807214343414405,1.1038251431302912,29,9119.499245694093,0,1,0,1
CUST_001059,49,Male,Married,2,Self-Employed,Business Owner,Graduate,tier2,2930924.25,125,728,3,72065.81,968446.31,0.34,79164.33,0.33,1,1,125,4,0,411715.9872467738,29211.03470105245,2100.751075829159,11202.141630384078,736,0.2950557931787155,1.6856701837036836,3.0264158098595986,0.425036449000684,98,10959.64993506918,1,0,0,0
CUST_001063,37,Male,Married,3,Self-Employed,Business Owner,Graduate,tier2,2930282.15,21,748,0,44250.56,2090577.16,0.2,93176.21,0.29,1,1,128,4,0,512540.7742928101,25773.594708798497,3795.593086643178,14713.808386625453,757,0.1812127700558662,2.098932385854069,1.4016611318660288,0.4353323710787415,111,11272.191478213845,1,1,0,0
CUST_001064,53,Male,Married,1,Self-Employed,Investor,Post-Graduate,tier1,8409274.76,203,840,1,132481.8,7535523.21,0.36,419865.86,0.56,1,1,112,8,0,1826982.1304862364,12681.162884201844,5229.852268786657,33052.25434175379,850,0.1890507061267108,2.6070921579364525,1.1159508649498453,0.1330280851886582,53,13553.119024956004,1,1,0,0
CUST_001066,41,Male,Married,1,Salaried,Govt. Employee,Graduate,tier2,1750990.83,58,778,3,32870.76,791383.76,0.13,53717.2,0.35,0,1,117,4,0,247911.9993372721,23923.305280758144,7583.625329521234,12605.760904407236,786,0.2252704069016267,1.6989943939995036,2.2125657688935028,0.6643986896853972,41,11299.2946550466,1,1,0,1
CUST_001074,27,Male,Single,0,Salaried,Analyst,Graduate,tier1,819266.48,79,743,1,10844.99,344006.24,0.7,12317.91,0.14,0,0,180,1,11,40365.2117187717,4606.229655218687,23436.49713549273,2610.584016424968,755,0.1588469405421219,0.5912306406794189,2.381538481573818,2.170592979955008,0,10280.205256705944,1,1,1,1
CUST_001090,30,Female,Married,0,Salaried,Product Manager,Post-Graduate,tier1,2240939.41,112,821,1,39745.43,838559.36,0.28,48382.68,0.24,1,1,149,4,0,323927.66610015096,25331.095222152933,2713.579289038315,14763.69014154524,832,0.2128315490785228,1.73459003879152,2.6723650638577765,0.6619458495331068,0,12165.841926469377,1,1,0,1
CUST_001094,30,Male,Single,1,Salaried,Analyst,Graduate,tier2,1138573.31,35,677,1,15883.24,693439.78,0.76,16792.75,0.19,0,0,131,4,0,120015.9622430858,6369.06148627505,20609.09629078351,3712.168716385177,686,0.1673997357299471,1.2648955983078944,1.6419185932503133,1.140545395400142,30,9566.467178659435,0,1,0,1
CUST_001095,48,Female,Married,3,Self-Employed,Trader,Graduate,tier2,3120168.07,298,771,3,47925.68,1694304.88,0.58,80219.9,0.38,1,1,142,4,0,504866.4779384581,21834.90621698707,3885.819940337014,16689.753771156807,779,0.1843189005434548,1.9416820822336376,1.8415612592928023,0.4536497620078273,144,11648.69684524022,1,1,0,0
CUST_001101,39,Female,Single,2,Salaried,Sales Rep,Under-Graduate,tier2,653779.11,43,589,2,26221.2,583774.72,0.78,3108.9,0.03,0,0,202,1,104,10194.95550179088,5124.137678399427,24199.8037280528,0.0,594,0.4812766573103143,0.1871231715302622,1.11991487073152,3.04318103653488,78,7953.9726522932515,0,1,0,0
CUST_001118,36,Male,Married,0,Self-Employed,Gig Worker,Under-Graduate,tier2,713953.11,77,594,1,36392.29,456139.74,0.41,4031.56,0.07,0,0,188,1,103,9427.195878826038,3481.295588248658,22003.68628056581,0.0,602,0.6116650153955002,0.1584480095195582,1.5652035597609633,2.596853268577022,0,8114.10152846361,0,1,0,0
CUST_001121,38,Female,Married,1,Self-Employed,Business Owner,Graduate,tier2,3091572.25,95,769,3,77255.79,2535171.06,0.42,68179.26,0.35,1,1,133,8,0,440962.3899828515,35111.01057577475,2548.4319060671105,9771.714557216124,774,0.299868742053528,1.7115977608548814,1.2194723580221218,0.4288147728946182,38,11566.8035721556,1,1,0,0
CUST_001123,33,Male,Single,0,Salaried,Architect,Post-Graduate,tier1,2184339.38,176,756,1,30605.34,1166938.94,0.33,61429.15,0.24,0,1,159,4,0,335236.49487503147,9121.723906833353,21467.894903289765,21242.39674658955,761,0.1681341579759938,1.8416624611468773,1.8718524451224117,0.7245916536392835,0,11108.183410522626,1,1,0,0
CUST_001126,45,Female,Married,1,Self-Employed,Trader,Graduate,tier2,2746006.11,139,732,0,53867.6,934041.42,0.21,87071.02,0.28,1,1,110,4,0,456645.9557885561,22505.267140121206,3496.1921375982183,14909.430700966,740,0.2353994671943368,1.9955263403061363,2.939915844507361,0.3991282878541949,45,10970.987256350263,1,1,0,0
CUST_001133,42,Male,Married,1,Self-Employed,Trader,Graduate,tier2,2793064.4,151,729,0,57177.07,1055984.49,0.19,61530.96,0.38,1,1,122,4,0,454628.7318493989,27040.393536454943,7728.594021899066,10464.922598334197,737,0.2456520129560366,1.9532386519011036,2.644983691963419,0.435237948867675,42,10939.033241867068,1,1,0,0
CUST_001137,51,Female,Married,1,Self-Employed,Surgeon,Post-Graduate,tier1,9496811.18,157,856,0,119841.44,4768516.5,0.45,412900.32,0.45,1,1,122,8,0,2208561.871105903,13702.34781119424,2751.8436547079973,50588.335742832816,865,0.1514292993291257,2.790695577978618,1.991564711674016,0.1283290450289557,51,13897.493730323096,1,1,0,0
CUST_001142,37,Male,Single,0,Salaried,HR Manager,Post-Graduate,tier1,1588757.08,25,766,2,26067.63,582232.76,0.64,35268.1,0.2,0,1,159,4,0,200010.13978072436,11052.815895484116,13914.97541794311,19327.6809215213,775,0.196889254667519,1.5106800022623124,2.728727169650898,0.9945225699954366,0,11065.808970104888,1,1,0,0
CUST_001151,36,Female,Married,0,Self-Employed,Sales Rep,Under-Graduate,tier1,705921.15,140,644,0,34843.76,507551.43,0.25,5467.7,0.04,0,0,199,1,103,10269.170927621082,5849.956952575083,28268.446097347714,0.0,651,0.5923012965179493,0.1745633437549334,1.3908339479332217,2.7796357182631075,0,8767.186417069035,0,1,0,0
CUST_001152,37,Female,Married,2,Self-Employed,Trader,Graduate,tier2,3113525.54,22,743,3,56212.48,1299957.56,0.29,95538.71,0.31,1,1,136,4,0,481618.5095441821,21360.23779963114,4229.766465931894,16820.435086999536,749,0.2166505948086304,1.8562236813532,2.395095994444622,0.435405436127793,74,11198.498666493017,1,1,0,0
CUST_001160,25,Male,Single,0,Salaried,Sales Rep,Under-Graduate,tier1,533477.46,33,612,1,17792.63,340358.12,0.49,3420.05,0.07,0,0,213,0,116,8162.315506199991,3694.3464635812215,33682.36722521909,0.0,620,0.4002170164711408,0.1835983527667067,1.5673958141624058,3.919205775341631,0,8176.047863896125,0,1,0,0
CUST_001166,47,Female,Married,2,Self-Employed,Business Owner,Graduate,tier2,2973508.01,132,676,1,73444.05,1320055.26,0.33,98799.99,0.25,1,1,119,4,0,445884.0522527842,23980.83495744954,4642.837339082099,23508.9245422447,685,0.2963923555368978,1.7994190753851396,2.252561576428568,0.3988593280163508,94,10210.09850928303,0,0,0,0
CUST_001172,34,Male,Single,0,Salaried,Architect,Post-Graduate,tier1,1673952.43,70,808,0,30020.25,523497.32,0.65,43334.54,0.25,0,1,162,4,0,209319.8559558513,6772.850369504941,14174.78847708851,19940.330455489893,818,0.2152034974841132,1.5005326436178903,3.1976271289657623,0.9620224248258604,0,11722.511544821553,1,1,0,0
CUST_001178,32,Female,Married,1,Salaried,Data Scientist,Post-Graduate,tier1,1970897.46,64,742,1,35351.49,1109153.39,0.43,45679.13,0.25,1,1,138,4,0,292129.971076295,19797.0594968652,825.0107803450569,13989.870795640065,748,0.2152396589541967,1.77865078232236,1.776936987104203,0.6966539297798888,32,10841.5120507229,1,0,0,1
CUST_001180,25,Male,Single,1,Salaried,Gig Worker,Under-Graduate,tier3,577086.8,56,624,1,27305.96,330148.31,0.55,4526.49,0.1,0,0,183,0,105,7163.342035767048,2076.131169742302,23935.37763944265,0.0,633,0.5677910264238982,0.1489521455064619,1.7479570076944884,3.11708592323997,25,8397.219560284788,0,0,0,0
CUST_001192,48,Female,Married,2,Self-Employed,Trader,Graduate,tier2,2734665.65,330,717,1,39588.19,1736000.2,0.24,87388.75,0.35,1,1,131,4,0,482042.1429346764,27502.043780527667,2190.1604821479523,20158.53856833821,726,0.173716372019203,2.1152422535855795,1.575267142672482,0.4772894651120802,96,10760.423595076902,1,1,0,0
CUST_001197,30,Male,Single,0,Salaried,Architect,Post-Graduate,tier1,2200321.33,122,763,2,35788.32,691837.16,0.42,45186.78,0.32,0,1,173,4,0,290591.59921933286,5354.913293577282,18912.132075584024,20698.78767201231,771,0.1951794458342363,1.5848049670874158,3.1803989100572307,0.7826916279181905,0,11259.772218770517,1,1,0,0
CUST_001199,48,Male,Married,2,Salaried,Govt. Employee,Graduate,tier2,1440243.16,312,760,1,34273.25,809775.86,0.53,46532.38,0.3,0,1,109,4,0,190839.37085985768,16238.58716467268,3630.588872331528,4015.102520613625,772,0.2855598170535282,1.590046343120404,1.7785679378390733,0.7515980975217976,96,10947.20952023128,1,1,0,1
CUST_001206,54,Female,Married,1,Salaried,Govt. Employee,Graduate,tier2,1734663.17,82,778,2,32721.73,838775.92,0.71,54352.32,0.38,0,1,99,4,0,268662.12346359063,14637.872888028662,2097.61324635291,5011.230856819514,787,0.2263598204383129,1.858529791236412,2.068086434710197,0.5674447750278353,54,11306.297295455644,1,1,0,1
CUST_001208,29,Female,Single,0,Salaried,Architect,Post-Graduate,tier2,1564852.37,128,697,3,16442.02,824512.47,0.36,30166.15,0.29,0,1,175,4,0,202310.2377560586,4894.283448087223,25032.702976864854,20020.09481489373,702,0.1260839238099593,1.5513950599263135,1.89791001231308,1.1112152690223274,0,10012.838484361868,1,1,0,0
CUST_001215,24,Female,Single,0,Salaried,Consultant,Graduate,tier2,893793.94,13,755,0,12923.4,538927.75,0.49,8377.88,0.2,0,0,177,2,4,50245.39137549659,1937.688798794248,21054.913031161534,4235.103395394839,763,0.1735061192365761,0.67458121447029,1.6584640177388938,1.958411006827508,0,10455.565752187951,1,1,1,1
CUST_001229,25,Male,Single,0,Self-Employed,Gig Worker,Under-Graduate,tier2,709959.54,71,581,0,29316.53,429485.96,0.64,2065.12,0.06,0,0,216,1,108,10756.67706941291,2555.298102069657,33195.4695384089,0.0,590,0.4955105101818587,0.1818102804979406,1.653040967763026,3.0001685928073125,0,7949.049155304852,0,1,0,0
CUST_001235,54,Female,Married,2,Salaried,Govt. Employee,Graduate,tier2,1277071.77,195,802,3,24426.21,535300.84,0.66,36270.81,0.39,0,1,100,4,0,172589.49786432326,16019.601845931986,3096.268208383173,5409.316933740849,808,0.2295186321254399,1.6217213177580974,2.385704054370521,0.7769574496999495,108,11360.545543758071,1,1,0,1
CUST_001239,28,Female,Single,0,Salaried,Junior Software Engineer,Graduate,tier1,987735.68,56,695,1,18252.83,462725.04,0.29,8937.27,0.12,0,0,171,3,0,65080.383974918455,3896.276957574987,21674.284015650835,3050.095794419477,700,0.2217509232722267,0.7906519281311006,2.1346014587810966,1.7138807745153504,0,9662.219996092364,1,1,0,1
CUST_001240,38,Female,Single,0,Salaried,Architect,Post-Graduate,tier2,2035737.25,187,801,3,17673.01,1218326.06,0.65,34550.01,0.32,0,1,170,4,0,276318.2818844113,9323.209117008704,15867.69777349249,25919.611514740343,810,0.1041759538901954,1.6287955810927774,1.6709283712371947,0.8309962581949368,0,11766.358960862166,1,1,0,0
CUST_001247,31,Male,Single,0,Salaried,Architect,Post-Graduate,tier2,1650688.83,133,745,1,31153.09,1401393.29,0.19,32638.34,0.34,0,1,176,4,0,173443.27437939792,14460.11244361692,15181.861837961069,12425.482996484285,753,0.2264717344329438,1.2608700830136343,1.1778903637462377,1.059801191051547,0,10780.477989482424,1,1,0,1
CUST_001249,43,Female,Married,3,Self-Employed,Business Owner,Graduate,tier2,3703855.3,235,737,3,87947.87,2379943.4,0.67,112351.18,0.32,1,1,124,8,0,654505.6201725169,17576.54124738975,5274.761371746111,17615.88118567981,746,0.2849385127809519,2.120504544552717,1.556278079437486,0.3338848446787897,129,11283.164268262077,1,1,0,0
CUST_001252,28,Female,Single,0,Salaried,HR Manager,Post-Graduate,tier1,1862656.99,75,742,0,26092.31,1392580.19,0.61,33237.87,0.28,0,1,158,4,0,219750.56931983613,8486.81356652988,13195.346088146656,12356.368528457544,750,0.1680962756565781,1.415714142445692,1.337557194780148,0.8437209849092545,0,10828.13628936292,1,1,0,1
CUST_001259,29,Male,Married,0,Salaried,Data Scientist,Post-Graduate,tier1,2136086.46,116,772,2,54891.21,1634206.88,0.62,46127.24,0.23,1,1,146,4,0,262805.22339451924,13853.760316695898,3573.555456628096,15342.139014141389,780,0.3083633701042039,1.4763657854676937,1.3071081630080013,0.6803080990502126,0,11368.099410655146,1,1,0,1
CUST_001266,23,Male,Single,0,Salaried,Analyst,Graduate,tier2,873647.85,50,728,1,10147.95,459661.04,0.66,7289.72,0.19,0,0,161,1,1,51052.808300174496,3371.925389770567,20990.175614496995,4995.065516464986,735,0.139385368344442,0.7012267985098479,1.9006308417375517,1.8219927768737287,0,10055.11884333054,0,1,1,1
CUST_001272,26,Female,Single,0,Salaried,Consultant,Graduate,tier2,921379.57,69,704,1,10919.35,785715.06,0.77,9556.43,0.12,0,0,169,3,0,60746.33473915996,622.9685863333134,17887.853542385823,2226.5381370075474,712,0.142211199088787,0.7911468268262098,1.1726622591881346,1.8145126374202087,0,9778.343451975654,1,1,1,1
CUST_001274,41,Female,Married,1,Salaried,Govt. Employee,Graduate,tier2,1623763.57,262,759,2,27112.04,559168.36,0.8,42601.79,0.36,0,1,102,4,0,248728.3226198441,18958.266397537605,2346.3010943846834,3880.220733640104,764,0.20036296025811,1.8381480338678389,2.903885094848545,0.6243253422525512,41,10925.396974466925,1,1,0,1
CUST_001275,33,Male,Married,0,Salaried,Software Engineer,Post-Graduate,tier1,2320084.5,125,758,1,43823.4,1920006.2,0.38,56161.27,0.26,1,1,144,4,0,320805.6953391105,14703.12235829545,3836.666180004692,11576.655027857414,766,0.2266633305985333,1.6592707863958789,1.2083728123519537,0.6180033385055349,0,11227.34978085136,1,1,0,1
CUST_001277,40,Female,Married,0,Self-Employed,Gig Worker,Under-Graduate,tier1,739444.53,106,643,1,30532.33,602717.23,0.74,1500.82,0.06,0,0,215,1,103,12471.264079059709,5507.064908331388,29826.178955456668,0.0,649,0.4954827567754388,0.2023853504258276,1.2268494516915476,2.868791370056434,0,8770.362679452519,0,1,0,0
CUST_001280,42,Male,Married,2,Salaried,Govt. Employee,Graduate,tier2,1503903.18,19,774,0,29297.47,537848.94,0.44,44793.37,0.37,0,1,118,4,0,206683.9138541326,15197.834074283355,5073.509773505977,4472.890978226374,781,0.233769593309112,1.649166787617365,2.7961389751200865,0.779442183350193,84,11108.612130729009,1,1,0,1
CUST_001287,30,Male,Married,0,Salaried,Product Manager,Post-Graduate,tier1,2404296.08,139,798,2,51380.79,1492718.45,0.45,57013.29,0.27,1,1,146,4,0,329556.8837341987,18756.33521330914,4206.8139548508825,24475.33034410925,803,0.2564436251447443,1.6448318905996373,1.6106818196815216,0.6047311314029057,0,11798.292819931705,1,1,0,0
CUST_001291,26,Male,Single,1,Salaried,Teacher,Graduate,tier1,1138411.27,80,695,1,15739.73,479830.32,0.47,18028.47,0.12,0,0,124,4,0,140077.97007249572,8932.822714769678,11343.903164183275,2948.6522563359963,702,0.1659108391204969,1.4765471553211915,2.3725238902704398,1.0797525524109497,26,9789.491862997476,1,1,1,1
CUST_001292,33,Female,Married,1,Salaried,Data Scientist,Post-Graduate,tier1,2686008.19,152,769,1,46376.18,1266495.01,0.77,53865.85,0.21,1,1,156,4,0,383934.7255757196,24121.55637458391,3986.684668573428,22276.6788626231,775,0.2071891201979386,1.7152576604082173,2.1208185172253327,0.578633257045113,33,11472.764485065594,1,1,0,1
CUST_001295,48,Male,Married,3,Self-Employed,Business Owner,Graduate,tier2,3501886.81,262,730,0,55014.69,1526733.08,0.4,109417.81,0.31,1,1,125,4,0,607139.5046874478,24423.35329473729,5613.874884005772,13240.704467602136,737,0.1885195192147771,2.0804924561053704,2.293711037091672,0.3559340228280307,144,11105.71500068214,1,1,0,0
CUST_001301,37,Female,Married,3,Self-Employed,Business Owner,Graduate,tier2,3702843.24,66,729,0,59897.43,1124846.07,0.4,83917.15,0.3,1,1,123,4,0,696170.102793269,23895.907374403727,3722.675540399765,13325.91939499251,735,0.1941121414187393,2.256107973996636,3.2918637019697266,0.3312825025168582,111,11116.58966992701,1,1,0,0
CUST_001305,26,Female,Single,0,Self-Employed,Gig Worker,Under-Graduate,tier1,682848.05,21,659,0,27831.36,410532.72,0.29,5267.25,0.05,0,0,208,1,100,11463.97502505128,5310.33219076509,27503.965234208485,0.0,666,0.4890845788972425,0.2014581176635173,1.6633178146730556,3.00210125438038,0,8947.063383182522,0,1,0,0
CUST_001306,46,Female,Married,2,Salaried,Govt. Employee,Graduate,tier3,1572505.03,115,743,3,28200.86,986378.66,0.47,50000.46,0.27,0,1,109,4,0,232053.21768491695,15387.19874734744,1909.1002771655403,6989.255524112491,751,0.215202960313886,1.7708161877388404,1.5942188325335094,0.6887813809982013,92,10715.404007757885,1,1,0,1
CUST_001313,55,Female,Married,2,Salaried,Govt. Employee,Graduate,tier2,1696707.63,142,784,1,33028.04,923908.77,0.64,46224.09,0.26,0,1,114,4,0,226004.1775346537,11677.600337539776,3022.6143696285435,10055.544578242492,794,0.2335898477228085,1.598407941102116,1.8364430002726344,0.667952717830177,110,11389.295460895566,1,1,0,1
CUST_001320,28,Female,Married,1,Salaried,Software Engineer,Post-Graduate,tier1,2188645.94,101,735,1,48287.59,1831386.61,0.76,47470.68,0.24,1,1,150,4,0,269317.9365573405,19288.46583636276,3108.038100565092,14622.535650321051,744,0.2647517775207943,1.476619612239675,1.1950752140340186,0.6822380869563747,28,10861.502791976454,1,1,0,1
CUST_001325,42,Male,Married,2,Salaried,Gig Worker,Under-Graduate,tier3,724432.48,108,568,1,32221.76,477109.86,0.48,2201.04,0.03,0,0,204,1,103,10513.18970263702,3263.333876059381,25941.385301802384,0.0,578,0.5337346486510602,0.1741448515580438,1.51837348661483,2.7776549316010644,84,7799.037938017032,0,1,0,0
CUST_001326,26,Female,Single,0,Salaried,Teacher,Graduate,tier1,1167368.63,75,758,2,19978.34,559983.21,0.29,18087.85,0.18,0,0,126,4,0,140823.69922143212,3647.679459206269,21149.084338441837,1111.6232636501015,768,0.2053658197155455,1.4475864574326418,2.0846456188470026,1.0701830912549457,0,10729.162441986964,1,1,1,1
CUST_001332,31,Male,Single,0,Salaried,HR Manager,Post-Graduate,tier2,1860509.12,103,761,2,21698.93,1073377.43,0.44,47110.42,0.31,0,1,161,4,0,269845.4579789807,12437.315641088231,19304.020036655704,24151.35430656661,768,0.1399538856081354,1.740450812914055,1.733320763675119,0.8607282278313617,0,11087.12545240476,1,1,0,0
CUST_001334,31,Male,Married,1,Salaried,Software Engineer,Post-Graduate,tier1,2179874.27,144,726,0,36496.23,1176146.48,0.64,52695.56,0.24,1,1,161,4,0,315855.8432788912,18981.19323500129,9986.272883048428,13285.63246094833,736,0.2009071601703331,1.738746727987187,1.8534021515737125,0.7352020260048994,31,10741.756768103602,1,1,0,1
CUST_001339,26,Female,Single,2,Self-Employed,Gig Worker,Under-Graduate,tier2,537615.4,87,639,2,24890.09,301596.35,0.4,2980.15,0.06,0,0,200,0,126,6149.948936339734,987.8589321684278,31181.975811454235,0.0,649,0.5555540510026089,0.1372686496932202,1.7825600921228255,3.65219823985958,52,8563.490472317128,0,1,0,0
CUST_001342,51,Male,Married,2,Self-Employed,CXO,Post-Graduate,tier1,9708514.46,84,780,3,113090.52,6356865.05,0.65,346562.73,0.53,1,1,120,8,0,2142716.1071981112,7433.92839954626,3629.926015402965,49543.17244538823,785,0.1397829264401057,2.6484547775932348,1.5272485504079485,0.1234756613203619,102,12629.483443554998,1,1,0,0
CUST_001349,33,Female,Married,0,Salaried,Data Scientist,Post-Graduate,tier1,2268518.18,134,746,2,46413.43,1187083.85,0.36,56292.27,0.27,1,1,148,4,0,298613.8302720055,12324.70553953446,2246.895959126586,19724.7289811938,756,0.2455163104772977,1.5795981005040305,1.9109991842621863,0.6495449599616536,0,11063.786201730292,1,0,0,0
CUST_001365,27,Female,Single,0,Salaried,Analyst,Graduate,tier2,1020743.46,37,701,2,18099.86,579646.86,0.5,8665.38,0.12,0,0,123,4,0,100534.6281878526,3622.139867025361,17063.697432244666,2410.5100101641788,707,0.2127819330988442,1.1818849719934206,1.7609716699376756,1.1933134167060349,0,9782.082246722184,0,1,1,1
CUST_001366,45,Male,Married,2,Salaried,Sales Rep,Under-Graduate,tier1,640358.95,157,568,1,23419.73,325159.02,0.14,3286.53,0.05,0,0,207,1,108,10586.895855974662,3176.5270512399325,28863.509539965253,0.0,575,0.4388655669030583,0.198389308996131,1.9693655757555923,3.1828577126523747,90,7687.626788488796,0,1,0,0
CUST_001368,28,Male,Married,0,Salaried,Software Engineer,Post-Graduate,tier1,2026351.82,78,760,2,35244.19,877338.28,0.41,39543.23,0.23,1,1,146,4,0,257123.6691204708,17848.17146745117,1724.500321078183,14379.338940487902,768,0.2087138922565248,1.522670311714137,2.3096558722413523,0.7169684460517239,0,11152.702536752477,1,1,0,1
CUST_001377,27,Female,Married,0,Salaried,Data Scientist,Post-Graduate,tier1,2523119.44,47,760,3,52430.02,813440.13,0.41,44106.1,0.27,1,1,143,4,0,357086.7524577199,21689.14070736553,1867.6367444491711,8292.13298397937,769,0.2493569023102498,1.6983027366551458,3.101784931873312,0.564521347639257,0,11335.834354781602,1,1,0,1
CUST_001381,44,Female,Married,0,Salaried,Sales Rep,Under-Graduate,tier3,518908.57,133,602,0,26196.95,171275.19,0.79,2031.93,0.09,0,0,207,0,131,5482.346885137041,5235.031965179614,24543.20227436524,0.0,611,0.6058025412251435,0.1267788683374885,3.029659697591358,3.91371990814972,0,8040.445278815898,0,1,0,0
CUST_001382,45,Male,Single,2,Salaried,Sales Rep,Under-Graduate,tier1,688248.1,143,629,1,28943.85,225065.08,0.68,5291.6,0.05,0,0,201,1,103,10523.820061064614,5390.857078627036,24492.038739394357,0.0,639,0.5046438112568199,0.1834856338944759,3.057982349006123,2.878632967279109,90,8589.378007702026,0,1,0,0
CUST_001383,46,Female,Married,2,Self-Employed,CXO,Post-Graduate,tier1,7847132.09,224,823,0,116191.52,2569438.2,0.46,358148.49,0.47,1,1,123,8,0,1704887.2803489098,10737.704757097425,4538.291093424956,39741.70314854797,834,0.1776822528054279,2.6071456226040723,3.054025209080643,0.1565456690699468,92,13240.299448864122,1,1,0,0
CUST_001388,28,Male,Single,0,Salaried,Consultant,Graduate,tier2,851137.01,22,765,0,14761.39,756684.01,0.19,12879.7,0.15,0,0,175,1,15,42141.31387635831,5601.52976864356,17263.07276008119,1949.860845801473,774,0.2081147694690968,0.5941330608095281,1.1248234057127682,2.0321969438986254,0,10568.451085879517,0,1,1,1
CUST_001390,39,Female,Married,1,Self-Employed,Business Owner,Graduate,tier2,3496157.24,24,760,2,51617.27,1263479.03,0.39,106307.83,0.37,1,1,118,4,0,666255.1652224886,29961.97519573875,2306.9624287099896,13918.138656048854,766,0.1771674073764232,2.2868063396924865,2.76708547581872,0.3365507931412682,39,11541.45626286459,1,0,0,0
CUST_001405,26,Male,Married,2,Self-Employed,Sales Rep,Under-Graduate,tier2,642809.93,27,577,1,25678.14,412189.43,0.25,5114.33,0.03,0,0,216,1,110,9611.079903479182,3210.1990466174548,25685.751322527038,0.0,582,0.4793515367467316,0.1794166525117619,1.5594974633447944,3.308773198348866,52,7783.438643364936,0,0,0,0
CUST_001423,53,Female,Married,2,Salaried,Govt. Employee,Graduate,tier3,1659459.62,310,759,2,38557.04,1315283.79,0.62,44905.49,0.26,0,1,110,4,0,224452.38307113585,20214.074570251083,2336.1432726802686,2927.3303291203074,767,0.2788143373009296,1.6230639707195655,1.2616732380825295,0.6588958407990724,106,10984.976438923042,1,1,0,1
CUST_001425,29,Female,Single,0,Salaried,Analyst,Graduate,tier1,937612.9,58,712,3,21862.64,488606.71,0.54,13681.34,0.16,0,0,138,4,0,83255.44306455577,5732.661130836869,13079.172197321728,3491.6685758447597,716,0.2798045145772045,1.0655277145206672,1.9189482294497564,1.4562908546306197,0,9845.782962310708,0,1,1,1
CUST_001429,33,Female,Single,0,Salaried,Sales Rep,Under-Graduate,tier3,741372.7,84,619,2,37368.11,292777.07,0.11,3079.46,0.04,0,0,199,1,109,9269.835432112171,5046.12267069645,25010.391584564768,0.0,628,0.6048375694831577,0.1500408966968782,2.5322002430031727,2.648485897877312,0,8488.2113400625,0,1,0,0
CUST_001432,36,Female,Single,0,Salaried,HR Manager,Post-Graduate,tier1,1861272.23,83,734,2,15791.9,1298091.84,0.74,41942.07,0.26,0,1,161,4,0,271628.8513256961,12204.328025906869,8846.41165095892,18112.367370400752,740,0.1018129294524781,1.751235068438931,1.4338513954055858,0.8603772204752913,0,10683.21079438396,1,1,0,0
CUST_001441,50,Female,Married,1,Salaried,Govt. Employee,Graduate,tier3,1872117.12,353,808,3,36760.9,792940.13,0.7,48988.48,0.38,0,1,102,4,0,279373.422822005,21698.61064949393,287.83655928615894,7198.948560917137,814,0.2356305424061776,1.790731759924796,2.360978702164182,0.5419428946058362,50,11756.260960308202,1,1,0,1
CUST_001456,32,Female,Single,0,Salaried,HR Manager,Post-Graduate,tier1,2248619.84,38,800,0,22202.06,816984.99,0.26,46791.35,0.31,0,1,168,4,0,328887.3161254795,7216.562074775912,18603.159419032632,22094.027696483303,804,0.1184830327760546,1.7551329316344442,2.752335863189037,0.7438170737046214,0,11759.165411500033,1,1,0,0
CUST_001467,51,Female,Married,2,Self-Employed,Investor,Post-Graduate,tier1,10341937.56,35,862,0,92996.9,7820422.34,0.15,456310.57,0.55,1,1,125,8,0,2428815.6626724177,16760.152819534807,1189.2654633608852,48846.69482054948,870,0.1079064245600517,2.8182102207109403,1.322426818904154,0.1207503419292262,102,14051.994565254245,1,1,0,0
CUST_001474,23,Male,Single,0,Salaried,Analyst,Graduate,tier2,909994.88,45,731,0,9493.84,537093.38,0.17,9963.84,0.15,0,0,167,4,0,68888.51335655854,4938.591127433894,19973.98858400661,1951.8436689250505,739,0.1251925479948019,0.9084130883479722,1.69429231413667,1.8152274934399637,0,10139.96336439658,1,1,1,1
CUST_001475,46,Male,Married,3,Self-Employed,Business Owner,Graduate,tier2,2902448.91,298,742,3,36759.45,1646334.63,0.31,77013.12,0.36,1,1,126,4,0,483702.2782644743,29067.99980837974,2325.4387555657568,14758.763604194148,749,0.1519791010725446,1.9998296339411132,1.7629752142338075,0.4326256147099246,138,11145.91823541663,1,0,0,0
CUST_001477,45,Female,Married,0,Salaried,Gig Worker,Under-Graduate,tier3,621523.43,282,631,3,29592.13,478832.02,0.72,3738.72,0.09,0,0,215,0,135,6045.059192867284,3927.7011004987135,29453.500867060586,0.0,638,0.5713359896474445,0.1167121081326086,1.297996178291965,3.404465927732879,0,8510.87565726838,0,1,0,0
CUST_001479,41,Male,Single,2,Self-Employed,Gig Worker,Under-Graduate,tier2,534778.96,162,638,2,25949.46,219558.96,0.72,1749.57,0.09,0,0,202,0,130,5737.655108533507,4311.583796804927,24877.780864326447,0.0,645,0.5822714729508517,0.1287453724019607,2.435685267933188,3.707925871439676,82,8507.298870253428,0,0,0,0
CUST_001496,45,Female,Single,0,Salaried,Sales Rep,Under-Graduate,tier1,746290.75,185,593,3,31736.52,324263.89,0.67,5724.49,0.05,0,0,217,1,95,14174.858018572077,3677.4562250242952,31079.506283700917,0.0,602,0.5102999285477643,0.2279213043538495,2.3014849063677536,2.8692668791731224,0,8140.768876890645,0,1,0,0
CUST_001498,30,Female,Single,0,Salaried,Architect,Post-Graduate,tier1,1923744.53,40,802,2,29368.86,1131932.69,0.32,50901.79,0.23,0,1,167,4,0,264304.74788601336,7945.278761043958,15821.230695471992,20636.58883595491,810,0.1831969454055602,1.6486789909075243,1.699520516965972,0.8636094241466321,0,11720.525558842084,1,1,0,0
CUST_001505,24,Male,Single,0,Salaried,Analyst,Graduate,tier1,1040758.83,56,747,0,20855.65,544736.64,0.78,9337.91,0.18,0,0,168,4,1,61780.076436812415,1749.4949542225638,23005.270336038127,2552.143357946597,756,0.2404638877129175,0.7123190772379248,1.910568966741494,1.5988445226770067,0,10474.728977253984,1,1,1,1
CUST_001519,35,Female,Single,0,Salaried,Teacher,Graduate,tier1,979911.93,187,688,1,21864.26,703525.96,0.78,15251.69,0.13,0,0,130,4,0,93083.94124411924,3444.437702619294,11522.061331235864,1481.560543050799,697,0.2677464157855599,1.1398918433693428,1.3928562595525835,1.313248139155167,0,9615.267642833316,1,1,0,1
CUST_001526,31,Male,Single,0,Salaried,HR Manager,Post-Graduate,tier2,1678181.51,45,791,3,24179.3,1197843.12,0.65,43650.23,0.3,0,1,167,4,0,231607.84084861996,7710.108727952474,17272.921135030454,22752.627802647203,803,0.1728951984804183,1.656122535108266,1.4010015844131705,0.98923012135111,0,11509.57720696602,1,1,0,0
CUST_001527,29,Male,Married,0,Salaried,Software Engineer,Post-Graduate,tier1,2292594.48,120,766,1,58263.45,1694163.63,0.29,51374.97,0.2,1,1,154,4,0,294076.3593611248,19901.256858424324,4149.675722499008,15141.87792102516,775,0.3049635452482887,1.5392595035906456,1.3532300458899322,0.668810775573474,0,11350.026226602831,1,1,0,1
CUST_001529,34,Male,Single,0,Salaried,HR Manager,Post-Graduate,tier1,1836279.15,17,765,0,28910.8,1452128.58,0.62,50898.2,0.25,0,1,177,4,0,239816.02231742517,11903.050449716686,21764.98504510521,20172.561783098085,775,0.1889295169777407,1.5671764620817903,1.2645422111709892,0.9586849312575512,0,11178.02062989294,1,1,0,0
CUST_001530,38,Female,Single,0,Salaried,HR Manager,Post-Graduate,tier2,1833005.04,148,731,0,20372.48,1589009.56,0.29,43030.49,0.23,0,1,170,4,0,255951.4386886092,14659.368911181444,18679.3717723087,15553.12322621097,740,0.1333701513216701,1.6756075896944798,1.153551201069425,0.9224065930932016,0,10671.886188251128,0,1,0,0
CUST_001541,28,Female,Single,0,Salaried,Junior Software Engineer,Graduate,tier2,790845.63,108,740,1,8220.18,427706.21,0.68,11022.69,0.11,0,0,170,1,4,47407.63543712149,3945.802024574793,18322.57858506287,4745.978620574893,750,0.1247280879113475,0.7193350657127223,1.8490350677043763,2.122756167127989,0,10185.644500608483,0,1,1,0
CUST_001550,53,Male,Married,2,Salaried,Govt. Employee,Graduate,tier3,1440074.15,208,778,0,26133.12,545895.19,0.56,41187.56,0.37,0,1,111,4,0,205494.44892057276,18569.32539334651,4173.1570433598245,4580.714875884968,788,0.2177629720277498,1.7123512972101516,2.638000001428843,0.7654780964132076,106,11174.002215860086,1,1,0,1
CUST_001552,29,Male,Single,1,Salaried,Analyst,Graduate,tier2,947220.05,83,654,2,16628.67,740748.21,0.56,15110.17,0.12,0,0,134,3,0,81832.99941586309,2340.523447196554,17721.011108470022,3001.687073908699,663,0.2106601439425534,1.0367005560995926,1.278732447112566,1.3998871001500646,29,9123.73378903052,0,1,0,1
CUST_001556,32,Female,Married,0,Salaried,Software Engineer,Post-Graduate,tier1,2160250.38,94,786,3,52152.58,1422455.82,0.56,41486.19,0.22,1,1,144,4,0,276688.3932305614,15585.723491256287,4557.836366449635,11046.425459123577,796,0.2897013648869819,1.5369710408819586,1.5186755405341583,0.6635179116982807,0,11610.245181404642,1,1,0,1
CUST_001561,50,Female,Married,1,Self-Employed,Surgeon,Post-Graduate,tier1,7956993.19,361,790,2,76347.1,5027347.86,0.75,339187.26,0.59,1,1,118,8,0,1883901.0217121104,7931.797158954618,2741.5906546606448,45886.626877317074,799,0.1151394498462052,2.841120713224685,1.5827414033885048,0.1481110843023075,50,12695.759935875589,1,0,0,0
CUST_001572,27,Female,Single,0,Salaried,Analyst,Graduate,tier1,1114887.83,70,734,3,9953.45,576228.1,0.39,9738.35,0.18,0,0,160,4,0,119310.96405979646,4365.316137994115,16399.048649106997,1632.5117667641898,743,0.1071319564197978,1.2841795560391802,1.9347995962022744,1.4223640413995766,0,10345.72908362519,1,1,1,1
CUST_001575,32,Female,Single,0,Salaried,Architect,Post-Graduate,tier2,1874761.6,115,774,0,36015.68,1097992.34,0.49,50462.23,0.24,0,1,166,4,0,235125.34459478757,7879.245026352436,21218.08616356236,10304.979935278972,782,0.2305281875102145,1.5049839271992365,1.7074435078085264,0.8807479948657697,0,11295.202210101066,1,1,0,1
CUST_001581,45,Female,Married,0,Salaried,Sales Rep,Under-Graduate,tier2,581212.08,55,610,0,22665.22,224986.7,0.68,3125.38,0.08,0,0,204,0,114,8680.565376131815,6247.094724837055,24449.8653705722,0.0,622,0.4679479900419818,0.1792196643222039,2.583306020729133,3.450538426075462,0,8255.726829094965,0,0,0,0
CUST_001588,33,Male,Single,1,Salaried,Teacher,Graduate,tier1,1197758.22,32,745,0,29089.06,517696.05,0.13,17330.92,0.12,0,0,117,4,0,141235.20508010482,3802.5138334667768,14180.977184996676,1577.089170360654,755,0.2914321246023298,1.4149812983004852,2.3136276708549914,0.968736938093454,33,10566.9521046242,1,1,1,1
CUST_001592,47,Male,Married,3,Self-Employed,Business Owner,Graduate,tier2,3688713.38,153,764,3,57981.94,2334800.54,0.68,94931.33,0.39,1,1,118,4,0,632380.5189433914,19187.407935737163,10018.643325907173,11637.194672989372,773,0.1886243101133216,2.057232633382075,1.5798830507881196,0.3190298568092886,141,11688.369548226265,1,1,0,0
CUST_001602,26,Male,Single,1,Salaried,Teacher,Graduate,tier2,1227052.94,20,722,2,22441.24,830401.07,0.63,19164.89,0.11,0,0,130,4,0,134358.77020278195,2565.5618475338,18204.90419218702,2467.4091519703707,731,0.2194626145866412,1.313952660430004,1.4776612250015224,1.0508846937464131,26,10248.712605716712,1,1,1,1
CUST_001623,28,Female,Married,0,Salaried,Data Scientist,Post-Graduate,tier1,2524963.25,49,767,2,55132.7,1494141.69,0.39,61888.17,0.22,1,1,151,4,0,364222.32565735176,15976.5514403158,3778.6515893625633,22944.75828256148,774,0.2620193603877899,1.730974554260768,1.6899077088815393,0.5956693849506497,0,11410.104795723855,1,1,0,0
CUST_001629,29,Female,Married,0,Salaried,Data Scientist,Post-Graduate,tier1,2012923.89,70,789,3,57748.19,1106077.89,0.47,39835.59,0.24,1,1,136,4,0,249374.2957903908,14971.42845754293,3353.386653345073,17427.08739950506,796,0.3442624692831126,1.4866303315227238,1.8198737072000355,0.6722942008460833,0,11554.01911559965,1,1,0,0
CUST_001631,33,Male,Single,0,Salaried,Architect,Post-Graduate,tier1,1759802.41,96,750,1,22261.15,1297678.45,0.61,37740.61,0.34,0,1,164,4,0,237298.9261728137,7494.5085762285935,15938.41552729369,20056.81040361566,757,0.1517965749581514,1.6181178525943334,1.3561148787553043,0.9266571176157457,0,10886.19948506732,1,1,0,0
CUST_001634,50,Female,Married,1,Self-Employed,Surgeon,Post-Graduate,tier1,9864229.24,384,875,0,110508.47,7173020.31,0.33,432021.07,0.41,1,1,113,8,0,2329484.7471601963,10271.566968556415,1238.5367013923935,40944.70639579905,883,0.1344352401503108,2.8338537436177256,1.3751847113918585,0.1144393119234489,50,14220.20786219283,1,1,0,0
CUST_001636,42,Male,Married,2,Salaried,Govt. Employee,Graduate,tier2,1798167.5,236,751,1,36052.08,820827.21,0.18,52744.92,0.3,0,1,118,4,0,263369.918982057,19224.217083242416,5213.234509801004,9177.143466989382,758,0.24059053058941,1.7575770537839437,2.190674587073463,0.6525944084273165,84,10916.92763728529,1,1,0,1
CUST_001638,53,Male,Married,1,Self-Employed,Surgeon,Post-Graduate,tier1,7862960.36,280,841,2,99602.74,5123148.18,0.28,297181.26,0.54,1,1,135,8,0,1692800.109835715,16063.782713519517,5495.483225005812,51448.397632919805,846,0.152007768217565,2.5834506835311557,1.5347904352845725,0.1714729832578504,53,13432.512082858448,1,1,0,0
CUST_001639,35,Female,Married,2,Self-Employed,Sales Rep,Under-Graduate,tier2,548746.16,15,615,3,26415.02,433576.34,0.15,3865.97,0.06,0,0,204,0,129,5595.1025826918685,2359.525873112843,26892.33974564466,0.0,626,0.5776319389947658,0.1223512211505017,1.2656246288147808,3.6510318030642033,70,8272.836060542642,0,1,0,0
CUST_001641,48,Male,Married,1,Self-Employed,Investor,Post-Graduate,tier1,9623454.0,217,831,1,119095.44,5448609.47,0.75,420565.18,0.46,1,1,126,8,0,2095776.5400137096,14016.50444442975,6297.557619810023,31568.377288430627,842,0.1485062949253418,2.6133327098744377,1.7662216913810689,0.1307942094289338,48,13539.119108660843,1,0,0,0
CUST_001649,30,Female,Married,1,Salaried,Product Manager,Post-Graduate,tier1,2629418.5,15,807,1,70133.44,899997.32,0.53,49858.35,0.22,1,1,141,4,0,372051.3184687859,19061.157831097145,3132.483595156385,22584.828547326902,813,0.3200697945809939,1.6979402275988775,2.9215815647300323,0.5342085766239799,30,12017.988483431816,1,1,0,0
CUST_001662,31,Female,Married,0,Salaried,Product Manager,Post-Graduate,tier1,2501013.62,148,734,3,43057.08,789065.87,0.44,49796.54,0.27,1,1,149,4,0,371457.89922524017,20419.95448348734,3548.4175285703286,21055.30803316085,742,0.2065892311810864,1.7822667449135854,3.1695838655600888,0.5933858694083866,0,10931.297635184268,1,1,0,0
CUST_001665,33,Female,Married,1,Salaried,Product Manager,Post-Graduate,tier1,1913965.53,161,780,1,41722.14,1676852.57,0.35,37911.23,0.23,1,1,144,4,0,238059.86060252428,14009.878782246762,4884.821900862235,11330.227631365897,786,0.2615838859926427,1.4925558333123643,1.1414029013875076,0.7484541575960563,33,11369.24505402838,1,1,0,1
CUST_001669,26,Female,Married,1,Self-Employed,Sales Rep,Under-Graduate,tier3,739910.37,16,595,1,31356.67,487092.26,0.41,2911.17,0.04,0,0,208,1,104,10998.388852835287,2256.422724458771,30617.385429682232,0.0,606,0.5085398891237738,0.1783709637458635,1.5190322485677588,2.7736648047686017,26,8189.657126768652,0,1,0,0
CUST_001674,54,Male,Married,1,Self-Employed,Surgeon,Post-Graduate,tier1,7669693.32,90,783,0,83794.55,3613202.93,0.52,300423.35,0.44,1,1,127,8,0,1713017.1774409923,10658.222842837007,4007.271487958988,51707.639534388254,790,0.1311047241121384,2.680181998086454,2.1226848715400357,0.1653711869838052,54,12523.701981672446,1,1,0,0
CUST_001677,31,Female,Single,0,Salaried,Architect,Post-Graduate,tier1,1840120.65,14,777,2,24980.05,1600911.35,0.67,41773.72,0.32,0,1,171,4,0,245810.3842711709,12580.03703148011,19339.84546249773,11670.224625313942,786,0.1629016255974807,1.6029956379797137,1.1494199854226872,0.9242640473203736,0,11338.319001842705,1,1,0,1
CUST_001686,28,Female,Single,0,Salaried,HR Manager,Post-Graduate,tier1,1993130.34,60,730,3,35047.6,1172912.12,0.33,54837.14,0.27,0,1,174,4,0,270525.1213349059,5194.0364791818765,19192.938601383776,19874.31641108373,741,0.2110091143816652,1.6287353847587578,1.6992992115221628,0.8686404300580859,0,10748.366165777814,1,1,0,0
CUST_001694,48,Male,Married,2,Self-Employed,CXO,Post-Graduate,tier1,10479333.3,313,845,3,116482.87,5014482.25,0.42,474697.46,0.49,1,1,123,8,0,2511762.502219112,26659.94822858024,7005.201408026808,36264.76291427731,854,0.1333856648468296,2.8762436167295053,2.0898132025867278,0.117261980797197,96,13804.83801962556,1,1,0,0
CUST_001696,26,Male,Single,2,Salaried,Sales Rep,Under-Graduate,tier1,637162.66,70,649,3,34410.28,564756.3,0.56,3111.0,0.04,0,0,199,1,126,5797.606772025982,3272.6359509946515,32876.75288241407,0.0,658,0.6480536435645448,0.1091871438583445,1.128206151562804,3.0749610924709407,52,8794.02644060795,0,1,0,0
CUST_001697,55,Female,Married,2,Salaried,Govt. Employee,Graduate,tier2,1651930.35,369,747,1,28696.95,730729.39,0.31,36354.9,0.4,0,1,102,4,0,248146.99273772343,15017.919166905507,1483.3831989721402,8260.981626213217,756,0.2084596959452005,1.802583433285478,2.260656423499781,0.6137441319366963,110,10823.9964914412,1,1,0,1
CUST_001699,26,Female,Single,0,Salaried,Analyst,Graduate,tier1,932737.63,67,754,3,18870.02,777988.25,0.47,15323.08,0.19,0,0,167,4,0,58897.23530719141,2557.6971315339897,17344.123168680944,3645.264540212158,761,0.2427663680767152,0.7577240461476215,1.198908121159772,1.7714366615449515,0,10460.614909249462,1,1,1,1
CUST_001705,41,Male,Single,0,Salaried,Gig Worker,Under-Graduate,tier3,573232.51,217,615,1,27043.17,396418.52,0.24,3576.6,0.08,0,0,213,1,128,7376.038608164345,4786.461791295292,26392.81971298521,0.0,621,0.5661075410909735,0.1544061247057946,1.446024933383704,3.65205979344327,0,8233.8690778229,0,0,0,0
CUST_001708,43,Female,Married,2,Salaried,Govt. Employee,Graduate,tier3,1847346.62,98,772,3,41960.75,940200.9,0.59,53227.41,0.4,0,1,117,4,0,246634.77573669187,14175.998847805316,1318.688125164755,9470.252402725093,778,0.2725670016360981,1.6020805472195228,1.9648403390803613,0.6299308849524274,86,11225.965407615464,1,1,0,1
CUST_001712,28,Female,Married,1,Salaried,Software Engineer,Post-Graduate,tier1,2600099.76,114,750,0,52355.89,782661.02,0.29,46983.39,0.29,1,1,141,4,0,363493.6578685866,11548.75954924598,2610.8627361399767,13530.596332557268,759,0.2416321827643285,1.677590925715839,3.322123334923036,0.5402092370599658,28,11211.235113869998,1,1,0,1
CUST_001713,28,Male,Married,0,Salaried,Software Engineer,Post-Graduate,tier1,2614025.02,13,775,2,67163.4,1356658.49,0.7,52519.34,0.21,1,1,157,4,0,333527.5277229432,11924.501138540278,2583.231916026565,18860.244705967783,782,0.3083203465878995,1.5310916800540637,1.9268099617244407,0.5983174657381887,0,11555.146463478302,1,1,0,1
CUST_001716,30,Female,Single,0,Salaried,Analyst,Graduate,tier2,1107040.02,41,676,1,25081.54,781451.41,0.29,11461.72,0.16,0,0,139,4,0,102229.82931502708,7716.093544279479,14322.723507776416,2841.172768954777,686,0.2718738366061605,1.1081303584815507,1.416644194622165,1.244360072255961,0,9547.20006855018,0,1,0,1
CUST_001718,53,Female,Married,2,Self-Employed,Investor,Post-Graduate,tier1,7921038.4,112,819,3,94616.18,4099057.65,0.39,320954.27,0.53,1,1,124,8,0,1774002.790642914,12417.080574619871,3963.852885995999,31973.050083777183,823,0.1433388379904766,2.687526579519677,1.9324042606709224,0.156347748864764,106,13073.382152871509,1,1,0,0
CUST_001728,37,Male,Single,1,Salaried,Sales Rep,Under-Graduate,tier3,682010.68,35,683,0,31586.33,515806.39,0.79,4743.32,0.02,0,0,218,1,129,8353.72592554037,5079.195397755197,34218.96126960301,0.0,691,0.5557527207159738,0.1469814920326174,1.32221967583675,3.1502403980239144,37,9282.066225380053,0,0,0,0
CUST_001734,30,Female,Married,1,Salaried,Software Engineer,Post-Graduate,tier1,2531658.43,68,720,3,59057.34,1592642.45,0.12,53776.07,0.28,1,1,152,4,0,346326.08837315365,22985.298903923325,1928.0289104011467,22392.786233214192,728,0.2799290427387896,1.6415695389221112,1.58959522923979,0.5980347249099085,30,10733.91267812886,1,1,0,0
CUST_001736,44,Female,Married,2,Salaried,Govt. Employee,Graduate,tier3,1580814.89,17,729,1,31029.49,775373.35,0.36,48144.77,0.34,0,1,105,4,0,231114.14796604452,18767.454073911107,735.423532257948,1969.2154573355128,735,0.2355437412884595,1.754379175314088,2.0387763536413086,0.6600390822341373,88,10490.986968481302,1,1,0,1
CUST_001743,26,Male,Single,0,Salaried,Consultant,Graduate,tier2,944333.82,90,719,0,19560.21,313903.23,0.31,10804.66,0.13,0,0,160,3,1,52526.72478848366,3088.122784219305,21124.965081224887,3958.2132715380553,728,0.2485556827053038,0.6674680864916667,3.008350094549538,1.67656219078561,0,10015.995854916808,0,1,1,1
CUST_001749,47,Male,Married,1,Self-Employed,Trader,Graduate,tier2,3615486.82,212,723,1,76696.28,1340114.07,0.73,99150.28,0.28,1,1,133,8,0,579031.2697076057,34887.00997645337,329.48882291422154,13865.00763331776,730,0.2545583350515379,1.9218303151019336,2.697892816025119,0.3668472859046278,47,11023.538263866854,1,1,0,0
CUST_001752,33,Male,Single,0,Salaried,Architect,Post-Graduate,tier1,2028863.46,116,728,0,30047.57,639295.95,0.32,38973.74,0.26,0,1,160,4,0,293940.473702605,7914.799751644216,18030.956833538712,23034.412845068717,738,0.1777195530769542,1.73854223877855,3.173585389387514,0.7847509317764712,0,10717.964269615128,1,1,0,0
CUST_001758,32,Male,Married,1,Salaried,Product Manager,Post-Graduate,tier1,2075162.48,35,779,0,59730.23,1822936.65,0.13,41946.06,0.26,1,1,151,4,0,244567.8287175315,13677.88362747944,3086.5695143524863,14059.893309573648,787,0.345398792683688,1.4142492464587255,1.138361742652032,0.7241641907924605,32,11447.348238845436,1,1,0,1
CUST_001760,49,Male,Married,1,Salaried,Govt. Employee,Graduate,tier3,1407536.44,246,748,1,32485.11,638311.48,0.21,43839.5,0.38,0,1,125,4,0,173221.9553104891,9897.180199691384,4195.349076593653,6318.502525364478,759,0.2769505538296075,1.4767971066955743,2.205089958447937,0.8818115462343952,49,10745.430349399056,1,1,0,1
CUST_001763,35,Female,Single,1,Salaried,Teacher,Graduate,tier1,1028249.01,52,705,0,14389.81,788305.79,0.29,10442.99,0.19,0,0,130,4,0,99159.50539881436,5190.192465893377,13529.420664387648,2242.417976721389,711,0.1679317977835219,1.1572101375172947,1.3043767008527225,1.2521081045865867,35,9842.63528492655,1,1,1,1
CUST_001764,25,Male,Single,0,Salaried,Junior Software Engineer,Graduate,tier1,948805.53,46,788,1,10144.72,834797.18,0.42,8495.32,0.18,0,0,175,3,3,54324.621508370605,1686.9195676926342,26196.083532695186,5108.987255584116,794,0.1283035316600864,0.6870609337292147,1.1365687572533998,1.825187637372096,0,10927.790390526246,0,1,1,1
CUST_001775,48,Male,Married,2,Salaried,Govt. Employee,Graduate,tier3,1294811.51,208,774,0,32104.75,1041915.49,0.49,38056.75,0.39,0,1,115,4,0,162006.1971019326,20374.6886455386,3217.6644061071997,7512.560007068285,778,0.2975363028433118,1.5014203481856698,1.2427210073237251,0.8813533534816841,96,10949.475887989443,1,1,0,1
CUST_001779,31,Female,Married,0,Salaried,Product Manager,Post-Graduate,tier1,2233318.95,101,758,3,53516.2,1841878.2,0.42,41950.22,0.23,1,1,147,4,0,277842.1647313945,18282.53340742465,3250.4330089081022,14297.469762412762,766,0.287550038206384,1.492884866336865,1.2125219449788025,0.6552790899394845,0,11198.153849203569,1,0,0,1
CUST_001788,37,Female,Single,0,Salaried,HR Manager,Post-Graduate,tier2,1726655.83,196,778,1,20707.28,610698.94,0.75,32076.76,0.3,0,1,176,4,0,219122.0064330349,10550.79187129823,12772.74269611528,20298.05990728375,788,0.1439115014959188,1.5228546171480004,2.827339118454802,1.0134420243762403,0,11317.017731368423,0,1,0,0
CUST_001793,36,Female,Single,0,Salaried,HR Manager,Post-Graduate,tier2,2144065.55,181,813,1,34402.18,1700263.96,0.22,52500.05,0.23,0,1,160,4,0,290165.28574971936,6393.050786279922,12212.24737332686,13808.920416648987,821,0.1925425505248166,1.6240006939098974,1.2610184885536897,0.7427814812785062,0,11968.714384299292,1,1,0,1
CUST_001803,30,Female,Married,0,Salaried,Product Manager,Post-Graduate,tier1,2251961.38,98,787,1,49466.38,1843934.79,0.72,49477.54,0.24,1,1,163,4,0,288451.54280582146,16825.232358818954,8114.784211468638,18176.185635772305,794,0.2635895101033565,1.5370601377489894,1.2212797171207357,0.7206135411560387,0,11614.08617498326,1,1,0,1
CUST_001811,28,Male,Married,0,Salaried,Data Scientist,Post-Graduate,tier1,2711350.08,78,777,0,48420.49,2001589.59,0.48,66204.44,0.29,1,1,162,4,0,401432.37597571313,26398.82469380268,4555.8410555904375,23937.513294411143,781,0.2143003637492783,1.7766673611178323,1.3545977351941887,0.5952927599818395,0,11568.919902879556,1,1,0,0
CUST_001816,33,Female,Married,0,Self-Employed,Sales Rep,Under-Graduate,tier2,663415.01,145,620,3,29917.79,574301.72,0.16,4100.85,0.06,0,0,212,1,114,9140.079291594524,3123.7666294441246,27483.51975789865,0.0,629,0.5411499299674277,0.1653248207351917,1.155166059460767,3.1481329767211457,0,8431.844091689343,0,0,0,0
CUST_001824,60,Male,Married,1,Self-Employed,Surgeon,Post-Graduate,tier1,7677325.15,445,857,0,105750.46,5048373.63,0.74,350205.3,0.58,1,1,125,8,0,1672218.539826407,15008.10119734384,5415.158850785881,40112.90671558195,869,0.1652924048020999,2.6137477208379325,1.5207518682106995,0.1626053244280944,60,13776.936459760298,1,1,0,0
CUST_001827,27,Female,Single,1,Self-Employed,Gig Worker,Under-Graduate,tier3,569908.03,14,609,1,26294.83,243347.44,0.29,4693.75,0.08,0,0,212,0,133,6407.021226409557,3022.112095277097,24703.097483753485,0.0,615,0.553653044971941,0.134903584134277,2.341942401603232,3.655752102622204,27,8150.737698808318,0,0,0,0
CUST_001829,34,Male,Single,2,Self-Employed,Sales Rep,Under-Graduate,tier3,512227.73,157,640,3,22139.97,431877.83,0.27,3659.85,0.03,0,0,207,0,120,6433.076338860666,3159.503161832239,22281.478912436836,0.0,649,0.5186626972491962,0.1507046633542618,1.1860450071146111,3.9637879819212207,68,8532.095726111742,0,1,0,0
CUST_001842,40,Female,Married,3,Self-Employed,Business Owner,Graduate,tier2,3271042.18,49,799,3,71142.24,1000694.05,0.63,73734.56,0.38,1,1,127,4,0,540134.102228998,30257.558509049373,6887.20640800334,10065.280099411984,809,0.2609883031653117,1.981504698509144,3.2687702212577148,0.3870721345008737,120,12135.501181397123,1,1,0,0
CUST_001850,27,Female,Single,0,Salaried,Analyst,Graduate,tier2,1178615.75,98,672,3,20251.26,594575.48,0.6,17848.35,0.19,0,0,133,4,0,130446.16216749317,5998.218301806342,14892.83373740529,1870.9571911607063,681,0.206184794138777,1.3281156378762655,1.9822777887211416,1.118948659396445,0,9520.279254944982,0,1,0,1
CUST_001853,48,Female,Married,1,Salaried,Govt. Employee,Graduate,tier3,1632677.33,201,771,1,32704.9,1099102.96,0.79,51738.43,0.25,0,1,106,4,0,245241.64540918448,18819.407422105367,4315.107902649557,9280.230594795612,782,0.2403756751445175,1.802486052205788,1.4854621486396975,0.6452880189196986,48,11187.082714538616,1,1,0,1
CUST_001854,50,Female,Married,1,Salaried,Govt. Employee,Graduate,tier2,1570072.21,241,769,3,26168.32,953027.35,0.41,45069.53,0.34,0,1,113,4,0,227450.7164698044,20023.258542572148,3236.2688868425403,9100.798256447715,777,0.2000019094517229,1.7383835722019347,1.647455933498725,0.7151571889236632,50,11085.173690891812,1,1,0,1
CUST_001857,26,Male,Single,0,Salaried,Junior Software Engineer,Graduate,tier1,842221.06,51,763,1,15640.09,678797.64,0.35,10320.8,0.13,0,0,160,2,2,47588.22345658725,3169.606167897152,24262.413151589157,614.7441932856968,771,0.2228374649648637,0.6780292873792523,1.2407524269642023,1.877447149686725,0,10519.369019493708,1,1,1,1
CUST_001866,50,Female,Married,2,Salaried,Govt. Employee,Graduate,tier3,1289205.31,123,777,3,31526.95,880556.11,0.49,38672.0,0.35,0,1,111,4,0,156177.3137363448,12873.381683222253,1784.551744310993,6319.779424793695,784,0.2934520015093499,1.4536942300566362,1.4640791555246202,0.8543684292669647,100,11030.517261561015,1,1,0,1
CUST_001874,30,Male,Married,1,Salaried,Product Manager,Post-Graduate,tier1,2384702.45,34,743,2,57571.25,1388491.54,0.67,53069.61,0.29,1,1,146,4,0,318478.3572719281,10567.658994845726,6778.775339857602,14577.15508330174,751,0.2897013518746447,1.602598704118699,1.7174758821534613,0.6096790855999666,30,11028.123586548294,1,1,0,1
CUST_001880,38,Female,Married,0,Self-Employed,Sales Rep,Under-Graduate,tier1,714966.54,120,607,1,31680.35,320571.68,0.76,5573.67,0.06,0,0,215,1,119,9298.435714869363,7765.356399658687,24488.18960134448,0.0,613,0.5317141406789635,0.15606234640054,2.2302790743116354,2.965654111429749,0,8263.235354713093,0,1,0,0
CUST_001885,35,Male,Single,0,Salaried,Architect,Post-Graduate,tier2,1660319.8,176,765,2,32761.7,892298.47,0.57,42708.62,0.29,0,1,162,4,0,194493.81439224852,7298.171979957803,14443.429626769052,18378.190264365032,773,0.2367842379456925,1.4056984108278734,1.8607203700345132,0.9698741522431812,0,11071.30903808286,1,1,0,0
CUST_001888,31,Male,Married,0,Salaried,Data Scientist,Post-Graduate,tier1,2270014.32,127,781,3,59413.42,994141.61,0.27,40885.88,0.2,1,1,153,4,0,296155.55672030494,15430.552599149494,4101.388325367926,17825.18471207317,788,0.3140761116813835,1.5655618832840932,2.283389020011928,0.671048416923978,0,11532.61414500679,1,1,0,1
CUST_001893,31,Female,Single,0,Salaried,Analyst,Graduate,tier2,1248309.87,134,728,2,29037.7,768535.58,0.5,17280.99,0.18,0,0,134,4,0,120986.5417323484,6451.3109817002905,17554.61809171444,1565.2390914033758,736,0.2791366620853963,1.163032175978925,1.6242686457422757,1.064920519140488,0,10331.454192102708,1,1,1,1
CUST_001896,57,Male,Married,2,Self-Employed,Surgeon,Post-Graduate,tier1,9451273.67,434,819,0,121835.4,4708392.11,0.13,410908.83,0.42,1,1,116,8,0,2122745.863257718,15870.856146634263,5773.94648788043,37842.261967658975,829,0.1546905734360265,2.695183623530513,2.007324675148036,0.1226050572533539,114,13315.116285976912,1,1,0,0
CUST_001899,24,Female,Single,0,Salaried,Analyst,Graduate,tier2,957970.99,46,666,0,14813.06,364173.24,0.12,8287.53,0.1,0,0,176,4,0,76517.62957191469,4281.257385872996,21338.31257506472,2925.561675971273,674,0.1855531067414881,0.9584841948633934,2.630529248856262,1.818236308920787,0,9282.71475368904,0,1,0,1
CUST_001901,27,Male,Single,1,Salaried,Teacher,Graduate,tier1,1247515.93,101,669,1,26614.78,516705.16,0.14,12582.56,0.16,0,0,134,4,0,146553.77629332163,3711.327615591172,18751.729117736595,0.0,675,0.2560081841213767,1.4097041623107065,2.414362410542967,1.0655928629071123,27,9474.749332419156,1,1,0,1
CUST_001908,39,Female,Married,3,Self-Employed,Trader,Graduate,tier2,2978562.75,234,680,0,41347.63,1315001.33,0.62,91077.46,0.39,1,1,134,4,0,542767.4766484341,21239.94821950568,5911.479997457176,14474.350475409165,688,0.1665801941012224,2.186686676163225,2.2650627166569355,0.4483760630423437,117,10255.982824098406,0,1,0,0
CUST_001909,27,Male,Married,1,Salaried,Product Manager,Post-Graduate,tier1,2538965.81,63,738,2,48185.46,1577701.82,0.76,59743.43,0.25,1,1,149,4,0,374136.5507325887,23216.784010387848,6578.1892362372455,23289.19384766028,747,0.2277394933199514,1.7682858791078069,1.6092801368004146,0.5845507986629291,27,11016.20903802874,1,1,0,0
CUST_001921,24,Male,Single,0,Salaried,Junior Software Engineer,Graduate,tier1,843800.19,36,682,1,15996.27,432877.96,0.18,13065.51,0.13,0,0,169,1,7,41774.68003676967,3034.242488107572,18000.658723358083,4787.241546625685,691,0.2274857394510975,0.5940849947204911,1.9492751276245903,1.9793858326501428,0,9429.1594825701,0,1,0,1
CUST_001926,32,Female,Single,1,Salaried,Analyst,Graduate,tier2,1159396.44,100,723,3,15675.58,682240.09,0.78,17299.87,0.19,0,0,126,4,0,135829.11866152237,10161.358767395828,13374.383861320295,3217.6527106834887,732,0.1622439112138945,1.4058457465932097,1.699394036791305,1.077478908692419,32,10221.216837247775,0,1,1,1
CUST_001930,45,Male,Married,2,Self-Employed,Trader,Graduate,tier2,2993604.22,152,703,1,72700.88,1335805.5,0.71,70642.52,0.26,1,1,127,4,0,441751.043133408,21179.22903286111,2891.7730361605336,10827.38433424764,713,0.2914236481522003,1.7707722460165238,2.2410463042364297,0.4228253481412407,90,10632.24814147113,1,0,0,0
CUST_001931,45,Male,Married,1,Salaried,Sales Rep,Under-Graduate,tier1,657380.59,132,621,0,33639.69,397744.28,0.54,1931.18,0.06,0,0,222,1,139,6751.907222494187,1150.4982697658684,32991.91478567857,0.0,629,0.61405663243025,0.123248859056854,1.6527677965153975,3.3264377676911465,45,8426.096539467822,0,1,0,0
CUST_001933,31,Female,Single,1,Salaried,Analyst,Graduate,tier2,1075109.21,56,627,0,24047.0,778925.93,0.67,17228.43,0.15,0,0,122,4,0,110361.07542122416,2659.5760018967057,14804.689404750075,774.9639887759948,636,0.2684013647168211,1.2317986964973835,1.3802439851450503,1.124310796329892,31,8832.725855599425,0,1,0,1
CUST_001934,29,Male,Married,0,Salaried,Product Manager,Post-Graduate,tier1,2514495.3,92,785,1,57764.25,1421296.9,0.47,52545.49,0.22,1,1,144,4,0,332112.8301031979,17354.507105975623,2559.567108049222,20690.018707955867,793,0.275668716491696,1.5849442796361637,1.7691543060747503,0.5704110441401892,0,11686.903369060166,1,1,0,1
CUST_001937,46,Male,Married,2,Self-Employed,CXO,Post-Graduate,tier1,8284685.19,268,863,0,84720.04,5436858.1,0.51,399414.63,0.44,1,1,124,8,0,1850273.4887478168,17136.784025202367,3767.851125588892,38205.934496021546,871,0.1227130523523696,2.6800354141819644,1.523799870038935,0.1494933166957238,92,13874.959737509616,1,1,0,0
CUST_001939,28,Female,Married,1,Salaried,Data Scientist,Post-Graduate,tier1,2045486.15,115,720,1,50347.95,1420556.7,0.43,44337.0,0.23,1,1,150,4,0,259567.77329819117,14549.432099544774,5469.7406399052325,11059.090678572533,729,0.2953683434032927,1.5227651413804963,1.4399176816260262,0.7297543697874102,28,10593.205823467695,1,1,0,1
CUST_001944,29,Female,Married,1,Salaried,Product Manager,Post-Graduate,tier1,2543682.6,43,745,0,70470.6,768042.52,0.5,43783.46,0.23,1,1,149,4,0,305034.024149445,18210.006406333134,2449.155490024736,16561.902769561402,752,0.3324484000555727,1.4390124859302449,3.311899044470813,0.5834711016944705,29,11091.34111612796,1,0,0,1
CUST_001950,28,Female,Single,0,Salaried,HR Manager,Post-Graduate,tier2,1608033.34,51,806,3,18710.71,756253.27,0.5,28176.06,0.23,0,1,165,4,0,195180.39980064647,8225.503496094767,15232.32514286873,10759.197546262623,815,0.1396282271493663,1.4565290787184877,2.12631307192487,1.0197564903081664,0,11646.776313634746,1,1,0,1
CUST_001961,29,Male,Single,0,Salaried,HR Manager,Post-Graduate,tier2,2106773.32,36,788,0,23379.48,1049325.59,0.58,46470.27,0.29,0,1,172,4,0,280708.8023903386,9152.624707793471,17668.052767026933,27252.56392737239,794,0.1331667528421927,1.5988841372238456,2.00773842965325,0.8125574825366753,0,11561.170850467612,1,1,0,0
CUST_001971,50,Male,Married,1,Self-Employed,Business Owner,Graduate,tier2,3315316.72,113,763,1,78303.04,2547640.86,0.66,102674.8,0.28,1,1,132,8,0,531600.6280905163,23707.644935409397,2976.1304373975627,16281.225061903167,772,0.2834218140516696,1.9241553631177168,1.3013276206727111,0.3969546696291834,50,11590.857423553249,1,0,0,0
CUST_001974,33,Female,Single,0,Salaried,Architect,Post-Graduate,tier1,1653877.35,79,688,2,28771.82,601728.84,0.62,46768.64,0.3,0,1,163,4,0,210280.24069260832,4533.576619458775,21198.93665404897,14176.251577836612,695,0.2087575205681081,1.5257144550276591,2.748538031618974,0.9796395148957342,0,9951.450354007666,0,1,0,0
CUST_001977,42,Male,Single,1,Self-Employed,Sales Rep,Under-Graduate,tier1,653068.07,144,635,3,31989.36,329136.31,0.54,4141.57,0.06,0,0,216,1,130,7110.890684870957,2247.000684289418,32639.498723003213,0.0,643,0.5877875281050914,0.1306588458876895,1.9841812221166903,3.257584096908784,42,8609.408747180032,0,1,0,0
CUST_001978,37,Male,Married,0,Salaried,Gig Worker,Under-Graduate,tier1,663402.84,162,644,1,28131.48,232983.68,0.46,4153.12,0.04,0,0,203,1,96,11466.902740802483,4765.050107389986,23623.151599017398,0.0,654,0.5088486715190151,0.2074159705104423,2.8474097095139475,3.014540301018036,0,8766.96103277222,0,0,0,0
CUST_001994,52,Female,Married,2,Salaried,Govt. Employee,Graduate,tier3,1514394.76,333,770,0,33613.43,913738.33,0.6,40198.68,0.32,0,1,117,4,0,206148.2069200931,13840.161818124368,2894.606294572495,4772.353716347385,778,0.2663492865021284,1.6334967251738344,1.6573597198667152,0.7675177261826851,104,11071.350067527846,1,1,0,1
CUST_001997,48,Male,Married,3,Self-Employed,Business Owner,Graduate,tier2,2978910.55,307,722,2,60628.48,2209432.13,0.56,91321.57,0.32,1,1,116,4,0,497009.7164149139,29939.10370522638,2958.5923411553317,17025.97061112235,728,0.2442298340384848,2.0021052903772096,1.3482691598817476,0.3881012765671425,144,10852.345897180492,1,0,0,0
CUST_001998,54,Female,Married,1,Self-Employed,Investor,Post-Graduate,tier1,9758493.94,53,786,1,118161.96,3005367.18,0.71,367600.43,0.49,1,1,119,8,0,2186435.880058085,11542.025932601706,6808.974189673559,39646.712674057526,791,0.1453033413842447,2.688652414828271,3.2470211153962505,0.1218202117244697,54,12730.076152968975,1,1,0,0
CUST_001999,33,Female,Single,0,Salaried,Teacher,Graduate,tier1,1110542.82,58,726,2,17821.15,846866.53,0.18,15631.5,0.13,0,0,124,4,0,115466.56866899504,6992.6854614144,15740.428736504817,2184.662236480974,735,0.1925648298928638,1.2476635993781384,1.3113536422868877,1.106606528432354,0,10231.464880212092,1,1,1,1
CUST_002000,33,Female,Married,0,Salaried,Product Manager,Post-Graduate,tier1,2460360.43,56,767,3,46323.98,1478376.51,0.78,45326.18,0.21,1,1,144,4,0,319994.41584048275,19892.76846096812,3433.9643329337687,18986.04388398156,774,0.2259364286568598,1.5607120870257,1.6642301532306183,0.5829108912661785,0,11390.043766587649,1,1,0,1
CUST_002008,28,Female,Single,0,Salaried,HR Manager,Post-Graduate,tier1,1970193.8,120,762,0,25558.2,1347666.57,0.44,50952.76,0.25,0,1,157,4,0,277268.6156275383,8821.470931512496,14047.419194065618,23055.59921414603,774,0.1556682048139336,1.68876946130727,1.4619286268051994,0.7928516895669504,0,11218.079665803489,1,1,0,0
CUST_002015,37,Male,Single,0,Salaried,HR Manager,Post-Graduate,tier2,1814883.52,31,789,0,27593.94,804934.43,0.69,42919.29,0.2,0,1,172,4,0,234407.35884102425,8039.911834104438,19454.496078351305,20267.358907278063,797,0.1824497754008451,1.5498899386187754,2.254694541150959,0.9425259098180688,0,11485.991321455109,1,1,0,0
CUST_002017,31,Male,Married,0,Self-Employed,Sales Rep,Under-Graduate,tier3,741009.73,96,655,1,26393.59,290166.58,0.19,5680.82,0.1,0,0,200,1,80,15012.499526193216,4268.598679644887,23138.378577664174,0.0,663,0.4274140246872382,0.243110271967758,2.553730261664656,2.663081342501381,0,8960.955764993269,0,1,0,0
CUST_002033,38,Female,Single,0,Salaried,Architect,Post-Graduate,tier1,1755760.22,128,760,2,23292.92,1134047.02,0.16,36930.42,0.29,0,1,177,4,0,224442.53920624632,11432.42917456474,16591.310794554764,14623.220061638156,765,0.1591977802223115,1.5339748743005832,1.5482238750348507,1.0024011074391517,0,10999.4859942907,1,1,0,1
CUST_002034,33,Female,Married,1,Salaried,Data Scientist,Post-Graduate,tier1,2375844.3,71,768,2,56384.93,853469.52,0.35,41514.0,0.22,1,1,147,4,0,301690.0663093311,18262.991351264325,2056.759612701862,16534.93857023435,777,0.2847895977547127,1.5237793614504267,2.7837450085563584,0.6161340872076188,33,11407.031209831785,1,1,0,1
CUST_002038,27,Male,Single,2,Self-Employed,Gig Worker,Under-Graduate,tier3,551839.71,60,622,1,29868.07,251584.56,0.22,4347.54,0.05,0,0,179,0,113,5424.8039648110735,3213.9114852210487,22908.80781499145,0.0,630,0.6494803468127335,0.1179622104962452,2.1934474697196453,3.185962060246685,54,8329.239270308031,0,0,0,0
CUST_002041,53,Male,Married,2,Salaried,Govt. Employee,Graduate,tier3,1751624.66,365,791,1,33669.27,1016373.57,0.3,58112.63,0.26,0,1,112,4,0,259482.5200758621,15770.661507533305,2282.6213246370344,5597.749576907171,800,0.2306592738245156,1.7776461934236667,1.7234046499215343,0.6357767494013169,106,11500.84389061234,1,1,0,1
CUST_002042,28,Female,Married,1,Salaried,Software Engineer,Post-Graduate,tier1,2647119.69,24,751,3,76890.94,1179689.67,0.72,53071.6,0.25,1,1,145,8,0,356558.0508140158,21498.42464752904,3681.29340111023,16160.008971569783,758,0.3485626663326296,1.6163520031631633,2.243909998881317,0.5457036826218392,28,11210.049170988745,1,1,0,1
CUST_002043,36,Female,Single,2,Self-Employed,Gig Worker,Under-Graduate,tier1,573118.11,163,595,0,20670.53,456032.73,0.19,3001.84,0.04,0,0,218,0,129,7729.374870545764,3928.705555547524,25444.10941706313,0.0,601,0.4327924072947415,0.1618349774827729,1.2567449999805935,3.7385222009311287,72,7968.5681558148735,0,1,0,0
CUST_002044,27,Male,Married,1,Salaried,Product Manager,Post-Graduate,tier1,2015248.24,81,738,0,41920.93,1053760.68,0.73,45101.15,0.26,1,1,151,4,0,258223.85767857128,16216.071661886068,4074.016708396449,12755.329119715429,742,0.2496209422560731,1.5376109897066472,1.912432647958882,0.7455876125091707,27,10771.060051011842,1,1,0,1
CUST_002049,46,Male,Married,3,Self-Employed,Business Owner,Graduate,tier2,2749427.52,295,790,2,38891.1,1709007.02,0.52,78679.68,0.39,1,1,124,4,0,463113.708100492,24747.102492129678,4962.494081231239,11673.10079916638,799,0.1697412132928095,2.0212717744036444,1.6087856158802578,0.4493685704779809,138,11846.696006073247,1,1,0,0
CUST_002052,34,Female,Single,1,Salaried,Teacher,Graduate,tier1,954784.53,111,720,0,15427.18,790956.44,0.46,12657.56,0.18,0,0,137,4,0,93164.53918160044,2635.2560668587994,15781.676949820128,2669.968920743849,727,0.1938906920828461,1.1709033653266472,1.2071250382321457,1.4200061852152626,34,10010.238947322776,0,1,1,1
CUST_002061,36,Male,Married,2,Self-Employed,Trader,Graduate,tier2,2590476.18,151,723,1,60473.84,1812735.09,0.25,74762.57,0.29,1,1,134,4,0,389470.86924481706,25638.57717968357,4884.130563708543,18412.9732445204,732,0.2801348740375259,1.8041581764475776,1.429042095145797,0.5152902419586862,72,10809.702144256393,0,1,0,0
CUST_002071,26,Male,Single,0,Salaried,Analyst,Graduate,tier2,1093734.66,94,738,0,10764.37,909048.65,0.6,16112.98,0.15,0,0,167,4,0,107340.37945125182,4926.814448222188,17466.762173582014,3861.722525449241,749,0.1181008772177645,1.177680902280444,1.2031627315405709,1.5130448109693322,0,10414.92709467744,1,1,1,1
CUST_002072,43,Male,Married,1,Salaried,Govt. Employee,Graduate,tier2,1619334.83,188,789,1,40164.43,803027.58,0.13,41992.38,0.39,0,1,108,4,0,199089.3658307553,16006.873354558114,2325.6049609588763,2932.605415392321,797,0.2976342998738571,1.4753308838533763,2.0165344924585376,0.6628471816317828,43,11395.128733404375,1,1,0,1
CUST_002075,31,Male,Married,0,Self-Employed,Gig Worker,Under-Graduate,tier1,609906.68,25,630,1,27770.91,507753.24,0.23,2959.22,0.07,0,0,211,0,121,7854.721159784518,5586.647680187278,27491.77742779173,0.0,640,0.5463858231067787,0.1545397066989557,1.2011848094070077,3.403738123938268,0,8525.48024347744,0,1,0,0
CUST_002080,27,Female,Married,1,Salaried,Software Engineer,Post-Graduate,tier1,2205893.35,95,709,2,57783.91,1548586.41,0.69,49467.43,0.27,1,1,136,4,0,288283.07296198123,14849.079725351074,2866.059840286919,14906.751818918112,716,0.3143411932882796,1.5682435674512394,1.4244551749261607,0.6137479495572293,27,10458.35680724399,1,0,0,1
CUST_002091,27,Male,Married,0,Salaried,Data Scientist,Post-Graduate,tier1,2727109.04,22,816,3,57639.68,2286062.08,0.72,48609.86,0.29,1,1,153,4,0,392519.3080826346,15454.86467553941,4018.921565861175,23643.76698897556,827,0.2536286984900384,1.727181019068965,1.1929281671440142,0.5589839416846908,0,12255.108741791364,1,1,0,0
CUST_002094,29,Female,Married,1,Salaried,Product Manager,Post-Graduate,tier1,2087200.19,67,784,2,44081.64,1062505.3,0.78,39384.97,0.28,1,1,149,4,0,268080.6547718996,20930.47929874382,8298.875182685866,14504.371141238642,791,0.2534383818446365,1.5412749468767692,1.964412060427312,0.7104710399630471,29,11510.105655110532,1,1,0,1
CUST_002098,30,Male,Single,0,Salaried,Teacher,Graduate,tier1,1078265.88,62,691,0,13842.72,726075.16,0.32,16147.36,0.11,0,0,123,4,0,120543.33154497284,5349.941614865471,15483.571209996097,2003.8520728263416,696,0.154053647098835,1.3415094618649452,1.4850589227444126,1.1302385038479752,0,9668.042436291316,1,1,0,1
CUST_002102,29,Female,Single,0,Salaried,Architect,Post-Graduate,tier2,1669463.17,71,712,2,27070.86,1501350.32,0.77,31311.06,0.23,0,1,170,4,0,192419.58485700245,9074.383904962382,21902.81987791642,18517.59148442504,720,0.1945823009754616,1.3830903626341622,1.1119736918071914,1.01222821099435,0,10316.169559166488,1,1,0,0
CUST_002105,43,Female,Married,0,Salaried,Gig Worker,Under-Graduate,tier1,710776.19,224,633,0,26978.93,618786.63,0.16,2008.23,0.1,0,0,217,1,96,13587.055654849772,2060.878043577265,30077.444699677308,0.0,642,0.4554762790867417,0.2293857300276715,1.148659338907599,3.0106432899788214,0,8650.381370421463,0,1,0,0
CUST_002106,24,Male,Single,0,Salaried,Consultant,Graduate,tier1,814563.63,45,758,3,14647.08,484287.12,0.52,11149.24,0.11,0,0,161,1,9,39363.09138298721,2787.9829201039524,20619.648358865416,1720.6881096309817,765,0.2157748814557587,0.5798812034136677,1.6819814411305405,1.9525479191945443,0,10411.962925675274,0,1,1,1
CUST_002107,49,Female,Married,1,Self-Employed,Trader,Graduate,tier2,3360933.79,53,784,1,70525.96,2787746.35,0.61,96331.55,0.37,1,1,131,4,0,582026.9693595115,24941.24044618209,4022.998259359284,17641.508766108876,791,0.2518075484936637,2.0780827983286625,1.205609177603559,0.3886163542832444,49,11886.934196303258,1,1,0,0
CUST_002114,33,Male,Married,2,Salaried,Gig Worker,Under-Graduate,tier3,608589.87,19,673,2,26772.51,501426.45,0.24,2962.8,0.03,0,0,207,1,116,8383.175106101986,4153.289076365384,27353.49591259546,0.0,681,0.527882242622751,0.1652937761647427,1.2137147058861657,3.3463205596949077,66,9070.17193150346,0,0,0,0
CUST_002121,30,Male,Single,0,Salaried,Architect,Post-Graduate,tier2,1578760.69,127,817,3,13260.18,1105425.82,0.18,42632.47,0.31,0,1,172,4,0,205167.9647491704,8675.308998235576,22911.361388552566,15397.62477879368,825,0.1007885182001723,1.5594490534226586,1.4281910493179455,1.0826048320719717,0,11774.524869699624,1,1,0,0
CUST_002131,30,Male,Married,0,Salaried,Gig Worker,Under-Graduate,tier1,539977.88,55,694,1,22638.14,371823.38,0.65,1334.4,0.07,0,0,198,0,113,6575.577366172415,2426.0923949610774,26127.575253077783,0.0,704,0.5030792058547467,0.1461266799927231,1.4522390382255193,3.6001447912777875,0,9292.296855891798,0,1,0,0
CUST_002137,24,Female,Single,0,Salaried,Consultant,Graduate,tier2,1045610.38,60,760,2,9262.45,647968.81,0.56,14093.44,0.19,0,0,164,4,0,109542.92639949686,7625.628906746425,22758.65576663992,3547.909660830204,769,0.1062997523063727,1.2571604643676069,1.6136714455878738,1.5536035179949632,0,10658.42637787583,1,1,1,1
CUST_002142,54,Female,Married,2,Self-Employed,Investor,Post-Graduate,tier1,9781113.91,52,832,0,146156.87,7494276.32,0.67,419820.79,0.53,1,1,117,8,0,2135155.1459154184,12281.008819750925,6228.064675468519,49388.73228981527,840,0.179312939649092,2.6195206959548303,1.3051443778170728,0.1194961074658766,108,13520.609788972535,1,1,0,0
CUST_002149,35,Female,Single,1,Salaried,Teacher,Graduate,tier1,1050851.34,189,719,2,17792.38,837001.37,0.77,9947.9,0.13,0,0,135,4,0,106366.33908487226,7164.1257934192845,15594.453359579442,787.8221884133455,728,0.2031744298930439,1.2146166113459311,1.255493864372212,1.2725628456103943,35,10093.801641721531,1,1,1,1
CUST_002152,26,Male,Married,2,Self-Employed,Gig Worker,Under-Graduate,tier1,741026.22,48,631,0,39435.15,479620.35,0.69,5836.48,0.07,0,0,206,1,121,8844.900038641574,4796.907440292083,31113.43984544104,0.0,640,0.638592972977831,0.1432298599439296,1.545023423164961,2.742913556333626,52,8650.107288157818,0,0,0,0
CUST_002157,24,Male,Single,0,Salaried,Analyst,Graduate,tier2,1104442.0,48,704,3,14616.94,746672.24,0.24,9208.38,0.17,0,0,175,4,0,97885.8907632377,5116.491601203248,24584.724528810624,6564.8037617798,714,0.1588144730337343,1.0635397120738863,1.4791503710511975,1.5702925769129306,0,9935.2041091223,1,1,1,1
CUST_002159,29,Male,Single,0,Salaried,HR Manager,Post-Graduate,tier1,1716481.87,71,722,3,22173.61,1404921.09,0.53,35820.36,0.2,0,1,168,4,0,208498.4612423444,2499.5606999648853,18725.51830372171,14329.496158450473,727,0.1550155958319851,1.4576116924368232,1.2217630302901707,0.9730771166453084,0,10436.657812184245,1,1,0,0
CUST_002160,28,Female,Single,0,Salaried,Architect,Post-Graduate,tier1,1581396.91,65,748,1,26180.93,1159345.74,0.54,32518.73,0.21,0,1,165,4,0,190943.55322228672,8929.076282892249,17550.159098855907,10708.2826196654,755,0.1986653534157715,1.4489121846843778,1.3640413652260754,1.0368249364013156,0,10776.733924088268,1,1,0,1
CUST_002161,36,Female,Single,0,Salaried,HR Manager,Post-Graduate,tier2,1829625.81,191,764,0,23316.8,1237448.96,0.17,47879.48,0.27,0,1,167,4,0,266870.8206625801,11628.43830734513,21836.07365553151,21721.930311294127,771,0.1529273162539202,1.7503190142047629,1.478545290025303,0.9077933082489203,0,11117.529005370889,1,1,0,0
CUST_002162,39,Female,Married,3,Self-Employed,Business Owner,Graduate,tier2,2692903.53,68,739,1,56936.12,2340147.51,0.54,67143.67,0.29,1,1,119,4,0,401031.0625002072,30822.733851812227,1540.8307075780697,13687.220864616123,749,0.2537151397392699,1.7870492766635302,1.1507404416824811,0.4402672854550603,117,11089.792059076726,1,1,0,0
CUST_002170,45,Female,Married,1,Salaried,Govt. Employee,Graduate,tier3,1852801.2,90,815,0,43293.49,1318853.01,0.16,50779.03,0.33,0,1,106,4,0,265303.7195728331,25556.84994548352,1977.1395308023,2300.263900058808,822,0.2803962536536333,1.7182760975979643,1.404856933331082,0.5690354934278549,45,11863.27641758428,1,1,0,1
CUST_002172,28,Male,Single,1,Salaried,Teacher,Graduate,tier2,875038.77,44,722,1,13670.09,404199.32,0.29,12994.25,0.12,0,0,124,2,0,93317.15444631322,3145.5877473005157,10981.736784511895,2423.145146335364,732,0.1874646427658134,1.279703866046262,2.164864119850276,1.4010685656177524,28,10015.24201871834,1,1,1,1
CUST_002181,41,Female,Married,1,Self-Employed,Business Owner,Graduate,tier2,2588685.11,111,756,1,63414.99,1414373.75,0.39,69698.59,0.36,1,1,132,4,0,383736.86936186295,33112.792131261696,7018.661847846593,13626.404750321435,767,0.293962502241137,1.7788262730908506,1.8302681874093127,0.50794919127389,41,11326.028995837816,1,1,0,0
CUST_002186,43,Female,Married,1,Self-Employed,Business Owner,Graduate,tier2,3711001.9,225,718,0,50240.94,1649219.21,0.49,111479.55,0.36,1,1,132,4,0,656989.4456299919,32112.078608862063,4765.182535380531,12079.354069521534,726,0.162459989707934,2.1244526590320514,2.2501554840878404,0.3547431674248809,43,10982.066035811144,1,1,0,0
CUST_002187,38,Female,Married,3,Self-Employed,Trader,Graduate,tier2,2571316.32,53,689,0,62702.8,1433156.46,0.2,56250.22,0.32,1,1,124,4,0,361613.8370932004,21486.24540454124,5023.101575062097,12367.353207297208,699,0.2926244751195367,1.687597033551283,1.794161766425861,0.480375066934842,114,10317.1903020959,1,0,0,0
CUST_002188,50,Female,Married,3,Self-Employed,Trader,Graduate,tier2,3083447.43,317,768,3,44593.64,1766894.39,0.7,81085.41,0.31,1,1,127,4,0,552850.7833745133,38489.71184557336,1761.6876616189622,13006.575322351287,778,0.1735465285495908,2.151547491089954,1.7451216678990829,0.4105452019916821,150,11624.533017744969,1,1,0,0
CUST_002191,26,Female,Single,2,Salaried,Sales Rep,Under-Graduate,tier1,625936.27,84,625,0,25433.65,250089.41,0.75,2394.58,0.05,0,0,213,1,111,10063.101904601088,3412.881882407183,28505.49603807848,0.0,635,0.487586298465207,0.1929188539097856,2.502839952959412,3.349392227620544,52,8475.348452744796,0,1,0,0
CUST_002193,29,Female,Married,0,Salaried,Data Scientist,Post-Graduate,tier1,1968817.44,79,810,0,45296.76,841555.1,0.61,46061.32,0.28,1,1,149,4,0,249079.93495981264,18267.144575812195,2849.129310684409,13133.42051080486,818,0.276083397046318,1.5181402506444397,2.339496368691285,0.7529749687267765,0,11855.228309895445,1,0,0,1
CUST_002197,38,Male,Married,1,Self-Employed,Gig Worker,Under-Graduate,tier2,723421.84,168,591,0,24719.89,618324.73,0.39,3602.34,0.06,0,0,212,1,82,16264.724716665807,2519.9059977391707,28808.55417932324,0.0,600,0.4100425824702919,0.2697920470515862,1.1699688447381933,2.8905602265675645,38,8095.049502677169,0,1,0,0
CUST_002199,32,Male,Single,0,Salaried,Architect,Post-Graduate,tier1,2119865.6,27,768,0,43998.83,1272624.25,0.44,36444.63,0.2,0,1,162,4,0,288474.0744080504,6327.294323402552,14183.717757073711,27152.943256940704,775,0.2490643610744318,1.6329663999924358,1.6657422127998798,0.7606113737880925,0,11289.319383108548,1,1,0,0
CUST_002205,33,Female,Married,0,Salaried,Software Engineer,Post-Graduate,tier1,2664782.32,136,788,1,46068.27,1687937.11,0.67,53054.74,0.27,1,1,153,4,0,392905.73225330433,17980.881970196635,4304.677460642343,21816.544929571977,795,0.2074528738863418,1.7693180864479072,1.5787203951452933,0.5720091644691296,0,11762.52847863606,1,1,0,1
CUST_002218,29,Female,Single,0,Salaried,Architect,Post-Graduate,tier2,1700573.28,106,778,0,33638.34,876272.72,0.34,34670.54,0.21,0,1,180,4,0,203146.32632532305,13730.261925819628,12809.522347605593,15563.018909370088,784,0.2373653851690401,1.433480546123436,1.940687300310684,1.0522788009409336,0,11247.637625976551,1,1,0,0
CUST_002220,26,Male,Single,0,Salaried,Analyst,Graduate,tier2,973793.55,67,718,2,21932.9,393837.67,0.39,9600.11,0.12,0,0,145,4,0,78475.61265603789,4312.01579683299,16581.5274906672,1525.130458560845,727,0.2702744916580112,0.9670383906442664,2.472569669199828,1.4738864673385996,0,10024.570740162577,0,1,1,1
CUST_002223,33,Male,Married,1,Salaried,Data Scientist,Post-Graduate,tier1,2463385.88,169,741,1,41734.95,1422252.2,0.41,43917.92,0.3,1,1,146,4,0,361296.4532872167,24965.48977101226,4296.782116973531,23207.351568819875,748,0.2033043074633156,1.7599907325756894,1.7320304710863017,0.5902839552071835,33,11008.351710644323,0,1,0,0
CUST_002225,29,Male,Married,1,Salaried,Sales Rep,Under-Graduate,tier3,742291.29,56,589,2,31195.76,422731.67,0.27,4728.98,0.05,0,0,206,1,92,13048.313415830436,3577.456281906959,29856.04968301771,0.0,598,0.50430750482057,0.2109377165632193,1.7559354709916315,2.738301011035233,29,8083.4640231165085,0,0,0,0
CUST_002248,29,Male,Single,0,Salaried,HR Manager,Post-Graduate,tier1,1628780.07,66,804,0,16339.14,1429345.23,0.71,42305.79,0.21,0,1,163,4,0,219862.508505885,10864.457791245772,15342.46397672431,14089.29825283667,810,0.1203773542438722,1.619820080577025,1.1395280134470989,0.99464231341305,0,11585.707411406383,1,1,0,0
CUST_002256,46,Female,Married,1,Self-Employed,Investor,Post-Graduate,tier1,8558162.05,100,899,1,112846.19,6011797.93,0.67,347381.07,0.58,1,1,122,8,0,1867381.1737292127,15097.28826272003,5059.80598460005,42503.59832825114,900,0.1582293456628169,2.6183826075318666,1.42356092571446,0.142387596415733,46,14366.156515313478,1,1,0,0
CUST_002258,38,Female,Married,0,Self-Employed,Sales Rep,Under-Graduate,tier1,679503.9,100,622,3,33857.02,605564.71,0.28,5330.34,0.05,0,0,208,1,103,9704.21579384729,4690.00792403186,30917.406006936944,0.0,633,0.5979024773371748,0.1713728693120609,1.1220977158696783,3.016661689658318,0,8500.632785122374,0,0,0,0
CUST_002260,26,Male,Single,1,Salaried,Teacher,Graduate,tier1,1237230.22,61,676,2,22772.64,842112.36,0.4,14186.26,0.16,0,0,133,4,0,135937.56263817253,3534.1585391782733,16728.765886574434,2847.8548998299043,681,0.2208716091178977,1.3184570695122824,1.4691967599231532,1.0663628724454737,26,9553.331243188826,0,1,0,1
CUST_002262,34,Female,Single,0,Salaried,Architect,Post-Graduate,tier1,2087229.6,87,795,0,29230.15,1401593.47,0.26,52129.37,0.21,0,1,166,4,0,294028.6349632421,8968.424178852596,19721.27661846668,22191.571057750865,802,0.1680504068144291,1.6904337377900598,1.4891822454179633,0.7915203943335531,0,11670.181636136384,1,1,0,0
CUST_002280,38,Female,Single,0,Salaried,Architect,Post-Graduate,tier2,2001842.3,63,782,1,17193.47,1491563.19,0.63,53051.01,0.29,0,1,177,4,0,305646.47851496603,10058.431092890916,24174.302661703125,19094.46160126772,789,0.1030652630413711,1.8321801652495848,1.3421093865226144,0.8797906277246481,0,11448.057802647789,1,1,0,0
CUST_002286,32,Male,Married,0,Salaried,Software Engineer,Post-Graduate,tier1,2004714.26,32,742,0,51806.06,752704.33,0.12,48305.99,0.26,1,1,146,4,0,243949.01604299023,13977.010419371258,3192.7205727215974,13353.342577447867,751,0.3101035450096812,1.4602433513869784,2.663345375805961,0.7246685194951665,0,10897.770457850023,1,1,0,1
CUST_002293,29,Male,Married,1,Salaried,Data Scientist,Post-Graduate,tier1,2204978.71,46,798,2,46863.59,779145.26,0.41,37227.99,0.23,1,1,154,4,0,272470.8456488147,15581.53401815961,1285.7302285919448,17224.772644131102,809,0.2550410201047967,1.4828407815767062,2.829993318584369,0.6952662763968508,29,11816.439151790411,1,0,0,1
CUST_002295,28,Female,Single,0,Salaried,Analyst,Graduate,tier2,1109379.41,91,761,2,16151.28,803953.34,0.72,11890.34,0.12,0,0,132,4,0,133348.97955909482,6180.672554928153,13659.380142244194,3716.3679987523087,769,0.1747042191357872,1.4424014286437803,1.3799035029775446,1.179224834946714,0,10703.95110352713,1,1,1,1
CUST_002306,30,Female,Single,2,Salaried,Gig Worker,Under-Graduate,tier2,534799.82,48,591,3,23105.44,265866.4,0.5,2253.35,0.1,0,0,209,0,128,6795.269512602134,4500.4801998893645,29933.62295725912,0.0,599,0.5184352133428913,0.1524708899500867,2.0115283784322555,3.836271458386312,60,7900.60014483784,0,1,0,0
CUST_002324,32,Male,Married,2,Salaried,Gig Worker,Under-Graduate,tier1,719337.38,45,627,0,38652.58,555806.11,0.52,2270.95,0.04,0,0,200,1,108,9608.43369234594,1435.3099843480545,30969.46414541105,0.0,638,0.6447923260877767,0.1602854016613614,1.2942212632004657,2.742215132316405,64,8604.123602888483,0,1,0,0
CUST_002331,29,Female,Single,1,Salaried,Gig Worker,Under-Graduate,tier3,609983.02,55,675,3,27230.8,412338.56,0.73,4543.44,0.1,0,0,208,1,120,8575.004282207428,3569.823041740849,27829.79920828587,0.0,681,0.535692242208797,0.1686899860042941,1.4793220907545228,3.354930591486199,29,9071.729054616912,0,1,0,0
CUST_002335,33,Male,Married,1,Salaried,Product Manager,Post-Graduate,tier1,2243557.28,131,781,0,50544.57,1166690.68,0.27,50392.91,0.29,1,1,150,4,0,281557.42670048453,14807.3988662702,3399.905198699098,14778.771229343944,790,0.2703437087532238,1.5059437435361098,1.9230078678541704,0.6656143215494394,33,11552.623208249464,1,1,0,1
CUST_002344,34,Female,Single,1,Salaried,Teacher,Graduate,tier1,875739.21,187,758,0,12977.77,281765.41,0.42,7652.51,0.15,0,0,131,2,0,66105.21150818683,4709.86666508882,14142.940812890038,1200.5044727869213,766,0.1778281756527633,0.9058080982819788,3.108032678558101,1.478990638790847,34,10481.043767697982,1,1,1,1
CUST_002347,31,Female,Single,0,Salaried,Sales Rep,Under-Graduate,tier1,652350.11,109,688,0,26014.86,286313.68,0.41,1421.48,0.07,0,0,205,1,103,10266.7655908989,2557.472914882937,25504.34679516619,0.0,695,0.4785353336968023,0.1888539895285868,2.2784375219601034,3.095039872492812,0,9304.895054721956,0,1,0,0
CUST_002350,43,Female,Married,1,Self-Employed,Sales Rep,Under-Graduate,tier3,511860.72,208,595,3,18439.91,357126.93,0.6,1034.53,0.07,0,0,207,0,116,8087.173635907652,2919.6241864474464,28012.540279807352,0.0,603,0.4322928559271531,0.1895902630460397,1.433269920949616,3.966575602777692,43,7926.923303019645,0,1,0,0
CUST_002351,42,Female,Single,1,Self-Employed,Gig Worker,Under-Graduate,tier2,699581.68,242,642,2,33105.4,298871.29,0.64,3852.69,0.06,0,0,211,1,127,7634.160487919589,4326.452163165913,30060.959595140885,0.0,649,0.5678507558844729,0.1309473319642268,2.340737844916972,2.973582970744115,42,8734.397282865662,0,0,0,0
CUST_002353,44,Female,Married,3,Self-Employed,Trader,Graduate,tier2,3687322.69,291,796,0,77136.62,1646059.44,0.78,96217.64,0.26,1,1,130,8,0,620181.1957267853,21926.040517555062,5339.5986721248855,12823.883398316302,806,0.2510321188120843,2.018307252906685,2.240089489059102,0.3516057723379292,132,12187.051641278262,1,1,0,0
CUST_002354,32,Female,Single,2,Salaried,Gig Worker,Under-Graduate,tier2,686424.06,126,580,3,32872.58,317034.48,0.77,3157.64,0.06,0,0,214,1,125,8542.247803788374,5505.926109629116,26570.604854551395,0.0,590,0.5746652645258759,0.1493321514103738,2.1651332525936846,3.072840418523162,64,7929.158878129935,0,1,0,0
CUST_002357,33,Male,Married,0,Salaried,Data Scientist,Post-Graduate,tier1,2285290.51,76,800,1,52699.47,1270473.69,0.35,54308.08,0.25,1,1,152,4,0,312356.65004206804,20486.928171944,3382.1881527364494,21310.2954797962,810,0.2767220694996742,1.6401678920419234,1.798769017586647,0.6622255411146192,0,11860.023361229234,1,1,0,0
CUST_002369,43,Female,Single,1,Salaried,Gig Worker,Under-Graduate,tier1,519266.48,108,613,1,27352.92,257127.89,0.62,1160.06,0.09,0,0,207,0,142,4807.141418043387,3450.025741085748,30013.499816613887,0.0,621,0.6320982914601044,0.1110881718351213,2.019479335830369,3.911073302809579,43,8172.46830557338,0,0,0,0
CUST_002370,42,Female,Married,2,Self-Employed,Sales Rep,Under-Graduate,tier3,650314.56,137,646,3,32191.43,343914.51,0.8,4622.07,0.03,0,0,209,1,126,7383.174659854539,3435.1160684431966,25281.86250080229,0.0,653,0.5940048950176662,0.1362363178250853,1.890913730526431,3.165158133117646,84,8740.544089645884,0,0,0,0
CUST_002377,23,Female,Single,0,Salaried,Analyst,Graduate,tier1,937652.64,18,705,2,16821.52,494584.13,0.34,8135.0,0.11,0,0,175,4,4,56002.34522106954,4251.8074248484645,18009.702405258693,3830.063475005751,713,0.2152776498002526,0.7167041541129614,1.8958366985275112,1.84666820534579,0,9804.55990102511,0,1,1,1
CUST_002383,27,Male,Married,0,Salaried,Software Engineer,Post-Graduate,tier1,2730320.47,24,754,0,64681.93,1943241.79,0.3,55194.89,0.21,1,1,152,4,0,372804.8486020849,17900.61072008625,3435.4095435323634,18481.565287747344,764,0.2842815549126147,1.6385030879499516,1.405033114776152,0.5546796502965217,0,11322.426454912831,1,1,0,1
CUST_002385,42,Male,Single,2,Salaried,Sales Rep,Under-Graduate,tier2,532386.48,254,582,0,18978.82,251669.43,0.13,4014.09,0.02,0,0,205,0,121,7271.845986615383,3017.1938723387843,23588.269909183007,0.0,588,0.4277732723804921,0.1639038335334552,2.1154113337828364,3.779592736161123,84,7752.85458725511,0,1,0,0
CUST_002386,27,Male,Married,0,Salaried,Software Engineer,Post-Graduate,tier1,2075826.9,95,761,0,46539.85,1323923.13,0.24,45797.86,0.2,1,1,139,4,0,265491.9667659603,13764.954359193547,2546.096251401532,20104.252275254006,767,0.2690373515979491,1.5347547447884915,1.5679349389908015,0.6664023750005335,0,11156.682765558571,1,1,0,0
CUST_002388,44,Male,Single,1,Self-Employed,Sales Rep,Under-Graduate,tier3,738314.47,169,689,2,36096.05,447577.68,0.14,2809.2,0.08,0,0,192,1,100,9835.489360284251,3237.757506115668,28449.01533898786,0.0,699,0.5866681171541906,0.1598559405887357,1.6495747071777414,2.565766234615241,44,9444.97640838039,0,1,0,0
CUST_002394,42,Male,Married,1,Self-Employed,Trader,Graduate,tier2,3448341.53,154,708,2,68459.86,2209572.42,0.74,79769.99,0.26,1,1,132,4,0,570332.4537563903,28843.37301309073,3857.163408641436,16390.308649965897,718,0.2382349468675272,1.984712236009248,1.5606367721421992,0.3816858423465192,42,10808.34424968992,1,1,0,0
CUST_002395,28,Male,Single,0,Salaried,Analyst,Graduate,tier1,1196875.04,116,766,3,29285.55,528248.22,0.15,12269.85,0.13,0,0,133,4,0,110455.57715669306,7576.07187175521,13866.714120774825,3009.687728319337,775,0.2936171821193752,1.1074285889839,2.2657393417447924,1.102019642398106,0,10846.299700717213,1,1,1,1
CUST_002397,34,Male,Single,0,Salaried,HR Manager,Post-Graduate,tier1,2141811.61,23,739,1,26064.07,1756228.99,0.33,53515.4,0.3,0,1,168,4,0,285138.201951824,8654.158047540759,14611.32939405557,24957.81218150462,749,0.1460292241339145,1.5975444511146688,1.2195507548530131,0.780737492163638,0,10918.295118834583,1,1,0,0
CUST_002399,45,Female,Married,2,Salaried,Govt. Employee,Graduate,tier2,1671040.14,123,785,1,39116.57,1339517.64,0.15,38382.56,0.35,0,1,106,4,0,229370.5281466231,20591.17550562612,1293.014116552596,5973.706778279973,794,0.280900175861658,1.6471337260365062,1.2474930098770407,0.6305619805128508,90,11377.19219724642,1,1,0,1
CUST_002404,35,Female,Single,2,Self-Employed,Sales Rep,Under-Graduate,tier2,516821.39,44,599,0,20176.46,247894.99,0.31,2487.29,0.07,0,0,207,0,123,6807.463651598517,5036.835041896691,26358.906293808137,0.0,607,0.4684633862374874,0.1580578294664402,2.084831586021218,3.9292254249585423,70,7985.360914772987,0,1,0,0
CUST_002417,28,Male,Single,1,Salaried,Analyst,Graduate,tier2,1033233.49,37,734,0,19664.23,489010.82,0.37,12501.04,0.14,0,0,124,4,0,104217.65673882895,4860.589759597056,15010.66803607434,3015.324684778488,740,0.2283782143583322,1.210372455500336,2.112900849717702,1.1886121485612968,28,10247.671493816271,1,1,1,1
CUST_002420,35,Male,Married,3,Self-Employed,Trader,Graduate,tier2,3071716.36,109,753,0,72883.43,2205252.59,0.76,78428.37,0.32,1,1,128,4,0,474045.35774310894,23627.188479265755,1237.0655295521096,12621.747997580203,761,0.284726075192404,1.8519034322804857,1.392908450043607,0.415352956103981,105,11367.625743858363,1,1,0,0
CUST_002422,48,Male,Married,3,Self-Employed,Business Owner,Graduate,tier2,3253093.74,333,740,0,48742.92,1406732.33,0.49,93616.63,0.31,1,1,112,4,0,626467.033209132,18722.87465728347,3248.7794378731505,13777.508564909784,746,0.1798020374216301,2.310900720524868,2.312516289068092,0.3432325545143548,144,11186.357527372113,0,1,0,0
CUST_002425,36,Female,Married,3,Self-Employed,Business Owner,Graduate,tier2,2718725.98,185,712,2,51873.91,2398873.64,0.4,86178.84,0.32,1,1,134,4,0,427940.93347620126,19874.66543399441,8351.10024676069,19866.490004224142,719,0.2289617184808666,1.8888510917533932,1.1333339119379744,0.4910716612153192,108,10652.469826486276,1,0,0,0
CUST_002428,29,Female,Single,0,Salaried,Architect,Post-Graduate,tier1,2147496.73,30,741,3,42142.91,998415.07,0.18,51035.46,0.35,0,1,169,4,0,281130.1988887418,8325.289246799792,17070.334365267874,15705.323789429614,750,0.2354891102119059,1.5709190558982742,2.150903610756185,0.7833152080837684,0,10934.860406847689,1,1,0,1
CUST_002429,45,Male,Married,2,Salaried,Govt. Employee,Graduate,tier3,1808530.15,193,827,2,31112.38,1374152.09,0.56,60041.33,0.33,0,1,112,4,0,275527.8081500499,28153.79853730055,1688.5203475708947,7031.681920114203,834,0.2064361950314512,1.828176190309194,1.3161052892585643,0.6158820077852435,90,12016.293312407064,1,1,0,1
CUST_002431,38,Male,Single,0,Salaried,Architect,Post-Graduate,tier1,1575659.04,151,788,2,26748.91,784117.44,0.63,39580.72,0.26,0,1,165,4,0,189536.3213554874,8903.572977146781,16370.743826971278,13659.789848427205,796,0.2037144250617184,1.4434712567071415,2.009465610832976,1.040576793861056,0,11359.067113115052,1,1,0,0
CUST_002432,34,Male,Married,2,Salaried,Gig Worker,Under-Graduate,tier3,653325.65,102,657,2,26438.7,242253.03,0.52,3556.15,0.09,0,0,215,1,110,10232.98138739104,4600.229250220753,29716.06320761313,0.0,666,0.4856055670448503,0.1879514775379812,2.6968618437431155,3.241243573198172,68,8917.628453587691,0,1,0,0
CUST_002434,28,Male,Single,0,Salaried,Analyst,Graduate,tier2,768725.01,27,723,2,12045.46,656423.48,0.67,8867.67,0.12,0,0,169,1,3,39689.72725543138,2547.0108410732346,22182.304668750203,2673.75552862542,733,0.1880298699291191,0.619557431045471,1.171079131600942,2.1702141042060537,0,9933.975090184998,0,1,1,0
CUST_002438,25,Male,Single,0,Salaried,Consultant,Graduate,tier1,844778.05,21,723,0,12417.08,706024.5,0.43,12317.18,0.16,0,0,164,1,0,56832.65808605342,3884.332144459833,19936.311226858143,464.59529116966655,729,0.1763810546774313,0.8072915833142696,1.1965262586124723,1.9186267125132657,0,9948.539356393265,1,1,1,1
CUST_002441,30,Male,Single,0,Salaried,HR Manager,Post-Graduate,tier1,2084032.95,44,766,2,40474.83,1803292.9,0.34,40338.83,0.32,0,1,161,4,0,262731.8972400475,13222.772559548055,21228.328209673116,15802.920292265178,773,0.2330554146636808,1.5128189854449012,1.155681250848794,0.768851321083558,0,11247.007746749958,1,1,0,1
CUST_002452,32,Male,Married,0,Salaried,Data Scientist,Post-Graduate,tier1,2500442.85,14,764,3,44247.54,1706127.87,0.68,50384.64,0.3,1,1,148,4,0,368031.51424546377,27576.854837939947,5905.875088935551,11716.7205662963,775,0.2123495571215773,1.766229920506489,1.4655650542974517,0.5895374196628296,0,11417.283580912052,1,1,0,1
CUST_002461,28,Female,Married,0,Salaried,Product Manager,Post-Graduate,tier1,2525809.42,76,748,0,45130.95,1967422.2,0.42,42171.61,0.27,1,1,155,4,0,366140.2490185868,21009.93467072318,7992.096913356148,22582.685452114994,756,0.214413970723235,1.739506583257593,1.2838160188412946,0.6112446731111205,0,11145.006830874148,1,1,0,0
CUST_002467,55,Female,Married,2,Salaried,Govt. Employee,Graduate,tier3,1504481.11,377,818,3,25720.3,1071633.38,0.14,32598.27,0.29,0,1,110,4,0,209372.0387262403,14301.238865770823,2806.292410901297,7637.28362445673,826,0.2051478986168304,1.6699740583822835,1.4039126945516625,0.72632137352971,110,11748.990368573966,1,1,0,1
CUST_002469,32,Male,Married,1,Salaried,Software Engineer,Post-Graduate,tier1,2356028.93,85,775,1,66640.42,1073650.84,0.35,42946.07,0.27,1,1,144,4,0,276005.54173711623,16948.854061732396,1255.0941193009862,20369.27891871809,783,0.3394189930308214,1.405776299839322,2.194406829312564,0.6086147053155432,32,11488.558516960516,1,0,0,0
CUST_002470,28,Female,Single,0,Salaried,Analyst,Graduate,tier1,894430.39,100,767,1,12607.22,284392.34,0.41,9401.35,0.13,0,0,163,2,0,61856.828837957495,2215.49390145777,20695.412219248134,3817.665298540439,776,0.1691407313555432,0.8298823427358916,3.1450468917450736,1.8022393077702752,0,10634.260138090667,1,1,1,1
CUST_002473,38,Male,Single,0,Salaried,HR Manager,Post-Graduate,tier2,2158946.17,124,782,0,43644.41,1821280.87,0.13,38035.84,0.32,0,1,160,4,0,277819.91375460493,9941.751258271664,13111.158012185768,18379.843953334053,793,0.2425859506115396,1.5441887718719718,1.1853992539880716,0.7376854355034547,0,11566.009072951792,1,1,0,0
CUST_002476,50,Male,Married,2,Salaried,Govt. Employee,Graduate,tier3,1667793.94,79,805,1,28420.67,534631.95,0.52,43210.0,0.26,0,1,105,4,0,263259.04804862547,16295.353442866057,692.9070937964932,9862.639137122716,815,0.2044890426520485,1.8941703592826309,3.119512068981158,0.6258217859578156,100,11676.5155271052,1,1,0,1
CUST_002492,28,Female,Married,1,Salaried,Product Manager,Post-Graduate,tier1,2714206.12,115,757,1,69916.34,1239968.65,0.79,55161.08,0.24,1,1,144,4,0,356239.8494782408,17633.285908485872,3194.9053804635014,17898.088185382214,768,0.3091115168002783,1.574994346341955,2.188929479040072,0.5285943634837734,28,11377.160011673626,1,1,0,1
CUST_002494,29,Female,Married,1,Salaried,Software Engineer,Post-Graduate,tier1,2120911.94,55,747,3,37386.97,1600774.74,0.49,38564.68,0.2,1,1,145,4,0,286999.2125050007,14572.596271629624,3519.971518717131,24305.522383245425,759,0.2115321683812952,1.6238161515872225,1.3249275879205915,0.6804598410575333,29,11056.624104195467,1,1,0,0
CUST_002495,53,Male,Married,1,Salaried,Govt. Employee,Graduate,tier3,1347088.12,276,806,3,29607.22,1049265.68,0.34,40202.26,0.31,0,1,111,4,0,177799.95828096845,13018.963891576728,1974.473331190316,3851.800768959635,816,0.2637418219515859,1.5838462692525197,1.2838376989155895,0.8179277260197368,53,11516.580597876746,1,1,0,1
CUST_002497,42,Male,Single,2,Salaried,Sales Rep,Under-Graduate,tier3,720915.9,194,659,1,29407.9,297995.39,0.66,3286.94,0.1,0,0,202,1,92,12234.24942195399,5373.297439429589,28503.330833096403,0.0,668,0.4895008224816933,0.2036417137739403,2.4192101790226386,2.763655846041932,84,9010.170474228358,0,1,0,0
CUST_002498,33,Male,Married,0,Salaried,Data Scientist,Post-Graduate,tier1,2069305.6,23,784,2,43767.73,939455.75,0.64,34811.85,0.28,1,1,151,4,0,275728.1220581326,20707.41272082188,4927.718599523599,13879.950376574456,790,0.2538096423671263,1.5989510091141117,2.202661910726598,0.7262039788667909,0,11488.752065290568,1,0,0,1
CUST_002501,24,Female,Single,0,Salaried,Junior Software Engineer,Graduate,tier2,782550.83,15,713,2,11296.51,584111.52,0.74,9829.24,0.13,0,0,174,1,7,33692.979538773514,2106.2253395919897,16156.083883369522,2484.99746141051,722,0.1732233052776094,0.5166559654581118,1.339726171252073,2.195442783146161,0,9797.767744520988,0,1,1,0
CUST_002521,46,Male,Married,3,Self-Employed,Trader,Graduate,tier2,3550512.83,126,714,1,84041.34,1355739.0,0.45,80879.88,0.33,1,1,131,8,0,507420.7713502279,24355.63619694456,5328.689440606651,10340.620703777771,721,0.2840414102948267,1.714971602156838,2.6188744375765265,0.3679245273215319,138,10874.556685004183,1,1,0,0
CUST_002525,25,Female,Single,0,Salaried,Analyst,Graduate,tier1,875042.88,71,776,1,11520.55,313659.44,0.71,8010.1,0.18,0,0,171,3,14,51032.90378580702,2971.662977374216,20045.34055358292,3223.950756322059,782,0.1579862053909121,0.6998359296387036,2.789777633417845,1.9321097752913396,0,10699.346922495257,0,1,1,1
CUST_002536,39,Female,Single,0,Salaried,Gig Worker,Under-Graduate,tier2,564334.14,118,649,3,23581.57,352125.32,0.15,1369.72,0.04,0,0,215,0,132,6264.523159686161,5367.06953082583,28377.50498401845,0.0,657,0.5014277939422072,0.1332059751772802,1.6026468569574692,3.743465432857605,0,8700.916148025783,0,1,0,0
CUST_002539,27,Male,Single,0,Salaried,Junior Software Engineer,Graduate,tier1,949896.47,107,755,3,8148.51,485132.23,0.62,14344.94,0.17,0,0,164,3,0,93208.1951131543,2714.599869002127,18679.814514419875,2292.5125897652388,762,0.1029384652186541,1.1774801222246725,1.958011554887716,1.7085175862767783,0,10488.251310554591,1,1,1,1
CUST_002540,29,Male,Married,0,Salaried,Data Scientist,Post-Graduate,tier1,2165363.4,100,759,1,51367.53,976297.2,0.61,49365.99,0.23,1,1,149,4,0,300621.17130894435,13248.47780714224,4308.640143093346,15140.867123112965,768,0.2846667418499351,1.6659716627922034,2.2179323899193912,0.6849430306678875,0,11203.660200455624,1,1,0,1
CUST_002542,41,Female,Married,2,Self-Employed,Business Owner,Graduate,tier2,2672496.0,189,720,1,52782.45,1707348.91,0.78,55752.34,0.27,1,1,138,4,0,385170.5384853707,29406.41634230385,9270.802284328389,17951.577505501667,730,0.237001872398511,1.7294789994359037,1.5652889805113237,0.5144462470773489,82,10802.92237351548,1,1,0,0
CUST_002548,30,Female,Single,0,Salaried,HR Manager,Post-Graduate,tier2,2049391.78,67,807,1,29905.37,876004.93,0.49,57162.24,0.31,0,1,178,4,0,267971.1321198302,12716.180752984908,14891.319723566878,12143.05610785913,815,0.1751067522672374,1.5690678512547498,2.33947249649326,0.864332866279577,0,11844.439093422758,1,1,0,1
CUST_002554,47,Male,Married,2,Salaried,Govt. Employee,Graduate,tier3,1382548.3,55,697,3,26233.63,724781.14,0.55,44482.09,0.31,0,1,113,4,0,200387.12123728148,20825.8243863589,4815.7147270884725,5589.242875709247,707,0.2276960795127706,1.7392698566907914,1.9075363805184276,0.8114619794516283,94,9996.583847947746,1,1,0,1
CUST_002562,26,Female,Single,0,Salaried,Consultant,Graduate,tier2,1021535.7,65,784,2,18542.55,371417.67,0.7,16212.51,0.14,0,0,168,4,0,85286.82676112454,3203.4518247884416,16465.07567979333,1614.6682941607305,792,0.2178171415784109,1.0018542659667231,2.7503617413739594,1.6286397067983205,0,10958.760347160343,1,1,1,1
CUST_002566,28,Male,Married,1,Salaried,Software Engineer,Post-Graduate,tier1,2600404.62,46,789,0,59448.57,1500045.6,0.7,57273.37,0.23,1,1,152,4,0,336669.0660919489,17917.23669628273,4751.399849344227,13656.85698194138,799,0.2743340565174514,1.5536082803160158,1.733549224404095,0.5822852091029475,28,11802.17122081435,1,1,0,1
CUST_002576,46,Female,Married,3,Self-Employed,Trader,Graduate,tier2,2873088.04,280,727,0,37601.29,1790597.77,0.53,87759.03,0.31,1,1,120,4,0,516414.5524664884,17848.78335841754,2896.9088700009725,11097.161875598367,735,0.1570483010400153,2.1568948325230823,1.604540385113746,0.4162203801448949,138,10930.110272164577,1,1,0,0
CUST_002582,47,Male,Married,2,Self-Employed,Business Owner,Graduate,tier2,3418619.96,16,740,2,44270.33,2934474.88,0.26,100399.1,0.3,1,1,129,4,0,619721.3377291987,27033.5802715909,3881.202345918245,15831.42461237011,747,0.1553966517062573,2.1753309919767982,1.1649848558305411,0.3762446742566359,94,11238.426606338784,1,1,0,0
CUST_002595,33,Male,Married,1,Self-Employed,Sales Rep,Under-Graduate,tier2,517341.29,100,607,2,20169.45,399011.47,0.52,3681.31,0.05,0,0,215,0,120,7328.299848821196,2735.7146832433546,26677.07760028637,0.0,615,0.4678300199849894,0.1699797795542275,1.296554190399112,4.077056056050533,33,8091.222902491765,0,1,0,0
CUST_002600,33,Male,Single,2,Self-Employed,Sales Rep,Under-Graduate,tier1,746800.02,151,642,0,34164.2,396918.65,0.56,1480.95,0.08,0,0,203,1,113,8974.99648648984,7678.044688095021,26608.55543532447,0.0,650,0.5489606340294308,0.1442129410797084,1.8814891628570165,2.682346652157858,66,8790.310136709597,0,1,0,0
CUST_002601,26,Female,Married,0,Salaried,Gig Worker,Under-Graduate,tier2,554340.27,93,584,3,29224.31,287657.13,0.21,2000.33,0.09,0,0,189,0,106,6979.884891043733,2199.580536092109,23150.221371596537,0.0,591,0.6326152863052226,0.1510927675871604,1.9270801419726955,3.349043299709942,0,7816.291650059648,0,1,0,0
CUST_002613,23,Female,Single,0,Salaried,Junior Software Engineer,Graduate,tier1,817978.77,17,705,2,13210.96,490882.98,0.2,7486.62,0.1,0,0,174,1,5,40764.57251879278,1432.134109180138,22096.022841032976,1570.7566579428217,712,0.1938060010139234,0.5980200366142436,1.6663382862891554,2.1015031581063366,0,9693.590133570138,0,1,1,1
CUST_002618,33,Female,Married,0,Salaried,Product Manager,Post-Graduate,tier1,2522173.02,35,806,3,58935.95,1509480.02,0.58,48831.59,0.24,1,1,153,4,0,322748.8375644447,15562.816995241952,1098.0333319877475,13266.384227898236,814,0.2804042504383758,1.535567779549074,1.670887534577944,0.6042241141957986,0,11998.874280250537,1,0,0,1
CUST_002619,33,Male,Married,1,Salaried,Data Scientist,Post-Graduate,tier1,2429151.3,21,763,1,66820.82,2168300.85,0.2,56181.98,0.29,1,1,152,4,0,316685.83234713686,24622.87706462885,4143.724671501129,12959.072417110485,772,0.3300930159779707,1.5644193159700883,1.1203012624833577,0.6231675747215846,33,11350.756843986745,1,1,0,1
CUST_002633,30,Female,Married,1,Salaried,Gig Worker,Under-Graduate,tier3,658266.39,124,608,0,26265.64,400925.98,0.44,1626.04,0.03,0,0,212,1,110,10038.14040590369,4774.590090119198,30884.73277010998,0.0,616,0.4788060565074907,0.1829889704731827,1.6418610441232966,3.1723875863336475,30,8252.777761254849,0,1,0,0
CUST_002635,42,Female,Single,2,Self-Employed,Sales Rep,Under-Graduate,tier1,664235.62,271,619,1,24729.87,592222.33,0.24,1214.01,0.06,0,0,200,1,90,11841.744612068462,1640.6330446287122,30629.24858291199,0.0,630,0.446758755417144,0.2139276544864723,1.121596509884202,2.966322070020566,84,8446.02804385247,0,1,0,0
CUST_002643,32,Male,Married,0,Salaried,Product Manager,Post-Graduate,tier1,2227672.68,19,686,0,46794.19,1536574.22,0.41,54539.9,0.26,1,1,143,4,0,314840.36809122073,14767.117580621483,4574.364697108956,18760.196942058446,692,0.2520690136451448,1.6959691158331476,1.4497648087803994,0.6390568257731063,0,10114.596137025934,1,1,0,0
CUST_002646,47,Male,Married,1,Salaried,Govt. Employee,Graduate,tier2,1531624.27,26,773,1,31284.68,700276.85,0.73,46188.94,0.28,0,1,98,4,0,239423.9051910545,14389.106312639757,3933.8659789954495,6997.77772112011,783,0.2451079067225275,1.8758284317024263,2.187166522545301,0.6356931575811271,47,11151.360718069976,1,1,0,1
CUST_002650,29,Male,Married,2,Self-Employed,Gig Worker,Under-Graduate,tier3,711569.68,104,603,1,38006.25,316878.95,0.52,3700.9,0.02,0,0,200,1,110,8609.687936346629,3648.541763499224,27045.14483618055,0.0,613,0.6409313404471009,0.145192404666966,2.245549710544956,2.7717350873168614,58,8260.316009004204,0,0,0,0
CUST_002655,50,Female,Married,2,Salaried,Govt. Employee,Graduate,tier2,1661996.9,329,797,0,37266.19,638957.36,0.8,37142.77,0.25,0,1,101,4,0,228259.9287448601,16438.402239649728,5063.624623996943,3940.939196040006,804,0.2690685230385951,1.6480773026776945,2.6011036149523106,0.6040681056286648,100,11516.118916650496,1,1,0,1
CUST_002661,40,Male,Married,3,Self-Employed,Trader,Graduate,tier2,3569766.18,65,721,3,61150.81,1619580.68,0.57,94563.52,0.34,1,1,130,4,0,598450.6656680026,27201.604305946577,5524.331540041781,11189.169283536366,728,0.205561713641266,2.011723873559009,2.2041285253362464,0.3631522101256345,120,10984.07196136644,0,1,0,0
CUST_002663,24,Female,Single,0,Salaried,Consultant,Graduate,tier1,858658.46,19,781,3,14937.33,644678.05,0.66,7528.09,0.14,0,0,173,2,5,46567.338094817474,3874.0986844637177,23303.79277620261,3552.929570394697,788,0.2087505840133361,0.6507829058633388,1.3319161837196352,1.9915767584880253,0,10766.544615500976,1,1,1,1
CUST_002669,29,Female,Single,0,Salaried,Analyst,Graduate,tier1,978793.23,32,683,3,18704.99,487215.24,0.47,10014.07,0.19,0,0,140,4,0,82745.04801657668,4758.788696270425,13132.537351423713,2956.1456373353035,695,0.2293202703871944,1.0144414289642896,2.0089503379444,1.4158672991723458,0,9586.88331731409,1,1,0,1
CUST_002675,23,Male,Single,0,Salaried,Junior Software Engineer,Graduate,tier1,980507.0,52,729,3,10483.99,716904.71,0.71,10519.0,0.18,0,0,172,4,0,84391.32334975012,3815.383056005493,16452.74975369799,3117.933947976381,735,0.1283074371837771,1.0328161720446023,1.367693109879122,1.7364844468539848,0,10139.932171510498,1,1,1,1
CUST_002680,30,Male,Single,0,Salaried,HR Manager,Post-Graduate,tier1,2192428.24,36,791,0,44236.18,1873661.4,0.76,40108.22,0.35,0,1,156,4,0,289374.9144499536,6266.018503444984,12846.695625201564,16738.556897348404,799,0.2421202413252549,1.5838511399514554,1.1701298163425815,0.7083091161235745,0,11665.816062508924,1,1,0,1
CUST_002682,32,Female,Single,1,Salaried,Teacher,Graduate,tier2,909753.49,129,724,3,15525.07,526972.74,0.68,10844.91,0.14,0,0,124,3,0,89156.24287142673,4919.140651382903,13367.007319069857,3834.687584406633,736,0.2047789700178669,1.1759897756257174,1.7263734811529698,1.3481873278893457,32,10098.604517450658,1,1,1,1
CUST_002687,53,Male,Married,2,Self-Employed,CXO,Post-Graduate,tier1,8180828.77,112,784,3,113214.69,2540052.61,0.33,329867.34,0.48,1,1,120,8,0,1823000.5796738728,16924.24877911292,3710.439097916107,40760.2157188855,794,0.1660680507292161,2.674053629830821,3.2207307506395506,0.1465053212191615,106,12638.33948899387,1,1,0,0
CUST_002696,31,Female,Married,0,Salaried,Data Scientist,Post-Graduate,tier1,1970261.43,150,751,3,48887.54,1221715.71,0.55,38051.46,0.25,1,1,154,4,0,238772.07059919016,15349.675269984067,1632.3499140509705,16185.07026956412,762,0.297750794923931,1.4542473159120266,1.6126990929018234,0.7776750971713872,0,11044.182106440518,1,1,0,1
CUST_002701,27,Male,Single,0,Salaried,Analyst,Graduate,tier1,1168260.4,30,698,3,22789.45,478339.72,0.7,10395.71,0.11,0,0,137,4,0,116890.57699729524,1921.367172400688,16461.155604183485,4712.701716202711,708,0.2340835921485434,1.2006505708493524,2.4423185214087564,1.1627310906825012,0,9891.48727083987,1,1,1,1
CUST_002704,28,Male,Married,0,Salaried,Data Scientist,Post-Graduate,tier1,2513631.72,56,752,3,54587.94,1082938.21,0.17,58619.92,0.27,1,1,160,4,0,379556.0072652373,27069.13924956146,3985.0425566820154,18715.60546809909,759,0.2605998912208608,1.811979975898433,2.3211198715392345,0.6340069302980547,0,11185.564828761226,1,1,0,1
CUST_002712,38,Male,Married,1,Self-Employed,Trader,Graduate,tier2,2656454.03,240,730,2,49469.32,1244985.52,0.58,72987.32,0.32,1,1,137,4,0,437074.0343778663,27434.508338371958,7036.819999311791,8571.481439363572,736,0.2234667536855346,1.974385651200816,2.133721118522633,0.5137909690496333,38,10887.28227898039,1,0,0,0
CUST_002714,33,Female,Married,0,Salaried,Software Engineer,Post-Graduate,tier1,2278148.32,167,767,1,58005.55,1494184.1,0.51,41594.25,0.25,1,1,159,4,0,276545.9789935505,12736.317318119403,4213.268608091209,16730.394106403062,777,0.3055389007916704,1.456680514882555,1.5246761060594165,0.6948850238869131,0,11374.405074354332,1,1,0,1
CUST_002718,44,Female,Single,1,Self-Employed,Sales Rep,Under-Graduate,tier1,726012.22,270,669,2,27511.48,401331.98,0.23,4453.09,0.04,0,0,209,1,90,13887.74522883653,3972.225539083489,27828.22326232264,0.0,679,0.4547200367502891,0.2295418501961799,1.8090021408158383,2.839626765979511,44,9163.324658542117,0,1,0,0
CUST_002736,47,Male,Married,2,Self-Employed,CXO,Post-Graduate,tier1,8902523.9,195,813,2,119987.76,7066650.26,0.47,318392.22,0.57,1,1,110,8,0,1874315.9511297625,15079.630405280735,4444.033059190235,40555.34047812271,822,0.161735165819438,2.526447707282725,1.25979386451285,0.123421828916498,94,13153.516993681982,1,1,0,0
CUST_002737,51,Male,Married,1,Self-Employed,Investor,Post-Graduate,tier1,10513436.19,240,869,1,174771.79,4820121.61,0.72,392125.84,0.56,1,1,117,8,0,2144711.79088712,8623.232125556979,8167.469481577387,26576.513504220184,879,0.1994836938460244,2.4479638863988584,2.181155344096112,0.1111804147310556,51,14211.816797097912,1,1,0,0
CUST_002739,47,Male,Married,1,Salaried,Govt. Employee,Graduate,tier2,1866137.84,63,737,3,31156.72,1487412.05,0.32,45839.8,0.28,0,1,103,4,0,278944.9391218709,11673.225083867706,5539.212044762206,4142.302081617937,744,0.200348670822703,1.7937140939671012,1.254619784329578,0.5490001736759385,47,10742.90025469805,0,1,0,1
CUST_002745,25,Male,Single,0,Salaried,Analyst,Graduate,tier2,867209.13,24,770,1,14373.75,573569.13,0.13,9126.72,0.11,0,0,164,2,0,52766.55871224788,814.7017336756892,20912.934166711744,2825.10464574408,777,0.1988939084083433,0.7301467672345281,1.511949602396485,1.8695655846628043,0,10623.94943110782,1,1,1,1
CUST_002746,26,Male,Married,2,Salaried,Sales Rep,Under-Graduate,tier1,537562.02,86,659,0,18861.8,220182.66,0.66,3298.48,0.09,0,0,200,0,104,9456.15041258268,5195.034937038094,28996.952568038665,0.0,670,0.4210426686914669,0.2110849868656081,2.4414255808083127,3.652554280517849,52,8840.51685667724,0,1,0,0
CUST_002747,26,Female,Single,2,Self-Employed,Gig Worker,Under-Graduate,tier3,581736.08,82,579,1,22842.02,238865.04,0.45,1208.37,0.04,0,0,195,0,104,8491.44198138196,4924.90191449338,28990.249469034454,0.0,588,0.4711734330090097,0.1751570951064996,2.4354072265777083,3.2953880385323138,52,7804.979036774407,0,0,0,0
CUST_002750,28,Male,Single,0,Salaried,HR Manager,Post-Graduate,tier2,1615717.41,75,753,3,31000.4,1034123.96,0.16,31511.13,0.31,0,1,172,4,0,192195.79391186868,6143.236143654744,16265.364800866324,16354.293009922216,763,0.230239542399615,1.4274355053934584,1.5624005536042762,1.0579944518155833,0,10907.30646200288,1,1,0,0
CUST_002753,31,Male,Married,1,Salaried,Product Manager,Post-Graduate,tier1,2146326.19,127,757,2,47765.87,893159.77,0.17,39566.41,0.23,1,1,152,4,0,271332.0355351705,13736.104772643366,4685.170125748419,13960.468366484516,763,0.2670550441074713,1.5169950577183022,2.4030681396810563,0.7049026288550527,31,11123.98198422465,1,1,0,1
CUST_002764,26,Female,Single,0,Salaried,Junior Software Engineer,Graduate,tier2,919868.04,18,746,0,11809.25,670859.35,0.55,9179.04,0.14,0,0,162,3,0,63664.20881902677,4565.0688626143765,18724.321670186466,2888.152224927816,756,0.1540537829258693,0.8305110151409756,1.3711766390724986,1.7421826864809762,0,10381.381862846443,1,1,1,1
CUST_002765,33,Male,Married,1,Salaried,Product Manager,Post-Graduate,tier1,2436757.4,34,754,1,67382.76,1832736.59,0.69,49580.83,0.21,1,1,151,4,0,296664.3587286783,19882.54689288154,5229.319666319078,10200.6337771871,762,0.3318299712726202,1.460939350577917,1.3295724457749567,0.6171433261017214,33,11206.108542328928,1,1,0,1
CUST_002769,29,Male,Single,0,Salaried,Architect,Post-Graduate,tier1,1594580.15,104,830,1,21571.43,498688.3,0.41,42397.83,0.2,0,1,173,4,0,201447.9142795193,8412.496824251677,17345.473005473912,21710.10088232637,838,0.1623344000533302,1.5159832383184824,3.1975423374834797,1.0781636554584078,0,11968.417949265136,1,1,0,0
CUST_002774,29,Female,Married,0,Salaried,Product Manager,Post-Graduate,tier1,2652820.75,65,775,0,67425.71,1636975.2,0.78,65761.42,0.21,1,1,148,4,0,355078.30033632246,21536.757252069583,4253.572207811096,21565.87164812728,780,0.3049979385243944,1.606184786446062,1.6205615878838069,0.55580158747073,0,11537.084865363486,1,1,0,1
CUST_002780,34,Male,Single,0,Salaried,Architect,Post-Graduate,tier2,1908011.19,16,730,2,29292.81,1508066.41,0.25,44548.26,0.25,0,1,169,4,0,258835.35937863184,7379.979895205163,21430.28999093744,17715.04337215233,738,0.1842292702951896,1.6278755566611232,1.2652028532331987,0.881121032458627,0,10672.640519655832,1,1,0,0
CUST_002781,47,Male,Married,1,Self-Employed,Surgeon,Post-Graduate,tier1,10007786.86,302,845,2,98022.86,8309441.7,0.35,408293.6,0.48,1,1,118,8,0,2374363.527776073,11038.770500236596,2766.54979211675,39609.047566350455,851,0.1175357675004271,2.847015885500409,1.2043872521077736,0.1177904877085795,47,13717.161887916442,1,1,0,0
CUST_002783,27,Female,Single,0,Salaried,Consultant,Graduate,tier1,1012172.99,69,757,0,19452.69,608321.87,0.55,13705.58,0.18,0,0,173,4,1,58042.88992638026,4116.607524326631,17862.708103541976,2575.6697334663654,766,0.2306221513915159,0.6881298240913089,1.6638746296025333,1.69247281715006,0,10591.950057351833,0,1,1,1
CUST_002786,28,Female,Single,0,Salaried,Architect,Post-Graduate,tier2,2052632.92,85,733,1,21606.78,995916.01,0.79,44570.82,0.28,0,1,167,4,0,283707.5342647293,4370.044289078599,18369.13607396637,18452.927295705576,743,0.1263157390124737,1.6585871126588967,2.061048159022808,0.8096447912796816,0,10799.23333352166,1,1,0,0
CUST_002793,51,Male,Married,1,Salaried,Govt. Employee,Graduate,tier3,1402315.17,263,763,1,26291.54,786392.29,0.47,45905.5,0.26,0,1,101,4,0,207564.1923013026,15418.282593549016,5657.386296409005,4737.209359582114,771,0.224982077470552,1.776169185694114,1.783223722572709,0.7151378257871436,51,10912.45322855708,1,1,0,1
CUST_002801,30,Male,Married,0,Salaried,Product Manager,Post-Graduate,tier1,2719061.56,15,750,2,64047.5,1785225.32,0.21,49371.51,0.26,1,1,146,4,0,374850.4519502455,18838.67408678732,3771.81864301231,22079.36428768236,757,0.2826587744099133,1.6543154586089777,1.5230906745762072,0.5349824355006488,0,11215.558882979343,1,1,0,1
CUST_002804,46,Male,Married,1,Self-Employed,Trader,Graduate,tier2,2623457.76,74,741,2,60042.08,1704246.19,0.16,80572.85,0.39,1,1,128,4,0,415465.45263941353,34422.40529871802,3163.5017026476567,9118.782027540172,749,0.2746381799346526,1.900378463547818,1.5393645800877045,0.4860529830560107,46,11070.223102752432,1,1,0,0
CUST_002807,27,Male,Married,1,Salaried,Software Engineer,Post-Graduate,tier1,2436384.96,72,760,1,55482.49,2071487.5,0.43,48593.48,0.24,1,1,142,4,0,305470.4770731409,10876.06014657371,3734.3347915817817,15538.224725901084,770,0.2732682280148634,1.5045355026537592,1.1761518154698904,0.5804483036063138,27,11323.640278202023,1,1,0,1
CUST_002820,34,Male,Single,0,Salaried,HR Manager,Post-Graduate,tier1,1918666.77,56,715,1,27330.53,1106542.86,0.74,35439.72,0.23,0,1,164,4,0,243121.0726646499,8469.51964646129,16807.720373465396,18399.88581903488,724,0.1709334387433702,1.5205530584860742,1.7339274468524002,0.8503283332869368,0,10474.210542562225,1,1,0,0
CUST_002825,27,Female,Married,0,Salaried,Product Manager,Post-Graduate,tier1,2407532.67,103,742,2,49979.36,1940386.81,0.66,54186.33,0.3,1,1,144,4,0,353259.89261205285,24179.24410025385,4856.630023849813,18214.759900455418,750,0.2491136831118485,1.7607643023897182,1.2407481935273543,0.595648620541703,0,11020.58505601404,1,0,0,1
CUST_002833,44,Female,Single,0,Salaried,Gig Worker,Under-Graduate,tier2,618457.12,257,617,2,21399.19,494209.05,0.34,4972.28,0.06,0,0,210,1,99,11131.155629044277,3652.424082741953,26983.882823624957,0.0,624,0.4152030743264918,0.2159749989595783,1.251405389267175,3.341516760920777,0,8321.030487940656,0,0,0,0
CUST_002839,32,Female,Single,0,Salaried,HR Manager,Post-Graduate,tier1,1652711.76,73,757,3,29140.53,1410841.39,0.58,39324.68,0.23,0,1,160,4,0,206351.04256620147,6328.722077394649,15329.240994928266,16974.59206897086,766,0.2115818556393235,1.4982615792940603,1.1714361375263187,0.962283444726463,0,10967.533302083708,1,1,0,0
CUST_002840,48,Male,Married,1,Salaried,Govt. Employee,Graduate,tier3,1650673.33,183,815,2,32704.17,518288.36,0.68,37620.86,0.3,0,1,112,4,0,230404.8130439333,11706.87370031752,5742.400001553559,1424.0709000835386,822,0.2377497593681286,1.6749756639123945,3.1848489615916487,0.6744252344920839,48,11768.322835628273,1,1,0,1
CUST_002842,23,Female,Single,0,Salaried,Consultant,Graduate,tier1,964101.71,48,704,3,17582.94,708571.37,0.73,9348.98,0.14,0,0,170,4,5,52621.18969388302,1915.5814904535105,19653.146297437044,2455.462740134331,712,0.2188489571422026,0.6549582998115402,1.36062560553977,1.7451976344441489,0,9810.6146168549,0,1,1,1
CUST_002853,28,Female,Single,1,Salaried,Teacher,Graduate,tier2,1060718.94,119,697,0,24467.05,926742.55,0.72,11092.49,0.12,0,0,127,4,0,98324.81022808616,1969.1041569628464,23630.46635446302,1205.3217308748006,704,0.2767946035400834,1.1123440245242906,1.1445657647145209,1.1861189267839047,28,9767.618730653166,1,1,1,1
CUST_002855,60,Female,Married,1,Self-Employed,Surgeon,Post-Graduate,tier1,7833287.93,150,796,1,82937.47,2770663.48,0.27,320782.06,0.48,1,1,116,8,0,1755954.7997905605,15643.068117395893,1964.7837542064683,35894.48999456659,805,0.1270536873212768,2.6899847810993656,2.827223572736602,0.1478971587365912,60,12778.483882645256,1,0,0,0
CUST_002867,53,Male,Married,2,Salaried,Govt. Employee,Graduate,tier3,1512779.41,351,800,1,28574.25,653469.85,0.57,31939.87,0.31,0,1,114,4,0,212512.21608084804,18993.924683523437,2172.9463333733693,11196.348777904172,807,0.2266611230956157,1.6857225497930193,2.3149914185154548,0.7486310837365473,106,11483.17409632315,0,1,0,1
CUST_002872,37,Female,Single,0,Salaried,Architect,Post-Graduate,tier1,2159179.16,136,777,1,41689.44,1145458.29,0.18,42581.08,0.21,0,1,159,4,0,287811.1058083548,12950.964489843564,16518.96763450534,12136.19567333274,782,0.231694761106747,1.5995495598917964,1.8849898716173488,0.7329961624746569,0,11405.657016907284,1,1,0,1
CUST_002878,28,Male,Married,0,Salaried,Software Engineer,Post-Graduate,tier1,2111820.59,43,760,3,42947.59,1739043.51,0.62,43884.71,0.27,1,1,148,4,0,283096.143891214,15903.251473544782,4836.971341226697,16924.46020699526,772,0.2440397418054808,1.6086283272551296,1.2143568366746402,0.6975142040637847,0,11242.683436164012,1,1,0,1
CUST_002879,31,Female,Married,1,Salaried,Software Engineer,Post-Graduate,tier1,2484005.51,144,763,2,59189.08,1714457.95,0.49,48741.18,0.24,1,1,150,4,0,324763.70828502567,18338.724362028413,3740.127120981063,26608.77449329036,770,0.2859355689485458,1.5688957439838291,1.448856801150007,0.6014421355468458,31,11338.545173959865,1,1,0,0
CUST_002891,45,Female,Married,0,Salaried,Sales Rep,Under-Graduate,tier3,564746.68,270,557,1,29975.58,492836.92,0.49,1051.15,0.03,0,0,222,0,153,4478.122610932655,4474.358792587023,34840.737023812646,0.0,564,0.6369215254912063,0.0951512092407182,1.145907522700364,3.862571246170573,0,7469.691760038511,0,1,0,0
CUST_002893,31,Male,Married,1,Salaried,Data Scientist,Post-Graduate,tier1,1933014.78,51,763,0,36554.59,1185552.99,0.55,44481.53,0.23,1,1,152,4,0,254850.24403715876,15403.14999437532,4041.521542930615,22180.37015067495,768,0.2269265405624644,1.5820799587918304,1.6304738513005217,0.7822894687399136,31,11116.486595814613,1,1,0,0
CUST_002896,40,Male,Married,3,Self-Employed,Trader,Graduate,tier2,3412027.53,221,744,1,74918.26,1777482.86,0.2,76165.73,0.26,1,1,130,4,0,512663.39618763735,25057.56755023116,2916.6697596021545,9975.103896028211,751,0.2634843799714125,1.8030156743968464,1.9195828478577572,0.3798917421333545,120,11297.15597946682,1,0,0,0
CUST_002897,28,Female,Married,1,Salaried,Product Manager,Post-Graduate,tier1,2687097.06,90,789,1,64110.7,1986431.41,0.66,55920.63,0.24,1,1,156,4,0,347096.0948290446,17594.686081740903,4245.333375470408,17560.206562257186,798,0.2863033776530082,1.5500499030540038,1.352725140041387,0.5783996516610345,28,11813.569960168245,1,1,0,1
CUST_002899,30,Male,Married,0,Salaried,Product Manager,Post-Graduate,tier1,1954376.88,50,754,1,56186.16,836937.09,0.65,39089.49,0.26,1,1,142,4,0,230653.4211270389,10827.88691395852,3524.487064824484,11076.92822143076,761,0.344984525290586,1.416218175332878,2.33515107431662,0.7228755410723425,0,11023.52826789644,1,1,0,1
CUST_002905,30,Male,Single,0,Salaried,Analyst,Graduate,tier1,1019217.65,34,725,2,19386.66,784299.48,0.5,12315.96,0.18,0,0,133,4,0,89734.92811132628,4492.582753891679,16016.395184673864,1897.8056276509176,734,0.22825073819232,1.0565029552818792,1.2995244501189136,1.2922436765440235,0,10154.557396926906,0,1,1,1
CUST_002913,33,Male,Married,0,Salaried,Software Engineer,Post-Graduate,tier1,2108404.06,72,711,0,57094.5,1803494.21,0.47,50106.92,0.23,1,1,154,4,0,257312.64766248185,16315.8908916626,3032.722400693321,15193.388718273964,718,0.3249519926346985,1.464488831464214,1.169065516952496,0.726962352970566,0,10455.115588549015,0,1,0,1
CUST_002915,36,Female,Married,3,Self-Employed,Trader,Graduate,tier2,2621021.72,33,743,0,54032.49,1555245.46,0.36,69763.91,0.28,1,1,131,4,0,417793.7956565152,33629.967265974294,3029.876083816427,9113.8456154617,750,0.2473794499675494,1.9128046730654733,1.6852774061289295,0.4979054296822757,108,11084.306363036349,1,1,0,0
CUST_002916,31,Male,Single,0,Salaried,HR Manager,Post-Graduate,tier1,1710096.09,26,792,3,21790.71,1327412.39,0.43,39549.42,0.23,0,1,175,4,0,217107.5417469085,10422.087128932406,16215.084678852478,19011.45090273962,800,0.1529075977881608,1.5234653974199386,1.288292029357938,1.0173850229495027,0,11481.648563715858,1,1,0,0
CUST_002921,26,Female,Single,0,Salaried,Consultant,Graduate,tier2,796860.43,85,687,3,8477.27,370121.03,0.61,12243.19,0.18,0,0,164,1,0,53626.55537202433,3381.290239590061,17259.62475752873,1597.1898228939408,697,0.1276581246511439,0.8075554382830034,2.152966766123054,2.0325696229768013,0,9471.139946480534,0,1,0,0
CUST_002924,29,Female,Single,0,Salaried,Architect,Post-Graduate,tier1,1823330.85,78,727,3,37733.61,1440385.51,0.49,32930.54,0.22,0,1,158,4,0,225839.70935461984,9031.59122045232,15482.486430104283,14613.214537680602,734,0.2483369049326076,1.4863230534265333,1.2658622094426586,0.8618193491916638,0,10581.473236995818,1,1,0,1
CUST_002925,30,Female,Married,1,Salaried,Software Engineer,Post-Graduate,tier1,2382200.85,118,773,3,49577.93,948888.62,0.3,44467.71,0.24,1,1,144,4,0,319865.91300292296,20643.16112371547,6376.020912355823,20136.646357591064,781,0.2497405552992462,1.611271199395585,2.5105141839363783,0.6019561442760962,30,11467.84143248195,1,1,0,0
CUST_002926,29,Male,Married,1,Salaried,Software Engineer,Post-Graduate,tier1,2233831.13,31,802,0,53650.99,1068989.3,0.27,49019.4,0.25,1,1,160,4,0,285883.9879635169,12864.16754206814,4071.2579242639385,22128.56001647469,813,0.2882081876537141,1.5357425100670357,2.0896645460674432,0.7130661388051962,29,11885.433268500765,1,1,0,0
CUST_002947,33,Female,Single,0,Salaried,HR Manager,Post-Graduate,tier2,1832728.62,159,807,3,35566.34,1210802.03,0.74,49872.77,0.24,0,1,167,4,0,225644.195702228,4714.98021399507,15469.289372398303,10755.482190523484,816,0.2328731492839395,1.4774214740909355,1.5136472032119048,0.9062647542751032,0,11767.79467944373,1,1,0,1
CUST_002951,39,Male,Married,1,Self-Employed,Business Owner,Graduate,tier2,2800850.69,179,739,0,68621.56,1748639.57,0.13,91804.13,0.37,1,1,129,4,0,421040.8443112086,26989.184657966594,2686.9551320963087,13670.130524998764,748,0.2940018169901788,1.8039049717694315,1.601730360173446,0.4589357964083108,39,11104.384709712407,1,0,0,0
CUST_002952,33,Female,Married,0,Self-Employed,Sales Rep,Under-Graduate,tier1,667375.39,171,650,0,32651.44,369721.1,0.75,4266.52,0.03,0,0,203,1,115,9215.74786592098,2947.535184223588,32458.35445950226,0.0,656,0.5870912244835791,0.1657043211305681,1.8050730264704224,2.996861164383312,0,8797.687811393307,0,0,0,0
CUST_002959,41,Female,Married,0,Self-Employed,Sales Rep,Under-Graduate,tier3,541364.65,167,598,3,28868.38,164092.05,0.47,3339.99,0.05,0,0,206,0,135,5627.6289478688905,3730.27777648759,30183.20199913772,0.0,607,0.6398882552470633,0.1247404138586817,3.299132108276372,3.7361843926700775,0,8013.523075970493,0,0,0,0
CUST_002960,27,Female,Single,0,Salaried,Analyst,Graduate,tier1,871427.09,25,738,1,14741.03,349309.42,0.55,12139.42,0.15,0,0,120,1,0,81449.72676653325,2943.2288675985574,14302.469032015792,2277.016814804215,749,0.2029887826124485,1.1215892566839054,2.494706828384908,1.3614285442486231,0,10244.738582094164,1,1,1,1
CUST_002962,38,Female,Single,0,Salaried,HR Manager,Post-Graduate,tier1,1859179.9,180,741,1,26939.94,1011977.35,0.49,31195.78,0.23,0,1,167,4,0,228286.22691992312,9768.00814740192,15781.310511235546,20607.959324035222,748,0.1738816095315389,1.4734545277650346,1.8371735917077672,0.8934399519275806,0,10797.863636118667,1,1,0,0
CUST_002965,26,Male,Single,0,Salaried,Analyst,Graduate,tier1,896516.14,63,771,3,7784.58,495143.08,0.2,10301.73,0.18,0,0,176,4,0,71636.42784868855,3178.721513392405,22302.63493203368,1760.0796830684149,779,0.1041963501558356,0.9588512572335572,1.8106166996887048,1.9414988022165829,0,10677.186426008466,1,1,1,1
CUST_002968,57,Male,Married,2,Self-Employed,Surgeon,Post-Graduate,tier1,9053764.03,323,803,0,139863.07,4929961.34,0.48,312211.81,0.5,1,1,117,8,0,1952895.1663762955,20616.13727976005,2608.889373277074,40068.74339399888,810,0.1853764478421717,2.58839426984539,1.8364773208389251,0.1290854435450257,114,12975.139916206475,1,0,0,0
CUST_002970,24,Male,Single,0,Salaried,Consultant,Graduate,tier2,855807.9,31,725,3,17440.1,616319.63,0.75,11807.13,0.16,0,0,173,1,12,39043.931270207264,2523.66594402226,23539.75502714386,5888.498501946568,731,0.2445388334625077,0.5474600149429655,1.388575780758791,1.9981337661622167,0,9985.315541634443,0,1,1,1
CUST_002973,26,Female,Single,0,Salaried,Consultant,Graduate,tier2,1014466.91,57,766,3,14356.04,500417.58,0.34,13982.16,0.13,0,0,171,4,0,98595.97493414608,3588.0139032493503,16813.52361936809,2705.857562353128,777,0.1698137618257633,1.1662654467698623,2.0272366985254626,1.669160793099701,0,10745.812724574536,1,1,1,1
CUST_002977,30,Female,Married,1,Salaried,Software Engineer,Post-Graduate,tier1,2066387.55,23,788,2,35613.15,1114255.43,0.62,50966.38,0.24,1,1,147,4,0,300420.8399147368,9541.765544058566,4774.034182074836,31683.20523507897,797,0.2068127628076574,1.7446045606121243,1.8544991030475813,0.7079603227249172,30,11589.426444829558,1,1,0,0
CUST_002979,56,Male,Married,1,Self-Employed,Investor,Post-Graduate,tier1,9489007.51,347,797,0,122630.24,6082187.4,0.4,328661.5,0.59,1,1,114,8,0,2116676.147055156,10671.622364829023,5261.596438122899,33983.306489849,806,0.1550806043184118,2.6767901296750387,1.5601304803382938,0.12001253802567,56,12948.90961835342,1,0,0,0
CUST_002984,41,Female,Married,1,Salaried,Govt. Employee,Graduate,tier2,1821381.61,246,778,0,32016.8,1573874.07,0.31,42149.85,0.36,0,1,113,4,0,257526.53693295937,15311.42792975714,1136.2763170440164,7005.976635996718,786,0.2109382606212173,1.6966779866958643,1.1572593306278116,0.6170205018057379,41,11330.27366692505,1,1,0,1
CUST_002995,32,Female,Married,0,Salaried,Data Scientist,Post-Graduate,tier1,2179205.82,125,748,2,40769.54,1950266.94,0.79,39005.69,0.29,1,1,143,4,0,308934.6088965036,13724.870346083071,3781.87674278996,15643.759777456607,756,0.22450003643968,1.7011678560695889,1.1173879113246357,0.6532049142825684,0,11033.420472538082,1,1,0,1
CUST_003009,33,Male,Single,0,Salaried,Teacher,Graduate,tier2,893469.87,50,728,2,13049.85,797467.21,0.28,7542.52,0.14,0,0,119,1,0,93206.3444853675,2623.28545894588,16110.167637649096,2962.764730355688,735,0.1752673504164108,1.25181738027254,1.120383055770963,1.3171440902616929,0,10071.608723028912,0,1,1,1
CUST_003010,29,Female,Married,0,Salaried,Software Engineer,Post-Graduate,tier1,2244902.08,43,747,3,49327.84,1109608.79,0.2,43342.17,0.26,1,1,143,4,0,287015.12297785544,22533.936522089247,1492.8384920604335,15113.43685331198,754,0.2636778330509646,1.5342152763967989,2.023145523977397,0.6341738795149809,0,11026.626371677716,1,0,0,1
CUST_003029,51,Male,Married,2,Salaried,Govt. Employee,Graduate,tier3,1446861.56,107,836,1,28855.65,1249938.13,0.66,33535.81,0.34,0,1,104,4,0,195494.83915620067,12464.913899461551,673.1073699029175,5468.425469823419,844,0.2393213958516181,1.621384296962623,1.157545615841309,0.7138632994064309,102,11972.062367512384,1,1,0,1
CUST_003031,29,Male,Married,0,Salaried,Data Scientist,Post-Graduate,tier1,2471237.35,96,778,3,59422.55,949416.21,0.56,42294.12,0.27,1,1,151,4,0,306386.02873202745,13086.457961617676,3466.6447492368225,13538.209577995976,786,0.2885466009328439,1.4877625945695565,2.602899256481774,0.6085673343583998,0,11570.100732244524,1,1,0,1
CUST_003037,30,Male,Married,1,Salaried,Software Engineer,Post-Graduate,tier1,2422585.21,114,767,1,47967.33,1333515.36,0.17,45271.09,0.21,1,1,146,4,0,339720.1780196077,17244.302061889608,6910.824530085357,20949.656114648587,772,0.2375995306293612,1.682756885629903,1.8166895305281443,0.6001845254991088,30,11348.66727359284,1,1,0,0
CUST_003047,28,Male,Married,0,Salaried,Data Scientist,Post-Graduate,tier1,2708903.34,21,717,1,55931.59,2182227.63,0.3,53914.55,0.21,1,1,155,4,0,379688.4240041742,14469.538374810829,6239.543629816522,17609.497134508903,725,0.2477667242269741,1.6819503440259196,1.2413471726837348,0.5700827893352031,0,10738.739736177386,1,1,0,1
CUST_003055,30,Male,Single,0,Self-Employed,Sales Rep,Under-Graduate,tier2,580259.04,29,639,0,26471.76,514746.24,0.11,4223.43,0.05,0,0,212,0,132,6510.172420651456,3477.4391400533395,32826.175795151874,0.0,646,0.5474357638113388,0.1346303083604128,1.127269842185069,3.5916434248935856,0,8573.215630960396,0,1,0,0
CUST_003068,31,Male,Married,1,Salaried,Data Scientist,Post-Graduate,tier1,2261319.87,17,773,3,62948.2,1768944.8,0.78,37756.05,0.2,1,1,153,4,0,265379.8910083061,15699.92803498252,8525.694907243978,20276.80254443431,781,0.3340413718221731,1.4082668423629805,1.278343220012733,0.6736171422653913,31,11427.169991549164,1,1,0,0
CUST_003073,31,Male,Single,0,Salaried,Architect,Post-Graduate,tier2,1845227.04,27,780,1,35579.95,1156238.46,0.24,43610.91,0.33,0,1,168,4,0,224459.7581275319,10311.033918470352,13006.87156353064,13778.52890966328,786,0.2313843305634808,1.4597117441924394,1.595886582179093,0.9055495439523132,0,11340.497153413738,1,1,0,1
CUST_003075,28,Male,Married,0,Salaried,Data Scientist,Post-Graduate,tier1,2372198.07,83,727,1,41407.67,883880.84,0.11,46214.89,0.21,1,1,144,4,0,359086.65062638547,18310.237684071915,5950.576059094291,18738.097577611727,735,0.2094637596745384,1.816466366959072,2.6838407156323068,0.6044837405144905,0,10789.306050994028,1,1,0,1
CUST_003082,35,Male,Single,0,Salaried,HR Manager,Post-Graduate,tier2,2054998.97,56,792,1,29875.79,1803221.21,0.71,35707.44,0.29,0,1,173,4,0,269265.07320494985,8629.17452131403,21973.1869447624,16274.555172193574,799,0.1744562366010143,1.5723423989602343,1.139626030892776,0.8377728149665856,0,11614.093326659831,1,1,0,1
CUST_003105,33,Female,Married,0,Salaried,Gig Worker,Under-Graduate,tier1,588545.53,141,570,1,25184.14,354779.54,0.61,3913.49,0.05,0,0,209,0,117,8390.44549229354,3959.1252174824263,25867.492394450717,0.0,579,0.5134751737863246,0.1710713749725068,1.6589002598620546,3.491797858719285,0,7692.253124158987,0,1,0,0
CUST_003110,26,Female,Single,0,Salaried,Consultant,Graduate,tier2,1045436.92,45,708,2,16128.12,355981.9,0.25,14273.73,0.13,0,0,179,4,0,90055.94400207595,3592.9365959893053,24649.249572415647,2514.1882625382163,715,0.1851237648224841,1.0336911802681965,2.936761625347734,1.6959800875641151,0,9909.861688726976,1,1,1,1
CUST_003114,31,Male,Married,1,Salaried,Product Manager,Post-Graduate,tier1,2255634.51,90,782,0,39591.86,1796613.06,0.38,50217.96,0.23,1,1,161,4,0,322374.2689000232,25053.773022471305,3669.706541214559,12820.62286826198,793,0.2106280030553191,1.7150254748029108,1.25549196136203,0.7106177068250961,31,11600.751254867817,1,1,0,1
CUST_003118,30,Female,Married,1,Salaried,Data Scientist,Post-Graduate,tier1,2664392.89,127,758,1,45600.5,1785369.25,0.67,53773.6,0.24,1,1,147,4,0,369023.2854463752,16416.38990019333,8222.786478040474,17295.752994614035,766,0.2053764433678096,1.662014449071403,1.4923475340759151,0.5496574588934088,30,11333.343161740591,1,1,0,1
CUST_003125,31,Male,Single,0,Salaried,Architect,Post-Graduate,tier2,2120087.49,85,828,3,34063.85,730713.72,0.38,57372.48,0.25,0,1,170,4,0,285655.8272122209,9718.8017399561,17477.574884309,18995.011628282315,835,0.1928051970806332,1.6168438994090084,2.901388780015271,0.7980892841166819,0,12163.418602596505,1,1,0,0
CUST_003138,31,Male,Married,1,Salaried,Product Manager,Post-Graduate,tier1,1950733.39,82,754,2,55727.57,1181123.09,0.11,32579.52,0.26,1,1,140,4,0,226165.01178893165,11389.40064041818,2956.5684390547394,10780.215869806596,765,0.3428078535661694,1.391252879734951,1.6515905538765192,0.7140185438470041,31,11080.04309947082,1,0,0,1
CUST_003153,29,Male,Married,1,Salaried,Data Scientist,Post-Graduate,tier1,1902088.39,69,791,3,42115.68,1539592.94,0.58,39277.51,0.23,1,1,147,4,0,235917.86961416437,12297.391827421932,962.7261445132197,14628.861461899156,798,0.2657000454113781,1.4883622600855324,1.235448088344645,0.7687929112942316,29,11537.853888066284,1,0,0,1
CUST_003156,33,Male,Married,0,Salaried,Data Scientist,Post-Graduate,tier1,2169388.09,81,760,3,38932.23,1122713.81,0.73,49863.24,0.23,1,1,145,4,0,312627.5293352588,14657.963724926183,3720.806787752257,14070.93123523703,770,0.2153529734572842,1.7292939044835691,1.9322699501933172,0.6653243663454177,0,11234.266243612195,1,1,0,1
CUST_003157,27,Female,Single,0,Salaried,Teacher,Graduate,tier1,936778.17,50,680,1,23179.27,321033.24,0.24,8454.95,0.2,0,0,135,4,0,70997.6485570345,2789.087100250721,17888.242865513886,1936.0902347790743,690,0.2969194691699209,0.9094584998521216,2.9180008026558166,1.425888389462972,0,9487.639970467111,0,1,0,1
CUST_003158,54,Female,Married,2,Salaried,Govt. Employee,Graduate,tier3,1576867.73,404,830,3,34018.11,1336934.31,0.41,47911.63,0.32,0,1,116,4,0,204248.1977709144,14807.816356229385,2107.9516958331733,6578.41302937899,840,0.2588766360767413,1.5543216940527056,1.179464494807905,0.7309998042495955,108,11987.599362606645,1,1,0,1
CUST_003164,29,Male,Single,2,Salaried,Sales Rep,Under-Graduate,tier3,727251.54,57,614,2,33676.08,516017.54,0.23,4342.53,0.02,0,0,210,1,122,8069.675151085426,2256.992925112881,28029.865632669796,0.0,624,0.5556623394045025,0.133151322026985,1.4093515709726243,2.8484172444048066,58,8422.146139031349,0,1,0,0
CUST_003168,28,Female,Married,1,Salaried,Software Engineer,Post-Graduate,tier1,2248615.41,93,780,1,51284.81,1046514.59,0.78,38473.92,0.26,1,1,147,4,0,286461.444163393,19377.7682964748,7289.192790767745,14133.79901398383,788,0.2736859460411895,1.528726953462119,2.1486688124732094,0.6508412160350929,28,11525.150617042576,1,1,0,1
CUST_003169,31,Female,Married,1,Salaried,Software Engineer,Post-Graduate,tier1,2282640.1,88,765,0,64118.92,1730795.58,0.49,38078.46,0.26,1,1,144,4,0,274772.8838409381,11053.801414583017,2564.055708452356,13834.312959042934,773,0.337075912706978,1.4444928362457237,1.3188378844612694,0.6280968390982954,31,11317.372186069426,1,1,0,1
CUST_003171,34,Male,Single,1,Salaried,Analyst,Graduate,tier1,1102477.75,118,739,3,14469.32,458254.74,0.5,11808.78,0.14,0,0,134,4,0,111326.21796078543,5176.995644964915,18831.69982399725,3770.83065963054,748,0.1574906614778051,1.211725202460545,2.40581329106756,1.2045184723919198,34,10406.977565582243,0,1,1,1
CUST_003172,38,Female,Married,3,Self-Employed,Business Owner,Graduate,tier2,3282015.45,208,741,2,76548.98,2106813.72,0.79,80740.7,0.38,1,1,123,8,0,547124.9808761809,31285.937920521723,3424.946187044108,14589.141404143897,749,0.2798842404563069,2.000440237181493,1.5578092457983206,0.3736312962929745,114,11237.97245354267,1,1,0,0
CUST_003175,33,Female,Single,0,Salaried,Analyst,Graduate,tier1,1153724.23,45,700,1,22692.02,871812.37,0.76,11045.53,0.1,0,0,116,4,0,130464.20307180152,5256.591947191842,15158.26521606662,1711.6935806222652,710,0.2360194929477078,1.3569569856202035,1.3233614781567298,0.9967997314965248,0,9910.539682766876,0,1,1,1
CUST_003178,28,Male,Single,2,Self-Employed,Sales Rep,Under-Graduate,tier2,595972.81,97,561,1,27164.41,186555.64,0.12,2322.22,0.05,0,0,210,0,125,7195.940917501119,2915.6239387597857,28287.835612155905,0.0,568,0.5469483693720314,0.144888409169377,3.194594467396068,3.4655020247525625,56,7553.236737209241,0,1,0,0
CUST_003180,27,Male,Single,0,Salaried,Teacher,Graduate,tier2,957968.19,54,714,3,18280.05,661258.03,0.52,12978.73,0.12,0,0,136,4,0,87316.40594284919,4116.906760003105,16803.733778404185,4591.997648254754,726,0.2289823968071824,1.0937563033680169,1.448703377252935,1.4050048483514732,0,9998.886470266776,0,1,1,1
CUST_003184,42,Male,Married,1,Self-Employed,Sales Rep,Under-Graduate,tier3,553363.22,215,619,0,21948.33,404794.04,0.18,2514.06,0.04,0,0,224,0,133,7660.182742344536,4150.295176398881,21791.79608687981,0.0,626,0.4759518505364227,0.1661118705462352,1.36702075203293,3.976120414818703,42,8278.081077554312,0,0,0,0
CUST_003191,30,Female,Single,0,Salaried,Architect,Post-Graduate,tier1,1820952.78,69,773,3,23978.21,1155168.13,0.77,46332.22,0.2,0,1,175,4,0,250832.2799726958,8338.31888072911,19286.441002376,15736.743546683436,778,0.1580143246922107,1.6529629747547063,1.576351663760267,0.9557865277115448,0,11214.769619895314,1,1,0,0
CUST_003192,37,Male,Single,0,Salaried,Architect,Post-Graduate,tier2,1951537.46,228,795,3,20424.44,1393684.45,0.44,43304.33,0.25,0,1,175,4,0,266054.44008114125,12592.453680695033,20366.930248569675,19703.406925935786,801,0.1255890691081946,1.6359581688355953,1.4002711013449989,0.8921573182701289,0,11601.7869872338,1,1,0,0
CUST_003199,30,Male,Married,1,Salaried,Data Scientist,Post-Graduate,tier1,2131407.13,47,754,3,48615.91,644843.53,0.39,52857.67,0.28,1,1,145,4,0,269667.93241363735,18365.034129655556,1607.6627925677583,8599.544122385498,763,0.273710089108565,1.5182444144449656,3.305303884643326,0.6771248585503683,30,11118.659874238036,1,0,0,1
CUST_003200,49,Male,Married,2,Self-Employed,Business Owner,Graduate,tier2,3497982.68,144,793,1,73008.35,2747250.38,0.55,88864.3,0.4,1,1,134,4,0,586494.4172071818,34328.66179653594,6253.815177176847,10702.21520603812,802,0.2504578423201032,2.011990769090072,1.2732663291991868,0.381985922461852,98,12084.29320975937,1,1,0,0
CUST_003201,47,Female,Married,1,Salaried,Govt. Employee,Graduate,tier2,1722206.69,236,830,2,31193.89,684223.44,0.33,56087.99,0.31,0,1,112,4,0,262277.5814188077,26419.45049748389,1979.2939373678316,7337.443339835412,838,0.2173514212646246,1.8274862509044607,2.517020131581386,0.6465741106218682,47,12032.940520687727,1,1,0,1
CUST_003212,38,Male,Married,3,Self-Employed,Trader,Graduate,tier2,2957862.85,162,776,1,39843.5,1066487.69,0.41,80507.1,0.35,1,1,133,4,0,529321.501624298,23075.064583039173,4944.037796206827,13608.17644926718,785,0.1616437558201625,2.147439746983067,2.7734591822066115,0.4481339156221454,114,11696.48264637563,1,1,0,0
CUST_003213,25,Male,Single,0,Salaried,Consultant,Graduate,tier1,1077281.78,21,756,0,17543.08,514158.12,0.54,12041.65,0.12,0,0,168,4,0,84538.82565946429,3981.1862165604944,17686.48346554528,1504.379334471815,764,0.1954127684650699,0.941679908254526,2.095230324806842,1.5451376367219176,0,10611.923698042692,1,1,1,1
CUST_003217,23,Female,Single,0,Salaried,Junior Software Engineer,Graduate,tier1,1022018.92,22,682,2,17046.09,785566.86,0.78,16740.39,0.15,0,0,169,4,0,69355.24715100059,4574.539660509628,17036.283646300697,3047.682683646771,693,0.2001437295067354,0.8143226878224066,1.3009938059329464,1.6375668771653915,0,9589.243037739454,1,1,0,1
CUST_003219,46,Male,Married,2,Salaried,Govt. Employee,Graduate,tier2,1613923.91,201,771,3,30240.58,516178.34,0.28,41750.63,0.39,0,1,114,4,0,239675.9341155227,14106.974816425118,3885.984414235971,10652.502394195504,779,0.2248459543848925,1.782047968302702,3.126672814917389,0.7020033346266821,92,11135.165910399051,1,1,0,1
CUST_003221,32,Male,Married,1,Salaried,Data Scientist,Post-Graduate,tier1,1875587.01,149,767,2,32697.64,1118809.15,0.34,37265.24,0.26,1,1,147,4,0,244242.0195621297,18826.487238760248,2490.702593700694,8561.059283185996,779,0.2091980630763928,1.5626497023719137,1.6764122223953726,0.7795980732811688,32,11252.213130600208,1,0,0,1
CUST_003222,54,Male,Married,1,Self-Employed,Surgeon,Post-Graduate,tier1,10541848.05,147,842,1,173137.57,6424560.81,0.33,453626.83,0.49,1,1,124,8,0,2190029.920976035,11093.65660915951,2493.60774141119,43782.78399798577,849,0.1970857922743909,2.492952754738232,1.6408664686813872,0.1175149598557761,54,13729.063126255583,1,0,0,0
CUST_003224,38,Female,Married,2,Self-Employed,Business Owner,Graduate,tier2,2832810.41,71,686,0,41593.88,1097437.41,0.19,61708.67,0.37,1,1,123,4,0,496923.6039782337,23238.93505975974,8073.298521740993,11337.543419712249,694,0.1761940876484382,2.10499720232685,2.581293295539018,0.4326704291194712,76,10310.605464066572,0,1,0,0
CUST_003225,34,Male,Married,0,Salaried,Sales Rep,Under-Graduate,tier3,538495.37,32,623,3,20351.79,253383.26,0.76,3186.04,0.06,0,0,219,0,127,7291.229316113986,1392.3276227275005,34268.171617060994,0.0,633,0.4535155758406798,0.162476424033654,2.125212394803055,3.992741087313098,0,8353.407309907361,0,1,0,0
CUST_003226,28,Female,Single,0,Salaried,HR Manager,Post-Graduate,tier2,1718664.49,111,741,3,27121.42,639301.79,0.35,43877.53,0.27,0,1,174,4,0,208424.41194741335,4174.831387692861,13907.222226349655,23889.39230604742,751,0.1893649223071643,1.455243588843739,2.6883419201095617,1.0065573800269365,0,10782.151060969944,1,1,0,0
CUST_003227,28,Male,Married,1,Salaried,Data Scientist,Post-Graduate,tier1,2062406.2,19,724,2,53284.28,1340833.87,0.45,41731.02,0.21,1,1,151,4,0,256796.90402598013,14270.420366653329,2679.689820946489,13030.091026191363,732,0.3100299250656341,1.4941503368772453,1.5381507791485165,0.7286216379781145,28,10642.829382439182,1,1,0,1
CUST_003228,29,Male,Single,0,Salaried,Teacher,Graduate,tier2,860675.28,12,703,1,20437.06,330583.91,0.73,7294.31,0.11,0,0,128,1,0,44591.39926344731,2252.636488440243,11178.996724156212,3043.581768865932,711,0.2849405651725212,0.6217087246384863,2.6034923372636705,1.4701232817819292,0,9716.15182295016,1,1,1,1
CUST_003229,35,Female,Married,1,Self-Employed,Trader,Graduate,tier2,3628373.46,39,741,2,58873.03,1424365.45,0.1,103553.16,0.26,1,1,132,4,0,638386.4805245395,31884.92565149824,4429.860935542922,13953.367962706849,749,0.1947081884734484,2.1113075914195933,2.5473595365855464,0.3627994801831036,35,11313.117178788412,1,1,0,0
CUST_003238,41,Male,Married,2,Salaried,Govt. Employee,Graduate,tier2,1719225.92,47,841,2,31516.47,740790.67,0.51,42977.0,0.37,0,1,99,4,0,231561.6036821072,14093.541112542482,4958.687305165795,7168.385026951512,847,0.2199798152427908,1.6162621891130031,2.320795426870823,0.5725105022714442,82,12160.705334390688,1,1,0,1
CUST_003240,30,Male,Single,0,Salaried,HR Manager,Post-Graduate,tier2,2104382.36,27,787,0,22771.26,1129505.13,0.41,49819.24,0.31,0,1,179,4,0,303407.2688117038,10494.936094925528,20537.095855606374,24660.6413692524,795,0.1298497682725209,1.7301354227828505,1.863099547764296,0.846582923629764,0,11574.82876804462,1,1,0,0
CUST_003241,31,Male,Single,0,Salaried,Architect,Post-Graduate,tier1,2200728.63,141,788,0,21093.69,1545305.79,0.35,38656.65,0.21,0,1,163,4,0,322542.0485181105,10786.551183186068,15378.282817987756,19714.25907750443,793,0.1150177701767609,1.7587281887994797,1.4241370349508398,0.7373134711699102,0,11581.20951408246,1,1,0,0
CUST_003243,54,Female,Married,1,Self-Employed,Surgeon,Post-Graduate,tier1,9761677.22,256,819,1,150431.52,4040881.3,0.41,353890.46,0.44,1,1,125,8,0,2107912.196140424,13207.92132902222,6083.739556497374,40180.54558301476,827,0.1849247808772178,2.5912468409525014,2.415729163900666,0.1279207214746702,54,13309.71723599683,1,1,0,0
CUST_003244,44,Male,Married,2,Salaried,Govt. Employee,Graduate,tier3,1721800.39,214,806,0,37279.51,1491425.86,0.58,50291.33,0.25,0,1,100,4,0,239841.2369370655,12356.350604119674,1521.4000507517885,6626.692799191056,812,0.2598158327807132,1.6715496182744891,1.154465187786681,0.5774337537826747,88,11659.41187584629,1,1,0,1
CUST_003250,24,Male,Single,0,Salaried,Analyst,Graduate,tier1,896674.84,69,751,1,11047.01,522798.57,0.1,10765.02,0.16,0,0,157,2,0,70335.20311205137,3535.608485803533,18650.409945847827,4923.869725229598,759,0.1478376999488472,0.941267786805722,1.7151407373957863,1.731602037175753,0,10403.195317245709,1,1,1,1
CUST_003260,27,Female,Married,0,Salaried,Product Manager,Post-Graduate,tier1,2269635.96,99,723,1,56333.2,1359690.44,0.43,48639.36,0.22,1,1,143,4,0,295193.72485139035,10411.121566499896,3150.690151797205,20624.229512858856,733,0.2978428425525516,1.5607375067174225,1.66922868912082,0.6272931402608687,0,10727.550617762474,1,1,0,0
CUST_003269,50,Female,Married,1,Salaried,Govt. Employee,Graduate,tier2,1815807.67,343,776,2,40867.52,1436217.31,0.41,57040.49,0.28,0,1,99,4,0,265499.1325408762,12511.181348203185,1283.6297134762865,5273.376904323686,781,0.2700765104059039,1.754573784571083,1.2642978141672625,0.542225786574771,50,11255.804391712056,1,1,0,1
CUST_003272,30,Female,Married,0,Salaried,Product Manager,Post-Graduate,tier1,2673259.66,86,719,1,55624.11,993936.44,0.14,64393.8,0.24,1,1,143,4,0,376808.6975805256,27072.852744712534,5337.946439368293,11061.332628398564,729,0.2496900445950188,1.6914496340287042,2.6895653110722946,0.5329338868382197,0,10788.332130068226,1,1,0,1
CUST_003274,30,Male,Single,1,Salaried,Analyst,Graduate,tier1,1191074.91,144,717,1,18995.34,969628.33,0.71,18994.3,0.13,0,0,111,4,0,151675.9853373817,3361.1578205303013,15658.21924919218,4338.66834526247,723,0.1913748510593572,1.5281100050445358,1.2283816847825757,0.9241721650816934,30,10115.03576226489,1,1,1,1
CUST_003277,30,Male,Single,0,Salaried,HR Manager,Post-Graduate,tier2,2246045.39,98,787,0,44851.15,1508418.64,0.59,54049.46,0.24,0,1,169,4,0,293097.96592199994,9581.577988601211,18315.15218739229,18553.603634695875,795,0.2396260230910662,1.5659330909011184,1.4890056655586903,0.7490984035564993,0,11626.622244508466,1,1,0,1
CUST_003293,33,Female,Married,1,Self-Employed,Sales Rep,Under-Graduate,tier2,604795.98,14,623,2,25360.52,378554.51,0.31,1618.17,0.06,0,0,201,0,120,7298.81249530467,5791.981085296752,33038.387533745015,0.0,634,0.50317828147704,0.1448157974761775,1.5976414661088938,3.2693772656093167,33,8440.218902024508,0,1,0,0
CUST_003295,39,Female,Married,1,Self-Employed,Trader,Graduate,tier2,3207487.7,109,740,0,54814.59,2004177.71,0.46,70746.47,0.37,1,1,117,4,0,532809.3396545837,26471.905742927476,6014.905889698364,14732.936423786508,750,0.2050740893288314,1.993363265429145,1.6004000461615522,0.3636377537667043,39,11235.749139354552,1,1,0,0
CUST_003303,31,Female,Married,0,Salaried,Product Manager,Post-Graduate,tier1,2497291.19,131,734,1,66099.84,1037379.08,0.7,49498.03,0.22,1,1,152,4,0,326793.5882456292,15175.450543807465,3030.851533679513,16656.141649446872,740,0.317621858321496,1.5703031472712572,2.407305902769986,0.6062319390991838,0,10900.731008338438,1,0,0,1
CUST_003309,50,Male,Married,2,Salaried,Govt. Employee,Graduate,tier2,1537081.27,195,741,3,30521.21,1184244.83,0.69,45889.15,0.27,0,1,115,4,0,214340.0839117105,15932.340913007663,2517.505269180101,9206.267901908492,748,0.2382773558041796,1.6733408812209076,1.2979410448926807,0.74333522246055,100,10655.556617483837,1,1,0,1
CUST_003311,32,Male,Married,1,Salaried,Data Scientist,Post-Graduate,tier1,2465748.54,83,777,2,50300.66,1750542.07,0.6,61533.78,0.21,1,1,156,4,0,343046.3810977458,15063.23090198191,6301.15561991406,23162.440484362363,788,0.2447958389341407,1.669487570424397,1.4085620526891691,0.6301124588363889,32,11597.789037101202,1,0,0,0
CUST_003312,59,Female,Married,1,Self-Employed,CXO,Post-Graduate,tier1,9097345.9,373,814,1,80915.84,3641541.5,0.57,405143.26,0.48,1,1,119,8,0,2021004.1816870535,20911.00297529928,3355.398122067506,46354.83834346807,820,0.1067331955797847,2.6658344595022085,2.4982121999125373,0.1306637535310918,59,13139.264571212734,1,1,0,0
CUST_003314,37,Female,Single,0,Salaried,Architect,Post-Graduate,tier2,1875926.15,68,786,1,31605.86,647228.12,0.57,36641.54,0.32,0,1,175,4,0,235387.0378574376,8397.45615372227,11779.41835767137,19481.36287100309,792,0.2021763457393305,1.5057236584741618,2.8983957798437747,0.9279260484298392,0,11440.133951535983,1,1,0,0
CUST_003322,25,Female,Single,0,Salaried,Junior Software Engineer,Graduate,tier2,797553.37,24,705,0,7718.3,241950.01,0.37,8077.1,0.2,0,0,160,1,0,57806.44868984048,1710.1423077360364,15302.601560509353,5856.870723484217,711,0.1161279106187872,0.8697436102047481,3.296342387659386,1.9812931992346217,0,9661.996058961638,1,1,1,0
CUST_003327,31,Male,Married,1,Salaried,Software Engineer,Post-Graduate,tier1,2122899.58,16,774,3,48855.53,912304.28,0.29,42566.13,0.29,1,1,154,4,0,243679.67670810348,17335.25853026723,5397.261448278739,15370.991562949928,783,0.2761614593482032,1.377427184460147,2.3269618476832665,0.7220218028267416,31,11406.974131241252,1,1,0,1
CUST_003332,38,Male,Single,0,Salaried,Architect,Post-Graduate,tier2,2016477.91,44,770,0,30554.81,1748107.59,0.5,39643.25,0.26,0,1,170,4,0,267011.82225601067,10051.089586768936,15923.0826655895,17941.729354317587,779,0.181829682450531,1.5889699478199362,1.1535198222439944,0.8388939211284075,0,11308.636615495188,1,1,0,0
CUST_003341,32,Female,Single,0,Salaried,Architect,Post-Graduate,tier2,2218759.38,70,780,2,25267.6,1888666.06,0.68,42662.77,0.32,0,1,178,4,0,305909.8185194465,10787.472102966103,20513.89698969072,20823.822800133443,789,0.1366572521771035,1.6544822307169649,1.174775283050682,0.798650592779558,0,11529.230317088271,1,1,0,0
CUST_003349,32,Female,Married,0,Salaried,Data Scientist,Post-Graduate,tier1,1871243.35,147,803,0,52694.26,1191909.87,0.55,31768.04,0.21,1,1,137,4,0,221581.2466126977,12768.60475631718,2920.9032926392747,7851.128972841113,809,0.3379181360790765,1.4209578395339644,1.5699524159889573,0.7282417769078094,0,11683.670384029523,1,0,0,1
CUST_003355,33,Female,Married,1,Salaried,Product Manager,Post-Graduate,tier1,2114704.38,60,847,3,46269.63,1375745.34,0.11,38733.64,0.27,1,1,146,4,0,287645.24667970027,18686.43672302948,1211.0849268609195,19155.59751601313,855,0.2625579322367569,1.6322486517820434,1.5371324774885462,0.6871544172182673,33,12452.584281747106,1,0,0,0
CUST_003357,37,Male,Married,3,Self-Employed,Business Owner,Graduate,tier2,3709370.92,186,745,3,49238.12,2584922.57,0.34,86074.27,0.37,1,1,123,4,0,719840.8824201522,37072.66426659824,11357.295506287472,13325.668844273754,753,0.1592872595639169,2.328713636564064,1.4350021652671148,0.3307010853330003,111,11390.158964217804,1,1,0,0
CUST_003358,32,Female,Single,0,Salaried,HR Manager,Post-Graduate,tier2,1604143.1,46,769,3,33263.97,616394.6,0.2,28261.81,0.35,0,1,176,4,0,165027.60854821966,8391.665905058686,17702.64821162334,13252.57505122618,780,0.2488335697714017,1.2345011418027072,2.602457090868268,1.090361814884938,0,11144.718702997348,1,1,0,1
CUST_003359,49,Female,Married,2,Self-Employed,Trader,Graduate,tier2,3424319.44,326,791,3,44262.75,1711610.17,0.4,103177.5,0.26,1,1,119,4,0,580452.0020261287,27962.490316768926,2422.6834681108103,13569.94365167816,802,0.1551114456374001,2.034097500887223,2.000640975017708,0.3465024208697371,98,12067.223705847371,1,1,0,0
CUST_003360,31,Female,Married,0,Salaried,Software Engineer,Post-Graduate,tier1,1881412.96,64,775,1,50782.35,647470.68,0.68,36077.64,0.28,1,1,157,4,0,216084.51341573268,12660.766831001887,3702.593828268481,13960.243763828716,782,0.3238971593105685,1.3782182208259808,2.9057841726760927,0.830067274150432,0,11297.971711946091,1,1,0,1
CUST_003364,25,Male,Single,0,Salaried,Junior Software Engineer,Graduate,tier2,790875.42,33,778,0,7234.23,412515.49,0.55,10218.46,0.11,0,0,163,1,3,51189.973883635015,2790.88288911436,18912.26465838677,3894.393442668261,784,0.1097637385609193,0.7766967473115455,1.9171971040478888,2.0352728518000966,0,10647.423249510975,0,1,1,0
CUST_003374,45,Male,Married,0,Self-Employed,Sales Rep,Under-Graduate,tier1,525123.2,244,611,2,21708.96,262483.82,0.11,3554.04,0.06,0,0,208,0,128,6162.389521898847,4178.842189636575,30013.727221265537,0.0,619,0.4960770483486919,0.1408183535645414,2.00058502430731,3.886955377752264,0,8153.090462629685,0,1,0,0
CUST_003375,57,Female,Married,1,Self-Employed,Investor,Post-Graduate,tier1,10731571.02,179,837,3,172598.87,3576420.55,0.59,454656.7,0.51,1,1,118,8,0,2372063.91077906,19855.225088865107,2056.184651555834,28868.482014788813,844,0.1929991536327881,2.6524294576392067,3.000644882032992,0.109853577079454,57,13663.263315570506,1,1,0,0
CUST_003391,33,Female,Married,0,Salaried,Product Manager,Post-Graduate,tier1,2653501.61,118,742,2,72237.44,2221878.83,0.68,64100.53,0.24,1,1,146,4,0,352286.1628148365,15256.265400251066,7059.900650222607,19183.1050971369,749,0.3266797941918225,1.5931457588333373,1.1942597318595758,0.5481505978890697,0,11078.751907577263,1,1,0,1
CUST_003392,37,Male,Single,0,Salaried,HR Manager,Post-Graduate,tier2,2243297.3,140,768,0,19072.68,1174682.63,0.75,46635.98,0.25,0,1,171,4,0,328985.48007386085,13582.743226896526,20403.20608227919,26992.53765241112,774,0.1020243441241027,1.7598223129045694,1.9097033811563373,0.7588878751152811,0,11318.556334250254,1,1,0,0
CUST_003395,31,Female,Married,1,Salaried,Product Manager,Post-Graduate,tier1,2686337.12,66,729,3,65853.45,1181432.59,0.41,47985.58,0.27,1,1,144,4,0,346506.51781621,22387.968448305142,2220.4242521099104,13280.198944543929,734,0.2941692850406577,1.547854738178826,2.2737944330836237,0.5340578480779881,31,10865.908115383874,1,0,0,1
CUST_003407,31,Male,Single,0,Salaried,HR Manager,Post-Graduate,tier2,2233755.15,37,760,1,27080.51,687585.73,0.23,48426.83,0.28,0,1,173,4,0,323530.5926764417,4284.728154015365,23660.407220764355,26828.54568741517,769,0.1454789591654618,1.7380357268291375,3.248688569076952,0.7710288709532322,0,11242.161030876974,1,1,0,0
CUST_003409,29,Female,Married,0,Salaried,Software Engineer,Post-Graduate,tier1,2485870.48,41,749,0,65275.57,1866821.86,0.53,58396.66,0.23,1,1,139,4,0,344253.8561368466,16315.63316078395,3126.18841007225,18883.073206074198,759,0.3151021201935499,1.6618027227265222,1.3316049065308746,0.5569199247871227,0,11177.135593827692,1,0,0,1
CUST_003417,33,Female,Married,1,Salaried,Data Scientist,Post-Graduate,tier1,2259615.47,102,841,3,38588.9,869128.57,0.62,40491.65,0.2,1,1,142,4,0,337957.0386147487,12584.992227639932,12004.97665460249,21564.088062257677,848,0.2049305941567439,1.7947579931735314,2.599860306214182,0.6256566448236273,33,12406.83839400465,1,1,0,0
CUST_003424,27,Male,Married,1,Salaried,Sales Rep,Under-Graduate,tier2,568777.7,90,634,3,23708.1,295413.11,0.14,3551.8,0.05,0,0,214,0,127,7549.317280411228,3827.504532172965,33836.05630777414,0.0,644,0.5001799434835055,0.1592711811851282,1.9253572552780231,3.6974472236922735,27,8533.802880926125,0,1,0,0
CUST_003427,30,Female,Married,1,Salaried,Product Manager,Post-Graduate,tier1,2053912.57,125,790,3,59684.84,1453015.35,0.73,50790.22,0.25,1,1,163,4,0,235417.7867657627,11778.656993324576,4245.894122313521,17158.358120249388,800,0.3487070997938352,1.3754221953677457,1.413550900511202,0.7897621360966856,30,11628.20607177184,1,1,0,0
CUST_003428,38,Female,Married,1,Self-Employed,Trader,Graduate,tier2,3413757.55,61,751,1,54725.67,1647534.53,0.3,105138.56,0.34,1,1,135,4,0,596603.3278993032,38474.08124331151,3458.920206174837,17135.141256572155,758,0.1923703490764337,2.097165561392871,2.0720388045288467,0.3943036211778489,38,11402.839937908748,1,1,0,0
CUST_003431,35,Female,Single,1,Salaried,Analyst,Graduate,tier2,1220068.91,93,714,2,27041.85,991323.16,0.72,14297.83,0.19,0,0,126,4,0,133022.10053869183,4995.9976919847295,17020.26989437994,3311.671963225818,723,0.2659677709406993,1.3083273358193122,1.2307466711998625,1.0243328562787593,35,10132.424733364416,1,1,1,1
CUST_003436,38,Female,Married,2,Self-Employed,Business Owner,Graduate,tier2,3105864.27,28,737,1,63012.25,1147946.37,0.41,79533.56,0.34,1,1,124,4,0,518838.2408292092,32094.22338410578,5087.355803587767,14571.751075087146,744,0.2434568972704118,2.0046062201796957,2.7055807183912965,0.3979634196325246,76,11121.90936088532,1,1,0,0
CUST_003441,59,Male,Married,2,Self-Employed,Investor,Post-Graduate,tier1,11065633.08,420,803,1,171314.63,4678089.37,0.65,530827.22,0.42,1,1,116,8,0,2491220.808037693,12966.702344090609,2743.4791707910317,33763.66116156737,812,0.1857800015396843,2.7015731555030427,2.3654166988655243,0.104734419389054,118,13170.116125891082,1,0,0,0
CUST_003445,43,Male,Single,0,Self-Employed,Gig Worker,Under-Graduate,tier1,529349.0,244,633,2,28532.91,409680.1,0.66,1621.75,0.09,0,0,213,0,138,4882.707928152788,3091.326926205778,29279.59605746864,0.0,643,0.6468079816986896,0.1106853265311072,1.2921001237303844,3.949205430991807,0,8474.35749072709,0,1,0,0
CUST_003447,29,Female,Single,0,Salaried,Architect,Post-Graduate,tier2,1993593.74,86,761,1,34031.17,1127038.67,0.11,49154.91,0.33,0,1,168,4,0,279151.9553737953,9868.37048707026,15656.544726584489,20922.981170251103,770,0.2048419262677283,1.680283818045961,1.768876280991955,0.8384933364784819,0,11169.196476229155,1,1,0,0
CUST_003452,26,Male,Single,0,Salaried,Consultant,Graduate,tier1,1004466.9,91,737,1,16905.59,873675.21,0.49,10714.8,0.13,0,0,163,3,0,78082.26611773967,5179.593549101497,18237.13461805737,2935.555100699292,745,0.2019625101134528,0.9328092341341128,1.1497015582008352,1.6067552327237091,0,10295.876537364406,1,1,1,1
CUST_003467,46,Male,Married,3,Self-Employed,Business Owner,Graduate,tier2,3337469.97,253,733,2,72460.16,1927065.64,0.48,102474.43,0.32,1,1,132,4,0,561020.2949829283,32258.041617207095,1528.5284460358748,7271.624790224705,742,0.2605323198195435,2.0171625196210843,1.7318913112418366,0.3943276599431301,138,11145.3771215759,1,0,0,0
CUST_003472,33,Male,Married,0,Salaried,Software Engineer,Post-Graduate,tier1,2504121.9,35,775,1,60580.39,1442604.5,0.53,46729.09,0.2,1,1,159,4,0,311054.37548089057,20774.147490050367,4664.692575573598,8847.61098001391,784,0.2903058338853206,1.4905962120359006,1.7358327692498052,0.6324275684484512,0,11551.02408771038,1,1,0,1
CUST_003473,32,Male,Married,0,Salaried,Product Manager,Post-Graduate,tier1,2369317.71,69,711,1,47030.55,1528182.09,0.7,45341.71,0.29,1,1,142,4,0,359959.2525144483,18388.31846265138,7911.788633583471,15933.018580990394,719,0.2381967345524064,1.823094106296156,1.5504148197321042,0.5968097467740027,0,10553.563252500751,1,0,0,1
CUST_003476,55,Male,Married,1,Salaried,Govt. Employee,Graduate,tier3,1691401.18,414,831,2,29086.77,1112035.83,0.14,49307.18,0.37,0,1,116,4,0,237979.22853562632,16433.652971389383,2092.47643906417,8786.560621007,838,0.2063607190290429,1.688381512096007,1.520993850536407,0.6817909929979007,55,12017.815348699738,1,1,0,1
CUST_003479,50,Male,Married,1,Self-Employed,Business Owner,Graduate,tier2,2649025.83,59,714,2,64429.25,1045111.04,0.54,70134.45,0.28,1,1,130,4,0,385370.7386600994,24885.05446943887,3250.132611952971,13482.275025394543,723,0.2918610641358791,1.7457088802394312,2.5346811907362583,0.4889008543403281,50,10692.95519420799,1,1,0,0
CUST_003484,28,Female,Single,0,Salaried,Analyst,Graduate,tier2,857153.64,119,702,2,15418.04,488555.16,0.75,12341.44,0.11,0,0,155,3,0,53059.53492545323,4449.414868005816,15949.041306757206,3051.644388884959,712,0.2158468227914502,0.7428137449670039,1.7544628646172429,1.787457180021755,0,9726.898020792947,1,1,1,1
CUST_003490,23,Female,Single,0,Salaried,Analyst,Graduate,tier2,863266.67,40,719,0,17034.64,640944.04,0.49,10301.02,0.13,0,0,171,2,9,44529.017697127136,4312.875512490834,16764.474661682645,3213.075059329113,726,0.2367899116515875,0.6189753447348879,1.346865356817489,1.9581647379259304,0,9923.3165411292,0,1,1,1
CUST_003491,29,Male,Single,1,Salaried,Analyst,Graduate,tier2,1181421.27,20,715,1,22441.96,356569.31,0.48,12385.01,0.14,0,0,120,4,0,136477.1117562656,6543.913588800688,20619.96398272429,1115.4623009423717,723,0.227946450162183,1.3862190803846135,3.3132911991466707,1.0072004170279754,29,10109.151989372218,0,1,1,1
CUST_003501,27,Male,Married,1,Salaried,Data Scientist,Post-Graduate,tier1,2370179.2,36,762,0,49999.8,948991.75,0.36,43439.27,0.3,1,1,154,4,0,300017.87702708953,14833.362619538091,6464.188728362166,12203.98829269384,773,0.2531431219557308,1.5189553164846257,2.4975735589128583,0.6470101074742607,27,11346.462368493578,1,1,0,1
CUST_003507,40,Female,Married,2,Self-Employed,Business Owner,Graduate,tier2,2892168.47,262,755,2,64001.85,1762799.2,0.2,71118.26,0.27,1,1,138,4,0,416367.8751662546,24774.59210511233,7746.4472486061,17930.01519712354,762,0.2655512710795671,1.7275597265875513,1.6406672009680965,0.4755065097926585,80,11336.668304618272,1,1,0,0
CUST_003512,36,Male,Single,0,Salaried,Architect,Post-Graduate,tier1,1577160.96,171,720,3,28282.14,1138560.65,0.25,37898.3,0.22,0,1,162,4,0,195657.1025128564,2967.818014575073,13510.904274932576,17914.271926771857,730,0.2151860884046604,1.4886669310855272,1.3852222758425072,1.020690428272631,0,10417.93042026248,1,1,0,0
CUST_003518,31,Female,Single,0,Salaried,HR Manager,Post-Graduate,tier1,2068636.81,50,792,2,37013.37,1086389.77,0.63,49623.45,0.31,0,1,171,4,0,261596.4729353447,17644.779787118383,16124.16535877162,16808.59910348417,801,0.2147104128322293,1.5174918333403031,1.90413695248902,0.8226545357868458,0,11648.463109542829,1,1,0,1
CUST_003526,34,Male,Single,0,Salaried,Sales Rep,Under-Graduate,tier1,617136.27,184,621,0,24098.91,547123.64,0.67,2731.8,0.05,0,0,202,0,118,8182.625666602578,6491.488612317327,32718.87692394142,0.0,629,0.468585806778653,0.1591052146986184,1.1279628532175046,3.220990551224218,0,8386.360610708569,0,1,0,0
CUST_003531,32,Female,Married,1,Salaried,Data Scientist,Post-Graduate,tier1,1991364.54,135,735,1,46754.47,1362718.04,0.35,46256.89,0.25,1,1,148,4,0,241223.4326333193,16298.214448599972,3725.527825691384,10927.06597873554,745,0.2817416137683333,1.4536081617190444,1.461317029811222,0.7394954644294837,32,10805.726715971194,1,1,0,1
CUST_003532,33,Male,Married,1,Salaried,Data Scientist,Post-Graduate,tier1,1871737.36,177,747,1,36612.1,753474.6,0.71,35648.12,0.23,1,1,148,4,0,217596.93253333744,11642.770236064414,2851.773705582959,16218.947202577663,755,0.2347243757038068,1.39503891183382,2.484137986684639,0.7865072094864503,33,10903.995511777255,1,0,0,0
CUST_003538,32,Female,Married,0,Salaried,Product Manager,Post-Graduate,tier1,2673491.29,68,732,1,51443.7,1311267.81,0.34,50172.64,0.24,1,1,146,4,0,376228.24708915065,21410.97506957835,3577.935054190274,18238.13940284163,741,0.2309046718996182,1.688697740510283,2.0388582948144705,0.5440673519011123,0,10965.982046784433,1,1,0,1
CUST_003540,31,Female,Single,0,Salaried,Analyst,Graduate,tier2,1035342.39,91,702,3,19123.92,494172.55,0.76,16169.01,0.15,0,0,132,4,0,102591.66915500868,4676.173832505703,15154.233100415342,3807.458375245527,712,0.2216507142061762,1.189061486338126,2.0950987562972565,1.262744161747808,0,9861.373519692515,0,1,1,1
CUST_003553,40,Male,Married,2,Salaried,Gig Worker,Under-Graduate,tier1,513282.21,253,611,2,19142.33,453974.91,0.52,1810.29,0.05,0,0,205,0,126,6994.589201065236,3179.1773207701663,34581.390789040066,0.0,619,0.4475171461606785,0.1635223401658531,1.1306375485871047,3.917580152399984,80,8138.972900582157,0,1,0,0
CUST_003554,52,Female,Married,2,Salaried,Govt. Employee,Graduate,tier2,1337831.32,159,766,0,27051.21,1159832.85,0.35,38112.04,0.38,0,1,109,4,0,178648.16853569585,10774.53955964614,4829.899489049743,4514.071321217435,772,0.2426401620781721,1.6024133696226477,1.1534680764835412,0.8087065375510045,104,10890.265239021028,1,1,0,1
CUST_003555,27,Male,Married,1,Self-Employed,Gig Worker,Under-Graduate,tier3,537283.97,67,637,1,18119.81,423918.38,0.53,3800.0,0.08,0,0,206,0,104,9218.188542094313,2851.1883258383286,28067.751644487216,0.0,645,0.4046889091686283,0.205879568583274,1.267420163711317,3.7640422758956382,27,8510.31311751648,0,1,0,0
CUST_003559,35,Male,Married,3,Self-Employed,Business Owner,Graduate,tier2,2872469.13,151,744,3,43839.08,1949275.95,0.69,60103.69,0.39,1,1,137,4,0,487123.6062296847,33629.88632737703,7362.043744462245,11106.03469366285,751,0.1831409628790146,2.034994490897218,1.4736074984111416,0.4752869634374887,105,11167.882850422666,1,1,0,0
CUST_003561,46,Male,Married,2,Salaried,Govt. Employee,Graduate,tier3,1820315.87,100,757,0,40371.54,687278.06,0.42,46377.1,0.29,0,1,113,4,0,254101.91684160547,18644.825636760663,2286.938769334626,6643.138372903917,764,0.2661380336938971,1.675095488209641,2.648583342550841,0.6173797750002572,92,11012.694157296746,1,1,0,1
CUST_003581,30,Female,Single,0,Salaried,Sales Rep,Under-Graduate,tier1,601177.21,98,616,1,32139.38,377953.67,0.57,4421.1,0.1,0,0,196,1,112,7313.0268434054,4157.444636335993,28266.875537387397,0.0,623,0.6415161043891656,0.1459712194782484,1.5906066460298005,3.2069258603408985,0,8290.04088913208,0,0,0,0
CUST_003584,27,Male,Single,0,Salaried,Analyst,Graduate,tier1,915069.36,84,686,1,18113.01,649569.85,0.6,11340.75,0.12,0,0,160,3,0,51131.09483941155,2107.579473315549,20409.865782953537,2955.038414878064,694,0.2375265517374323,0.6705121149806161,1.4087291016830574,1.729600037774465,0,9526.368828808458,1,1,0,1
CUST_003587,31,Male,Single,0,Salaried,HR Manager,Post-Graduate,tier1,1540541.77,83,783,2,23303.11,1117009.39,0.58,34015.73,0.31,0,1,181,4,0,177729.96795442182,7411.451219467851,18101.473347022933,19324.06268603463,790,0.1815174033166008,1.3844110195861985,1.3791651212841451,1.1673339183890543,0,11255.639834673762,1,1,0,0
CUST_003588,29,Male,Single,0,Salaried,Architect,Post-Graduate,tier1,1728146.56,53,780,1,19726.37,943688.45,0.19,33311.76,0.26,0,1,171,4,0,228912.3191793234,9947.768183181017,24558.78280394392,16948.870957846208,788,0.136976111729007,1.5895230297339618,1.8312661649444104,0.9838065669214912,0,11317.697767156444,1,1,0,0
CUST_003595,38,Male,Married,3,Self-Employed,Trader,Graduate,tier2,3140954.28,132,730,3,53332.2,1012993.16,0.66,83256.69,0.35,1,1,122,4,0,502350.3918219499,23391.85466352001,5520.660738559502,8614.692939078977,735,0.2037546229245097,1.919219808327073,3.1006637590092323,0.3871842913569663,114,10995.627592572857,1,1,0,0
CUST_003599,28,Male,Single,0,Salaried,Consultant,Graduate,tier1,847947.95,48,746,0,10527.85,329176.45,0.48,11684.05,0.15,0,0,169,1,1,55700.62715097951,2902.3382974861192,17899.903830899828,2279.831685342828,752,0.1489860458621896,0.7882536502009961,2.5759600179173874,1.9698164673043397,0,10265.232935792646,0,1,1,1
CUST_003604,26,Female,Single,0,Salaried,Analyst,Graduate,tier2,1028558.83,18,722,3,24002.36,922565.02,0.79,11707.14,0.19,0,0,118,4,0,97412.00345101109,2712.5252587863856,10929.070549793996,1843.677806996237,730,0.2800276962938955,1.1364740349598803,1.1148891328124138,1.13618984877342,0,10105.879215689309,1,1,1,1
CUST_003611,31,Male,Single,1,Self-Employed,Gig Worker,Under-Graduate,tier1,561673.8,153,606,3,23791.54,240325.31,0.42,3787.62,0.05,0,0,218,0,137,5905.211035214211,3575.142804263613,26959.017149888325,0.0,616,0.5082885841158883,0.1261604484617031,2.3371298797871947,3.813363495056096,31,8155.025841244013,0,1,0,0
CUST_003613,37,Male,Married,3,Self-Employed,Trader,Graduate,tier2,3140942.63,217,699,2,39933.87,2813253.44,0.42,101885.8,0.26,1,1,118,4,0,541871.2832976538,26881.36995473665,1611.8544153725527,9005.100245780288,706,0.152567132114226,2.0702162767540027,1.1164801111981897,0.3744911090304427,111,10561.7838852832,1,0,0,0
CUST_003624,32,Male,Married,0,Salaried,Data Scientist,Post-Graduate,tier1,2664814.91,51,712,3,55085.39,1482960.14,0.61,66329.24,0.3,1,1,147,4,0,398843.6131068543,22673.659167036614,5921.689953527139,19421.31730098265,718,0.2480553905844488,1.7960353594906664,1.796955320083438,0.5495707364663972,0,10623.273495044075,1,0,0,1
CUST_003628,24,Male,Single,0,Salaried,Consultant,Graduate,tier2,1015523.7,66,746,1,16636.66,388883.8,0.69,10402.4,0.13,0,0,172,4,0,89074.0777985701,2635.4575001923013,20181.78630004577,1567.8197362153364,757,0.196585821650583,1.0525370339839764,2.6113741138763973,1.6771918581696357,0,10470.003398904186,1,1,1,1
CUST_003630,33,Male,Single,0,Self-Employed,Sales Rep,Under-Graduate,tier2,727828.67,162,622,2,29010.36,522444.83,0.79,1817.76,0.05,0,0,205,1,98,11867.155358941043,3212.778794793222,23404.13278283448,0.0,627,0.4782974273751424,0.1956552720628988,1.3931179621052772,2.778422801054884,0,8463.134600924674,0,0,0,0
CUST_003631,32,Male,Married,0,Salaried,Product Manager,Post-Graduate,tier1,2020829.05,37,761,3,51531.05,1636674.53,0.62,45406.64,0.24,1,1,145,4,0,254233.89414397144,14920.10956553727,7512.462610285911,11094.338531291636,765,0.3059976439017804,1.509671792211296,1.234715747231829,0.7139941197906342,0,11107.049459124377,1,1,0,1
CUST_003632,28,Female,Married,0,Salaried,Product Manager,Post-Graduate,tier1,2184199.52,15,759,2,54669.17,949327.98,0.49,50246.28,0.25,1,1,152,4,0,278608.22082811507,15154.561021426134,2688.719577819383,10310.611712745447,768,0.3003509660090063,1.530666155417668,2.3007825169310645,0.6927355448514545,0,11210.312006261123,1,0,0,1
CUST_003637,34,Female,Single,0,Salaried,Architect,Post-Graduate,tier1,2044235.82,109,745,1,42187.73,993534.54,0.33,36201.66,0.21,0,1,165,4,0,266620.88385529176,6842.839710729686,13258.686588391412,17330.808257234996,753,0.2476474501022092,1.5650991895216997,2.0575366835895976,0.803218395831497,0,10941.492918742286,1,1,0,0
CUST_003641,26,Female,Single,1,Self-Employed,Sales Rep,Under-Graduate,tier1,700768.88,59,650,3,23592.32,620745.94,0.22,1537.89,0.06,0,0,206,1,83,15003.438188588563,3680.18939976467,27793.085122771543,0.0,658,0.4039891042689406,0.2569151976050813,1.128912339060423,2.898269828583379,26,8856.637123554432,0,1,0,0
CUST_003642,33,Male,Single,0,Salaried,Architect,Post-Graduate,tier2,1575512.66,113,770,0,18947.24,495718.47,0.49,29588.34,0.25,0,1,182,4,0,180953.35195240763,7036.373155299732,19317.66349219497,19018.62712457457,776,0.1443118510122209,1.3782330918443966,3.1782343751799784,1.147893703983417,0,11073.591322474504,1,1,0,0
CUST_003643,35,Male,Single,1,Self-Employed,Gig Worker,Under-Graduate,tier1,669378.21,142,655,1,30171.7,414626.57,0.23,5364.31,0.05,0,0,209,1,106,10073.937508871571,1636.556075221186,24144.953020064408,0.0,663,0.540880931019293,0.1805930954778363,1.614408347230745,3.076342410216542,35,8893.552284373742,0,0,0,0
CUST_003646,29,Female,Married,0,Salaried,Software Engineer,Post-Graduate,tier1,1991771.58,128,794,1,56042.51,1206718.03,0.66,42460.35,0.3,1,1,136,4,0,247778.2326384819,8281.901003106528,3551.131385435193,14105.86258403864,799,0.3376421649183392,1.4928021405125664,1.6505678045037544,0.6793981958720784,0,11589.12389961006,1,1,0,1
CUST_003649,33,Female,Married,1,Salaried,Data Scientist,Post-Graduate,tier1,2631087.71,167,749,3,70992.02,1864360.87,0.52,63609.44,0.26,1,1,153,4,0,334864.57293627143,16952.913223198142,4747.086409598112,23804.61454853567,759,0.3237825753095461,1.527260582319496,1.411253765879689,0.5793067735717115,33,11220.2273819939,1,1,0,0
CUST_003664,39,Female,Single,0,Salaried,Gig Worker,Under-Graduate,tier2,656797.59,242,633,0,29210.9,313566.49,0.46,3160.56,0.09,0,0,204,1,107,9928.340078289451,5679.201789976941,27185.20290453291,0.0,640,0.5336870918708724,0.1813921153914232,2.09459721095449,3.059399179892057,0,8572.884921821325,0,1,0,0
CUST_003665,38,Female,Married,2,Self-Employed,Gig Worker,Under-Graduate,tier2,553662.22,114,616,2,21157.69,323452.87,0.38,2956.6,0.08,0,0,211,0,122,7800.233788847251,3677.269658011304,33975.23835149296,0.0,626,0.4585589699300068,0.1690575469924661,1.7117192630899731,3.7433766627112246,76,8278.419233588733,0,1,0,0
CUST_003671,31,Female,Married,1,Salaried,Product Manager,Post-Graduate,tier1,1967674.92,22,743,2,44606.23,972165.17,0.32,37913.56,0.26,1,1,145,4,0,244712.12951563043,13218.773453367088,1554.985512305957,13007.52580239756,750,0.2720324837042673,1.4923845477346394,2.024010895174433,0.7331841979368379,31,10869.272751177905,1,0,0,1
CUST_003675,30,Male,Married,1,Salaried,Software Engineer,Post-Graduate,tier1,2216739.66,126,791,2,48755.4,1962527.31,0.73,43556.42,0.29,1,1,145,4,0,288797.6824127121,12762.706404600893,5325.17357864225,17651.76963877242,801,0.2639288877311588,1.5633560815524752,1.1295325772905669,0.65117625829685,30,11703.85035159021,1,1,0,1
CUST_003676,29,Female,Single,0,Salaried,HR Manager,Post-Graduate,tier1,2092037.17,51,737,2,31643.6,1036615.5,0.23,46652.64,0.32,0,1,176,4,0,282748.7045322134,10333.123999105035,13949.535739241555,19862.53293481252,746,0.1815077797621745,1.6218473748332412,2.018139948573074,0.8372830057995597,0,10857.022414875004,1,1,0,0
CUST_003677,34,Female,Single,1,Salaried,Teacher,Graduate,tier2,1198171.3,112,678,3,19134.91,600363.86,0.27,11956.5,0.13,0,0,127,4,0,127304.68724747104,3632.2239031443687,14868.063309448413,2002.1971377543205,688,0.1916392258179529,1.2749770815280537,1.9957385580495168,1.0511754417606178,34,9629.45981480382,0,1,0,1
CUST_003683,26,Male,Single,0,Salaried,Consultant,Graduate,tier2,1018573.49,66,718,1,12363.69,807884.74,0.39,10382.56,0.1,0,0,161,4,0,103143.5304800852,4284.551482087341,16086.904124799752,1762.516452120727,726,0.1456571701212826,1.2151384227562698,1.2607890442527183,1.5652746407065188,0,10043.42203513098,0,1,1,1
CUST_003684,30,Male,Married,0,Salaried,Data Scientist,Post-Graduate,tier1,2395753.79,62,733,2,54694.77,1953189.6,0.22,59276.45,0.24,1,1,144,4,0,313016.99912358826,15862.83905530926,2673.716095199857,22678.203117625537,741,0.2739571800964734,1.567851083424586,1.2265847429329222,0.5985649928041888,0,10884.703788659226,1,1,0,0
CUST_003691,32,Female,Married,1,Self-Employed,Sales Rep,Under-Graduate,tier2,547812.6,136,635,3,19794.36,305266.41,0.12,1533.52,0.03,0,0,198,0,104,9258.921416658515,5380.440254910706,27543.407233375663,0.0,642,0.4335919197494965,0.202815019624716,1.7945335206270463,3.5495791955936458,32,8483.189212456633,0,1,0,0
CUST_003697,52,Male,Married,1,Salaried,Govt. Employee,Graduate,tier3,1296994.17,204,776,2,23453.13,677381.84,0.59,41803.98,0.31,0,1,115,4,0,168816.21504931425,21564.42477623952,2874.232249865316,9441.933705630312,784,0.2169901473945956,1.5619004962727132,1.9147136499649149,0.8798815070460492,52,11035.239619621578,1,1,0,1
CUST_003700,33,Female,Single,0,Salaried,Analyst,Graduate,tier2,916360.7,157,677,2,15922.69,601448.52,0.62,8139.64,0.15,0,0,114,4,0,101335.09013648285,5247.482195364997,15776.850045059882,1234.2913010663565,686,0.2085093543271204,1.326994007610434,1.5235870501650743,1.230622153983864,0,9417.522174212196,1,1,0,1
CUST_003714,41,Male,Married,1,Self-Employed,Trader,Graduate,tier2,2850109.45,53,745,2,67966.55,1518936.1,0.18,69902.93,0.31,1,1,119,4,0,412749.4438062104,28132.99907255958,6154.990319176449,7168.44167049209,753,0.2861627528188316,1.737818339521821,1.876384117551675,0.4160679934818578,41,11191.73983432754,1,1,0,0
CUST_003715,25,Female,Single,1,Salaried,Gig Worker,Under-Graduate,tier2,567716.99,12,622,0,29653.55,459576.99,0.17,3288.8,0.05,0,0,201,0,125,6307.28603424217,2897.489923713336,30003.632209419186,0.0,627,0.6267825076186438,0.1333161310133309,1.2353006504945985,3.479212200423602,25,8307.361308861624,0,1,0,0
CUST_003719,54,Female,Married,2,Salaried,Govt. Employee,Graduate,tier3,1750529.67,333,695,3,38787.76,911297.68,0.64,54837.01,0.34,0,1,102,4,0,255114.37039508615,13239.455585936412,9185.317900000531,5658.637435553495,700,0.2658909113543124,1.748814379689136,1.920917596413066,0.57937109347325,108,10062.800677952218,1,1,0,1
CUST_003720,47,Female,Married,2,Salaried,Govt. Employee,Graduate,tier2,1403136.27,173,759,2,30281.8,590430.92,0.75,36388.96,0.35,0,1,103,4,0,198463.50543866368,15091.96298616686,2501.64877512317,6033.432148095298,769,0.2589759099371586,1.6972989356741066,2.376457339908045,0.7288752131455801,94,10884.596098678674,1,1,0,1
CUST_003731,53,Female,Married,1,Salaried,Govt. Employee,Graduate,tier3,1326240.08,216,769,3,31679.86,1159189.52,0.26,40959.68,0.38,0,1,113,4,0,183573.6250536932,9030.894881466154,4322.583255619828,5896.071278033386,777,0.2866410735431231,1.6609840119114598,1.1441088044784908,0.8456564182687889,53,10954.0366319332,1,1,0,1
CUST_003732,51,Male,Married,1,Salaried,Govt. Employee,Graduate,tier2,1874808.55,219,758,0,31354.99,1019336.96,0.51,50338.31,0.29,0,1,112,4,0,280951.6410830906,24215.65663530404,4023.4066617795625,6044.284648768936,765,0.200691143480372,1.7982626086518454,1.8392413738815336,0.5942248086682332,51,11049.673493754211,1,1,0,1
CUST_003741,45,Female,Married,1,Salaried,Govt. Employee,Graduate,tier2,1338868.07,138,846,3,25261.48,462565.36,0.43,34465.43,0.31,0,1,106,4,0,172213.28949226442,16551.41781034585,686.4261144436731,4975.985447201028,855,0.2264114365374039,1.5434985703440731,2.894434584477782,0.785844089259226,45,12061.772141460531,1,1,0,1
CUST_003742,34,Female,Single,0,Salaried,HR Manager,Post-Graduate,tier2,2161847.68,174,732,2,28848.74,1748271.2,0.14,56619.9,0.33,0,1,159,4,0,325653.97476006066,6539.238215089587,25081.24562991557,19782.52493814704,739,0.1601329092737415,1.8076324440819984,1.2365624071583363,0.732095539959782,0,10779.40449586308,1,1,0,0
CUST_003744,53,Female,Married,1,Salaried,Govt. Employee,Graduate,tier2,1511893.79,26,807,2,26447.7,1289718.12,0.16,49154.77,0.28,0,1,106,4,0,226275.21050856667,14151.252051542808,5873.9485477443,8397.419917273819,818,0.2099154604070932,1.7959469062571682,1.1722659349269784,0.6965006408232995,53,11639.21913647321,1,1,0,1
CUST_003745,29,Male,Married,0,Salaried,Data Scientist,Post-Graduate,tier1,2180782.77,12,726,3,40335.12,1894930.53,0.27,37447.15,0.25,1,1,138,4,0,305020.06755541475,14562.501839318356,5028.467043292446,8880.853412971908,732,0.2219472674175571,1.678397647049097,1.1508504320470092,0.6299118374022997,0,10683.68266509713,1,1,0,1
CUST_003749,32,Female,Single,0,Salaried,Architect,Post-Graduate,tier2,1659715.01,49,852,1,28534.51,534324.81,0.71,41040.4,0.21,0,1,170,4,0,199099.19086074387,7863.734911735453,16555.346119730977,13406.632148864726,859,0.2063074939052778,1.439507988924592,3.1061853628219827,1.0181378198187248,0,12302.732920882778,1,1,0,1
CUST_003755,46,Male,Married,2,Self-Employed,Trader,Graduate,tier2,3526006.28,216,693,1,51888.3,3003987.58,0.68,87087.14,0.26,1,1,129,4,0,624557.3650985427,33228.78765666281,615.4878876668312,18983.81541571216,700,0.1765900090569014,2.12553871989073,1.1737748616873902,0.3648183566008825,92,10552.97369462023,0,0,0,0
CUST_003757,29,Male,Married,0,Salaried,Product Manager,Post-Graduate,tier1,2326360.8,87,777,2,40640.5,1354712.45,0.26,47800.14,0.2,1,1,150,4,0,318830.1865654286,20618.83697712777,5559.027010034968,19936.714140877888,785,0.2096336408334898,1.6446040973248757,1.717234593042536,0.6420241257257869,0,11507.955674583656,1,1,0,0
CUST_003760,24,Female,Single,0,Salaried,Analyst,Graduate,tier1,1035199.13,35,767,0,16490.55,562688.96,0.52,15945.0,0.12,0,0,157,4,0,74089.16771014176,2538.120165298107,19411.660740891657,6572.606711043078,775,0.1911557886747218,0.858829650065394,1.839732718884837,1.5021061106317606,0,10733.83162943898,1,1,1,1
CUST_003761,30,Male,Single,0,Self-Employed,Sales Rep,Under-Graduate,tier1,681001.46,83,632,2,36145.3,362701.21,0.61,3312.31,0.08,0,0,200,1,105,9110.81804457307,5548.745800081355,23887.48494332841,0.0,641,0.636908997364017,0.160539876164675,1.877577365740341,2.894349890375051,0,8609.476887571813,0,1,0,0
CUST_003763,36,Female,Married,2,Self-Employed,Trader,Graduate,tier2,3677519.75,122,766,0,90577.02,2056811.1,0.78,96061.14,0.28,1,1,130,8,0,583470.4621734235,28017.1087010982,1814.0053089472744,15017.367818596544,775,0.2955580845767001,1.9038980550150468,1.787970690176317,0.3525404846984209,72,11716.255764743,1,1,0,0
CUST_003766,37,Male,Married,3,Self-Employed,Business Owner,Graduate,tier2,2987742.83,208,677,2,67125.54,1625045.21,0.14,91835.92,0.3,1,1,132,4,0,467522.72384628205,35217.42713946912,3174.462342025306,9168.915707346736,683,0.2696026032363572,1.8777553733066457,1.838558689355671,0.4403313008674596,111,10183.549867532814,1,0,0,0
CUST_003770,32,Male,Married,1,Salaried,Product Manager,Post-Graduate,tier1,2373986.2,140,754,2,41949.11,1198107.11,0.34,47059.57,0.28,1,1,142,4,0,343256.6817826606,18777.990474432558,7513.726082632496,18368.009148456586,762,0.2120428397965929,1.735081425669121,1.9814457311369005,0.5956410318146975,32,11186.222074343712,1,1,0,1
CUST_003780,46,Female,Married,1,Self-Employed,Trader,Graduate,tier2,3057946.32,76,751,3,42052.58,2622929.25,0.31,83834.09,0.38,1,1,134,4,0,529894.3300211156,28590.051331904036,3478.504920840631,18107.885549527768,760,0.1650221838210012,2.079404391703216,1.1658511773235296,0.4367742653332996,46,11349.273373166552,1,1,0,0
CUST_003784,55,Male,Married,1,Salaried,Govt. Employee,Graduate,tier3,1725708.29,22,748,1,42231.81,1231439.88,0.43,40621.35,0.37,0,1,108,4,0,223467.0047747217,9416.270619427129,1433.5400469151268,5083.840354561828,756,0.2936638822274031,1.553904229344525,1.4013732352299366,0.622224371584928,55,10857.02842214718,1,1,0,1
CUST_003792,28,Female,Married,0,Salaried,Software Engineer,Post-Graduate,tier1,2529257.02,56,780,3,55890.51,1327251.32,0.54,58797.62,0.29,1,1,144,4,0,353951.4172185737,19774.76390015815,6271.304495893399,18340.86953380839,786,0.2651699422626067,1.6793061445962296,1.9056339038834755,0.567095015848376,0,11588.341124341368,1,1,0,1
CUST_003811,27,Female,Married,1,Salaried,Product Manager,Post-Graduate,tier1,2372849.21,61,808,3,65434.26,1178555.45,0.58,56009.75,0.29,1,1,153,4,0,306763.3280388868,14658.713917306775,5897.4861147917545,17060.46402982838,813,0.3309132100482185,1.5513591443751744,2.013352190300261,0.642088468535531,27,11934.516759977148,1,1,0,1
CUST_003813,41,Female,Married,1,Self-Employed,Trader,Graduate,tier2,2763734.27,70,694,1,49990.41,1437049.24,0.35,68489.17,0.39,1,1,127,4,0,435441.3230776657,33208.46741415297,5187.548294289472,7440.288133742231,702,0.217054990362773,1.890656871671504,1.9231994770064549,0.4578664992302957,41,10412.12976436002,1,0,0,0
CUST_003826,34,Female,Married,0,Salaried,Sales Rep,Under-Graduate,tier2,687289.82,23,587,3,26313.52,319873.16,0.21,5508.27,0.03,0,0,221,1,106,11493.493286710014,1673.934998728704,29332.01382800483,0.0,598,0.4594229650082987,0.2006715469493739,2.148625634530779,3.169413831396535,0,8037.426654643783,0,1,0,0
CUST_003832,31,Male,Married,0,Salaried,Software Engineer,Post-Graduate,tier1,1978708.4,139,797,0,37011.75,1305865.82,0.39,35731.01,0.28,1,1,155,4,0,265369.364125712,20173.95017188306,3423.4625535848163,15308.951448727914,804,0.2244586956297615,1.6093392323182922,1.5152451763802377,0.7794003384307122,0,11656.35611905831,1,1,0,1
CUST_003842,37,Female,Married,2,Salaried,Gig Worker,Under-Graduate,tier3,719992.29,228,587,1,27943.88,507881.94,0.46,4800.68,0.05,0,0,212,1,105,11975.553868010198,3829.266613234058,32525.631585517734,0.0,595,0.4657285583673397,0.1995913752348925,1.417634327311723,2.904140261536187,74,8024.763317045098,0,1,0,0
CUST_003850,27,Female,Married,1,Salaried,Software Engineer,Post-Graduate,tier1,2727494.87,88,733,2,46362.41,2312256.74,0.2,59729.01,0.24,1,1,146,4,0,418766.5450117744,26674.8088149556,2834.2761343354405,26515.968706191903,740,0.2039770920906974,1.842414622457502,1.1795808152425082,0.5333343327872611,27,10965.98191703599,1,0,0,0
CUST_003851,37,Female,Single,0,Salaried,Architect,Post-Graduate,tier2,1821119.97,184,738,3,25901.56,1041683.66,0.48,42589.61,0.25,0,1,169,4,0,239853.99156806164,8473.762606995375,14636.630399402124,23128.10043886548,744,0.1706733642153347,1.5804718967273632,1.7482449727156393,0.9229324280702372,0,10724.73231355479,1,1,0,0
CUST_003864,29,Female,Married,0,Salaried,Product Manager,Post-Graduate,tier1,2401944.79,81,773,0,41907.65,1562282.23,0.23,44713.55,0.21,1,1,151,4,0,354589.5275488442,26733.845805652058,5741.435375599725,21884.75936753563,779,0.2093675465327584,1.7715032794516383,1.537457961447874,0.6260508143720819,0,11444.90418617354,1,1,0,0
CUST_003867,33,Female,Married,0,Salaried,Software Engineer,Post-Graduate,tier1,2607642.99,169,770,3,60363.04,1084276.01,0.24,48868.61,0.27,1,1,144,4,0,362633.05859217065,21188.605381156107,5014.36058721845,19323.81531043926,777,0.2777807964542119,1.6687777791900482,2.404960140213616,0.550113214636653,0,11479.365121873536,1,1,0,1
CUST_003869,42,Female,Married,3,Self-Employed,Trader,Graduate,tier2,2724748.69,196,775,0,40182.0,1472677.59,0.79,56828.53,0.36,1,1,129,4,0,450867.7821913401,24030.23364710133,3126.216679070795,11871.983646446768,781,0.1769637978739336,1.9856471822103687,1.8501991598859329,0.4717069633188123,126,11572.769844609104,1,1,0,0
CUST_003872,35,Male,Married,1,Salaried,Gig Worker,Under-Graduate,tier3,618168.11,95,582,2,28555.18,442987.54,0.39,4382.85,0.03,0,0,208,1,106,9320.306131330257,5303.361204151185,25159.10847507104,0.0,587,0.5543079669774559,0.1809240895440053,1.395449439843297,3.3112155279579536,35,7827.361678453042,0,1,0,0
CUST_003875,39,Female,Single,2,Self-Employed,Gig Worker,Under-Graduate,tier1,522261.19,139,606,0,18300.33,440201.77,0.58,1253.08,0.05,0,0,212,0,119,7876.642300739989,5895.836417810802,28034.515048034464,0.0,614,0.4204771835981089,0.180977521761896,1.1864105035050097,3.9830069143309137,78,8083.877962561237,0,0,0,0
CUST_003876,26,Male,Single,1,Self-Employed,Gig Worker,Under-Graduate,tier2,603372.27,17,652,0,29282.2,312258.9,0.15,1242.19,0.09,0,0,205,1,122,7550.268969325021,4234.508111590658,26527.377463243905,0.0,661,0.5823592318705956,0.1501584183357982,1.9322758701965892,3.3421791304650927,26,8798.102553102985,0,1,0,0
CUST_003898,30,Female,Married,1,Self-Employed,Sales Rep,Under-Graduate,tier2,687773.55,53,578,1,25145.92,316526.56,0.51,1486.94,0.03,0,0,207,1,100,12978.205728807356,5394.302965290239,26613.09107196764,0.0,586,0.4387283797980343,0.2264346332162521,2.1728709815979377,2.9665784838075333,30,7876.552795316498,0,0,0,0
CUST_003902,32,Male,Married,1,Salaried,Product Manager,Post-Graduate,tier1,2207145.26,118,755,2,53334.7,1948181.26,0.18,43569.21,0.25,1,1,150,4,0,292456.0243907511,16268.833297579238,6241.583386939188,10716.635349752469,762,0.2899731757219692,1.5900417955216355,1.1329254481559643,0.6765456585375016,32,11130.694746947313,1,0,0,1
CUST_003907,47,Female,Married,2,Self-Employed,Surgeon,Post-Graduate,tier1,10908560.57,103,817,0,91820.08,5383442.55,0.57,502638.51,0.53,1,1,124,8,0,2591279.4440881424,13522.7237154856,5832.852754720303,43384.86046292532,824,0.1010068872833285,2.850542830376725,2.026316514454768,0.1135680836361381,94,13352.968207313044,1,1,0,0
CUST_003912,28,Male,Single,0,Salaried,Junior Software Engineer,Graduate,tier2,1039892.91,79,717,0,12295.53,550030.39,0.66,11081.78,0.14,0,0,165,4,0,99427.15515682136,2711.3567388537176,15116.509607836291,2111.025051841189,726,0.141884472879352,1.1473413101606147,1.890606479750183,1.5715888585246278,0,10058.460840072954,0,1,1,1
CUST_003914,45,Male,Married,2,Self-Employed,Business Owner,Graduate,tier2,3164107.42,72,792,0,72827.41,2846223.83,0.23,102068.07,0.32,1,1,139,4,0,472731.5002652733,34813.13726329374,2989.491499576604,8278.48115176189,801,0.2761997270001901,1.792845733737597,1.1116856920962213,0.4379183865176183,90,11988.872881100864,1,1,0,0
CUST_003921,36,Female,Single,0,Salaried,HR Manager,Post-Graduate,tier2,1957270.67,189,749,1,32588.68,626273.76,0.24,49790.19,0.3,0,1,172,4,0,260966.4298813285,10644.685406973143,14391.80325422839,24321.345080271585,758,0.1997995312552376,1.59997184186786,3.125258744261065,0.8743077534928124,0,10981.193038725072,1,1,0,0
CUST_003923,45,Female,Married,3,Self-Employed,Trader,Graduate,tier2,3184610.77,36,723,1,72823.06,1238252.5,0.57,91040.31,0.3,1,1,133,4,0,488305.5730874434,24223.62040910701,3045.8258196633024,13441.056607310911,729,0.2744050969653778,1.839987747449699,2.571856869372871,0.4163261491790438,135,10915.930049859411,1,1,0,0
CUST_003928,28,Female,Married,1,Salaried,Product Manager,Post-Graduate,tier1,2548844.47,94,792,3,47195.64,2186855.11,0.21,47938.22,0.23,1,1,155,4,0,341383.9606930757,17142.154914028793,2584.238027095963,23660.723886716904,800,0.2221967720293014,1.6072335090398042,1.1655291165910318,0.60574216923782,28,11800.920846197225,1,0,0,0
CUST_003936,46,Female,Married,1,Self-Employed,Trader,Graduate,tier2,3156102.66,197,738,0,41846.76,2224885.34,0.18,70700.5,0.3,1,1,143,4,0,546177.2482336216,24182.51003910123,3553.9458569063345,21724.18260102117,746,0.1591073753955441,2.076644128893422,1.418545569388502,0.4516593912340164,46,11163.777209113669,1,1,0,0
CUST_003941,38,Female,Single,0,Salaried,Architect,Post-Graduate,tier1,1594568.12,237,775,1,15193.29,1130469.77,0.68,44526.71,0.21,0,1,164,4,0,220757.9843475365,9195.774286061967,15893.124471362784,16766.645675021657,782,0.1143369829544846,1.661312453945831,1.4105345864006729,1.0220818795776647,0,11168.61323676086,1,1,0,0
CUST_003944,33,Female,Married,1,Salaried,Product Manager,Post-Graduate,tier1,2745660.57,84,744,2,58704.57,955933.09,0.22,48954.54,0.23,1,1,148,4,0,368200.1857386431,18601.757445403386,3636.535603956797,16003.92563233408,753,0.2565691363555415,1.609224012047335,2.872227906423967,0.5370763061722076,33,11163.62605758539,1,1,0,1
CUST_003954,42,Female,Married,2,Self-Employed,Trader,Graduate,tier2,3575940.89,267,776,1,75265.77,1735805.47,0.12,86115.24,0.32,1,1,129,8,0,578682.8698899978,20079.635818137205,5397.998632770539,10414.169586631308,786,0.2525730253677922,1.941914407792988,2.060103445748765,0.3597382220095658,84,11860.534983802798,1,1,0,0
CUST_003967,39,Female,Married,2,Self-Employed,Business Owner,Graduate,tier2,2751120.18,23,737,2,43687.88,2267488.01,0.63,67655.59,0.31,1,1,131,4,0,431361.8478552988,37650.71783991357,5401.524788221861,13457.588705881924,743,0.1905595680975241,1.8815316151998136,1.2132893115984718,0.4744451217621392,78,11016.846682661237,1,1,0,0
CUST_003971,32,Male,Single,0,Salaried,HR Manager,Post-Graduate,tier2,1620143.28,21,792,2,26807.29,813292.88,0.61,34451.9,0.3,0,1,167,4,0,193852.23208395293,5880.043158528422,18137.81209428369,18386.61549955094,799,0.1985534867991172,1.435804835328769,1.9920760746410635,1.0244498262753934,0,11424.12258621199,1,1,0,0
CUST_003975,51,Male,Married,2,Salaried,Govt. Employee,Graduate,tier3,1577108.63,37,746,1,29150.06,923232.09,0.54,41611.49,0.26,0,1,102,4,0,229293.3710181495,13454.309224997209,2018.0072854710072,7518.003295029084,755,0.2217970606344805,1.7446480629815837,1.708245346795358,0.6426781259452922,102,10774.683808108904,1,1,0,1
CUST_003984,29,Male,Married,0,Salaried,Product Manager,Post-Graduate,tier1,2466304.27,113,776,0,61380.32,1613573.72,0.66,59108.27,0.28,1,1,139,4,0,325733.0548864843,18136.136117228925,4613.396974475292,17061.28464847693,786,0.2986493861146202,1.584872429454399,1.5284723040281645,0.5613203582611438,0,11568.530152835594,1,1,0,1
CUST_003988,28,Male,Married,0,Salaried,Data Scientist,Post-Graduate,tier1,2435249.77,44,765,1,49764.81,1076718.99,0.4,59688.11,0.23,1,1,144,4,0,351560.51824995666,16753.88612275686,2965.934069901141,22090.83108097511,775,0.2452211615837914,1.7323502019248962,2.2617298764927734,0.588896896205413,0,11396.809228487402,1,1,0,0
CUST_003994,29,Female,Married,1,Salaried,Data Scientist,Post-Graduate,tier1,2689042.68,120,744,3,48828.85,1010550.3,0.77,46339.62,0.22,1,1,156,4,0,379275.7814903541,20708.59375912027,3400.8984109117973,20772.08172579895,751,0.2179004407600963,1.6925313612009738,2.660966029136769,0.5779827090396362,29,11118.326830486025,1,1,0,1
CUST_004001,59,Male,Married,1,Self-Employed,CXO,Post-Graduate,tier1,9049086.28,193,826,2,92112.99,5698067.22,0.74,390495.86,0.48,1,1,118,8,0,2058127.170258628,18344.602980670337,5612.562034748355,33059.74883110503,833,0.1221509420936469,2.7292803414113807,1.5880972165686005,0.130255962194015,59,13343.139323140336,1,1,0,0
CUST_004007,30,Female,Single,0,Salaried,Teacher,Graduate,tier1,1001846.23,101,744,0,19871.29,361914.65,0.33,13890.84,0.17,0,0,135,4,0,89313.4023854694,7589.559494838792,14605.441481381857,1357.5671010310991,750,0.2380131967374266,1.0697729444470727,2.768176037703813,1.3341948212822812,0,10363.01706294983,0,1,1,1
CUST_004015,34,Male,Single,0,Salaried,Analyst,Graduate,tier1,1129766.23,121,710,1,14217.72,471410.61,0.44,15192.12,0.18,0,0,122,4,0,133192.38740220826,2829.700545426149,24327.2056750637,907.1534394943304,719,0.1510142747218628,1.4147100788324618,2.396560046537674,1.0703949352842292,0,10021.078446211352,1,1,1,1
CUST_004019,33,Male,Married,1,Salaried,Product Manager,Post-Graduate,tier1,2332003.35,65,753,1,55917.3,1335946.3,0.16,49270.8,0.27,1,1,159,4,0,286749.97697055776,11927.358917378093,2782.078585355985,28898.948822995768,761,0.2877372140796586,1.4755476303561608,1.7455803458714276,0.6789059460568235,33,11157.963644461634,1,1,0,0
CUST_004022,27,Male,Married,1,Salaried,Data Scientist,Post-Graduate,tier1,2542839.0,68,748,0,56342.84,2168364.88,0.37,46063.81,0.2,1,1,158,4,0,346848.61116896285,20627.450308990155,6038.043580064018,17823.622865654634,757,0.2658882018647573,1.6368176247949855,1.1726983086452183,0.6189187802286005,27,11164.835638330713,1,1,0,1
CUST_004026,27,Male,Single,1,Self-Employed,Gig Worker,Under-Graduate,tier1,641852.93,21,619,2,30259.21,366291.39,0.69,4018.19,0.07,0,0,216,1,119,7812.616821674632,4600.82862336791,27947.163417081447,0.0,629,0.5657117300364112,0.1460609506428331,1.7522966556853663,3.313630882966193,27,8411.060985021333,0,1,0,0
CUST_004038,54,Male,Married,2,Salaried,Govt. Employee,Graduate,tier2,1784624.91,273,758,2,34595.16,975345.38,0.24,56824.87,0.26,0,1,116,4,0,246203.534282984,11569.87494647089,2850.202343181958,9325.675151516458,768,0.2326198218101406,1.6554865557475262,1.8297344887874605,0.6463746232074757,108,11055.14448153787,1,1,0,1
CUST_004062,47,Male,Married,2,Salaried,Govt. Employee,Graduate,tier3,1522441.43,71,796,3,28921.3,629114.68,0.35,37461.11,0.39,0,1,105,4,0,224050.7549266774,12616.40236920713,5997.480912021171,7302.587414082171,801,0.2279581057530278,1.765971297473532,2.419970568846734,0.685181162192933,94,11402.896998499751,1,1,0,1
CUST_004071,33,Male,Single,0,Self-Employed,Gig Worker,Under-Graduate,tier2,576433.57,160,591,0,23446.09,174596.44,0.44,4129.33,0.05,0,0,208,0,119,8359.159406350447,3489.0015705136834,32113.36838763912,0.0,598,0.4880826475949846,0.1740145437776638,3.301500697833828,3.546863799082989,0,7932.241035978166,0,1,0,0
CUST_004080,53,Male,Married,1,Salaried,Govt. Employee,Graduate,tier2,1357599.8,174,771,3,24341.05,816368.35,0.54,41377.45,0.3,0,1,105,4,0,189890.08877070167,16660.881999779594,4099.634950421904,5316.55934242231,779,0.2151517834479635,1.678448187654542,1.662972525854872,0.7677684655993661,53,11000.437844516016,1,1,0,1
CUST_004083,30,Female,Married,1,Salaried,Product Manager,Post-Graduate,tier1,2576927.49,121,779,0,73114.76,1473774.52,0.74,59159.95,0.23,1,1,144,4,0,327767.06720394705,15684.208564747294,3659.485071815755,11809.864039226488,785,0.3404725347276198,1.5263085616524756,1.7485210298512763,0.5566449023277416,30,11588.255360843925,1,1,0,1
CUST_004089,31,Female,Single,0,Salaried,Architect,Post-Graduate,tier1,1929914.45,155,728,2,35693.08,842847.58,0.76,43412.12,0.25,0,1,161,4,0,250497.5914069154,7259.812974431778,15473.303498828918,10749.459132296106,735,0.2219343436637184,1.557557334313432,2.2897522708052733,0.8299335055728875,0,10637.645262449008,1,1,0,1
CUST_004091,28,Female,Married,0,Salaried,Product Manager,Post-Graduate,tier1,2043035.14,45,788,2,44745.35,950458.35,0.47,38094.75,0.24,1,1,151,4,0,265027.4494344599,17804.38891063017,7866.53740794642,17463.452447059357,797,0.2628153748816584,1.556659820004701,2.149523953865044,0.7354964221411233,0,11580.368207962334,1,1,0,0
CUST_004109,27,Female,Single,0,Salaried,Analyst,Graduate,tier1,864014.69,30,704,3,17358.25,308397.6,0.65,9785.45,0.13,0,0,164,2,20,43234.84595273874,1600.5513022740192,18354.238002459144,3965.35519325581,714,0.2410793583239888,0.6004654224661333,2.80161677128236,1.8763986678530544,0,9759.91319204328,0,1,1,1
CUST_004117,43,Female,Married,1,Salaried,Govt. Employee,Graduate,tier2,1606151.73,188,771,2,28892.78,1246842.0,0.59,33945.59,0.3,0,1,101,4,0,227635.0127573704,14835.220392703002,1987.3803276618576,6857.895859327931,781,0.2158642693295035,1.700710893956275,1.288174798270512,0.6249413228051305,43,11159.984121771571,1,1,0,1
CUST_004118,28,Female,Single,0,Salaried,Consultant,Graduate,tier2,1112544.18,99,709,1,13708.68,887366.23,0.6,16091.76,0.12,0,0,162,4,0,112288.50125221662,2599.548335537773,16387.467624247598,2919.3898489249896,716,0.147861441028533,1.211140650017871,1.253758469309262,1.4431503266089716,0,9968.267206858653,0,1,1,1
CUST_004125,37,Female,Married,1,Self-Employed,Business Owner,Graduate,tier2,2776844.08,89,730,0,52929.45,1403396.5,0.72,62378.67,0.34,1,1,130,4,0,428336.5319113552,30283.90545296465,7267.761680856059,9874.886701045005,737,0.2287311195472543,1.8510280096821805,1.9786582775015635,0.4664774787113314,37,10934.7407457215,1,1,0,0
CUST_004127,53,Male,Married,1,Salaried,Govt. Employee,Graduate,tier2,1315680.2,207,798,2,26621.1,483701.21,0.42,30417.09,0.26,0,1,99,4,0,177209.65693421153,11192.734245817392,2699.489049115469,5942.634700367269,806,0.2428023818944887,1.6162715589638204,2.72002106419981,0.7467864421600323,53,11356.431280497834,1,1,0,1
CUST_004144,43,Male,Married,1,Salaried,Govt. Employee,Graduate,tier2,1491376.18,89,735,2,27127.85,601192.45,0.74,45650.83,0.31,0,1,119,4,0,211225.7544386187,16283.55571956074,1625.5698998893197,3242.088229748671,743,0.2182759689030122,1.6995635926680233,2.4806926622370886,0.7926061541751648,43,10561.901425956114,1,1,0,1
CUST_004146,29,Female,Single,0,Salaried,HR Manager,Post-Graduate,tier1,1888128.73,17,759,0,32927.37,772498.02,0.71,47778.17,0.2,0,1,160,4,0,256082.29547394128,14508.837986272896,12887.747402367911,23085.05322693812,766,0.2092685326479875,1.627520394460902,2.44418268647124,0.842935452539091,0,11069.540559568026,1,1,0,0
CUST_004155,52,Female,Married,2,Salaried,Govt. Employee,Graduate,tier3,1663715.1,295,783,0,39244.94,788307.71,0.79,41234.32,0.34,0,1,107,4,0,239253.74182827488,15156.632801327,3610.453293990983,6136.849486991689,792,0.2830628172132316,1.725670575384207,2.110486766028502,0.6392963772627731,104,11345.054904078565,1,1,0,1
CUST_004159,33,Female,Married,0,Salaried,Software Engineer,Post-Graduate,tier1,2498905.14,33,831,3,64089.42,1684221.45,0.31,51256.73,0.29,1,1,154,4,0,300958.143003231,9145.665031984923,4478.608937223353,15277.08686243922,838,0.3077625214896081,1.445225076986255,1.4837144226405483,0.6138135617195953,0,12344.882738773846,1,1,0,1
CUST_004165,42,Male,Married,3,Self-Employed,Business Owner,Graduate,tier2,3510996.72,187,689,1,78709.8,3113314.83,0.6,115925.29,0.29,1,1,126,8,0,586873.3874367095,22736.05930308154,8485.872913538846,16549.57566902295,696,0.2690160222672417,2.0058282991790786,1.1277354793779468,0.3578532160632061,126,10489.701920810852,1,1,0,0
CUST_004173,47,Female,Married,2,Salaried,Govt. Employee,Graduate,tier2,1563477.27,41,745,0,35520.52,1290761.11,0.17,41907.08,0.4,0,1,106,4,0,228643.72522989783,21706.964534940907,3523.6135485128048,4102.444982335419,754,0.2726249857794035,1.7548727422726569,1.2112822788081374,0.6736671830029042,94,10753.867362338688,1,1,0,1
CUST_004174,24,Male,Single,0,Salaried,Analyst,Graduate,tier2,1004185.47,43,710,1,19155.17,847491.85,0.15,9095.79,0.12,0,0,155,4,0,70772.58596574329,3547.2104608529767,18684.258620511235,2345.142775543196,720,0.228901233937584,0.8457211424650567,1.1848896070332628,1.5283200616155543,0,9950.175568137818,1,1,1,1
CUST_004176,47,Female,Married,2,Self-Employed,Surgeon,Post-Graduate,tier1,9567719.86,195,827,0,123467.88,3836048.43,0.38,403599.29,0.55,1,1,112,8,0,2159639.470310306,9242.120254832944,5625.439527827452,49744.02584291282,836,0.154855359836558,2.708653840109152,2.494159690742045,0.1169380621245274,94,13437.785065227668,1,1,0,0
CUST_004189,40,Male,Married,2,Salaried,Sales Rep,Under-Graduate,tier1,715904.96,108,608,1,38226.86,510595.2,0.34,5658.45,0.05,0,0,189,1,101,9206.657306991248,4789.5658312307605,25620.237956264584,0.0,612,0.6407479437279988,0.1543194167154455,1.4020961378090944,2.603646626136843,80,8250.558107079238,0,0,0,0
CUST_004200,26,Male,Single,0,Salaried,Junior Software Engineer,Graduate,tier1,1052277.26,15,725,1,12505.27,441239.75,0.19,13945.59,0.11,0,0,175,4,0,95120.69235242758,2891.539017320074,19265.270473183613,3626.909428386929,734,0.1426064540466753,1.0847286498287847,2.3848143218866347,1.647404181465769,0,10177.987616967686,1,1,1,1
CUST_004201,55,Female,Married,2,Salaried,Govt. Employee,Graduate,tier3,1535695.46,418,830,2,25625.21,1192509.7,0.2,40763.33,0.32,0,1,104,4,0,229555.9867655103,9285.709351314836,2635.272460545334,4103.041142642233,836,0.2002350890448888,1.7937477761461962,1.2877833800568834,0.672836290791719,110,11908.397448793768,1,1,0,1
CUST_004205,50,Female,Married,2,Salaried,Govt. Employee,Graduate,tier3,1531304.96,222,773,0,32654.61,1114940.22,0.66,35164.44,0.39,0,1,94,4,0,216548.9484787814,9660.23299994571,2149.0671615028714,6027.070099126305,779,0.2558943251043207,1.6969624510299794,1.373440081442141,0.6098728184200485,100,11094.23093687464,1,1,0,1
CUST_004207,39,Male,Married,1,Self-Employed,Business Owner,Graduate,tier2,3223142.56,100,779,1,57967.97,1919905.3,0.51,73849.37,0.35,1,1,127,4,0,569723.7622450786,20576.892049352136,10623.4017400727,14341.922935985103,786,0.2158182696643626,2.1211161362801487,1.678802012369041,0.3928066815587618,39,11778.892013895747,1,0,0,0
CUST_004212,30,Female,Married,1,Salaried,Product Manager,Post-Graduate,tier1,2238072.67,76,793,2,45883.08,1205713.63,0.22,42918.18,0.22,1,1,142,4,0,306352.2691555643,15940.190516521094,6111.709015619596,18588.5396396333,803,0.2460125693099895,1.6425773694552728,1.8562208787331376,0.6316521787527447,30,11740.76424633206,1,1,0,1
CUST_004213,49,Female,Married,3,Self-Employed,Trader,Graduate,tier2,3342286.02,213,764,3,69297.13,2413918.55,0.54,78790.8,0.33,1,1,141,4,0,529158.621575573,36009.33621934228,6476.380143977354,13496.777724226398,773,0.248800542328658,1.8998615386508455,1.38458881945755,0.420608501657624,147,11612.13421531061,1,1,0,0
CUST_004215,45,Female,Married,2,Self-Employed,Investor,Post-Graduate,tier1,10485213.59,163,812,0,162700.82,7916254.63,0.12,465870.59,0.51,1,1,122,8,0,2253577.14986661,14819.595168254236,5286.746404288428,49484.80194351063,821,0.186205801986946,2.579145824405607,1.324516801891098,0.1162434656082116,90,13271.85636124969,1,0,0,0
CUST_004233,50,Female,Married,2,Self-Employed,Trader,Graduate,tier2,3356972.35,202,733,3,68581.61,1147759.03,0.66,71358.09,0.37,1,1,121,4,0,490924.8287026184,24892.58423207244,2193.778878559022,10573.264962083498,740,0.24515435110682,1.7548779887613777,2.9248033232173105,0.3593733105649055,100,11119.647249598282,1,0,0,0
CUST_004236,29,Female,Single,1,Salaried,Teacher,Graduate,tier2,976293.53,69,680,2,16223.72,625808.46,0.27,10216.38,0.14,0,0,129,4,0,98050.63306130865,5793.391309115194,15366.132463237062,1608.4915954061598,686,0.1994095434448681,1.2051633024507231,1.5600491721553715,1.307927063051909,29,9460.98244039466,1,1,0,1
CUST_004243,28,Male,Married,1,Salaried,Product Manager,Post-Graduate,tier1,2738000.51,97,738,1,60807.0,2073672.44,0.7,66065.71,0.22,1,1,155,4,0,391248.7300276508,24499.024152598657,5668.645082218784,14137.484111597798,749,0.2665013389584549,1.7147418951463482,1.3203624337301634,0.5640464746493078,28,11102.231388409538,1,1,0,1
CUST_004245,44,Male,Single,2,Salaried,Sales Rep,Under-Graduate,tier3,553349.95,241,664,0,29274.28,424224.5,0.69,2444.73,0.08,0,0,199,0,131,5591.716806426167,5231.167508566707,32434.576953127413,0.0,674,0.6348310721400343,0.1212598764282835,1.3043769174648858,3.532440182163858,88,8912.805955533864,0,0,0,0
CUST_004248,52,Female,Married,2,Salaried,Govt. Employee,Graduate,tier2,1806889.85,264,756,0,35745.77,1508660.18,0.34,48499.98,0.3,0,1,103,4,0,266104.4650530243,17637.7725806259,3101.5678836169227,9626.747040225193,766,0.2373948756541479,1.7672534790067824,1.1976776985804063,0.5669028312310732,104,11035.852513444348,1,1,0,1
CUST_004259,47,Female,Married,3,Self-Employed,Trader,Graduate,tier2,3266118.07,173,758,2,49536.56,2569326.27,0.31,81151.95,0.28,1,1,138,4,0,561181.758705213,34127.38315522837,4925.864660656026,12997.19944293713,768,0.1820009329879505,2.0618226954025003,1.2711958138365145,0.4212302397269827,141,11519.318791133404,1,1,0,0
CUST_004269,35,Female,Married,2,Self-Employed,Trader,Graduate,tier2,2792617.23,101,794,2,43128.73,1085935.71,0.14,61764.28,0.28,1,1,135,4,0,434695.9874690169,32794.966425207065,5528.486284856173,21416.32611178581,800,0.1853252678301301,1.867899896481497,2.5716206149804077,0.4816926070207596,70,11873.992117948555,1,1,0,0
CUST_004286,30,Male,Single,0,Salaried,Architect,Post-Graduate,tier1,1911294.06,68,784,2,32928.55,1431801.17,0.47,36570.77,0.27,0,1,163,4,0,249806.2324686351,11075.94152839885,19170.58884728603,17435.333282311487,793,0.2067395736714192,1.5683907733875029,1.3348869697550467,0.8483865296497091,0,11469.39024842788,1,1,0,0
CUST_004287,59,Male,Married,1,Self-Employed,Investor,Post-Graduate,tier1,10620833.91,297,781,1,105950.05,7901512.9,0.63,510770.52,0.46,1,1,122,8,0,2357628.211133404,15030.933103749803,4713.583013098565,30746.962934657186,789,0.1197080355720931,2.663774502835325,1.344151771978785,0.1147605174089301,59,12764.700939897071,1,1,0,0
CUST_004288,36,Male,Single,0,Salaried,Architect,Post-Graduate,tier1,1852637.19,96,753,3,19842.52,1271098.03,0.53,43520.76,0.35,0,1,175,4,0,244241.56585387685,6895.388314566775,21443.061187008945,20737.935584205938,761,0.128524191889777,1.5820041948937578,1.4575081455297785,0.9395281106783872,0,10982.844255924543,1,1,0,0
CUST_004290,29,Male,Single,1,Salaried,Analyst,Graduate,tier2,1237424.87,75,692,3,17510.22,979170.5,0.26,18840.62,0.12,0,0,133,4,0,152494.3215308376,11448.177492899367,14496.52173086298,3093.265339560301,700,0.1698047351700454,1.4788082549779291,1.2637468206539917,1.0661964756242193,29,9819.980708020295,1,0,0,1
CUST_004291,46,Male,Married,1,Self-Employed,CXO,Post-Graduate,tier1,9797883.06,74,789,0,104122.33,4661449.21,0.34,446290.0,0.44,1,1,119,8,0,2140245.972864352,20947.867318341207,2698.79902470366,39060.93222943155,798,0.1275241214922749,2.6212723770866986,2.1018958947541777,0.1213309735363015,46,12845.94625245063,1,1,0,0
CUST_004299,28,Male,Married,1,Salaried,Product Manager,Post-Graduate,tier1,1898524.87,95,703,0,41319.3,978831.09,0.23,41116.16,0.23,1,1,146,4,0,244562.3044466011,11618.733307618984,2193.450587959587,17295.708218077427,709,0.261165115007748,1.5457943955332365,1.939581762179456,0.7649887213678278,28,10249.721094141874,0,0,0,0
CUST_004331,23,Male,Single,0,Salaried,Consultant,Graduate,tier2,1087301.64,32,761,2,11253.35,434396.51,0.53,17174.05,0.16,0,0,163,4,0,100798.3252216272,3164.720116328473,19403.4746245017,2184.677572938665,769,0.1241961794942625,1.1124480169857216,2.5030107562080635,1.485462101378068,0,10688.492909117023,1,1,1,1
CUST_004341,29,Male,Married,0,Salaried,Product Manager,Post-Graduate,tier1,2509089.38,121,732,3,63330.82,2098551.21,0.73,61160.74,0.27,1,1,150,4,0,325759.89842016954,19148.874547258936,3097.0774850206744,17144.56018262472,737,0.3028852664375004,1.5579756211532731,1.1956287616022667,0.5954532665291933,0,10860.012534253314,1,1,0,1
CUST_004347,45,Female,Married,1,Self-Employed,Investor,Post-Graduate,tier1,10275431.71,38,826,3,97467.2,7937362.03,0.48,471129.43,0.52,1,1,106,8,0,2447330.8444661414,9356.687345392793,5780.412939289668,36691.43173097036,832,0.1138253911956858,2.8580731852010404,1.2945649167315458,0.1030583868414017,45,13432.86167005555,1,1,0,0
CUST_004361,42,Female,Married,2,Self-Employed,Business Owner,Graduate,tier2,2584817.2,237,788,2,35076.48,914727.54,0.14,72559.61,0.3,1,1,129,4,0,424695.086531205,29749.201264789102,11766.178643362457,16549.72120160914,797,0.1628416144478714,1.971635510142976,2.825775174785735,0.4971448470435605,84,11767.837090501196,1,1,0,0
CUST_004364,28,Male,Married,0,Salaried,Data Scientist,Post-Graduate,tier1,2051436.41,109,788,3,40911.01,686364.83,0.74,35309.6,0.2,1,1,164,4,0,266711.3459492876,10525.949113715636,4785.079007335258,25487.54039907981,794,0.2393100004888741,1.5601348470622527,2.988838197262821,0.7955617704452984,0,11540.03671712637,1,1,0,0
CUST_004365,28,Male,Married,0,Salaried,Data Scientist,Post-Graduate,tier1,2172842.0,17,778,3,46032.5,789138.03,0.79,45720.39,0.24,1,1,141,4,0,305478.80264392006,15896.280884304182,2134.331464490849,16837.323844222334,788,0.254223247397202,1.6870648611121783,2.7534337010298424,0.6459468894221386,0,11498.139040951191,1,0,0,1
CUST_004384,48,Male,Married,1,Self-Employed,Trader,Graduate,tier2,2920450.47,281,755,2,67760.48,1416872.38,0.29,69023.96,0.37,1,1,118,4,0,459369.2771801445,25485.97260255161,2977.624853130088,14643.546040127674,764,0.2784236292548556,1.887520001639238,2.0611936897282948,0.402668467554751,48,11373.858064334398,1,0,0,0
CUST_004390,32,Male,Single,0,Salaried,Analyst,Graduate,tier1,1041191.43,89,736,0,21149.11,620110.25,0.11,16294.17,0.2,0,0,130,4,0,98494.19885812748,5407.13497221677,15501.088297067474,2220.068063570576,746,0.2437461428647041,1.1351579837741506,1.6790397368214172,1.236691969606335,0,10336.48437748774,1,1,1,1
CUST_004397,42,Male,Married,0,Self-Employed,Sales Rep,Under-Graduate,tier2,596597.48,66,620,1,27494.83,419469.29,0.67,4304.81,0.08,0,0,204,1,112,8994.354181852901,2189.949714768687,30571.47845450623,0.0,627,0.5530216516170678,0.1809093784132207,1.422263970113354,3.3630208948444693,0,8338.472751262103,0,1,0,0
CUST_004406,31,Female,Married,1,Salaried,Product Manager,Post-Graduate,tier1,2236338.61,145,740,2,56271.28,700073.68,0.21,43419.09,0.2,1,1,151,4,0,291291.80571449705,10196.983258608598,5541.0568987285415,16560.964155856218,750,0.301945212428028,1.5630383057753028,3.194428642955634,0.6722049798182475,31,10965.26323841293,1,1,0,1
CUST_004409,26,Male,Single,1,Salaried,Gig Worker,Under-Graduate,tier2,633354.12,36,595,2,27181.1,479323.02,0.14,5235.23,0.05,0,0,214,1,122,8241.894679692645,4223.650893333604,28368.59457135638,0.0,604,0.5149836558987398,0.1561541311308406,1.3213485942139933,3.3263173942213977,26,8068.707079145644,0,1,0,0
CUST_004425,46,Male,Married,1,Self-Employed,Business Owner,Graduate,tier2,3323077.86,152,788,2,65287.94,1743845.18,0.2,97947.04,0.38,1,1,135,4,0,574688.9092751583,30452.93351488294,2982.5768611240355,9332.694006772952,794,0.2357610877245432,2.075257426623396,1.90560262602978,0.4050310423891508,46,11923.023409226664,1,1,0,0
CUST_004432,53,Female,Married,2,Self-Employed,Surgeon,Post-Graduate,tier1,10638079.18,371,802,2,96580.37,5746823.37,0.13,516220.84,0.55,1,1,116,8,0,2535926.7247055424,7335.557104944976,5408.206793047966,34952.70182804295,808,0.1089447740567307,2.8605809239234694,1.8511230716452187,0.1089398360390479,106,13073.400077840726,1,1,0,0
CUST_004433,40,Female,Married,1,Self-Employed,Trader,Graduate,tier2,3252516.74,225,773,3,46447.69,1163145.95,0.1,97847.12,0.37,1,1,134,4,0,546475.4953771586,29852.89652376491,7462.879514842172,14921.867219086836,781,0.171365827808181,2.0161869329172792,2.7963076720443625,0.4107258619000986,40,11711.04809596712,1,1,0,0
CUST_004435,35,Female,Single,0,Salaried,HR Manager,Post-Graduate,tier1,1601406.88,93,759,2,20171.74,501559.77,0.59,37749.77,0.29,0,1,162,4,0,198987.27813342225,10404.349786927934,17853.06229773465,17855.017054879114,770,0.1511540066269232,1.4910822942221504,3.192847159876558,1.0053326817122687,0,11000.523168483276,1,1,0,0
CUST_004436,51,Female,Married,1,Self-Employed,Investor,Post-Graduate,tier1,11069633.21,224,814,0,148225.94,8158089.13,0.51,550094.15,0.49,1,1,135,8,0,2518808.823846233,26893.996157127425,5695.422820005537,45857.73647688248,822,0.1606836756062573,2.730503580986477,1.3568902811325034,0.1218451887722734,51,13332.60676635988,1,1,0,0
CUST_004438,29,Male,Married,1,Self-Employed,Gig Worker,Under-Graduate,tier3,625785.3,70,658,0,25893.52,314702.52,0.37,1558.43,0.03,0,0,203,1,111,8787.453365019,2034.2552047091267,29892.467189994743,0.0,668,0.4965221805846717,0.1685041472378164,1.988491580901288,3.192901754727578,29,8915.638497623344,0,1,0,0
CUST_004446,31,Male,Married,1,Salaried,Data Scientist,Post-Graduate,tier1,2625123.44,148,767,3,69255.08,1195027.37,0.52,65061.46,0.26,1,1,133,4,0,334065.52497604926,7875.929534179193,5219.557313893803,17306.86496983923,775,0.3165783171934169,1.5270778942028955,2.196703865699857,0.5047201887437957,31,11454.995115413862,1,1,0,1
CUST_004459,40,Female,Married,2,Self-Employed,Trader,Graduate,tier2,2655028.94,168,765,0,35479.41,1279711.51,0.69,88345.41,0.37,1,1,118,4,0,511692.2068909146,26449.11489722797,5967.849181521295,8608.781985533005,774,0.1603564425639327,2.312697476782025,2.0747073418857176,0.4427719272722044,80,11448.9820628194,1,1,0,0
CUST_004463,36,Female,Married,1,Self-Employed,Business Owner,Graduate,tier2,3095873.54,198,782,1,67929.38,1068414.58,0.49,71454.61,0.34,1,1,139,4,0,474770.41241323954,30835.627178598686,5836.991821623938,9733.20503687982,788,0.2633019048888997,1.8402634320126947,2.8976304707200167,0.4475391486802131,36,11777.117819816503,1,0,0,0
CUST_004466,34,Male,Single,0,Salaried,Architect,Post-Graduate,tier2,2214939.13,45,779,0,45714.6,1017350.77,0.52,54847.09,0.32,0,1,163,4,0,307936.2548608995,7508.562846086898,24567.18209697303,11331.282405712907,787,0.2476692115550197,1.668314487069877,2.1771615239829973,0.7326043117413285,0,11498.649178287802,1,1,0,1
CUST_004479,34,Male,Married,1,Salaried,Sales Rep,Under-Graduate,tier3,731469.59,171,630,2,28241.26,234201.31,0.4,5144.96,0.09,0,0,203,1,94,12968.402340543167,3912.342714885716,24719.36369033842,0.0,639,0.4632995889889724,0.2127474296195451,3.123238152518649,2.737806145225727,34,8628.297055595045,0,0,0,0
CUST_004482,49,Male,Married,1,Self-Employed,Business Owner,Graduate,tier2,2797016.3,316,730,3,56026.33,977501.7,0.32,91384.0,0.33,1,1,120,4,0,479595.6165478381,22533.33190753177,6204.344816281136,12592.670393658484,736,0.2403679505137649,2.057593553334465,2.861389845777408,0.4275001894360214,49,10925.231219819458,1,1,0,0
CUST_004483,34,Female,Married,2,Salaried,Gig Worker,Under-Graduate,tier2,577825.4,94,673,1,25280.29,184974.15,0.54,2183.13,0.07,0,0,206,0,110,8562.844442618984,4300.31241294386,28069.45786408496,0.0,680,0.5249980011678026,0.1778253420623653,3.123800142884058,3.504441965250225,68,9021.579554434182,0,1,0,0
CUST_004493,29,Male,Married,1,Salaried,Product Manager,Post-Graduate,tier1,2619908.66,57,784,2,58178.65,833196.45,0.78,58562.48,0.28,1,1,149,4,0,356745.0319468327,16808.946896536967,4624.504243914249,17103.601878125526,794,0.2664751687556828,1.6339961926030204,3.144403118372482,0.5665596005908432,29,11734.248413016056,1,1,0,1
CUST_004497,33,Female,Married,0,Salaried,Software Engineer,Post-Graduate,tier1,2105636.91,179,780,0,42755.66,1412124.23,0.35,47032.0,0.25,1,1,147,4,0,278579.03544544283,16409.9908402172,2899.947909003725,12710.943548189316,790,0.243662615150785,1.587609600759755,1.4911120241085134,0.6948262213859749,0,11502.501929213084,1,1,0,1
CUST_004500,27,Female,Married,1,Salaried,Product Manager,Post-Graduate,tier1,2699555.99,77,791,0,58880.3,2274688.42,0.61,54876.5,0.29,1,1,151,4,0,394971.8183549559,21930.697153624023,3123.546573962106,20947.084689826785,797,0.2617321003276528,1.7557112240982935,1.1867800352278424,0.5572868785782131,27,11802.452797068436,1,1,0,1
CUST_004508,33,Male,Married,1,Salaried,Software Engineer,Post-Graduate,tier1,1975747.22,167,751,2,54073.68,1421722.32,0.54,47838.3,0.26,1,1,157,4,0,228648.27389618452,15251.775378357954,2646.466844616007,11587.897533609195,758,0.3284226911009936,1.3887214894303843,1.3896847524453633,0.7906343688598995,33,10988.314959448482,1,0,0,1
CUST_004524,28,Female,Married,1,Salaried,Software Engineer,Post-Graduate,tier1,2269447.1,77,750,0,56287.79,1313044.98,0.35,42393.06,0.27,1,1,149,4,0,287920.52270707994,17682.218507435566,6041.632511442502,14855.150767247163,758,0.2976275183809216,1.5224095787780263,1.7283835711526263,0.6536672862467393,28,11093.365801965105,1,1,0,1
CUST_004530,28,Female,Married,0,Salaried,Product Manager,Post-Graduate,tier1,2372016.65,50,713,0,64226.59,2021086.82,0.78,42030.71,0.28,1,1,142,4,0,283384.2315311744,8963.579052589408,4447.081137111607,21184.120478958903,719,0.3249198022966543,1.4336297238121858,1.173633637552672,0.5961335324839144,0,10554.381814156057,1,0,0,0
CUST_004531,30,Female,Married,0,Salaried,Software Engineer,Post-Graduate,tier1,2661880.2,122,773,0,49110.94,1645994.06,0.55,66304.22,0.26,1,1,139,4,0,397728.1112356499,14992.281744161271,2708.1944856296523,15723.907890506918,780,0.2213956222569794,1.7929867087885072,1.6171860199872046,0.5202329056519824,0,11539.744046096885,1,0,0,1
CUST_004532,53,Male,Married,1,Salaried,Govt. Employee,Graduate,tier3,1579952.1,323,824,3,27522.95,895525.59,0.26,45800.69,0.29,0,1,116,4,0,210208.85209338056,23118.50657878684,3091.10477305484,4300.064081899433,833,0.2090398129932192,1.5965592035417553,1.7642715667437638,0.7295817276507889,53,11889.33046560823,1,1,0,1
CUST_004539,35,Female,Married,2,Self-Employed,Sales Rep,Under-Graduate,tier3,678697.69,174,622,2,23375.73,326255.72,0.65,3315.36,0.1,0,0,190,1,86,13024.820674873205,2993.900746289715,25162.13046217014,0.0,630,0.4132971197155001,0.2302867491084125,2.080256584446751,2.758830220557296,70,8459.597508093513,0,1,0,0
CUST_004544,34,Male,Single,0,Salaried,Architect,Post-Graduate,tier1,2014431.98,63,788,0,41483.02,1347870.37,0.73,47105.53,0.29,0,1,171,4,0,248626.77989915572,8692.896037142993,21916.380713549686,15519.06913319354,796,0.2471134689980308,1.4810644467709988,1.4945283539927106,0.8446813807001804,0,11554.615258150106,1,1,0,1
CUST_004545,33,Female,Married,0,Salaried,Software Engineer,Post-Graduate,tier1,2335926.98,27,784,3,45726.74,1285312.03,0.32,52059.14,0.26,1,1,148,4,0,330576.6173410883,13266.291936560285,3020.032634953199,22387.469611689536,791,0.2349037730429071,1.6982119148048378,1.817399283659328,0.6308806764309434,0,11599.160555452649,1,1,0,0
CUST_004549,37,Female,Single,0,Salaried,Architect,Post-Graduate,tier2,1617750.77,81,763,0,30308.42,744619.13,0.16,28531.09,0.29,0,1,169,4,0,185734.7170310481,6248.373326450746,16897.060423101208,15725.878992167924,770,0.224817288878517,1.377715352154245,2.1725853288441184,1.038242482293527,0,11008.341919213952,1,1,0,0
CUST_004553,31,Female,Married,1,Salaried,Software Engineer,Post-Graduate,tier1,2745681.31,101,745,0,59952.29,1188599.84,0.75,65434.59,0.23,1,1,159,4,0,406396.7953921389,19719.31313761819,7585.045615688931,12015.05594172011,753,0.2620203346745962,1.7761494071257604,2.3100112481832,0.5769897971257061,31,11163.63174552639,1,1,0,1
CUST_004560,28,Male,Married,1,Salaried,Software Engineer,Post-Graduate,tier1,2326141.0,85,739,2,44431.34,1935777.65,0.24,55774.31,0.23,1,1,155,4,0,328644.3189039057,22672.30964061757,1301.502817944574,20365.528422353866,747,0.2292093770272204,1.6953879761334991,1.2016565013773657,0.663487349436528,28,10950.812079428755,1,0,0,0
CUST_004564,39,Male,Married,2,Self-Employed,Trader,Graduate,tier2,2821618.4,13,742,1,64442.56,1800525.69,0.75,84128.87,0.33,1,1,125,4,0,474710.4716631243,25526.73765421817,2988.8428410749284,8507.702005989548,751,0.2740652071228038,2.018877334167328,1.5671072334951055,0.4414436634540869,78,11154.46897159238,0,0,0,0
CUST_004567,30,Female,Single,0,Salaried,Architect,Post-Graduate,tier1,1846183.3,33,743,0,16657.7,843623.69,0.66,39595.74,0.34,0,1,175,4,0,261090.9373120783,10685.61537668913,19232.126418051703,21361.57277161845,752,0.1082726188285714,1.6970529866179054,2.188394106862852,0.942794819886592,0,10850.330907964068,1,1,0,0
CUST_004568,30,Female,Single,0,Salaried,HR Manager,Post-Graduate,tier2,1766974.35,22,775,3,33768.65,1438880.75,0.6,39557.98,0.2,0,1,165,4,0,195314.63042667232,11360.51096599748,15719.12177781923,8455.630608623933,782,0.2293304642675932,1.3264253937898658,1.228019154457967,0.9285446354360714,0,11248.897804387048,1,1,0,1
CUST_004577,35,Female,Single,1,Salaried,Teacher,Graduate,tier1,1170637.47,133,707,0,18772.1,746188.08,0.2,18051.65,0.11,0,0,129,4,0,138111.48485367588,5200.76983619944,14673.11044047582,2977.773413995916,712,0.1924275419524172,1.4157421676739073,1.5688214976289925,1.0926300687373578,35,9948.81861945711,0,1,1,1
CUST_004578,40,Female,Married,2,Self-Employed,Business Owner,Graduate,tier2,3513041.53,140,743,2,76574.91,1519122.52,0.5,84813.91,0.39,1,1,121,8,0,594681.9316457999,29204.87919775233,5333.479510718896,17490.431673127347,752,0.2615670134693336,2.031333459285376,2.312545019380649,0.3434532320145542,80,11334.138764302568,1,1,0,0
CUST_004579,24,Male,Single,0,Salaried,Consultant,Graduate,tier2,766262.5,48,725,1,14193.51,273448.8,0.58,8659.82,0.19,0,0,162,1,3,40092.85349612809,4015.151261061641,17317.573571246125,1781.88609268628,733,0.222272984420074,0.6278614803879511,2.8022053773672537,2.0869229158950744,0,9931.6232547272,0,1,1,0
CUST_004580,35,Male,Married,0,Self-Employed,Sales Rep,Under-Graduate,tier3,699130.16,129,639,1,23984.79,549314.55,0.3,2139.98,0.04,0,0,205,1,92,12923.051170320598,5769.202107250039,27004.460054485546,0.0,646,0.4116723271272898,0.2218098448588011,1.2727295995898895,2.8908656204948326,0,8693.60549344185,0,1,0,0
CUST_004582,54,Male,Married,1,Salaried,Govt. Employee,Graduate,tier2,1281994.43,172,786,0,25576.87,865661.04,0.54,38304.78,0.35,0,1,112,4,0,158750.46801945465,12401.380976966402,4646.358242162736,7565.612557401887,791,0.2394078787888763,1.4859563662511863,1.4809410263617426,0.8668768022475143,54,11124.567326205624,1,1,0,1
CUST_004584,29,Male,Single,0,Salaried,HR Manager,Post-Graduate,tier2,1591209.3,63,790,0,27939.7,625351.16,0.57,42672.91,0.22,0,1,167,4,0,191213.0370713627,10318.998260993088,10838.016240162888,13568.211361020418,798,0.2107038159934133,1.4420096342704516,2.5445011655512637,1.0429617164976497,0,11395.444372723205,1,1,0,0
CUST_004586,40,Female,Single,1,Salaried,Gig Worker,Under-Graduate,tier3,614099.95,216,656,2,24636.82,416058.6,0.61,5057.64,0.08,0,0,219,1,132,8184.494913434908,4222.539492228091,29914.40660920443,0.0,664,0.4814135924239872,0.1599283957285295,1.4759903388841409,3.509053317501468,40,8849.735299244287,0,1,0,0
CUST_004590,49,Female,Married,2,Self-Employed,Business Owner,Graduate,tier2,3058769.45,226,740,2,55834.49,1030176.94,0.46,90363.16,0.29,1,1,122,4,0,521200.2079290778,31128.88201850424,1186.25776646693,18516.498539230983,750,0.2190460125877904,2.044736636920867,2.9691661326003547,0.3975534884186232,98,11200.14268459073,1,0,0,0
CUST_004592,27,Male,Married,0,Salaried,Data Scientist,Post-Graduate,tier1,1883499.94,36,799,3,35154.19,940949.39,0.31,41858.01,0.29,1,1,145,4,0,246458.29704244697,19569.7586731295,4143.807651784375,13462.83714185256,808,0.2239700588253239,1.5702048400656083,2.0016995157417385,0.7657776846826835,0,11674.50338658947,1,1,0,1
CUST_004593,27,Male,Single,0,Salaried,Consultant,Graduate,tier1,915118.13,17,755,1,15156.25,443120.17,0.12,14989.47,0.14,0,0,169,2,5,55229.55832838601,1308.817453178222,21564.30992746671,1616.8124244272965,762,0.1987422269661256,0.724219079029375,2.065164546302313,1.826793730655781,0,10459.828863768134,1,1,1,1
CUST_004596,35,Female,Single,0,Salaried,Sales Rep,Under-Graduate,tier2,623745.77,66,637,0,26115.23,557996.54,0.49,3049.54,0.09,0,0,210,1,118,8690.187986534826,5991.341793461933,31867.797888980294,0.0,646,0.5024109920105684,0.1671838987086572,1.117828888636319,3.313631584475901,0,8619.900836999823,0,1,0,0
CUST_004597,30,Female,Married,0,Salaried,Data Scientist,Post-Graduate,tier1,2531156.73,56,737,0,69734.97,2095039.64,0.32,48942.53,0.29,1,1,156,4,0,315038.38867973775,17897.40792318291,3912.041455155049,14514.892262758913,745,0.330606027990872,1.493563277449644,1.2081659332393666,0.6138936577910329,0,10984.419580836044,1,1,0,1
CUST_004600,24,Female,Single,0,Salaried,Junior Software Engineer,Graduate,tier1,1107372.7,58,706,2,10293.32,695903.84,0.75,16294.02,0.17,0,0,160,4,0,123007.48917007676,3217.7576777112054,15753.666421175158,3132.551737479157,711,0.1115419420188846,1.3329512951018023,1.591270294944349,1.4319304561495014,0,9895.3437327078,1,1,1,1
CUST_004612,39,Female,Single,0,Self-Employed,Gig Worker,Under-Graduate,tier3,588901.31,103,684,1,23693.12,383124.51,0.53,3021.17,0.08,0,0,210,0,117,7967.951746638221,3979.0314665323313,28025.21824495771,0.0,693,0.482783179072655,0.1623590761765236,1.5370976210902794,3.5064207824157205,0,9207.20880490428,0,0,0,0
CUST_004613,32,Male,Married,1,Salaried,Gig Worker,Under-Graduate,tier1,535853.99,152,613,1,20370.7,264575.57,0.4,897.9,0.07,0,0,212,0,125,7102.795464620349,4069.9734052033223,28134.627782763782,0.0,623,0.4561744998968865,0.1590575762709706,2.025326694650248,3.883822485203415,32,8218.378551278522,0,1,0,0
CUST_004616,35,Male,Married,1,Self-Employed,Trader,Graduate,tier2,2690826.59,139,735,1,61750.92,1017369.19,0.11,88840.48,0.39,1,1,136,4,0,424533.3004939302,29176.115006697037,3036.063892688981,13342.564298130288,746,0.2753829392642982,1.8932386449560925,2.644884444668071,0.5035495448080582,35,11044.798081468782,1,1,0,0
CUST_004629,30,Male,Married,0,Salaried,Data Scientist,Post-Graduate,tier1,2221920.61,66,722,3,45569.63,1383302.01,0.5,40489.85,0.29,1,1,145,4,0,283941.41519979935,14671.681889986354,3240.85457385031,15518.71159483915,727,0.2461080761580793,1.5334834940820246,1.6062428794975294,0.6496646849817835,0,10624.292918849393,1,1,0,1
CUST_004637,47,Male,Married,1,Salaried,Govt. Employee,Graduate,tier3,1414460.91,78,807,0,30046.98,443837.89,0.6,33937.31,0.33,0,1,116,4,0,174421.08004069878,13504.266295878662,779.0693520896472,5365.465881346873,816,0.2549103326411532,1.479740577349329,3.1868791623915604,0.8143431608804204,47,11556.403948752282,1,1,0,1
CUST_004638,26,Male,Single,0,Salaried,Junior Software Engineer,Graduate,tier1,1096396.18,13,737,1,13861.98,570047.17,0.15,17510.18,0.19,0,0,166,4,0,117164.1190709504,5208.448127432263,15523.200118098634,2835.817345922477,747,0.1517170001413159,1.2823412434330843,1.92333953111366,1.5003667131244072,0,10388.932433301035,1,1,1,1
CUST_004645,37,Female,Married,1,Self-Employed,Trader,Graduate,tier2,2849817.97,118,754,0,69149.87,1093537.17,0.55,74233.1,0.31,1,1,126,4,0,402630.8431198999,29911.48097980465,2538.419231744827,13213.638645344,759,0.2911747187499751,1.6953889068121486,2.606052580679466,0.4405874825662417,37,11280.839417475228,1,0,0,0
CUST_004648,52,Male,Married,2,Salaried,Govt. Employee,Graduate,tier3,1476979.13,201,752,1,33699.61,700544.16,0.76,40077.94,0.35,0,1,117,4,0,198829.2747921812,13331.45520802535,1863.564152912964,5896.283374452542,762,0.2737967153533278,1.6154134233061876,2.1083282196967854,0.7868301419939902,104,10824.598702660132,1,1,0,1
CUST_004653,43,Female,Married,2,Salaried,Govt. Employee,Graduate,tier3,1466203.4,220,764,3,27122.49,727427.03,0.11,34777.43,0.35,0,1,108,4,0,195430.9382810421,18991.177803450424,2196.2003864847043,7370.255398652087,771,0.2219795808992321,1.5994725327346209,2.015599261414218,0.7316064981289164,86,10946.80262319464,1,1,0,1
CUST_004659,38,Male,Single,0,Salaried,HR Manager,Post-Graduate,tier2,2010834.58,232,770,1,22839.46,1756277.22,0.18,48278.54,0.28,0,1,174,4,0,290460.20300033386,10791.520326930711,19734.33116443322,22575.494537032657,776,0.1362975787043882,1.7333607002499445,1.1449407941755378,0.8610303966591862,0,11262.91126235293,1,1,0,0
CUST_004670,38,Male,Single,0,Salaried,HR Manager,Post-Graduate,tier2,1637766.3,163,744,1,33537.36,1037767.98,0.59,28295.04,0.33,0,1,165,4,0,181187.7835257686,8282.487120036005,13157.6629119668,13363.202831272489,750,0.2457282038722823,1.3275627124313611,1.5781607771702717,1.0013555927196711,0,10731.633352358336,1,1,0,1
CUST_004671,27,Male,Married,1,Salaried,Product Manager,Post-Graduate,tier1,1963722.5,65,743,3,39310.69,1034384.56,0.58,45547.96,0.25,1,1,145,4,0,244502.9915767829,20802.569347791923,2646.02223076366,16674.63735843922,751,0.2402199890056421,1.4941102775967907,1.8984434585494403,0.7346524144098271,27,10882.255083377482,1,1,0,0
CUST_004674,40,Male,Married,2,Self-Employed,Trader,Graduate,tier2,2567859.96,150,715,3,61345.52,1745196.32,0.4,57817.38,0.29,1,1,117,4,0,371505.1512335633,32050.09764546977,3900.626535906859,10634.95388671945,722,0.2866756020031466,1.7360919408157562,1.4713866051547684,0.4538648406641918,80,10655.697502895331,1,1,0,0
CUST_004691,34,Female,Single,1,Salaried,Teacher,Graduate,tier2,938296.29,159,703,0,12313.81,678445.16,0.44,11975.8,0.16,0,0,131,3,0,95726.16862348712,4014.214169910292,15991.062566750814,777.0138059758074,709,0.1574809916685272,1.2242394485098769,1.3830077393318874,1.3814247865506255,34,9750.04188171298,1,1,1,1
CUST_004698,42,Female,Married,1,Salaried,Govt. Employee,Graduate,tier2,1468031.4,206,839,3,26978.6,1031850.71,0.29,33475.16,0.3,0,1,106,4,0,214540.12894136764,15185.211146167709,6354.038291549883,4827.570066981947,846,0.2205269953190757,1.753682178126622,1.4227154791457388,0.717170149429843,42,12012.720790709038,1,1,0,1
CUST_004700,31,Female,Married,1,Salaried,Product Manager,Post-Graduate,tier1,1972837.32,107,782,0,41098.58,942006.33,0.79,47724.3,0.3,1,1,145,4,0,255954.5733574693,12974.093442078682,2043.5472958150208,16291.344548864983,791,0.249985112902591,1.5568623762354197,2.094290837418431,0.7312753221731775,31,11465.53221377946,1,1,0,1
CUST_004704,33,Male,Single,0,Salaried,HR Manager,Post-Graduate,tier1,2067634.86,54,763,1,17532.01,1331862.47,0.42,38523.27,0.22,0,1,174,4,0,293299.8111883445,7954.267405718753,24691.284674259467,18089.8341796221,771,0.1017505087885268,1.702223818945627,1.552437548272121,0.8374907610088906,0,11211.817556684997,1,1,0,0
CUST_004728,50,Male,Married,2,Self-Employed,Trader,Graduate,tier2,3053525.44,209,691,2,55947.91,1123729.76,0.65,97349.14,0.27,1,1,128,4,0,498498.257413596,26983.10176259289,3200.649597390814,12433.336416592818,701,0.2198679181742733,1.959032501321861,2.7173105415393275,0.4178192820882859,100,10467.19719105721,0,1,0,0
CUST_004730,25,Female,Single,0,Salaried,Junior Software Engineer,Graduate,tier1,965815.64,65,768,0,16991.25,663983.1,0.47,10194.06,0.19,0,0,180,4,8,51524.98552301212,3953.914344307193,17482.0395225661,6537.076696889848,776,0.2111090960287696,0.6401761563545079,1.4545764574784246,1.8446107299530472,0,10693.845922454217,0,1,1,1
CUST_004733,45,Male,Married,1,Salaried,Govt. Employee,Graduate,tier2,1873690.67,258,807,2,36209.13,1197097.52,0.18,39062.66,0.29,0,1,114,4,0,271126.5146525461,16960.55063127542,3567.583836564023,6540.3499149113,815,0.2318988850029231,1.7364111328456149,1.5651933727225724,0.6051949070810018,45,11771.38827622955,1,1,0,1
CUST_004734,36,Female,Single,0,Salaried,Architect,Post-Graduate,tier1,1627841.17,191,824,0,14062.91,979962.02,0.13,32050.59,0.33,0,1,159,4,0,212105.2401805387,7367.796013399938,22606.47246698836,13475.912040295134,832,0.1036671630525497,1.563570307859194,1.6611251004145031,0.9707901041466678,0,11899.901206893852,1,1,0,1
CUST_004738,29,Female,Single,0,Salaried,Architect,Post-Graduate,tier2,1802721.81,24,790,3,36139.07,1380841.87,0.74,31191.01,0.22,0,1,160,4,0,209705.6317426146,10562.56357198165,12835.71611285433,10971.488834363568,799,0.2405617721231955,1.3959174487948254,1.3055227710304214,0.8826506037349436,0,11509.442192969796,1,1,0,1
CUST_004742,32,Female,Single,0,Salaried,Analyst,Graduate,tier2,1015370.85,73,731,3,20185.97,439448.84,0.77,12858.79,0.19,0,0,130,4,0,88661.95756788022,6724.777280600936,18170.126411741647,3594.697901461541,742,0.2385618784087204,1.0478249566797022,2.310550050490404,1.2678339744103315,0,10262.427969870383,1,1,1,1
CUST_004749,27,Male,Single,0,Salaried,Analyst,Graduate,tier2,777077.3,36,767,1,9816.17,469620.3,0.22,9804.12,0.13,0,0,165,1,1,43003.852437581954,5113.035833055179,18826.998319547765,1133.597921978227,775,0.1515836596900767,0.6640758394832915,1.6546892144798373,2.0963633432192745,0,10511.554707266869,0,1,1,0
CUST_004750,46,Female,Married,1,Salaried,Govt. Employee,Graduate,tier3,1812106.72,142,771,2,44519.94,1304167.84,0.14,44388.88,0.26,0,1,99,4,0,247940.9310370857,12833.222738247438,1246.7232013804546,7477.701459458319,779,0.2948147238388443,1.6418853464772047,1.3894724857864262,0.5433271219152301,46,11225.390944102592,1,1,0,1
CUST_004753,28,Female,Single,0,Salaried,Junior Software Engineer,Graduate,tier2,820828.16,68,679,1,9910.84,263352.55,0.74,7314.84,0.15,0,0,165,1,0,58222.37782917067,2092.8928545253666,18188.517765685017,3382.177296688242,684,0.1448882325640597,0.8511627086448208,3.116829676303965,1.9859702396221135,0,9314.760070893037,0,1,0,1
CUST_004757,42,Female,Married,2,Self-Employed,Business Owner,Graduate,tier2,3686608.27,93,776,1,79391.03,1167607.47,0.4,88501.93,0.28,1,1,120,8,0,638108.3766751835,32910.239904031085,4408.860654940498,10894.228941979776,784,0.2584189013857942,2.077051597207814,3.157401102100604,0.324621899955875,84,11854.250674097604,1,1,0,0
CUST_004761,26,Male,Single,0,Salaried,Analyst,Graduate,tier2,925465.77,66,717,2,18177.02,639323.55,0.33,13372.22,0.16,0,0,121,3,0,77914.3881217448,6066.152351478698,10831.449785358318,663.9272971455695,726,0.23568825429486,1.0102594441149435,1.4475680153374368,1.2934733036784447,0,9973.826844945686,1,1,1,1
CUST_004770,29,Male,Married,1,Salaried,Software Engineer,Post-Graduate,tier1,1895454.91,76,778,3,32386.99,1424485.93,0.19,32073.2,0.2,1,1,145,4,0,253258.93924260477,14982.948281617131,1539.3354142913488,13875.45349415362,784,0.2050385991702698,1.603355487177171,1.3306228860941531,0.7609731368558074,29,11332.696443398592,1,0,0,1
CUST_004777,49,Female,Married,1,Self-Employed,Business Owner,Graduate,tier2,3009614.14,180,789,1,49698.28,1201740.76,0.55,68770.79,0.35,1,1,124,4,0,541677.246685263,15619.650159179271,2567.2976845501357,15230.03225781956,795,0.1981572900612831,2.159778875466292,2.5043767639397005,0.4106484943139126,49,11859.271600627651,1,1,0,0
CUST_004778,43,Male,Married,1,Salaried,Govt. Employee,Graduate,tier2,1451698.51,102,769,2,24838.34,1103969.59,0.14,34167.72,0.28,0,1,104,4,0,206918.32585665892,10331.245229287497,2002.6830070236676,8598.731685280798,777,0.205316471808143,1.7104098187454104,1.3149793329186423,0.7115010331371276,43,11024.2667565413,1,1,0,1
CUST_004779,29,Female,Married,0,Salaried,Software Engineer,Post-Graduate,tier1,2362310.67,18,783,1,57489.93,834420.27,0.32,51041.26,0.28,1,1,148,4,0,318918.0843166238,16130.041268911627,9003.188807390725,15768.5843146624,792,0.292034263041636,1.620022980095046,2.83107676533701,0.623864327179374,0,11622.719765266154,1,1,0,1
CUST_004782,41,Male,Single,1,Salaried,Gig Worker,Under-Graduate,tier2,669391.5,117,603,2,26764.66,287393.18,0.79,2004.26,0.02,0,0,206,1,106,10693.830522331436,6035.8869688254745,29186.876030894644,0.0,611,0.4797942048405782,0.1917019649105169,2.3291755595050674,3.032125070743452,41,8196.03090267992,0,1,0,0
CUST_004796,48,Female,Married,2,Salaried,Govt. Employee,Graduate,tier3,1627494.57,102,772,1,27849.32,1136639.66,0.75,51624.41,0.28,0,1,116,4,0,235468.44426802025,19871.732105274616,2343.4350563830767,7359.74794726716,782,0.2053397793656832,1.7361658522928374,1.4318461649964205,0.7083992956385803,96,11184.596392116253,1,1,0,1
CUST_004799,27,Female,Married,1,Salaried,Product Manager,Post-Graduate,tier1,2119888.85,89,719,3,49596.42,899815.29,0.73,46566.46,0.24,1,1,154,4,0,277122.3110323063,11361.074894584855,7169.218582129936,16936.933627692375,726,0.2807475830768217,1.5686902207655964,2.355912949742219,0.7230424254298528,27,10575.551023307362,1,1,0,1
CUST_004800,47,Male,Married,3,Self-Employed,Business Owner,Graduate,tier2,2632962.6,282,724,3,35956.3,1079297.3,0.29,75261.38,0.4,1,1,133,4,0,433289.34989141626,23471.302728364848,8401.785246287316,18367.01945359628,731,0.1638738178484517,1.974752129662396,2.439513339361324,0.5032231632789658,141,10806.826668722988,1,1,0,0
CUST_004805,35,Male,Married,3,Self-Employed,Business Owner,Graduate,tier2,2693556.51,137,770,3,54983.53,2151994.79,0.46,63288.22,0.39,1,1,125,4,0,399153.26665062393,26275.004413606293,5032.756677591337,7213.186425259238,777,0.2449547347878669,1.7782503701038173,1.2516551019832616,0.4623539383683902,105,11504.552110258694,1,1,0,0
CUST_004806,32,Male,Married,0,Salaried,Product Manager,Post-Graduate,tier1,2194831.6,17,722,3,43605.71,692953.53,0.56,54428.91,0.23,1,1,146,4,0,321079.44696361764,19394.792582333903,5695.655622977862,16982.165103488904,728,0.2384081125415952,1.7554569098059705,3.167352986349624,0.6621820913669779,0,10629.976693588063,1,1,0,1
CUST_004810,27,Female,Married,0,Salaried,Product Manager,Post-Graduate,tier1,2602725.82,96,705,3,61027.94,1207361.92,0.24,60036.2,0.28,1,1,145,4,0,367441.8176243084,16319.181518870264,3301.579054091301,21259.86000326813,712,0.2813711294209418,1.694101410295602,2.155711242150786,0.5549759522796005,0,10517.714003996736,1,1,0,1
CUST_004812,31,Female,Single,1,Salaried,Teacher,Graduate,tier2,1143927.02,56,734,0,21576.08,798527.79,0.45,17252.93,0.19,0,0,142,4,0,100012.1670216245,4573.120976211564,19062.73063968553,2861.728504378189,743,0.2263345820653972,1.0491345983280596,1.4325432399250126,1.2305804226683243,31,10364.834047315922,1,1,1,1
CUST_004816,27,Female,Married,1,Salaried,Product Manager,Post-Graduate,tier1,2511807.96,41,756,1,60695.51,2125804.97,0.76,48045.13,0.24,1,1,138,4,0,343179.8544365156,17327.281324641906,2520.8107062819968,11045.483697332773,763,0.289967486363951,1.6395117161335828,1.1815791259632222,0.54722644304763,27,11243.95999332749,1,0,0,1
CUST_004821,39,Female,Married,2,Self-Employed,Trader,Graduate,tier2,3729362.42,150,777,1,90228.14,1468014.49,0.39,102104.92,0.32,1,1,137,8,0,641280.6232661549,31379.065087274084,5858.512355913568,7865.704076650081,785,0.2903268908033106,2.063447273603024,2.540410809970404,0.3663726181427474,78,11878.422268057951,1,1,0,0
CUST_004832,26,Female,Single,0,Salaried,Consultant,Graduate,tier1,1051414.29,38,793,3,21616.8,628328.2,0.72,15893.06,0.11,0,0,179,4,0,68595.44738018073,2789.0979052607145,22851.60869478444,3409.1346704655884,799,0.2467140135900539,0.7828845220925271,1.673349400282527,1.68642915105279,0,11078.652520111413,1,1,1,1
CUST_004836,60,Male,Married,1,Self-Employed,Surgeon,Post-Graduate,tier1,7750030.44,21,758,1,96840.67,3545724.16,0.76,297150.8,0.5,1,1,115,8,0,1716147.616458793,7176.493379333545,8535.74109668935,36127.19546827153,765,0.1499460227471993,2.657246274061116,2.1857391902309766,0.148195294965879,60,12135.353705443054,1,1,0,0
CUST_004840,42,Female,Married,1,Self-Employed,Business Owner,Graduate,tier2,3482624.52,60,770,2,62999.32,2382356.72,0.42,94477.65,0.37,1,1,134,4,0,579013.8448168697,37402.01484921663,8525.534764308548,11282.563054204267,776,0.2170745742940753,1.9950879449809584,1.4618394587694412,0.3836656337738819,42,11689.118492997835,1,1,0,0
CUST_004847,25,Male,Married,2,Self-Employed,Gig Worker,Under-Graduate,tier1,741618.44,72,563,1,37299.33,390743.16,0.73,2911.55,0.06,0,0,217,1,119,9126.491378943734,5525.330726846981,22945.905651699213,0.0,573,0.6035242566364996,0.1476717926347856,1.8979642331698567,2.887103195605473,50,7745.006933214441,0,1,0,0
CUST_004856,28,Male,Single,1,Salaried,Teacher,Graduate,tier2,867070.77,99,714,2,17003.54,506359.89,0.29,10341.61,0.11,0,0,123,2,0,71138.09688946551,3213.313747712621,13282.731286295008,3479.5512984871084,722,0.2353206488003446,0.9845163486221576,1.712357307058213,1.4023953848102817,28,9871.817217130529,0,1,1,1
CUST_004858,28,Female,Single,0,Salaried,HR Manager,Post-Graduate,tier2,2032191.77,45,788,2,38986.3,1625583.12,0.72,34026.88,0.28,0,1,162,4,0,243424.25903607896,8844.843149290957,11194.299543181163,17620.51297544765,799,0.2302109694442698,1.4374006935500112,1.2501301808976824,0.793265365083711,0,11605.176134295209,1,1,0,0
CUST_004860,53,Male,Married,2,Salaried,Govt. Employee,Graduate,tier3,1854575.88,251,816,1,32105.73,1218155.15,0.66,39339.18,0.39,0,1,103,4,0,267126.01671931526,15717.353757276504,8435.38327837354,5271.058311923308,825,0.2077382065065582,1.728422920908867,1.5224451151028544,0.5524044427733347,106,11907.362883050702,1,1,0,1
CUST_004870,30,Male,Married,1,Salaried,Product Manager,Post-Graduate,tier1,2506821.3,58,764,2,72180.62,924160.6,0.4,49144.35,0.29,1,1,142,4,0,334158.48984188325,17333.940770014528,3381.040136029101,21322.05856268661,771,0.3455225522973545,1.5995885638277578,2.712535664758198,0.5642037438255947,30,11360.319926177404,1,1,0,0
CUST_004874,30,Female,Married,1,Salaried,Product Manager,Post-Graduate,tier1,2262371.36,50,792,0,58093.33,1477471.24,0.28,53314.41,0.22,1,1,141,4,0,277518.6660759527,14689.42059432574,3101.2706396124104,21532.258621741694,800,0.3081352048133876,1.4719980935995889,1.5312445802704218,0.6204971708497505,30,11705.539629996154,1,1,0,0
CUST_004876,37,Male,Married,0,Self-Employed,Sales Rep,Under-Graduate,tier3,634973.93,64,591,2,22623.25,515353.85,0.43,2426.28,0.06,0,0,208,1,87,13435.174658711128,5195.260548233055,30579.867458085497,0.0,600,0.4275354573604489,0.2538986901718176,1.232110127614012,3.224936548985786,0,8016.804478068299,0,1,0,0
CUST_004877,51,Female,Married,2,Salaried,Govt. Employee,Graduate,tier3,1572911.84,85,790,1,38028.73,1150345.05,0.55,47709.99,0.33,0,1,114,4,0,202490.12887205448,12799.799124734029,4087.3138414048,5098.254328396716,795,0.2901251468093967,1.5448183088538183,1.3673379762550582,0.7201917195843326,102,11343.409617516272,1,1,0,1
CUST_004879,50,Male,Married,2,Salaried,Govt. Employee,Graduate,tier2,1573056.02,213,821,1,30067.09,866403.7,0.2,44781.44,0.31,0,1,97,4,0,237179.164735354,12977.992295098782,3188.407128248184,13678.958868445712,828,0.2293639406641805,1.8092987338362188,1.8156134425401893,0.6127388972627766,100,11814.3440245275,1,1,0,0
CUST_004887,28,Male,Married,0,Salaried,Data Scientist,Post-Graduate,tier1,1946551.6,49,780,2,53449.39,688927.76,0.22,36168.65,0.27,1,1,147,4,0,245615.78249236743,9485.15093194684,521.0019871065101,11484.37410098572,785,0.3294999865403832,1.5141500590622414,2.825475888101986,0.7513218664920465,0,11368.03281779533,1,0,0,1
CUST_004893,46,Female,Married,2,Salaried,Govt. Employee,Graduate,tier2,1691924.55,24,783,0,38252.79,949363.95,0.76,43929.46,0.29,0,1,115,4,0,213426.0710512696,14455.075283884202,5246.548448518113,8231.745218160964,789,0.27130655697461,1.513716842759402,1.7821645406226554,0.6757056298412288,92,11315.347097611571,1,1,0,1
CUST_004894,33,Female,Married,0,Salaried,Data Scientist,Post-Graduate,tier1,2489175.18,173,776,0,45426.42,2100325.42,0.68,55912.98,0.29,1,1,164,4,0,362633.0066649156,18974.663134998107,5383.864760119292,17474.847553592044,784,0.2189939930511774,1.7481996191138132,1.185137298801393,0.6562165041987972,0,11546.330492036825,1,1,0,1
CUST_004898,27,Male,Married,1,Salaried,Software Engineer,Post-Graduate,tier1,1885755.58,87,772,2,41275.27,1510486.58,0.77,45948.17,0.26,1,1,147,4,0,228619.7865451395,19394.869010726397,3051.419523146966,17738.13733964652,779,0.2626533859490786,1.454812071030341,1.248441632337023,0.7754164173421555,27,11256.425100622324,1,1,0,0
CUST_004905,40,Female,Married,2,Self-Employed,Trader,Graduate,tier2,3572288.95,80,737,1,46940.51,2270175.17,0.65,105008.17,0.38,1,1,130,4,0,652256.3078751372,26867.85006216907,8088.855793820008,11243.394330276886,744,0.1576815973469424,2.1910459964191,1.5735734509097592,0.3628964659592856,80,11226.005738678192,1,1,0,0
CUST_004910,42,Male,Single,0,Salaried,Gig Worker,Under-Graduate,tier2,538453.4,108,608,1,28400.79,303771.56,0.19,1534.86,0.06,0,0,208,0,150,4667.741902949825,5476.906164758726,31915.01919132609,0.0,614,0.6329273524352725,0.1040232164135298,1.772554440071875,3.792482643010327,0,8102.625268688973,0,1,0,0
CUST_004921,36,Male,Married,1,Self-Employed,Business Owner,Graduate,tier2,3005251.43,37,713,3,48303.52,1235258.38,0.79,72131.35,0.31,1,1,126,4,0,524407.3221462275,29166.10993427392,3992.211895409048,20412.226322318817,720,0.1928756841126569,2.093955492532224,2.432891001402475,0.4178755998467431,36,10739.427930540827,1,1,0,0
CUST_004926,45,Female,Married,3,Self-Employed,Business Owner,Graduate,tier2,2641684.22,269,728,1,58246.22,964365.68,0.59,80042.52,0.34,1,1,128,4,0,379505.3771379957,27470.98439070528,4892.681669329706,12811.75257684217,735,0.2645855472360103,1.7239168119247066,2.7392943729661003,0.4827120779864202,135,10868.39179509834,1,1,0,0
CUST_004929,27,Female,Single,0,Salaried,Teacher,Graduate,tier2,946308.42,92,677,0,15285.08,349954.76,0.77,11770.48,0.1,0,0,131,3,0,88927.39065439536,2381.9542143481995,19662.3328341685,2923.439672214869,687,0.1938254275438756,1.127661059932263,2.70408013858666,1.369850952478281,0,9453.343190503563,0,1,0,1
CUST_004932,33,Male,Married,0,Salaried,Software Engineer,Post-Graduate,tier1,2485451.03,82,781,2,45706.76,1399432.31,0.25,59734.45,0.29,1,1,148,4,0,367402.9593329958,20704.755467177143,4511.079479715672,22646.469399371817,789,0.2206756300052469,1.7738487592776424,1.7760410676518767,0.5930791597220805,0,11618.786467364473,1,1,0,0
CUST_004938,50,Female,Married,2,Salaried,Govt. Employee,Graduate,tier3,1496760.01,139,808,0,27455.58,530573.81,0.5,43573.93,0.31,0,1,119,4,0,212568.063345133,22613.944667366453,2285.352452930144,7699.640151986667,815,0.2201183331855597,1.7042119595365737,2.821015965684462,0.7897740795496689,100,11588.333413829205,1,1,0,1
CUST_004941,42,Male,Married,1,Self-Employed,Trader,Graduate,tier2,3234387.39,158,742,2,54412.49,2127820.54,0.22,71711.62,0.27,1,1,120,4,0,550097.9837497921,23423.019971504284,2451.365411309498,14200.423746779885,751,0.201876701442242,2.040927853686463,1.5200463615947792,0.3698695179554375,42,11257.002156231352,1,1,0,0
CUST_004944,50,Male,Married,1,Self-Employed,Trader,Graduate,tier2,2971231.94,247,743,0,49383.98,2545541.04,0.38,94567.98,0.34,1,1,125,4,0,558693.4908810585,30854.32572651332,4163.406743026897,16107.232672063948,752,0.1994476966438508,2.256402377575468,1.1672295696990336,0.419289751739343,50,11208.174642073534,1,1,0,0
CUST_004945,30,Female,Married,0,Salaried,Sales Rep,Under-Graduate,tier2,555965.14,19,636,3,25951.07,481968.26,0.17,1037.35,0.09,0,0,216,0,133,6435.684731369691,5436.189736066167,26187.576332607507,0.0,643,0.5601180652859216,0.1389053815709694,1.1535282146417387,3.816489474952468,0,8505.901498158826,0,1,0,0
CUST_004952,29,Female,Single,0,Salaried,HR Manager,Post-Graduate,tier1,1544780.82,33,786,2,22209.34,954547.06,0.69,43329.57,0.23,0,1,170,4,0,205028.7297213347,5961.28051378995,19024.275577953504,19827.17213738672,794,0.1725228629687701,1.5926697255467672,1.6183373941381225,1.093401705328472,0,11314.812233761695,1,1,0,0
CUST_004957,33,Female,Single,0,Salaried,Analyst,Graduate,tier2,890903.27,149,687,3,13048.08,770715.45,0.53,12677.57,0.14,0,0,126,1,0,91412.9680058152,1793.0376811086558,14101.101859392522,1638.4890920637808,699,0.1757484300386949,1.2312681721908103,1.155941682573403,1.3985963221112516,0,9576.294589462706,0,1,0,1
CUST_004971,48,Female,Married,3,Self-Employed,Business Owner,Graduate,tier2,2827482.37,49,734,0,40328.43,1613191.4,0.52,63823.77,0.27,1,1,143,4,0,471300.1949067764,36018.696859206255,3356.8570970808223,21100.565800055305,744,0.171155481381206,2.000217011530713,1.75272482687124,0.5039678889705312,144,11052.043818443148,1,1,0,0
CUST_004972,31,Male,Married,0,Salaried,Data Scientist,Post-Graduate,tier1,2391969.47,140,791,3,44134.49,1000469.3,0.2,43856.37,0.23,1,1,147,4,0,353437.564768464,18530.24334149463,6118.324811943477,26010.31059198373,798,0.2214122001538749,1.7731118866993427,2.3908450555703653,0.6119977869660432,0,11720.727182829669,1,1,0,0
CUST_004980,30,Male,Single,0,Salaried,HR Manager,Post-Graduate,tier2,1726693.99,33,726,0,14683.57,1327115.45,0.47,46331.4,0.26,0,1,178,4,0,237885.6447728157,7752.185492958647,18870.039263079318,19341.452934235123,736,0.1020456528328832,1.6532216566143887,1.301087022167497,1.024935889828236,0,10570.225720476232,1,1,0,0
CUST_004989,27,Female,Married,2,Self-Employed,Sales Rep,Under-Graduate,tier1,647623.86,87,621,1,23654.27,474067.56,0.25,3248.4,0.06,0,0,215,1,95,13470.97263944926,6561.23495954661,26824.92172518717,0.0,629,0.4382883307295553,0.2496027191474405,1.3660974691086876,3.2693460970226966,54,8416.691072515885,0,1,0,0
CUST_004993,43,Female,Married,3,Self-Employed,Business Owner,Graduate,tier2,3644956.68,250,743,3,85037.18,2463618.87,0.28,86071.42,0.25,1,1,123,8,0,574334.8807515618,26968.141583761797,7255.525820379393,8754.696200980798,749,0.2799601998226223,1.8908306693649677,1.4795126165304064,0.3365292964293081,129,11316.532629386258,1,1,0,0
CUST_004997,24,Male,Single,0,Salaried,Analyst,Graduate,tier2,926561.21,44,724,3,12262.79,326516.37,0.34,9909.33,0.17,0,0,177,3,0,57974.14930626736,6884.733270947721,14820.652752473568,4723.025259683944,734,0.1588147362905085,0.7508201016034214,2.837708787131294,1.8898924929850556,0,10084.599567235584,1,1,1,1
CUST_004998,32,Male,Married,0,Salaried,Data Scientist,Post-Graduate,tier1,2026885.35,46,772,1,45077.24,608586.71,0.31,41056.07,0.23,1,1,150,4,0,246200.54347159847,15338.549992542174,5619.704929254512,13391.014496414336,779,0.2668743338186317,1.457600465884067,3.3304736797921866,0.7364184734305247,0,11312.646846153675,1,1,0,1
CUST_004999,45,Male,Married,2,Salaried,Gig Worker,Under-Graduate,tier1,635794.59,269,618,0,22582.09,518373.18,0.11,1997.28,0.04,0,0,203,1,101,11254.244547101607,5232.705719102399,27169.53457078943,0.0,626,0.4262067809017204,0.2124088310648357,1.226516702664473,3.143414378866197,90,8365.00787694838,0,0,0,0
CUST_005001,35,Female,Single,0,Salaried,HR Manager,Post-Graduate,tier1,2200980.46,92,775,0,32826.05,722120.63,0.32,51747.55,0.35,0,1,158,4,0,310422.47167142294,6155.3923843458815,20900.77604528651,20775.951860693825,781,0.1789704449964358,1.692449986883224,3.047935927358941,0.7146150898140458,0,11406.04728481983,1,1,0,0
CUST_005002,28,Female,Married,0,Salaried,Data Scientist,Post-Graduate,tier1,2404058.17,110,777,1,44361.26,2160862.28,0.75,50049.16,0.2,1,1,162,4,0,331482.38716009015,21229.69384557212,5931.856584690648,19754.816267264658,784,0.2214307746266824,1.6546058827896368,1.1125452462684269,0.6710691648329253,0,11519.052642983612,1,1,0,1
CUST_005003,48,Male,Married,2,Salaried,Govt. Employee,Graduate,tier3,1754376.21,31,805,0,36918.42,870270.92,0.58,41169.9,0.26,0,1,111,4,0,229924.576593967,12345.242164316654,2863.6576440525505,6237.665721946428,814,0.2525216696480193,1.572682091341462,2.015894308068678,0.6291175281716137,96,11703.386331445565,1,1,0,1
CUST_005005,38,Male,Single,0,Salaried,Architect,Post-Graduate,tier2,2042352.3,206,765,3,37784.48,1331039.1,0.4,42310.1,0.31,0,1,160,4,0,246044.32181898056,6191.591719608903,17869.330976673875,16983.565914670307,773,0.2220043505460803,1.445644081140552,1.5344032835674897,0.7795932501452114,0,11231.39106496958,1,1,0,1
CUST_005006,31,Female,Married,1,Salaried,Software Engineer,Post-Graduate,tier1,2185168.49,24,822,0,62145.93,1342866.93,0.59,53898.93,0.24,1,1,145,4,0,277469.3063301284,9421.482730098498,6108.733180686982,24157.78452630761,831,0.341276687858402,1.523733023976221,1.62724005926629,0.660541551414124,31,12130.27648519022,1,1,0,0
CUST_005011,29,Female,Married,1,Salaried,Product Manager,Post-Graduate,tier1,1976906.58,118,785,0,37115.57,1136112.43,0.77,34027.63,0.29,1,1,147,4,0,281619.1236259377,15558.80056716024,4478.850129340573,19438.450364619253,792,0.2252934665624924,1.7094429268357891,1.7400609197974186,0.7398435411090137,29,11481.659127942445,1,1,0,0
CUST_005017,27,Female,Married,1,Self-Employed,Sales Rep,Under-Graduate,tier2,638441.3,23,649,1,23446.25,291918.61,0.28,5186.04,0.07,0,0,210,1,104,11529.510792319044,5077.943639370507,24490.654146793066,0.0,657,0.4406821924172057,0.2167020352276799,2.1870449196612727,3.2385352382706034,27,8781.978784585011,0,1,0,0
CUST_005032,29,Male,Single,0,Salaried,Architect,Post-Graduate,tier2,1825125.17,54,784,2,36493.05,752279.19,0.29,46565.55,0.25,0,1,171,4,0,228006.2888194708,5691.707912406629,15194.542735277006,21206.266143312085,793,0.239936267365592,1.49910675800529,2.4261241944972656,0.9318165474238468,0,11432.807623746525,1,1,0,0
CUST_005037,35,Female,Single,0,Salaried,Teacher,Graduate,tier2,911735.1,126,675,3,19075.44,381459.68,0.34,10875.26,0.14,0,0,136,1,0,55457.214203436335,5093.910725824727,14822.907903804247,1475.6570290737786,682,0.2510622518020622,0.7299025907965443,2.390115542183797,1.475478149850212,0,9359.158198666615,0,1,0,1
CUST_005038,30,Female,Married,0,Salaried,Software Engineer,Post-Graduate,tier1,2257389.65,133,708,2,41618.86,1878563.6,0.12,47190.87,0.22,1,1,153,4,0,279142.5808737281,16550.896294739825,3026.7456297614103,11833.77871030631,718,0.2212394590922709,1.4838790298947186,1.2016566531701915,0.6747847684671225,0,10504.139049435436,1,0,0,1
CUST_005041,28,Male,Single,0,Salaried,Analyst,Graduate,tier1,1008627.05,47,730,3,21408.37,495203.69,0.34,16386.0,0.15,0,0,127,4,0,85358.95490967736,5536.075923597355,13103.590704657712,2673.6206301368293,738,0.2547000733314856,1.015534208115508,2.03678816127529,1.246776236700174,0,10202.186980109924,1,1,1,1
CUST_005048,27,Male,Married,1,Salaried,Software Engineer,Post-Graduate,tier1,2669399.65,45,694,3,50670.26,1735117.83,0.15,65349.28,0.2,1,1,146,4,0,379858.9873456797,26584.682804432246,5437.893798020647,20088.85402198048,699,0.2277816986376005,1.7076076850672908,1.5384535075329682,0.5448981826955155,27,10343.357806136277,1,0,0,1
CUST_005052,28,Male,Married,0,Salaried,Sales Rep,Under-Graduate,tier1,730820.17,100,618,2,27957.98,424493.96,0.27,4602.98,0.06,0,0,218,1,101,13946.083906627877,1887.3275497557024,29216.184095439123,0.0,626,0.459059923429479,0.2289896555587235,1.72162272550892,2.942684457416973,0,8452.204468646562,0,0,0,0
CUST_005056,30,Female,Single,1,Salaried,Teacher,Graduate,tier1,1244718.5,95,708,3,25542.65,709629.95,0.34,15723.65,0.19,0,0,130,4,0,143360.26032917394,6556.195649285737,12438.21782798407,3403.392696531655,717,0.2462475210497372,1.38208481591002,1.7540363762318991,1.0360889713509445,30,10062.679685846362,1,1,1,1
CUST_005058,28,Male,Married,0,Salaried,Software Engineer,Post-Graduate,tier1,2602098.91,89,788,3,67399.42,1759002.91,0.63,65026.69,0.23,1,1,156,4,0,336209.3713995868,17835.486807237776,1636.3590840844693,19427.039309005675,793,0.3108218934449646,1.550476746125722,1.479302516160979,0.5972208762952241,0,11714.060662420314,1,1,0,1
CUST_005069,40,Male,Married,1,Self-Employed,Gig Worker,Under-Graduate,tier1,686542.12,29,630,3,23128.64,298630.67,0.78,4928.64,0.05,0,0,208,1,93,13446.550148853376,1519.1683820102726,34067.44610561012,0.0,638,0.4042560839923297,0.2350267766017346,2.2989595175890085,2.986179787663092,40,8574.352712063781,0,1,0,0
CUST_005074,40,Female,Single,2,Self-Employed,Sales Rep,Under-Graduate,tier2,596769.45,62,640,0,21742.33,289141.38,0.43,4160.97,0.06,0,0,210,0,114,9238.677398334195,3852.561495081465,28394.33553426038,0.0,649,0.4371918061461193,0.1857700650380644,2.063929369330085,3.460952096385209,80,8631.237790358422,0,1,0,0
CUST_005075,26,Female,Single,1,Salaried,Gig Worker,Under-Graduate,tier3,744532.87,75,632,0,39946.05,373803.89,0.76,3466.79,0.09,0,0,210,1,122,8146.48179392929,5389.789317534866,31837.28655352581,0.0,638,0.6438196263443465,0.1312987107508396,1.9917686737591904,2.78317894885083,26,8626.087691915034,0,0,0,0
CUST_005076,38,Male,Married,2,Self-Employed,Business Owner,Graduate,tier2,2918224.26,114,670,0,57664.39,2392709.52,0.2,75469.67,0.31,1,1,138,4,0,453828.0836264443,33609.165356771206,12168.63490452812,9964.334344493862,677,0.2371201706608909,1.8661741265312533,1.2196311403353548,0.4712753797074273,76,10078.151158615508,0,1,0,0
CUST_005084,28,Female,Single,0,Salaried,Consultant,Graduate,tier1,973308.45,69,793,0,15025.79,315764.17,0.11,11858.36,0.1,0,0,178,4,4,58433.60131380855,1946.9036474460204,17802.54425067276,5245.410141114538,802,0.1852519178036381,0.7204237985194933,3.0823806501521367,1.810215299176977,0,11058.34279277846,1,1,1,1
CUST_005085,29,Male,Married,0,Salaried,Product Manager,Post-Graduate,tier1,1917192.75,117,760,2,38329.58,785605.83,0.23,47700.65,0.28,1,1,149,4,0,249873.37828806497,20658.28377180077,3578.576968727326,19452.923809818367,768,0.2399091489836962,1.563985557336419,2.440397253165429,0.7731452912533009,0,11110.17453027829,1,1,0,0
CUST_005089,47,Female,Married,2,Self-Employed,Trader,Graduate,tier2,3275057.67,348,727,2,41168.39,2271268.21,0.31,82600.88,0.38,1,1,136,4,0,585897.8023052545,29883.93822219875,3788.0521786771706,11695.19583368174,737,0.1508428002388114,2.146755439148583,1.4419504546535018,0.4139957762141814,94,11056.360753608,1,1,0,0
CUST_005094,38,Female,Single,0,Salaried,HR Manager,Post-Graduate,tier1,1984096.47,238,728,2,27606.62,665020.57,0.7,34557.18,0.25,0,1,165,4,0,280599.2801747275,3584.7607155212327,14144.74201422358,18987.791548324774,735,0.1669663957434746,1.6970802821565143,2.983506940985388,0.8274424155617707,0,10657.995899828638,1,1,0,0
CUST_005097,42,Male,Married,1,Self-Employed,Business Owner,Graduate,tier2,2571288.44,29,750,1,56671.66,1359155.47,0.16,80234.36,0.39,1,1,122,4,0,398943.16553914704,30473.22537612872,964.2342778056332,12835.37493033892,759,0.2644809254573145,1.8618275453139053,1.8918266562789487,0.4726321867384955,42,11202.777806534052,1,1,0,0
CUST_005102,39,Male,Single,1,Self-Employed,Gig Worker,Under-Graduate,tier2,720718.98,189,614,2,24157.05,562140.05,0.6,1317.94,0.06,0,0,207,1,93,13109.91481111724,2920.496845415004,29651.86699478916,0.0,622,0.4022091571532002,0.2182769744869394,1.2820963350746222,2.832826376016673,39,8389.539709343833,0,1,0,0
CUST_005103,28,Male,Married,1,Salaried,Product Manager,Post-Graduate,tier1,1916527.29,53,789,1,36653.79,1422100.48,0.67,43091.88,0.23,1,1,153,4,0,231575.123070984,16763.26598501311,6065.240644293658,16845.76843227407,797,0.22949985022222,1.449958000522811,1.3476726639789447,0.7941750983449604,28,11529.42266220698,1,1,0,0
CUST_005106,31,Female,Single,1,Salaried,Analyst,Graduate,tier2,1226780.07,61,723,1,25066.04,649112.41,0.77,16698.58,0.16,0,0,131,4,0,131761.71253738884,4048.4093148170864,23137.802270223627,2851.5552276923727,733,0.2451861952449692,1.2888415152933506,1.8899317917342056,1.0592020616891085,31,10276.58983776423,1,1,1,1
CUST_005109,50,Male,Married,1,Self-Employed,Trader,Graduate,tier2,2953741.98,269,764,0,48187.88,1116176.29,0.71,86081.7,0.36,1,1,140,4,0,498906.6750922116,34419.384891624795,3438.403743069106,9129.071718528608,771,0.1957693714220572,2.0268716154574724,2.6463018074843645,0.4723758037803278,50,11486.808056478076,1,1,0,0
CUST_005110,30,Female,Single,0,Salaried,Architect,Post-Graduate,tier2,1756513.85,100,775,0,21032.06,1180565.95,0.79,39806.72,0.29,0,1,164,4,0,237607.7965235488,12606.985488183327,16724.446878279607,14284.816688281226,784,0.1436840340265985,1.6232573851859826,1.4878561948562088,0.928382191852048,0,11273.012288692433,1,1,0,1
CUST_005113,28,Female,Single,0,Salaried,HR Manager,Post-Graduate,tier2,1784695.74,72,764,0,24857.38,967699.54,0.38,48590.55,0.2,0,1,160,4,0,232373.70317497465,9537.21480906048,14982.81761536598,19926.79490741252,772,0.1671358023022862,1.5624319744921908,1.8442644870281877,0.8915160181970455,0,11112.75399833819,1,1,0,0
CUST_005116,35,Female,Single,0,Salaried,HR Manager,Post-Graduate,tier1,2008405.23,164,763,3,30699.22,1702343.66,0.15,35522.75,0.29,0,1,161,4,0,261974.90320680465,10702.056888408151,15896.873464933838,17205.50126198742,772,0.1834233616886467,1.5652618348039444,1.17978766415022,0.7976594472062482,0,11203.921778824608,1,1,0,0
CUST_005117,43,Male,Single,2,Salaried,Sales Rep,Under-Graduate,tier2,737530.18,227,621,0,36599.08,446804.82,0.26,3696.3,0.1,0,0,206,1,117,8783.39728336815,4236.332282991432,27498.0125580217,0.0,628,0.5954763970245065,0.1429081214045517,1.6506727240034609,2.7557415808951014,86,8484.947968600634,0,1,0,0
CUST_005123,54,Male,Married,1,Salaried,Govt. Employee,Graduate,tier3,1833826.13,423,799,0,32132.58,908128.64,0.19,38418.61,0.26,0,1,113,4,0,265675.8388462868,12477.319513470346,2130.028132453012,4267.781507245904,808,0.2102644468407907,1.7384904447130465,2.019343989256864,0.6128560505865052,54,11652.90786047481,1,1,0,1
CUST_005125,46,Male,Married,1,Self-Employed,Trader,Graduate,tier2,2968190.08,189,744,1,51885.82,2641745.16,0.25,79396.85,0.3,1,1,122,4,0,505375.1759083231,23063.653803916768,4128.671234743516,9947.991815041643,750,0.2097666611701855,2.0431567485795568,1.12357126696836,0.409644773244292,46,11177.597445938258,1,1,0,0
CUST_005132,32,Female,Married,0,Salaried,Product Manager,Post-Graduate,tier1,2236368.62,50,812,1,61548.02,1411337.96,0.73,39833.3,0.23,1,1,143,4,0,292842.5048157323,7518.679453324847,2682.161255815009,17719.83240779192,821,0.330255160232966,1.5713380926135854,1.584572298634766,0.636582966512415,0,12003.319175446237,1,1,0,1
CUST_005135,27,Male,Married,0,Salaried,Data Scientist,Post-Graduate,tier1,2398904.43,43,761,0,55610.94,734418.49,0.5,53185.25,0.26,1,1,145,4,0,321658.78577067633,16361.981139670244,3606.854269287469,24091.180974673312,767,0.2781802949259053,1.6090203814428483,3.2663953812010083,0.6019333859583628,0,11267.63123338738,1,1,0,0
CUST_005142,36,Female,Single,0,Salaried,HR Manager,Post-Graduate,tier1,1909647.32,14,753,1,29578.42,1230997.75,0.38,43338.63,0.3,0,1,170,4,0,244918.5923114268,4435.031452872097,15252.592108771049,22689.0763411886,761,0.1858661575301295,1.539030065183104,1.551299154446745,0.8855793365210439,0,11005.908969292932,1,1,0,0
CUST_005155,28,Female,Married,1,Salaried,Software Engineer,Post-Graduate,tier1,2137400.24,29,692,1,47420.61,738551.74,0.24,45874.49,0.28,1,1,140,4,0,267999.2064635895,13639.36408129297,1930.8507912344908,20550.4556099498,699,0.2662318991866538,1.504618724164822,2.894038738519879,0.6519511239320713,28,10187.99579137659,1,0,0,0
CUST_005159,43,Female,Single,0,Salaried,Gig Worker,Under-Graduate,tier1,646649.95,138,613,1,22678.44,545950.94,0.16,1910.94,0.06,0,0,208,1,95,11767.507656550051,6183.381293673045,27361.486783614968,0.0,619,0.4208401004574337,0.2183677141953391,1.184444824941917,3.1675933273123684,0,8281.948839592498,0,1,0,0
CUST_005161,29,Female,Single,0,Salaried,HR Manager,Post-Graduate,tier2,2035701.49,79,757,3,17787.87,1669212.07,0.57,52268.58,0.35,0,1,165,4,0,292077.55093438696,5216.262584410453,28478.24191858721,17028.81456031513,765,0.1048548536169498,1.7217209732262684,1.2195576026732164,0.8065692908108505,0,11112.658913733963,1,1,0,0
CUST_005163,54,Female,Married,2,Salaried,Govt. Employee,Graduate,tier3,1548823.49,216,826,1,29954.79,939640.37,0.65,51203.47,0.34,0,1,112,4,0,233160.64134875013,18078.036300533004,1189.0733204864714,6397.067694907327,833,0.2320824143821756,1.8064718391654373,1.6483134304740117,0.7184905842033468,108,11872.754670748436,1,1,0,1
CUST_005167,41,Female,Married,1,Salaried,Govt. Employee,Graduate,tier2,1596847.33,58,815,3,29140.57,689599.42,0.48,38124.85,0.31,0,1,106,4,0,222320.6300718211,15610.690793384349,1074.3800779217522,9634.549800824909,823,0.2189841230410696,1.6706841427678247,2.3156124672893905,0.6596768592819581,41,11755.355437061791,1,1,0,1
CUST_005168,31,Male,Single,0,Salaried,HR Manager,Post-Graduate,tier2,1741747.68,22,724,0,33008.95,1561802.05,0.44,45969.15,0.27,0,1,159,4,0,203715.61859150624,6849.340201452152,16047.152927829946,15185.584670082677,732,0.2274179409182327,1.4035159104716874,1.1152159550463163,0.907664966908933,0,10519.132913484596,1,1,0,0
CUST_005178,38,Male,Married,2,Self-Employed,Sales Rep,Under-Graduate,tier1,634681.65,81,643,1,29047.76,381816.26,0.57,2050.68,0.03,0,0,209,1,113,9069.356554873892,1978.8091403004253,27289.922586174187,0.0,653,0.5491990033301892,0.1714721403916467,1.6622654774695098,3.2419101738043885,76,8724.654894129158,0,1,0,0
CUST_005179,53,Male,Married,1,Self-Employed,CXO,Post-Graduate,tier1,8305823.99,287,791,2,99974.97,3247782.5,0.6,305851.85,0.52,1,1,119,8,0,1845143.334405536,9530.15610012959,3595.6989964862305,52335.703917703206,798,0.1444405646155794,2.6658027005980443,2.557382285487934,0.1431006718553695,53,12714.109170846908,1,1,0,0
CUST_005180,31,Male,Married,1,Salaried,Software Engineer,Post-Graduate,tier1,2041013.59,149,732,3,41225.86,1366200.44,0.55,40441.59,0.21,1,1,145,4,0,278460.5524465576,18402.04766681454,1498.11848329882,18531.8197627712,739,0.2423832030445046,1.63718017340424,1.4939331274603254,0.70696752428637,31,10736.89965917485,1,0,0,0
CUST_005189,35,Female,Married,0,Self-Employed,Sales Rep,Under-Graduate,tier3,612361.02,194,605,1,25931.19,404162.29,0.25,2247.56,0.04,0,0,207,0,117,8161.941230511492,2708.713497717679,26416.276617569256,0.0,610,0.5081449865312485,0.1599405779930309,1.515132707871613,3.3260437808267618,0,8128.298142757789,0,0,0,0
CUST_005190,37,Male,Single,0,Salaried,HR Manager,Post-Graduate,tier2,1964688.12,54,791,3,37927.24,1739686.45,0.69,37169.0,0.3,0,1,174,4,0,232132.502127334,7508.822928551691,18092.44934704752,17609.052640453898,797,0.2316520854083319,1.417819440825406,1.1293339616837497,0.88115180436696,0,11549.203131947876,1,1,0,0
CUST_005192,41,Male,Married,3,Self-Employed,Trader,Graduate,tier2,3255889.73,102,766,0,72441.62,1254865.01,0.29,79059.55,0.31,1,1,131,4,0,463797.23749470094,29722.81396263438,3747.1363587676624,10852.897774801924,774,0.2669919156313111,1.7093780191997414,2.594611459752584,0.4011158086467298,123,11606.88576917236,1,1,0,0
CUST_005202,31,Female,Single,0,Salaried,HR Manager,Post-Graduate,tier2,1558214.08,107,710,3,19552.66,1060422.77,0.28,29723.1,0.29,0,1,169,4,0,183516.319153995,9885.966903932096,12036.519657167795,14321.022605225697,717,0.1505763014825165,1.413271063880499,1.4694258315239388,1.077658989007419,0,10223.739957525137,1,1,0,0
CUST_005214,40,Female,Married,1,Salaried,Govt. Employee,Graduate,tier3,1591513.44,177,731,2,37844.19,517500.4,0.77,47148.74,0.38,0,1,104,4,0,221183.73847029184,18788.552509030225,3388.563064895712,4512.298120735227,741,0.2853427715236522,1.6677112378696894,3.0753799699865545,0.649385746022837,40,10581.6256797586,1,1,0,1
CUST_005224,50,Female,Married,3,Self-Employed,Trader,Graduate,tier2,3526919.43,190,778,2,51687.53,2123914.67,0.56,96410.98,0.25,1,1,127,4,0,609550.4625505344,27524.891690226475,2758.3236487783,17128.475204223956,786,0.1758611904740092,2.0739290501620022,1.6605741366369788,0.3590695307413321,150,11849.68541988936,1,0,0,0
CUST_005233,41,Female,Married,2,Self-Employed,Trader,Graduate,tier2,2810119.74,52,722,0,59455.93,1543183.17,0.4,73255.65,0.31,1,1,126,4,0,427032.15787035343,28723.065152181804,1148.407501309116,10720.48857189724,731,0.2538924242747423,1.8235393812690932,1.8209879252455008,0.4467895395108294,82,10854.427484109963,1,0,0,0
CUST_005234,55,Male,Married,1,Salaried,Govt. Employee,Graduate,tier3,1871596.38,110,778,2,44882.08,1156458.46,0.77,59572.52,0.32,0,1,112,4,0,281052.6092887109,17408.560236086756,597.1276536997384,6817.637505889785,784,0.2877658412707043,1.801996265620766,1.618384772432922,0.5952392404156305,55,11322.765425071537,1,1,0,1
CUST_005238,28,Female,Married,0,Salaried,Software Engineer,Post-Graduate,tier1,2441449.68,50,738,2,64411.62,1100253.92,0.21,46573.77,0.22,1,1,158,4,0,314034.54951895267,15032.216629236907,7455.094335277337,12487.081056888555,744,0.3165888067512081,1.5435075738020314,2.2189854692946978,0.644516594768529,0,10942.82860341814,1,1,0,1
CUST_005244,39,Female,Married,1,Self-Employed,Sales Rep,Under-Graduate,tier2,707387.91,54,590,1,26039.1,412094.48,0.19,1775.47,0.03,0,0,207,1,92,12475.473095123643,2741.637448815617,29874.3015260516,0.0,599,0.4417150689204922,0.2116280692507915,1.716563137261297,2.8854681980910435,39,8068.132191223369,0,1,0,0
CUST_005247,28,Male,Married,1,Salaried,Software Engineer,Post-Graduate,tier1,2417035.74,13,786,0,49548.44,1815711.1,0.43,58177.37,0.3,1,1,145,4,0,338659.3654754759,18269.757160171463,6011.754989620937,14858.448906353038,795,0.245994843279347,1.681353793080525,1.3311778557845158,0.5974366079998475,28,11684.952023884494,1,1,0,1
CUST_005249,28,Male,Married,0,Salaried,Software Engineer,Post-Graduate,tier1,1937407.17,41,769,1,49071.98,1306705.84,0.42,45909.48,0.22,1,1,143,4,0,253855.39460246215,16378.840721601062,5455.379000911414,13553.625800610327,776,0.3039423626638318,1.572331265427474,1.482663984524639,0.7343097129502713,0,11234.044634934922,1,1,0,1
CUST_005250,37,Male,Single,0,Salaried,HR Manager,Post-Graduate,tier2,1652959.65,170,805,0,24940.38,1313314.98,0.75,33432.38,0.22,0,1,167,4,0,206772.84422298573,8076.101645827829,13327.994197872546,13634.266230117646,814,0.1810584954678442,1.5010990240974968,1.2586153486078804,1.0042336264743406,0,11654.91595705216,1,1,0,1
CUST_005252,27,Male,Married,0,Salaried,Data Scientist,Post-Graduate,tier1,2462287.22,108,733,3,60931.06,1704874.61,0.16,45550.75,0.21,1,1,143,4,0,321712.0980920407,8503.390079225024,4141.757832087268,19697.539362909887,738,0.2969471435725833,1.5678619177341444,1.4442620948750624,0.5784117591320962,0,10860.85201496906,1,1,0,1
CUST_005253,23,Male,Single,0,Salaried,Consultant,Graduate,tier2,836422.36,20,730,0,7491.37,681769.31,0.23,9508.67,0.15,0,0,171,1,0,57427.81288712075,2233.3097394599417,19138.347125786924,2493.445063037475,735,0.1074757856671502,0.823894602614662,1.226838933481864,2.020267990084761,0,10023.114278894798,1,1,1,1
CUST_005257,37,Male,Single,0,Salaried,HR Manager,Post-Graduate,tier1,1978666.81,151,689,0,26425.4,845705.72,0.7,45508.06,0.34,0,1,176,4,0,258279.43673451885,10006.137295448876,24843.59053713789,21817.2969155326,699,0.1602608762965425,1.5663751110844644,2.33966073960013,0.8850150216968724,0,10134.056112740896,1,1,0,0
CUST_005261,42,Female,Single,2,Self-Employed,Sales Rep,Under-Graduate,tier3,614881.68,213,595,1,25939.94,525312.73,0.51,3221.67,0.06,0,0,201,1,106,8827.405815871489,2971.385438064787,29555.576269642446,0.0,606,0.5062326872509081,0.1722718467206523,1.1705037292666995,3.216608942672155,84,8077.487179204101,0,0,0,0
CUST_005277,41,Female,Single,1,Salaried,Gig Worker,Under-Graduate,tier2,708479.66,18,647,0,33672.65,442300.52,0.27,4592.97,0.08,0,0,202,1,99,10832.005645530771,2739.867168771585,26230.351766859032,0.0,655,0.5703268264301092,0.1834659108709469,1.6018024536745883,2.8114922557445814,41,8823.425116615097,0,1,0,0
CUST_005284,52,Male,Married,1,Self-Employed,Surgeon,Post-Graduate,tier1,11117065.76,283,811,0,177871.27,8211444.08,0.25,469575.27,0.52,1,1,117,8,0,2446218.9623020617,13094.404602985998,1940.9191799757757,43735.752382209306,819,0.1919978690515159,2.640498535797301,1.35385010210651,0.1051490145952008,52,13287.449473728848,1,0,0,0
CUST_005286,26,Male,Single,0,Salaried,Teacher,Graduate,tier2,927349.68,79,728,3,22276.55,645095.74,0.5,10282.57,0.13,0,0,133,2,0,59223.0127224841,7565.642622188785,19199.47341346486,3246.0034112612725,738,0.2882571123706556,0.7663419440296575,1.4375358337727766,1.4188941740503926,0,10140.18425661897,0,1,1,1
CUST_005292,36,Female,Single,0,Salaried,Architect,Post-Graduate,tier1,1593246.01,176,775,3,14451.12,893631.75,0.76,40147.1,0.28,0,1,165,4,0,220486.34017751596,10415.220478664369,19338.750431838314,11317.965311767197,782,0.1088420324339056,1.6606450841757836,1.782886773117928,1.0291620809959166,0,11167.964585748934,1,1,0,1
CUST_005294,27,Male,Married,0,Salaried,Software Engineer,Post-Graduate,tier1,2519493.82,78,784,2,69836.68,1163300.0,0.23,56489.09,0.28,1,1,144,4,0,324552.83899480547,15981.198208691929,2287.1212635244365,19167.19751419024,795,0.332620847051665,1.545792844383136,2.1658141959819512,0.5692838577482668,0,11717.957332054068,1,1,0,1
CUST_005301,30,Male,Single,0,Salaried,Teacher,Graduate,tier1,997189.8,138,639,0,19386.66,620343.5,0.68,13316.35,0.15,0,0,145,4,0,88575.7357067158,7192.455256243928,13465.62535422816,2676.877233056358,648,0.2332927196882316,1.0658914058123337,1.6074774580898197,1.4396492101091571,0,8950.627918282311,1,1,0,1
CUST_005306,23,Male,Single,0,Salaried,Consultant,Graduate,tier2,916675.41,26,750,2,18910.76,335669.09,0.34,8231.97,0.14,0,0,163,3,0,46037.52015639709,2267.52953884011,22398.63000964648,3379.829009483129,759,0.2475534380907445,0.6026593535049913,2.730882009773346,1.7589762093719523,0,10419.93894579688,1,1,1,1
CUST_005311,37,Male,Single,2,Self-Employed,Sales Rep,Under-Graduate,tier2,708162.17,42,581,0,28375.69,452919.79,0.1,2790.88,0.07,0,0,214,1,102,12186.162198717337,3387.9202113654464,27969.809360731764,0.0,588,0.4808256138458142,0.2064943238251799,1.563545294531523,2.9798283582662117,74,7920.6127295879,0,1,0,0
CUST_005315,27,Male,Single,0,Salaried,Teacher,Graduate,tier2,1110844.64,41,728,1,21957.13,379905.4,0.54,17287.02,0.13,0,0,128,4,0,129261.94011291016,5120.81844295821,14805.145035033618,3284.5932815902884,738,0.2371913265063618,1.3963487505956862,2.923995594704379,1.141995914795114,0,10273.42650535351,0,1,1,1
CUST_005321,29,Female,Married,0,Self-Employed,Gig Worker,Under-Graduate,tier1,689334.83,122,618,3,33409.22,383171.33,0.77,1262.67,0.03,0,0,206,1,111,8882.76992714946,3471.699204672768,29592.22756709884,0.0,624,0.5815804505839246,0.1546293309650724,1.7990203781155072,2.9456562316508674,0,8388.733921022616,0,0,0,0
CUST_005346,37,Female,Married,2,Self-Employed,Business Owner,Graduate,tier2,2999172.57,100,721,1,74675.22,1018088.13,0.35,65003.1,0.32,1,1,138,4,0,414739.898656384,29527.169385973782,3167.2754732663407,13786.035328263872,730,0.2987820919604158,1.659410639031331,2.9458840897358365,0.4585978264450284,74,10887.108552370986,1,1,0,0
CUST_005371,45,Female,Married,1,Self-Employed,Surgeon,Post-Graduate,tier1,10246067.69,43,831,2,129770.8,8886163.93,0.46,407940.74,0.59,1,1,126,8,0,2283336.230738047,18274.82682388756,2141.5225682578066,40534.0796747337,839,0.1519849198049717,2.674196921930886,1.153035957661434,0.1228541033546942,45,13543.477499284762,1,1,0,0
CUST_005374,35,Male,Single,1,Self-Employed,Sales Rep,Under-Graduate,tier1,681747.94,115,677,3,30753.09,283920.49,0.32,2708.32,0.08,0,0,208,1,112,8974.274096106043,6120.23435717423,22302.242566615187,0.0,684,0.5413006226209185,0.1579607173065529,2.401184707786649,3.006875596911789,35,9187.773054184983,0,0,0,0
CUST_005388,31,Male,Married,0,Salaried,Product Manager,Post-Graduate,tier1,2256945.01,137,777,2,60316.94,1612552.84,0.58,39738.92,0.23,1,1,154,4,0,287117.84486996126,11676.196086650569,1958.1226607001088,17494.246145553025,783,0.3206987447226564,1.5265749959674844,1.399609088401042,0.6793283441842288,0,11454.916614219,1,0,0,1
CUST_005393,38,Female,Married,3,Self-Employed,Business Owner,Graduate,tier2,3449088.73,173,736,2,76528.25,1534712.58,0.66,98144.52,0.35,1,1,122,8,0,602740.115289135,34256.819360559944,4985.616159415822,14170.712328424268,742,0.2662546187800088,2.0970339661461903,2.2473826875240133,0.3526940460992454,114,11169.786713600326,1,1,0,0
CUST_005395,36,Female,Married,1,Self-Employed,Trader,Graduate,tier2,3199892.25,152,766,3,79269.41,1724606.4,0.41,69180.53,0.36,1,1,111,8,0,495723.4555813457,23676.795727750745,2449.5179860366297,8260.868070934075,774,0.2972691823513156,1.859018583751732,1.8554322856320808,0.3458060001858318,36,11593.458078067011,1,0,0,0
CUST_005402,32,Female,Married,0,Salaried,Data Scientist,Post-Graduate,tier1,2733874.91,110,746,3,70807.0,2155594.17,0.48,64708.13,0.21,1,1,146,4,0,379540.4571977981,15626.097302756543,4001.745965236908,19998.409733953107,756,0.3107970548789086,1.66593777881382,1.2682691759789015,0.5320942272838524,0,11204.8505660894,1,1,0,1
CUST_005411,30,Male,Single,0,Salaried,Architect,Post-Graduate,tier2,1655682.47,122,774,3,19738.07,588694.48,0.12,40139.05,0.28,0,1,177,4,0,219971.13627657457,6381.411369596899,15589.251279491322,13478.308713339118,781,0.1430558863918896,1.5942878853239724,2.812459966568794,1.0626275006664387,0,11183.704798849823,1,1,0,1
CUST_005414,28,Male,Single,0,Salaried,HR Manager,Post-Graduate,tier1,1647167.92,88,680,0,17372.43,1041836.52,0.49,29896.0,0.33,0,1,159,4,0,212239.1137735736,8861.621502074526,13771.92499755218,21810.000102059366,686,0.1265612562834059,1.546199862175884,1.5810218852551978,0.959468247490574,0,9819.794036368608,0,1,0,0
CUST_005416,27,Female,Single,1,Salaried,Analyst,Graduate,tier1,1012157.51,95,654,2,18955.62,829715.42,0.61,14561.96,0.18,0,0,125,4,0,89972.54266708485,3583.0309817934763,13477.571453597251,4418.4995851498,660,0.2247325549255084,1.0666894243880338,1.219883668205578,1.2229035033945013,27,9126.213193019385,0,1,0,1
CUST_005421,23,Male,Single,0,Salaried,Analyst,Graduate,tier1,806059.35,34,737,0,14102.75,390127.35,0.24,12041.79,0.11,0,0,175,1,7,45902.03102243372,3686.738462957077,16866.821416989256,2273.228177207812,746,0.2099479159009931,0.6833444362824762,2.066138874552439,2.144451871055702,0,10145.535765383704,0,1,1,1
CUST_005424,38,Female,Single,0,Salaried,Architect,Post-Graduate,tier1,2019812.66,50,751,0,33978.06,1293669.44,0.46,44821.2,0.24,0,1,171,4,0,263708.72836816724,5525.657911645792,21769.159765487853,11072.658559674928,759,0.2018673838747963,1.5667224997728304,1.561303866539611,0.8424422774070194,0,11019.553505556556,1,1,0,1
CUST_005433,46,Male,Married,1,Salaried,Govt. Employee,Graduate,tier2,1861732.58,170,796,3,42114.84,1063004.59,0.66,47466.54,0.36,0,1,116,4,0,249231.788748629,16668.985558913562,5262.026476020929,6930.283094541653,804,0.2714540358699472,1.6064402695795938,1.751385503062124,0.6197466520564598,46,11607.36298967556,1,1,0,1
CUST_005436,28,Male,Single,0,Salaried,Consultant,Graduate,tier2,1024547.69,72,743,2,20020.21,667197.28,0.33,9273.59,0.2,0,0,174,4,0,69219.09986409466,3543.783424489558,24685.62660704159,4339.661109816027,753,0.234483673664733,0.810718210443294,1.5355970192249295,1.6818944325321532,0,10421.341366678991,1,1,1,1
CUST_005440,56,Male,Married,1,Self-Employed,Surgeon,Post-Graduate,tier1,10841293.28,420,848,2,138404.55,5603611.11,0.24,537165.34,0.55,1,1,120,8,0,2432410.8485785434,20643.58078113067,7310.948420013071,37567.13527769121,855,0.1531969220591858,2.6923815379306912,1.9346973108029772,0.1105858969097921,56,13850.036368293337,1,0,0,0
CUST_005444,32,Female,Single,0,Self-Employed,Sales Rep,Under-Graduate,tier1,691061.22,79,678,0,26070.74,416307.96,0.38,3988.22,0.09,0,0,214,1,92,13670.776625097851,6834.125202261273,26258.20044823548,0.0,687,0.4527000481946038,0.2373834128620614,1.6599720073284032,3.052515156950202,0,9237.391792630588,0,1,0,0
CUST_005446,28,Male,Married,0,Salaried,Data Scientist,Post-Graduate,tier1,2390725.6,40,746,2,58303.42,1543410.56,0.22,44389.48,0.27,1,1,150,4,0,294649.5009578322,13990.068108181424,5403.1914131215735,12954.087870855756,755,0.292646520471339,1.478955286223794,1.5489877502278135,0.6248110987778028,0,11088.76646030248,1,1,0,1
CUST_005447,27,Female,Single,0,Salaried,Analyst,Graduate,tier2,786333.64,78,734,1,13558.59,394764.32,0.6,7280.8,0.17,0,0,158,1,7,44167.0649087174,5387.94197818991,15580.749327329817,1850.5384182194648,742,0.2069103861248598,0.674009941613727,1.9919015175902484,1.984092999009812,0,10072.752196729512,0,1,1,0
CUST_005448,36,Male,Single,0,Salaried,HR Manager,Post-Graduate,tier1,2128746.63,22,792,3,43776.27,1273286.35,0.78,43658.84,0.21,0,1,175,4,0,269033.93565334735,9966.352305887543,18148.396000536013,13231.210598887004,799,0.246770691893801,1.516568004631022,1.6718509219462518,0.8182362396054366,0,11642.264473705569,1,1,0,1
CUST_005449,24,Female,Single,0,Salaried,Analyst,Graduate,tier1,964887.05,51,770,3,18005.63,352864.35,0.41,15251.94,0.12,0,0,158,4,0,77859.12536410887,3720.504568512608,18742.636873280768,4292.378065570052,776,0.2239276326368028,0.9682976725589132,2.7344341120486897,1.6207005724406738,0,10693.099473865475,1,1,1,1
CUST_005451,51,Female,Married,1,Self-Employed,CXO,Post-Graduate,tier1,8058275.68,298,793,1,85092.83,4934515.89,0.66,378060.32,0.52,1,1,128,8,0,1776842.1232675686,13464.013497913042,11522.338584558393,32282.982163104843,801,0.126715997312223,2.6459846466055708,1.6330424760183566,0.158646041702928,51,12737.670434446209,1,1,0,0
CUST_005456,43,Male,Married,1,Self-Employed,Business Owner,Graduate,tier2,3684033.98,140,765,2,83130.11,2497055.47,0.24,115044.88,0.37,1,1,145,8,0,653741.5437099271,26599.170202788417,9021.937870996537,24406.60319550326,775,0.2707787376747127,2.129424705095327,1.4753506876037927,0.3925248137538789,43,11717.627357855354,1,1,0,0
CUST_005458,33,Female,Single,0,Salaried,Analyst,Graduate,tier2,861675.48,134,726,2,14377.99,668116.74,0.22,11534.2,0.13,0,0,134,1,0,75242.60198117998,4290.857676786869,15266.77505141762,1731.0075797598029,733,0.2002302273209308,1.047840713403611,1.2897060329516172,1.537269351662846,0,10017.643576658307,1,1,1,1
CUST_005464,52,Male,Married,1,Salaried,Govt. Employee,Graduate,tier3,1676553.97,293,803,0,30670.87,1323587.41,0.55,51564.32,0.35,0,1,105,4,0,257888.6396427645,14495.963796732409,915.49078443768,5404.285827607717,810,0.2195263691293937,1.845834718757398,1.2666732024345846,0.6225712421168473,52,11609.123822647747,1,1,0,1
CUST_005469,52,Male,Married,2,Salaried,Govt. Employee,Graduate,tier3,1701259.84,378,743,2,28702.19,940461.43,0.71,45939.33,0.34,0,1,113,4,0,266829.79644382227,20892.703947384533,3711.761349823537,7430.677572003378,751,0.2024522312671677,1.8820963716920556,1.8089609810356808,0.6603322146565421,104,10774.507033739435,1,1,0,1
CUST_005470,27,Female,Single,1,Salaried,Analyst,Graduate,tier1,1034365.29,94,715,3,20816.09,638838.91,0.48,11719.76,0.14,0,0,131,4,0,115953.9449032402,3316.354572935268,15175.697187082864,2664.785829225725,722,0.2414912647589159,1.3452029083497017,1.6191306676503665,1.2543503815604595,27,9999.194251251116,1,1,1,1
CUST_005476,27,Male,Single,0,Salaried,Analyst,Graduate,tier2,779197.47,36,783,3,15184.32,690954.87,0.36,6859.71,0.13,0,0,179,1,15,34278.35300026056,4222.27803404419,22635.41963014641,731.3646540332613,790,0.233841921864733,0.5278942977979038,1.1277094584926242,2.268126885911076,0,10717.156643527376,1,1,1,0
CUST_005483,32,Male,Single,0,Salaried,HR Manager,Post-Graduate,tier1,1586800.21,68,771,0,18219.46,607839.83,0.59,34100.61,0.25,0,1,167,4,0,207126.47454799255,8139.855401739806,16195.349145698992,15283.75167441396,779,0.1377815967271893,1.5663590681444977,2.610552190118588,1.045841545824947,0,11121.962738796963,1,1,0,0
CUST_005487,36,Female,Married,2,Self-Employed,Trader,Graduate,tier2,3285709.65,147,740,0,69548.15,1199084.42,0.53,99153.13,0.36,1,1,123,4,0,540724.8842780213,23645.322423033256,4214.012736469379,12735.083731777537,749,0.2540013698360602,1.9748168903279604,2.7401798030368845,0.3732124885455246,72,11238.815045218504,1,1,0,0
CUST_005489,29,Male,Married,1,Salaried,Software Engineer,Post-Graduate,tier1,1990335.34,96,763,0,37973.29,1138504.01,0.55,39939.97,0.29,1,1,146,4,0,247368.9403462101,10380.163414713008,2155.960383931166,23304.831710368548,772,0.2289447026869189,1.4914116870447955,1.748200774276786,0.7298776214192166,29,11196.94456046584,1,1,0,0
CUST_005510,33,Male,Married,0,Salaried,Data Scientist,Post-Graduate,tier1,2633698.81,167,737,3,44236.45,2183413.88,0.24,54986.84,0.23,1,1,146,4,0,423868.0282743984,13958.3612188704,8044.795885526869,26875.63171334493,749,0.2015549307784478,1.93127366906801,1.206229211921465,0.5522565560333251,0,11073.141240392972,1,1,0,0
CUST_005511,35,Male,Married,1,Self-Employed,Trader,Graduate,tier2,2662105.4,165,706,2,46637.07,1375204.0,0.53,83442.43,0.35,1,1,130,4,0,400325.94930536416,27718.294819067345,10389.234360025152,17022.856058015255,714,0.210225454369518,1.8045452810099096,1.9357880461458472,0.4865077552704321,35,10563.36456841928,1,0,0,0
CUST_005519,23,Male,Single,0,Salaried,Consultant,Graduate,tier2,1063597.89,32,733,0,16534.84,598526.83,0.12,14695.48,0.15,0,0,167,4,0,92147.75680503028,6088.152250152621,17642.76819033464,2219.364023748833,743,0.1865515560409089,1.0396415942130468,1.777023283946546,1.5555172151092809,0,10310.736488780702,0,1,1,1
CUST_005543,27,Female,Married,1,Salaried,Data Scientist,Post-Graduate,tier1,2536436.33,62,741,1,47319.77,845129.21,0.68,54458.78,0.28,1,1,147,4,0,356772.23655215045,16826.837641322378,2800.614850283476,27148.90157599585,748,0.2238710062743521,1.6878983056697257,3.0012373241278407,0.5772773435100967,27,11030.210729250566,1,1,0,0
CUST_005544,30,Female,Married,0,Salaried,Data Scientist,Post-Graduate,tier1,2716856.72,84,748,0,68444.72,1509721.46,0.25,60363.84,0.27,1,1,150,4,0,361208.0727009192,26574.05858811276,4311.921820408139,22064.26293588915,756,0.3023100210745552,1.5954016624001732,1.799573624942958,0.5500839075989294,0,11200.129809465128,1,1,0,1
CUST_005549,32,Male,Married,0,Salaried,Software Engineer,Post-Graduate,tier1,1996333.59,168,798,2,36391.96,1637272.8,0.7,35136.63,0.25,1,1,157,4,0,264341.36151460896,17857.66289865678,4158.95766869637,18186.60498396192,807,0.2187514637683548,1.5889515092300763,1.2193034482076242,0.7825219135168843,0,11707.00644511701,1,1,0,0
CUST_005553,28,Male,Married,0,Salaried,Data Scientist,Post-Graduate,tier1,2222047.04,13,788,1,60265.0,1511762.49,0.49,50947.88,0.24,1,1,140,4,0,286295.4671780396,12042.576625941369,4963.726026808941,14629.165956142511,798,0.325454898804129,1.546109056641661,1.4698377455854554,0.6272269243931347,0,11661.924015549794,1,1,0,1
CUST_005558,31,Female,Married,0,Salaried,Data Scientist,Post-Graduate,tier1,2267421.35,145,784,0,43590.36,1235842.65,0.3,41237.78,0.25,1,1,158,4,0,287727.1361789404,11877.626701817337,4535.968746062801,22238.661572308265,793,0.2306944634116808,1.5227462514597327,1.8347153784380408,0.6937670975992211,0,11604.884292988332,1,1,0,0
CUST_005561,31,Female,Married,0,Self-Employed,Sales Rep,Under-Graduate,tier2,603478.15,119,636,0,24180.77,223921.8,0.22,4636.06,0.07,0,0,211,1,112,8632.05599044286,3999.278609962713,25435.810115896445,0.0,645,0.4808185187446721,0.1716426885928698,2.695027705977239,3.4394052991129347,0,8585.251066943885,0,0,0,0
CUST_005566,32,Female,Married,0,Salaried,Software Engineer,Post-Graduate,tier1,1873294.78,119,786,2,32823.48,1185424.8,0.58,34294.25,0.24,1,1,135,4,0,265455.8803860956,16394.97599444966,6598.78524388265,9049.73209896136,792,0.2102601475664333,1.700453229893903,1.5802716458507988,0.7168288333491797,0,11439.022230296092,1,1,0,1
CUST_005570,27,Female,Single,0,Salaried,Analyst,Graduate,tier1,826620.28,63,730,3,7329.6,404039.71,0.27,8936.28,0.2,0,0,166,1,0,52615.97611979881,6649.66956117399,15831.134891393664,2557.1345770568214,737,0.1064018453283726,0.763812070631437,2.045883643754611,1.984173752039575,0,10041.700118533388,1,1,1,1
CUST_005576,28,Male,Married,1,Salaried,Software Engineer,Post-Graduate,tier1,2486796.93,29,773,0,45563.95,1450380.93,0.46,53803.45,0.2,1,1,155,4,0,358605.0094718299,19831.73413130497,1473.5286779257217,15734.163776789032,780,0.2198670727790896,1.7304345588231256,1.714580744949022,0.6207953804236694,28,11486.675045805903,1,1,0,1
CUST_005593,35,Female,Married,2,Self-Employed,Trader,Graduate,tier2,3251232.1,145,767,1,69954.41,2627137.66,0.12,90903.05,0.27,1,1,146,4,0,502237.0329330424,37848.5843157354,3601.397547873583,15607.109358866466,774,0.2581943693492592,1.8537040621454748,1.2375563381949546,0.4476835610688365,70,11605.777750843576,1,1,0,0
CUST_005605,29,Male,Single,0,Salaried,Teacher,Graduate,tier1,867551.68,100,678,2,13100.87,418707.52,0.69,12012.03,0.11,0,0,118,1,0,97879.43911745516,4854.281881895096,9871.970867528042,1844.2943774319303,683,0.1812091073245482,1.3538525142148203,2.0719704485592985,1.344650152114118,0,9338.953724870791,0,1,0,1
CUST_005619,36,Female,Single,0,Salaried,HR Manager,Post-Graduate,tier2,2159564.19,51,781,3,43159.48,1908127.39,0.22,53933.68,0.25,0,1,165,4,0,273231.3201857426,11002.448083726886,11829.668902409385,16150.263048094534,792,0.2398219439528086,1.5182496720474172,1.1317709024810432,0.7605214022268685,0,11551.650627108773,1,1,0,1
CUST_005620,46,Male,Married,1,Salaried,Govt. Employee,Graduate,tier3,1358480.29,155,778,0,29123.5,511730.13,0.67,43890.81,0.3,0,1,105,4,0,182644.5226958001,10217.192310278711,6757.09786344619,5462.569529688538,788,0.2572572568667283,1.6133579030835723,2.6546758841894182,0.7672744778808616,46,11128.039812945835,1,1,0,1
CUST_005627,30,Female,Single,0,Salaried,Analyst,Graduate,tier2,1083654.01,17,673,3,16310.38,660296.64,0.64,17242.71,0.12,0,0,126,4,0,121886.16673281978,4623.9312436627815,19539.17250536462,1887.810459705644,680,0.1806133607530977,1.3497092160285042,1.641159901767936,1.1521011110268775,0,9449.178104631485,1,1,0,1
CUST_005631,33,Male,Married,0,Salaried,Software Engineer,Post-Graduate,tier1,2441698.58,52,767,0,67630.91,1240753.59,0.22,46127.88,0.23,1,1,145,4,0,315224.9112985738,11602.377000529126,8431.656288378852,15761.352968081188,776,0.3323780167262903,1.5492003706609998,1.96791420292066,0.5914266997699203,0,11413.567005482211,1,1,0,1
CUST_005634,29,Male,Single,0,Self-Employed,Gig Worker,Under-Graduate,tier3,709297.07,90,623,3,33645.05,449644.61,0.45,2788.18,0.04,0,0,211,1,119,8571.114594210438,2144.4054055156544,28976.33361972155,0.0,631,0.5692026467390302,0.1450050189412145,1.5774580118773982,2.933419428498437,0,8500.851640628382,0,1,0,0
CUST_005638,46,Male,Married,1,Self-Employed,Investor,Post-Graduate,tier1,10372110.61,305,864,3,114078.84,4079743.31,0.46,374785.64,0.48,1,1,121,8,0,2276738.185881824,23190.55966715357,5688.549006328055,42725.7319161439,873,0.1319832141860883,2.634066261831616,2.542343299450548,0.1165466296260159,46,14102.99302562653,1,1,0,0
CUST_005645,43,Female,Married,1,Self-Employed,Trader,Graduate,tier2,3707495.88,164,769,2,57188.2,2875167.73,0.69,107596.05,0.31,1,1,130,4,0,664885.2134686755,32061.94530377646,2506.5523541113216,16005.81752600166,778,0.185099647043771,2.152017694868421,1.2894881059728276,0.3496977648298026,43,11767.924923913117,1,0,0,0
CUST_005648,27,Male,Married,0,Salaried,Product Manager,Post-Graduate,tier1,2533054.84,90,770,3,44732.81,1056858.71,0.79,52727.52,0.23,1,1,153,4,0,365999.425135647,29599.013894919444,4766.644010145873,13805.511432405923,776,0.2119145501900771,1.7338638808393088,2.3967749134840237,0.6016386182218548,0,11442.071091627477,1,1,0,1
CUST_005657,26,Male,Single,0,Salaried,Teacher,Graduate,tier1,1245481.24,24,763,3,30173.66,551000.07,0.49,18215.6,0.11,0,0,128,4,0,123801.7358529701,4848.246777429186,15476.006958347189,3045.820261647458,774,0.2907152832077996,1.19279718470061,2.2603971349819703,1.0195293718606262,0,10863.115816188809,1,1,1,1
CUST_005661,29,Female,Married,0,Salaried,Software Engineer,Post-Graduate,tier1,2535994.29,101,759,3,64814.85,1914457.27,0.66,59550.17,0.25,1,1,152,4,0,341728.8276321244,19801.88390552363,646.948931742691,21386.525655509144,769,0.3066941131285601,1.6170093693204095,1.3246537308958946,0.5970162643216297,0,11339.748390969864,1,1,0,0
CUST_005662,45,Male,Married,1,Self-Employed,Investor,Post-Graduate,tier1,9835563.09,212,840,0,155065.04,5300443.65,0.42,480568.47,0.57,1,1,117,8,0,2283691.232328124,11299.56969344971,2614.610130883375,40913.13101875768,848,0.1891887828594677,2.7862422417780035,1.8556109419989888,0.1188352549574693,45,13654.085028268382,1,0,0,0
CUST_005669,31,Female,Single,0,Salaried,HR Manager,Post-Graduate,tier2,1690444.58,104,755,2,24264.99,1032733.72,0.24,39396.36,0.32,0,1,170,4,0,217583.57806447844,9896.07259566617,16277.249959006904,21155.43361182128,763,0.1722492511461016,1.5445548662206638,1.6368623493165797,0.9997385507265398,0,10941.803566930868,1,1,0,0
CUST_005673,27,Female,Single,0,Salaried,Junior Software Engineer,Graduate,tier2,800100.26,74,748,1,13438.77,526135.95,0.69,10123.37,0.19,0,0,162,1,5,43283.90234855123,3037.786484483866,17099.923127001235,2563.817589095169,756,0.2015532670378029,0.6491674408071372,1.5207072227107412,1.9997524750825288,0,10275.925141671934,0,1,1,1
CUST_005676,38,Male,Single,0,Salaried,HR Manager,Post-Graduate,tier2,2036570.48,58,797,1,31216.45,641783.75,0.79,45329.5,0.26,0,1,168,4,0,260578.4574581527,7120.617202870634,20609.108170233816,21208.00840755549,805,0.1839343133306341,1.5353866195970771,3.1732921045568627,0.8208854844813358,0,11694.0565354364,1,1,0,0
CUST_005680,29,Male,Married,0,Salaried,Data Scientist,Post-Graduate,tier1,1973276.95,131,758,1,56054.94,1608740.9,0.23,36989.82,0.27,1,1,153,4,0,219877.179912533,14030.440832746774,2222.411658123984,19891.718789852133,766,0.3408823021078591,1.337121032857553,1.226596354579936,0.77145050266429,0,11103.328295370602,1,1,0,0
CUST_005687,57,Male,Married,1,Self-Employed,Investor,Post-Graduate,tier1,9078689.77,295,775,2,150825.91,5870272.83,0.26,316114.9,0.46,1,1,129,8,0,1983124.3997845703,12195.7306460506,3431.4259900513703,39763.109319384734,783,0.199357900044777,2.6212440280891443,1.546553028515196,0.1419346498389723,57,12544.78795210274,1,1,0,0
CUST_005692,35,Male,Single,0,Salaried,Analyst,Graduate,tier1,976516.07,41,735,0,14400.3,392407.24,0.18,15960.45,0.17,0,0,125,4,0,100851.12682573983,5502.203915727474,13379.709326955955,1340.1792023519993,742,0.1769571252570343,1.2393023396745555,2.488520806800591,1.2670852893455653,0,10233.476652379082,1,1,1,1
CUST_005695,29,Male,Married,0,Salaried,Product Manager,Post-Graduate,tier1,1974592.3,94,710,3,45765.82,1061551.13,0.61,44980.61,0.27,1,1,150,4,0,258922.92804213817,19001.10396994712,2167.326909549805,10212.54598771928,718,0.2781265289455715,1.5735178620372994,1.8600992303599824,0.7558227450544881,0,10408.036821942129,1,0,0,1
CUST_005705,50,Female,Married,2,Salaried,Govt. Employee,Graduate,tier2,1758856.76,384,780,0,35692.42,783749.02,0.12,45578.57,0.36,0,1,115,4,0,250884.17735711235,15162.689966069216,2820.448687295226,9004.463698459303,789,0.2435139276679176,1.7116741150632229,2.244155298394761,0.6501374367927905,100,11345.958198338589,1,1,0,1
CUST_005714,36,Male,Single,0,Salaried,Architect,Post-Graduate,tier1,1642710.22,194,759,0,15629.96,1123918.74,0.18,31033.82,0.26,0,1,163,4,0,213411.6474665626,8272.005014257742,23473.828316924333,19528.345298086428,766,0.1141760412786039,1.5589609359510284,1.4615903267256432,0.9862588010135256,0,10962.883701176974,1,1,0,0
CUST_005723,42,Male,Single,0,Self-Employed,Gig Worker,Under-Graduate,tier2,570712.81,208,590,1,19304.77,414892.54,0.76,1042.18,0.04,0,0,211,0,115,8606.813450368714,5812.342374912163,29688.91423171629,0.0,597,0.4059000694222491,0.1809659569634349,1.375564464079147,3.633465567945711,0,7913.021963287199,0,1,0,0
CUST_005725,30,Female,Single,0,Salaried,HR Manager,Post-Graduate,tier2,1792812.95,112,721,0,18047.92,740671.0,0.46,48180.31,0.35,0,1,172,4,0,237072.7684805155,10263.608947463916,15070.410905733952,18770.84118743421,727,0.1208009962154977,1.5868103697274996,2.420522106951525,0.9540645911157892,0,10468.288906323358,1,1,0,0
CUST_005733,30,Female,Single,0,Self-Employed,Gig Worker,Under-Graduate,tier2,558920.33,81,627,2,22239.01,168905.34,0.28,3749.17,0.08,0,0,213,0,123,8234.222998955205,1118.5902628092376,31097.37691035961,0.0,636,0.4774605183421757,0.176784685164772,3.3090547696433417,3.743933706851362,0,8416.673909584564,0,1,0,0
CUST_005735,33,Male,Married,0,Salaried,Product Manager,Post-Graduate,tier1,2444500.28,16,789,3,41939.35,1579180.69,0.74,56482.24,0.27,1,1,154,4,0,355188.8682685155,24230.582034572966,11034.392785512173,21311.84842604016,796,0.2058783685062936,1.743606057574064,1.5479537886486006,0.6274189547047028,0,11708.64394096163,1,1,0,0
CUST_005739,28,Male,Single,0,Salaried,Teacher,Graduate,tier2,972096.13,45,642,0,15732.22,721587.55,0.17,13474.05,0.19,0,0,131,4,0,108657.31386013838,4072.5225205675697,11891.71443599513,3008.1063433715312,652,0.1942033341496691,1.3412991066350413,1.3471612458373958,1.3338816435413503,0,8989.261576194738,0,1,0,1
CUST_005743,38,Male,Single,0,Salaried,HR Manager,Post-Graduate,tier2,1777143.97,115,834,2,27804.41,909756.56,0.78,36642.97,0.33,0,1,157,4,0,218537.75671240225,5022.552658523823,14141.57947781135,18758.13267400936,845,0.1877454346339674,1.4756459898952068,1.9534258885411184,0.8784966551967271,0,12159.988288931503,1,1,0,0
CUST_005746,28,Male,Single,0,Salaried,Architect,Post-Graduate,tier1,2239692.08,33,799,1,24374.47,1158053.08,0.42,56772.25,0.27,0,1,178,4,0,321978.3145302621,7040.778447494679,28434.237254446147,22591.71800008427,805,0.1305947703591271,1.7251117274221086,1.9340133752648236,0.791219392122321,0,11770.588764251952,1,1,0,0
CUST_005753,44,Female,Married,1,Salaried,Govt. Employee,Graduate,tier3,1355172.74,306,749,0,29864.54,988072.99,0.4,38775.89,0.33,0,1,103,4,0,183233.664208765,10281.546792627065,854.6412279318486,7073.356767761169,758,0.264446956508675,1.6225123450734695,1.3715296159146948,0.7544832751348376,44,10702.535690912697,1,1,0,1
CUST_005758,50,Male,Married,1,Self-Employed,CXO,Post-Graduate,tier1,10053383.11,141,818,1,158606.33,3161488.32,0.57,452597.96,0.41,1,1,117,8,0,2195310.576244022,12935.125662476505,3183.776128523749,40356.996903569925,828,0.1893167371992405,2.620381137584502,3.179951627987786,0.1162630883879765,50,13350.19164669036,1,1,0,0
CUST_005760,33,Female,Single,0,Salaried,Architect,Post-Graduate,tier1,2155383.99,26,758,0,25266.5,1476608.25,0.67,60799.75,0.28,0,1,178,4,0,313527.5074580404,11974.22160653702,19349.25241016241,17185.554111050165,767,0.1406692790590187,1.7455400803155825,1.4596847405635582,0.8220251041941063,0,11185.529094970678,1,1,0,1
CUST_005761,51,Male,Married,2,Salaried,Govt. Employee,Graduate,tier2,1638367.07,370,833,0,34438.61,995345.92,0.47,37285.73,0.26,0,1,111,4,0,236290.1658042743,14062.470570418178,7739.000093248857,9569.004649967992,840,0.2522391353546771,1.7306629714521995,1.6460261614111389,0.6733936998632227,102,12019.737429094106,1,1,0,1
CUST_005766,26,Female,Single,0,Self-Employed,Gig Worker,Under-Graduate,tier2,685896.65,86,634,0,29244.67,568941.28,0.11,3147.31,0.05,0,0,202,1,96,12360.97089221868,4169.565991411088,27423.817323395004,0.0,642,0.5116367026425457,0.2162556933880687,1.2055645609603842,2.9027298809384985,0,8627.506533683374,0,1,0,0
CUST_005775,39,Female,Single,1,Self-Employed,Gig Worker,Under-Graduate,tier3,519804.68,87,603,2,25038.04,434406.17,0.21,2595.09,0.09,0,0,216,0,146,4966.985955756432,3515.9354752140034,27677.600074240123,0.0,610,0.5780046919617894,0.1146631760048123,1.1965840250749085,4.076974178484041,39,8028.338300329824,0,1,0,0
CUST_005777,26,Female,Single,2,Self-Employed,Sales Rep,Under-Graduate,tier1,628652.86,89,580,2,22329.73,236492.72,0.31,2070.56,0.03,0,0,205,1,100,10618.4840057884,3659.5051237010566,29579.459181401704,0.0,589,0.4262314900183859,0.2026863853491998,2.6582222141036134,3.2098814996303315,52,7863.936952382845,0,1,0,0
CUST_005780,31,Male,Married,0,Salaried,Software Engineer,Post-Graduate,tier1,1872752.51,17,750,3,37989.13,1608658.78,0.63,43332.92,0.2,1,1,139,4,0,243277.4087133563,15857.609714205188,4274.805173058649,10442.35132078967,757,0.2434206530323452,1.5588339532129831,1.1641694118814856,0.7382807844457475,0,10933.290720890504,1,0,0,1
CUST_005785,55,Female,Married,2,Salaried,Govt. Employee,Graduate,tier2,1418800.22,433,796,3,34073.07,765503.58,0.71,34793.41,0.32,0,1,109,4,0,161161.86944904274,6958.344329670955,2667.660506756153,4453.941651188227,802,0.2881824911262746,1.3630714523931242,1.8534183296460487,0.762877822065285,110,11360.588935133785,1,1,0,1
CUST_005802,46,Male,Married,1,Self-Employed,Trader,Graduate,tier2,2698023.63,17,742,2,53096.93,1302962.0,0.39,66463.49,0.37,1,1,125,4,0,386038.5083723076,23852.75574760219,3580.995810693113,16585.32615774935,750,0.2361581711209648,1.7169758801397634,2.070683227382512,0.4615912454205578,46,11106.022833519452,1,1,0,0
CUST_005811,27,Female,Single,1,Salaried,Analyst,Graduate,tier2,1161084.38,83,701,3,24267.75,715594.25,0.38,16210.41,0.11,0,0,139,4,0,128824.79653397722,5092.396493818143,14165.864458702988,1906.597388669328,708,0.2508086365750275,1.331411918111162,1.6225434419806446,1.1869341131507536,27,9887.124985003662,1,1,1,1
CUST_005820,38,Male,Single,0,Salaried,HR Manager,Post-Graduate,tier1,1680711.31,93,810,1,32453.83,852355.22,0.11,48554.61,0.26,0,1,173,4,0,202597.7586220241,7934.262438071475,15400.332589761589,20472.96761296372,819,0.231713309194242,1.4465040670283134,1.971841432681749,1.0232379648539762,0,11740.14244130936,1,1,0,0
CUST_005832,35,Male,Single,0,Salaried,HR Manager,Post-Graduate,tier1,1783305.68,16,798,0,26219.53,738614.76,0.35,35637.69,0.35,0,1,168,4,0,231018.0743680807,12042.376032668702,15615.693335774084,17323.986717751788,806,0.1764320308875085,1.554527790257184,2.414388883334956,0.93681741977196,0,11601.547786744186,1,1,0,0
CUST_005833,32,Female,Single,0,Salaried,Architect,Post-Graduate,tier2,1981714.14,58,800,2,40619.14,1553475.94,0.74,44646.78,0.21,0,1,160,4,0,243620.22044525328,6002.188620106344,12926.717530334374,22097.72538302261,808,0.2459621792141269,1.475200122930729,1.2756636992628934,0.8033281322188133,0,11715.574394105251,1,1,0,0
CUST_005840,47,Male,Married,3,Self-Employed,Trader,Graduate,tier2,3232497.58,170,778,3,79564.55,2725052.29,0.57,73919.34,0.33,1,1,132,8,0,545585.1094086337,33624.664288695145,6631.9559858912335,15175.952580516385,785,0.2953663636164692,2.0253679535587343,1.1862144464705129,0.4070935960420979,141,11766.181271016569,1,1,0,0
CUST_005855,33,Male,Married,0,Salaried,Data Scientist,Post-Graduate,tier1,2401918.06,148,703,3,52856.82,1115524.8,0.53,56915.98,0.23,1,1,149,4,0,315833.6087709699,23390.95748610836,3621.416042291263,15355.03807334706,713,0.2640717357107392,1.577899110539313,2.15317123100156,0.6177655968959409,0,10475.238130488313,1,0,0,1
CUST_005856,38,Female,Married,0,Self-Employed,Sales Rep,Under-Graduate,tier3,564195.25,192,653,2,28357.28,443737.98,0.71,3536.61,0.05,0,0,209,0,141,4823.395541349658,3032.629022210383,26814.221508786024,0.0,661,0.6031247560182893,0.1025877396935184,1.27145749061757,3.639876853735728,0,8753.727061857102,0,1,0,0
CUST_005865,26,Female,Single,0,Salaried,Teacher,Graduate,tier1,1174638.49,44,770,3,28783.68,665407.72,0.56,13265.86,0.17,0,0,132,4,0,98423.45932707972,6669.950992902944,10902.625636412597,4065.784708590576,777,0.2940484535106268,1.0054748386687828,1.7652886935416177,1.114263981073247,0,10859.718620815313,1,1,1,1
CUST_005871,30,Male,Married,1,Salaried,Software Engineer,Post-Graduate,tier1,1932736.24,58,799,2,35952.52,1709718.68,0.39,41230.61,0.25,1,1,152,4,0,238038.3691334834,23947.462284477668,4420.212098529141,9611.319275819837,806,0.2232211268240502,1.4779268041665898,1.1304404240114965,0.7824016295696424,30,11666.404939026172,1,1,0,1
CUST_005878,55,Female,Married,1,Salaried,Govt. Employee,Graduate,tier2,1873900.7,80,817,1,43544.12,1284703.95,0.66,53029.87,0.29,0,1,115,4,0,238692.6966765276,14921.783470888278,5858.933413373688,4790.6029392267865,824,0.278844067815966,1.5285196370771867,1.458623398314142,0.6104355712591433,55,11901.471427468085,1,1,0,1
CUST_005882,28,Male,Single,1,Salaried,Teacher,Graduate,tier2,1059116.13,98,719,0,20278.28,340814.02,0.59,9138.57,0.16,0,0,136,4,0,100372.66606369113,5052.303006648178,13739.967968664592,2617.775436461199,728,0.2297544113005477,1.1372297257030586,3.1075981627805014,1.2720788339429507,28,10099.504850206447,0,1,1,1
CUST_005885,29,Male,Single,1,Salaried,Analyst,Graduate,tier1,866325.34,119,693,2,17965.45,672148.1,0.37,12527.41,0.17,0,0,129,1,0,69318.97741680962,3877.1984366692327,16138.825770311205,3665.827511673639,702,0.2488469445401026,0.9601660814962856,1.2888886409280322,1.4720560288716518,29,9597.75590071637,1,1,1,1
CUST_005888,32,Male,Single,0,Salaried,HR Manager,Post-Graduate,tier2,1875163.96,123,738,2,30778.28,582020.69,0.51,48616.56,0.27,0,1,161,4,0,241958.28265845668,8508.69429027994,15313.57348351291,22005.06064989193,746,0.1969625079877837,1.548387700054282,3.2218111321590097,0.8540371204635167,0,10775.378565368832,1,1,0,0
CUST_005892,56,Male,Married,1,Self-Employed,Investor,Post-Graduate,tier1,11079863.93,230,803,3,150426.37,7314194.89,0.49,488966.66,0.51,1,1,120,8,0,2354626.706471369,12517.0877781718,4993.194676141077,40403.72547171551,811,0.1629184705139564,2.550165783097937,1.514843749966888,0.1082069182791136,56,13154.93907955725,1,1,0,0
CUST_005893,24,Female,Single,0,Salaried,Analyst,Graduate,tier2,1022878.81,64,682,0,12236.57,691936.77,0.24,9384.36,0.16,0,0,175,4,0,77548.63344724097,4244.257124237065,19715.76849297429,2122.1843101666805,690,0.1435528001273175,0.9097584925676392,1.478281507887624,1.6942936412840148,0,9548.311459672845,1,1,0,1
CUST_005898,42,Female,Single,1,Self-Employed,Sales Rep,Under-Graduate,tier3,534021.93,35,606,2,25304.58,345378.23,0.33,2452.1,0.06,0,0,213,0,131,6120.618577718029,2576.4244841768614,31594.064506163155,0.0,615,0.5686061183415817,0.1375332517404209,1.546190053177199,3.915283341610879,42,8110.739345113634,0,1,0,0
CUST_005905,38,Male,Married,3,Self-Employed,Trader,Graduate,tier2,2842891.95,187,733,0,70645.67,1654129.17,0.2,87384.48,0.39,1,1,132,4,0,404073.209202013,24220.1758934959,1833.9881191679835,17981.30570316369,739,0.2981979183644245,1.7056075744043888,1.7186627760982078,0.4626883958924557,114,10981.785891931691,0,0,0,0
CUST_005907,35,Female,Married,3,Self-Employed,Business Owner,Graduate,tier2,3118273.31,82,716,1,47471.99,2417126.0,0.65,100424.54,0.33,1,1,129,4,0,540959.893448063,23367.4421717029,7712.725347580797,19378.790157617463,727,0.1826849769561336,2.081759068215845,1.2900742534422065,0.4123680612804256,105,10870.678548824828,1,1,0,0
CUST_005908,29,Male,Single,0,Salaried,Architect,Post-Graduate,tier2,2240158.82,93,749,3,24398.63,1739134.28,0.69,61470.26,0.34,0,1,159,4,0,340233.0665516773,11211.207848441738,21921.57122115665,25321.636624462823,755,0.1306969796169383,1.822538157433962,1.2880877328875762,0.7066167889429246,0,11039.653615972762,1,1,0,0
CUST_005914,28,Female,Single,2,Salaried,Gig Worker,Under-Graduate,tier2,539590.94,66,646,3,19127.42,163268.95,0.71,2756.28,0.08,0,0,200,0,119,7405.362728081119,5198.175130677242,29420.81630028977,0.0,654,0.4253665482252561,0.1646847082356027,3.304900503736296,3.6390701782674952,56,8631.863776903836,0,1,0,0
CUST_005920,50,Male,Married,1,Self-Employed,Business Owner,Graduate,tier2,3208940.7,267,687,2,75958.43,2020275.42,0.45,94306.75,0.34,1,1,137,8,0,488153.5344732622,26200.251357928984,6819.597266517851,17616.062556106015,694,0.2840494221058477,1.825468606526717,1.588367150273427,0.425605852260652,50,10397.1275160778,1,0,0,0
CUST_005926,51,Male,Married,2,Salaried,Govt. Employee,Graduate,tier2,1843803.05,29,824,0,43935.01,618626.05,0.19,54224.1,0.27,0,1,103,4,0,266428.2624068844,15264.165075688736,515.2031510232296,8410.015198614492,834,0.2859398072491055,1.7339803950958164,2.980475958818807,0.5556145783663481,102,12032.40273918828,1,1,0,1
CUST_005928,47,Female,Married,2,Self-Employed,Business Owner,Graduate,tier2,3022732.81,339,714,0,61908.32,1786465.7,0.25,70350.64,0.37,1,1,120,4,0,473631.8778842501,25515.98208157656,5760.866294438029,13462.3214679878,720,0.2457699497298946,1.8802720348103088,1.6920174386681823,0.3956827307843186,94,10743.60399477998,1,0,0,0
CUST_005940,48,Male,Married,1,Salaried,Govt. Employee,Graduate,tier3,1547254.87,29,776,2,26232.86,599813.02,0.59,42586.77,0.34,0,1,111,4,0,221772.18391598575,19738.997349315297,1478.733205921926,10143.867308874227,783,0.2034518583080629,1.7199787952493475,2.579557693566416,0.7127927620480005,48,11159.31092100956,1,1,0,1
CUST_005945,54,Male,Married,1,Salaried,Govt. Employee,Graduate,tier3,1487034.9,389,711,1,36244.38,666144.92,0.15,32472.25,0.28,0,1,110,4,0,192725.40958782163,9291.12129967062,4501.76658823414,8309.908215435053,719,0.2924807280792555,1.5552333386753705,2.232296041083611,0.7347858089347149,54,10218.640369390532,1,1,0,1
CUST_005954,42,Female,Single,2,Salaried,Gig Worker,Under-Graduate,tier3,743668.19,65,596,1,37423.38,367157.56,0.24,4963.96,0.08,0,0,206,1,109,10010.175918195955,2384.309301037795,29018.46510295681,0.0,602,0.6038624748092322,0.1615238816813871,2.025468751157538,2.733298323231607,84,8138.649649858517,0,0,0,0
CUST_005967,48,Female,Married,2,Self-Employed,Trader,Graduate,tier2,3018498.16,199,738,3,68450.86,2274602.99,0.56,93843.02,0.37,1,1,133,4,0,487217.1001084544,32880.080545819044,2116.554082760019,9558.339310042657,748,0.2721244178286947,1.9369175160574752,1.3270433769000818,0.43916156779174,96,11160.362183603129,1,1,0,0
CUST_005972,24,Female,Single,0,Salaried,Analyst,Graduate,tier1,836593.32,40,741,0,14549.13,487648.18,0.65,8862.81,0.14,0,0,170,1,9,39122.876774836994,3226.079256527618,19653.196393985087,3337.581472538971,747,0.2086880824520695,0.5611660720709306,1.7155638813952274,2.0080479727858003,0,10186.90962779044,0,1,1,1
CUST_005976,42,Male,Married,1,Self-Employed,Trader,Graduate,tier2,3671192.68,179,757,3,76566.05,1110241.78,0.5,116549.81,0.39,1,1,116,8,0,616427.7696106985,24167.74173660737,8445.655867329118,11530.621860662632,763,0.250270055768179,2.014906244706678,3.306657558268472,0.3151152631325997,42,11533.528921882187,1,1,0,0
CUST_005979,38,Male,Married,3,Self-Employed,Trader,Graduate,tier2,3252584.27,211,774,0,53272.12,1876603.97,0.34,85502.73,0.38,1,1,132,4,0,551616.2388838276,31762.29475931956,1370.3750009325413,12773.588644550917,782,0.1965400519874543,2.035111128810933,1.733227995234394,0.4045872507072438,114,11726.059271921122,1,0,0,0
CUST_005989,53,Female,Married,1,Self-Employed,Surgeon,Post-Graduate,tier1,8350845.86,102,822,0,108606.17,2698274.12,0.37,289113.29,0.46,1,1,106,8,0,1809519.3806297383,8936.241739347992,4574.113560727381,33114.67596055142,832,0.1560646896221988,2.60023975160282,3.0948830228994586,0.1267814307008405,53,13260.310762020294,1,1,0,0
CUST_005990,23,Female,Single,0,Salaried,Junior Software Engineer,Graduate,tier1,834017.52,38,726,1,9817.47,285983.86,0.17,8997.0,0.13,0,0,170,1,2,44687.681508358735,1529.0142967985316,19919.01233449799,678.0445264733551,732,0.1412535613847337,0.6429654649397839,2.91629955515827,2.014176198617299,0,9980.095969525077,0,1,1,1
CUST_005992,33,Male,Married,0,Salaried,Data Scientist,Post-Graduate,tier1,2295075.05,38,825,3,42633.64,855914.53,0.26,43585.4,0.27,1,1,138,4,0,322453.131690198,22324.72244498668,4346.60791152035,14195.33180488005,835,0.2229125383283392,1.6859654975973029,2.681427044558941,0.5986789887817319,0,12229.64090938252,1,1,0,1
CUST_006003,27,Female,Married,1,Salaried,Data Scientist,Post-Graduate,tier1,2031100.06,72,755,3,46711.63,1440619.25,0.5,35039.17,0.21,1,1,138,4,0,273840.5938745938,16895.578763247933,4140.897710595697,14083.114120352584,762,0.2759766785098011,1.6178758381726734,1.4098788768240624,0.6761060013882906,27,11067.35551172487,1,1,0,1
CUST_006004,27,Female,Married,0,Salaried,Software Engineer,Post-Graduate,tier1,1977372.8,77,724,2,45489.83,1741064.81,0.13,40772.52,0.26,1,1,151,4,0,252879.3520770754,17966.474460500343,2536.161180426529,10392.34479590515,731,0.2760605624155703,1.5346290842960382,1.1357254784068156,0.7597970546844558,0,10597.511795962577,1,1,0,1
CUST_006008,42,Female,Single,1,Salaried,Sales Rep,Under-Graduate,tier3,736204.1,275,563,1,35480.22,565884.33,0.35,5824.06,0.08,0,0,212,1,106,10897.561610946195,6275.167678522902,28615.37914030922,0.0,571,0.5783120472372174,0.1776254816097533,1.3009775319674748,2.841045767505164,42,7713.7897596273715,0,1,0,0
CUST_006010,33,Female,Married,0,Salaried,Software Engineer,Post-Graduate,tier1,2274152.48,53,815,3,63473.66,1274939.89,0.57,48365.23,0.26,1,1,140,4,0,294110.3927183864,12275.050996837232,3086.347595794597,10582.90288495886,825,0.3349291252671399,1.5519214831025048,1.7837316991221452,0.6129188012877319,0,12075.622716645456,1,1,0,1
CUST_006013,24,Female,Single,0,Salaried,Analyst,Graduate,tier2,1042848.3,33,784,3,20133.61,376468.82,0.47,10957.28,0.13,0,0,169,4,0,75871.86254158204,2186.7882961815653,20124.71150376808,2581.887670107861,791,0.2316737150699858,0.8730434464702361,2.770071449552052,1.605169519673442,0,10961.256584061282,1,1,1,1
CUST_006016,55,Female,Married,2,Salaried,Govt. Employee,Graduate,tier3,1793217.96,426,728,1,33357.35,1044856.45,0.53,39611.11,0.26,0,1,107,4,0,255768.6243678377,14944.719439153463,2962.832533096464,5883.880079636966,733,0.2232219006646532,1.711561573739295,1.7162321616216645,0.5933836195819611,110,10554.850259667028,1,1,0,1
CUST_006017,43,Female,Married,2,Salaried,Govt. Employee,Graduate,tier3,1402264.99,269,787,3,27480.66,794046.34,0.41,42268.23,0.35,0,1,113,4,0,184655.11574617383,17666.069285999856,4038.425929434338,8889.821082508526,794,0.2351660352067817,1.5801880832075026,1.7659715225543102,0.8001331251580485,86,11237.958440023736,1,1,0,1
CUST_006025,32,Female,Married,2,Salaried,Sales Rep,Under-Graduate,tier2,541113.01,36,600,1,19712.4,362362.92,0.15,2925.44,0.06,0,0,205,0,115,7736.365813548745,6422.887333088774,31162.658431709515,0.0,611,0.437142611464216,0.1715618166726112,1.493286114136308,3.719745247893894,64,8066.046403023613,0,1,0,0
CUST_006034,34,Female,Single,0,Self-Employed,Sales Rep,Under-Graduate,tier3,598915.38,101,618,2,28731.33,371668.34,0.77,3468.27,0.05,0,0,217,1,126,7219.034612512921,3756.206955267367,28157.63796555843,0.0,627,0.5756556996943436,0.144639263862265,1.6114199250333645,3.563713565586076,0,8340.904047048836,0,0,0,0
CUST_006036,44,Female,Married,2,Salaried,Govt. Employee,Graduate,tier2,1786834.55,182,715,0,34672.69,665974.67,0.22,45532.37,0.29,0,1,106,4,0,256504.38319985243,12867.856331854726,1804.2200908220293,6745.484521158182,723,0.232852832270348,1.7226171986610874,2.6830327750561818,0.5899263234892717,88,10408.276740491636,1,1,0,1
CUST_006043,42,Female,Single,1,Salaried,Gig Worker,Under-Graduate,tier1,541639.83,192,649,2,20192.31,440148.54,0.47,2453.34,0.06,0,0,200,0,116,7276.40625114599,3553.782753673589,29834.56818871456,0.0,659,0.4473495824799485,0.1612048001642529,1.230581383772433,3.625554014110983,42,8700.354176030476,0,1,0,0
CUST_006048,37,Male,Single,0,Salaried,Architect,Post-Graduate,tier2,2094259.71,159,821,3,28757.81,1884523.12,0.43,43542.91,0.21,0,1,160,4,0,297731.86425158964,5839.855296211274,25415.493057418134,21133.978500632154,829,0.1647798221941316,1.7059784334378827,1.1112936617653904,0.7603624174318293,0,12065.855556618646,1,1,0,0
CUST_006049,50,Male,Married,1,Salaried,Govt. Employee,Graduate,tier3,1558962.15,46,752,2,27642.37,786705.55,0.72,43839.31,0.39,0,1,98,4,0,236551.57580027916,23242.97999593874,2437.7895984594347,6324.938240576046,760,0.212773534442505,1.8208248735896928,1.9816310795937824,0.6246167251389717,50,10837.243948218484,1,1,0,1
CUST_006050,28,Male,Single,0,Salaried,HR Manager,Post-Graduate,tier2,2107996.83,62,782,2,39189.56,986581.71,0.26,58563.88,0.24,0,1,168,4,0,270760.9391314942,8987.084196676176,16755.195429205713,17627.370752678344,792,0.2230895399048209,1.5413271630261296,2.136665085079385,0.7932023203264189,0,11532.509334111028,1,1,0,0
CUST_006053,37,Male,Single,0,Salaried,Architect,Post-Graduate,tier2,1669101.73,133,803,1,17560.24,554781.06,0.18,43108.53,0.32,0,1,181,4,0,208712.17220236265,5653.637026848203,20267.43144439451,19305.244256333102,809,0.1262483653525515,1.5005245127474638,3.008571924622076,1.077957319477004,0,11591.187572834937,1,1,0,0
CUST_006056,32,Female,Married,1,Salaried,Data Scientist,Post-Graduate,tier1,2522303.23,86,803,1,69178.07,2069382.11,0.63,51262.45,0.2,1,1,148,4,0,314377.7992463055,18615.2477521314,1854.7756885429997,17055.64739283214,810,0.329117007313951,1.4956630107473388,1.2188672159405032,0.5844481744786939,32,11939.953569133842,1,0,0,1
CUST_006066,41,Female,Single,1,Salaried,Gig Worker,Under-Graduate,tier1,602396.7,273,652,1,28998.58,234181.53,0.39,4498.67,0.09,0,0,205,0,125,6360.755593819196,2353.6522884911783,28920.081340215,0.0,660,0.577652613582772,0.1267064488375257,2.572338337962272,3.3475033421963247,41,8783.724270683633,0,1,0,0
CUST_006069,47,Male,Married,2,Salaried,Govt. Employee,Graduate,tier2,1531750.04,45,862,1,36080.51,1279933.16,0.48,41904.3,0.37,0,1,104,4,0,225556.0332627352,12096.193228174172,4123.948761479021,8893.676805213803,871,0.2826588652112047,1.7670319073534568,1.196741276129391,0.6745581144917628,94,12404.71415741774,1,1,0,1
CUST_006083,47,Male,Married,3,Self-Employed,Trader,Graduate,tier2,3447851.82,181,667,1,84944.1,1884031.53,0.42,94411.08,0.31,1,1,132,8,0,528841.6732623118,28721.966514360687,5108.765903425871,14040.743307041972,676,0.2956407947689767,1.8405889589768487,1.8300383698788891,0.3817398976917409,141,10176.005263586114,0,0,0,0
CUST_006091,42,Female,Married,0,Self-Employed,Gig Worker,Under-Graduate,tier2,551558.38,94,587,3,19362.91,189423.63,0.38,3802.49,0.04,0,0,213,0,115,8938.635506795245,5116.219837745979,29420.04299991977,0.0,596,0.4212606920625433,0.1944695182535779,2.911756406756608,3.79301614197263,0,7879.420849994895,0,1,0,0
CUST_006092,25,Male,Single,0,Salaried,Analyst,Graduate,tier2,1040541.82,35,765,1,9903.88,581837.06,0.22,14769.7,0.16,0,0,165,4,0,106542.92191052904,2482.3698724444084,25563.254416487474,2126.958399084061,772,0.1142147169283372,1.2286871071467966,1.7883701523410136,1.5706181025711097,0,10696.25537564529,1,1,1,1
CUST_006098,35,Female,Single,0,Salaried,Analyst,Graduate,tier2,1107211.53,92,677,0,25703.46,511529.67,0.46,14828.17,0.15,0,0,123,4,0,110303.11669639563,5760.585681578308,13297.896272766226,3014.270811125584,685,0.2785720422686465,1.1954563504956832,2.1645066365228893,1.1009553401225638,0,9533.388983722483,0,1,0,1
CUST_006100,33,Female,Married,0,Salaried,Software Engineer,Post-Graduate,tier1,2452457.96,45,729,3,55988.96,1329828.19,0.6,58171.02,0.23,1,1,144,4,0,338758.2608965532,13896.582652700816,7300.665933010823,21589.838259207616,739,0.2739554534645553,1.6575530779421404,1.8441902000962995,0.5847815570422977,0,10872.61268315281,1,1,0,0
CUST_006112,41,Male,Married,2,Salaried,Sales Rep,Under-Graduate,tier2,677417.34,78,630,2,23559.33,397495.27,0.76,5237.78,0.08,0,0,208,1,80,15232.115231609878,4656.796764635295,25134.00711462785,0.0,640,0.4173305514048152,0.2698220640684363,1.7042105577493845,3.025818347846739,82,8592.668347587962,0,1,0,0
CUST_006116,33,Female,Married,1,Salaried,Product Manager,Post-Graduate,tier1,2601758.01,173,752,1,64773.56,935466.19,0.59,62154.14,0.3,1,1,148,4,0,341192.6517337735,13744.498536028195,4006.624341585257,21816.58802827881,759,0.2987515103227744,1.5736640076058386,2.781239190227505,0.5666681194556765,33,11211.719022259798,1,1,0,0
CUST_006117,28,Male,Married,0,Salaried,Software Engineer,Post-Graduate,tier1,1989106.52,18,735,0,40722.05,1167688.44,0.54,41675.77,0.24,1,1,139,4,0,249203.83053207817,15191.110743316704,1582.5451375859311,13138.277206885556,740,0.2456689207237384,1.5034026058864194,1.7034550899081524,0.6953106230677493,0,10732.36549413082,1,0,0,1
CUST_006125,28,Female,Married,0,Salaried,Data Scientist,Post-Graduate,tier1,2456801.85,87,717,0,41744.86,1871112.79,0.31,45837.81,0.23,1,1,155,4,0,339685.4112185539,18206.72913522303,3460.796791290053,14251.626551113735,722,0.2038975480376748,1.6591509098756694,1.3130157359376844,0.6283439425829844,0,10623.776156686949,1,1,0,1
CUST_006139,26,Female,Single,0,Salaried,Teacher,Graduate,tier1,1062768.27,87,767,2,23805.45,796384.01,0.13,14166.02,0.19,0,0,122,4,0,102215.57651843822,3759.3642477096914,14453.949066040865,1865.1398674180373,776,0.2687906503947424,1.1541303059956678,1.3344905499916428,1.1372446726076266,0,10768.077536730409,1,1,1,1
CUST_006140,27,Female,Single,0,Salaried,Analyst,Graduate,tier1,971300.43,67,766,1,13491.42,511339.84,0.23,12828.92,0.2,0,0,184,4,0,58996.411997983625,2538.980336653449,23714.90755089485,2896.704511145923,777,0.1666786453046832,0.7288663483651738,1.8995166316072076,1.8750628693803792,0,10712.026686286628,1,1,1,1
CUST_006141,32,Female,Single,0,Salaried,HR Manager,Post-Graduate,tier2,1820562.56,104,793,2,19938.93,1270897.4,0.47,38631.49,0.22,0,1,162,4,0,252527.30496399564,7274.771771931327,19360.38097049134,23787.615053124984,804,0.1314239829869972,1.6644897309605091,1.4325004736806657,0.8849738519725869,0,11589.38395421667,1,1,0,0
CUST_006145,33,Male,Single,0,Salaried,HR Manager,Post-Graduate,tier1,2110416.22,147,768,3,18400.68,1889432.82,0.27,47664.02,0.23,0,1,165,4,0,317171.5244435598,5895.997629013439,19743.91303997413,24122.61279241052,774,0.1046271831979199,1.80345308940321,1.116956941101012,0.7781491126303495,0,11271.294674668934,1,1,0,0
CUST_006151,36,Male,Single,0,Salaried,HR Manager,Post-Graduate,tier1,1981500.49,50,689,1,32352.18,1109413.19,0.63,57486.78,0.32,0,1,171,4,0,274740.12852144765,14851.166156953208,25102.721526223424,14667.03979478775,697,0.1959241548863514,1.6638207222490795,1.7860781914101893,0.8586490480853459,0,10106.05771416685,1,1,0,1
CUST_006155,29,Male,Married,1,Salaried,Product Manager,Post-Graduate,tier1,2003671.53,42,772,1,53965.34,670700.3,0.13,44108.92,0.3,1,1,147,4,0,253664.16683146,12899.803157473196,5936.546049066458,16896.655181923285,781,0.3231967874687276,1.5191870155151297,2.9874275329420112,0.7300098243927599,29,11332.694501647187,1,1,0,0
CUST_006156,50,Female,Married,3,Self-Employed,Business Owner,Graduate,tier2,3006740.03,279,767,2,40831.32,1401083.2,0.55,96235.44,0.3,1,1,129,4,0,557601.2199081599,23615.09135871072,5797.85117732016,13906.009692729112,775,0.1629585130769829,2.2253962322586074,2.146009518913995,0.4276139101054724,150,11560.184685307628,1,1,0,0
CUST_006165,45,Female,Married,3,Self-Employed,Trader,Graduate,tier2,3710921.72,158,759,1,74216.15,1923534.84,0.27,105781.68,0.28,1,1,122,4,0,707335.2781332884,21284.18349561629,2634.921772473356,14691.817303843483,768,0.2399918368792638,2.2873012503169847,1.9292189117723952,0.3278757500977473,135,11617.375576512242,1,0,0,0
CUST_006173,33,Male,Single,0,Salaried,HR Manager,Post-Graduate,tier2,1689769.72,147,809,2,29350.26,547289.94,0.39,28230.43,0.21,0,1,161,4,0,201529.0898425813,7791.766247432301,19210.433068040496,12579.157740564542,818,0.2084311339336775,1.431160634233264,3.087516340029309,0.9471871283834848,0,11730.20458860812,0,1,0,1
CUST_006185,43,Female,Married,1,Self-Employed,Trader,Graduate,tier2,3326130.2,150,749,2,76616.98,1529099.43,0.57,98188.9,0.39,1,1,124,8,0,582821.3617282665,26289.20077194689,1684.2433342919392,10107.618070152634,754,0.2764174544311424,2.1026931262106587,2.175220237169118,0.371688131356504,43,11323.059570093908,1,1,0,0
CUST_006186,31,Male,Single,0,Salaried,HR Manager,Post-Graduate,tier1,1665912.45,76,780,2,16807.17,731155.63,0.17,31306.96,0.27,0,1,163,4,0,212029.9454681244,6569.386798685977,15237.566278232189,19229.55471018005,788,0.1210655381160892,1.5272957579904014,2.2784617982606545,0.9726045056828596,0,11288.79670986835,1,1,0,0
CUST_006191,39,Female,Single,1,Self-Employed,Gig Worker,Under-Graduate,tier2,728842.37,16,638,2,27651.48,521560.2,0.4,1661.52,0.06,0,0,217,1,99,12786.235513289928,1251.1835232991052,28362.089737992872,0.0,647,0.4552593407651517,0.2105150664864356,1.397424444149603,2.937027014300764,39,8733.991543364447,0,1,0,0
CUST_006198,26,Female,Married,0,Salaried,Gig Worker,Under-Graduate,tier1,525750.4,28,604,1,23058.34,360942.63,0.73,1136.97,0.06,0,0,203,0,131,5783.812948635538,3879.387228135544,27668.35322834793,0.0,615,0.5262835075311586,0.1320097355452319,1.4565997466141736,3.7890778989619047,0,8101.139010200747,0,1,0,0
CUST_006199,36,Female,Single,0,Salaried,Architect,Post-Graduate,tier2,1858926.29,185,768,1,34232.19,1317316.81,0.78,48300.22,0.33,0,1,160,4,0,247543.57895615936,8313.814224015563,15900.4588129189,14695.54977951239,776,0.2209789761229782,1.5979674868464366,1.4111448853788744,0.8561065294875808,0,11201.955879125804,1,1,0,1
CUST_006200,40,Male,Married,1,Self-Employed,Business Owner,Graduate,tier2,2906840.99,214,770,1,72571.75,2567256.9,0.59,77285.41,0.29,1,1,138,4,0,429578.6882137955,30684.843720855763,6824.641209025138,18191.42323988986,778,0.2995889379324958,1.7733763201301576,1.1322746304529827,0.4731145800306379,40,11578.645546339563,1,1,0,0
CUST_006205,25,Female,Single,1,Self-Employed,Gig Worker,Under-Graduate,tier3,634866.32,49,591,0,31016.74,375849.76,0.69,3947.2,0.05,0,0,195,1,115,7217.626176037833,5341.922996236237,29000.23287408045,0.0,600,0.586255457581226,0.1364222267228372,1.6891447020088504,3.0238825311887902,25,8016.70278669655,0,0,0,0
CUST_006208,35,Female,Married,2,Self-Employed,Business Owner,Graduate,tier2,2590749.96,100,738,1,34289.88,1045430.68,0.13,82260.6,0.3,1,1,122,4,0,482123.8690256971,28674.44376041029,6207.122679712637,8636.233742998495,746,0.1588253055869324,2.233121574900832,2.478162858045396,0.4690954604494159,70,11016.523919846217,1,1,0,0
CUST_006213,38,Female,Married,1,Self-Employed,Business Owner,Graduate,tier2,3103434.75,226,725,0,59727.03,1089035.98,0.66,65498.52,0.39,1,1,132,4,0,476971.6836282428,23592.293930546737,4837.0652385040175,12967.184981750625,731,0.2309446295477762,1.8442914168058189,2.849705571981587,0.4239690586096272,38,10927.00288476002,1,0,0,0
CUST_006218,33,Female,Married,0,Self-Employed,Sales Rep,Under-Graduate,tier2,560234.12,29,640,1,27750.98,241439.11,0.61,3396.33,0.07,0,0,198,0,118,7147.982032826908,6544.478673217296,24043.062391845226,0.0,650,0.594402617192601,0.1531037544604912,2.3203854570808478,3.4722580262296474,0,8603.472690630248,0,1,0,0
CUST_006229,45,Female,Married,1,Self-Employed,Sales Rep,Under-Graduate,tier3,662835.29,49,616,1,31677.54,323366.36,0.28,3001.96,0.04,0,0,211,1,114,8368.145236310498,3894.220367871172,27323.009418003378,0.0,625,0.5734812312501119,0.1514945362991918,2.049790337528191,3.1359829535695134,45,8377.677072250346,0,1,0,0
CUST_006230,44,Female,Married,2,Self-Employed,Trader,Graduate,tier2,2550326.15,35,726,3,51707.27,1332228.12,0.76,59755.65,0.34,1,1,131,4,0,370474.2574831044,33214.89109132283,3927.4283862049097,13649.305927804307,732,0.2432960664451496,1.7431771115517576,1.9143299840195651,0.511653564136741,88,10798.267972613034,1,1,0,0
CUST_006231,50,Male,Married,1,Self-Employed,Business Owner,Graduate,tier2,2964448.82,64,723,2,46057.57,2396955.57,0.35,92689.84,0.26,1,1,143,4,0,532355.4329973005,33953.44395347824,4487.248249749219,13409.691974642756,731,0.1864389086444394,2.154950118709144,1.2367553326174785,0.4807613398437966,50,10893.509672977543,1,1,0,0
CUST_006234,52,Female,Married,1,Salaried,Govt. Employee,Graduate,tier2,1701474.72,393,764,0,30334.0,1004723.73,0.6,53721.13,0.38,0,1,98,4,0,281944.1219452927,16605.379689528294,3121.770552015547,5855.967195702571,769,0.2139352577491759,1.9884548163523208,1.6934735148800408,0.5726055947820252,52,11032.848000852608,1,1,0,1
CUST_006237,33,Male,Married,0,Salaried,Data Scientist,Post-Graduate,tier1,2013765.96,64,758,2,44610.96,1441995.67,0.48,35548.33,0.22,1,1,152,4,0,234803.5557288088,10142.68566765936,9900.740156346938,15265.60115924738,764,0.2658344319152246,1.3991823948384583,1.3965122124727236,0.7510749909045806,0,11089.85547354945,1,1,0,1
CUST_006239,47,Female,Married,1,Salaried,Govt. Employee,Graduate,tier2,1320393.02,94,790,3,29037.78,986073.59,0.5,39938.0,0.3,0,1,115,4,0,184820.90881652792,11023.873657810049,2330.81768958199,6952.430377897877,797,0.2638988452194766,1.6796746999631484,1.3390396967839928,0.8644062188480214,47,11232.472277766174,1,1,0,1
CUST_006240,57,Female,Married,1,Self-Employed,Investor,Post-Graduate,tier1,8414714.96,339,859,3,72673.89,3323474.78,0.72,398091.89,0.55,1,1,122,4,0,2003350.85548204,18531.25008321657,6381.694752557198,50525.258090466064,868,0.103638143476969,2.856921012418028,2.5319019956871784,0.1448120210348339,57,13840.687603731149,1,1,0,0
CUST_006242,33,Male,Married,0,Salaried,Data Scientist,Post-Graduate,tier1,2328907.68,164,727,2,40120.4,1882022.71,0.72,53986.9,0.27,1,1,150,4,0,362821.81664930313,31297.276263544867,6050.6419786472725,18851.592071440744,736,0.2067245187262104,1.8694770099549491,1.2374486397942353,0.6413250137346165,0,10790.430008868385,1,1,0,1
CUST_006251,28,Female,Married,1,Salaried,Data Scientist,Post-Graduate,tier1,2248170.75,60,795,1,54556.08,1614303.15,0.24,52049.94,0.22,1,1,139,4,0,290711.8271891644,17801.81999216505,2251.7030824347185,12248.024465215114,804,0.2912009533032846,1.5517163479125409,1.3926562413904469,0.6155424694966047,28,11759.004822211567,1,1,0,1
CUST_006257,38,Female,Married,1,Salaried,Sales Rep,Under-Graduate,tier1,734312.86,71,629,2,39547.6,324395.45,0.68,2972.49,0.08,0,0,201,1,120,8339.851346143452,2288.3571692265764,27075.148744078157,0.0,634,0.6462687372452568,0.1362860248987368,2.2636279157802126,2.700477323473895,38,8563.242612853383,0,0,0,0
CUST_006263,29,Female,Married,1,Salaried,Software Engineer,Post-Graduate,tier1,2108181.64,53,755,2,37284.38,1677283.65,0.64,48695.81,0.23,1,1,144,4,0,319474.0241166722,13562.9001611337,5821.833806118002,15170.355817059,765,0.2122255524876737,1.8184706644879485,1.2569015283124425,0.6798283833675377,29,11139.4226720862,1,1,0,1
CUST_006266,36,Male,Married,0,Self-Employed,Gig Worker,Under-Graduate,tier2,534355.03,83,595,3,17853.65,228029.31,0.5,3749.04,0.04,0,0,208,0,107,9184.351364227918,8241.2283298632,27328.500402344653,0.0,606,0.4009300498947324,0.2062481593797712,2.343350890502232,3.82103569429679,0,7992.423476888469,0,1,0,0
CUST_006268,31,Female,Single,0,Salaried,HR Manager,Post-Graduate,tier2,2232747.16,31,778,0,43767.98,1976241.02,0.56,52690.09,0.3,0,1,165,4,0,302472.8071083966,4814.3396847739095,24367.457110691565,16984.172416296944,783,0.2352317121386258,1.6256449644576798,1.129794396336133,0.7357048665262829,0,11446.47635112131,1,1,0,1
CUST_006269,28,Male,Single,0,Salaried,Architect,Post-Graduate,tier1,1660390.6,25,766,2,32721.75,578152.74,0.24,33505.76,0.21,0,1,162,4,0,191407.88012319195,5088.928013658698,13898.44469987657,22233.50564865825,773,0.2364854162478425,1.383335921949474,2.8718842154337705,0.9698330438401652,0,11071.341999925631,1,1,0,0
CUST_006270,46,Female,Married,1,Self-Employed,Trader,Graduate,tier2,3362610.74,122,712,1,63134.73,1268309.45,0.11,83497.92,0.29,1,1,133,4,0,558035.9548821839,23122.42616413165,3925.752145269242,12953.012314196672,720,0.2253053103423668,1.99143108708835,2.651252096834809,0.394353248130853,46,10820.324544168134,1,0,0,0
CUST_006280,29,Female,Married,0,Salaried,Data Scientist,Post-Graduate,tier1,2019385.44,88,767,2,56874.98,1721027.21,0.71,38130.99,0.21,1,1,150,4,0,248534.05287856207,11259.562488122529,3392.4280866924,12997.150535701852,773,0.3379719843558879,1.476880467147044,1.173359871887283,0.739140022607041,0,11222.64920895328,1,1,0,1
CUST_006284,30,Female,Married,0,Salaried,Data Scientist,Post-Graduate,tier1,2727065.47,110,715,3,69721.8,1504007.2,0.15,45574.16,0.26,1,1,159,4,0,349595.9778897619,23473.49784867923,2137.840736625048,14217.620934378116,723,0.3067978849900439,1.538332438600339,1.813198538412224,0.5809141277135764,0,10713.946877245968,1,1,0,1
CUST_006285,43,Male,Single,2,Salaried,Gig Worker,Under-Graduate,tier2,603462.24,14,530,3,29086.95,476680.37,0.22,4656.4,0.08,0,0,208,0,117,8376.899014713676,2130.007302272301,26458.753568780157,0.0,539,0.5783898911741453,0.1665734533698805,1.2659656491295224,3.390591733893842,86,7174.327379003297,0,1,0,0
CUST_006294,42,Female,Married,3,Self-Employed,Trader,Graduate,tier2,3617239.22,31,723,1,88304.37,1290506.96,0.32,86019.3,0.33,1,1,133,8,0,534593.3145260587,23777.55014763379,4740.961162512417,13489.416139529008,733,0.2929441101964712,1.7734791929416238,2.8029576973705765,0.3666700538157502,126,11069.195669474186,0,1,0,0
CUST_006305,44,Male,Married,1,Salaried,Govt. Employee,Graduate,tier2,1513683.15,227,814,3,28172.16,835868.94,0.46,47052.9,0.29,0,1,98,4,0,237547.61049482765,14981.427140421114,2755.2526566959764,9756.84095518656,821,0.223338180082033,1.883187196535532,1.810907507931198,0.6431783405887241,44,11682.876855836626,1,1,0,1
CUST_006310,30,Female,Single,0,Salaried,Gig Worker,Under-Graduate,tier2,685449.97,80,590,1,28474.13,232533.59,0.46,4905.04,0.03,0,0,213,1,103,11507.88238041963,4293.08736849867,27137.34966825877,0.0,595,0.498480696164661,0.201462071725198,2.947733367323975,3.062765248232019,0,7995.510189340117,0,0,0,0
CUST_006315,54,Female,Married,1,Self-Employed,Surgeon,Post-Graduate,tier1,11038653.1,38,848,2,118766.5,4014803.28,0.3,535748.27,0.53,1,1,111,8,0,2484097.816317176,10244.786082119504,5843.872537637613,42983.07310038723,855,0.1291096330116945,2.7004328445299164,2.7494872302965665,0.1004647344751913,54,13865.461196527873,1,1,0,0
CUST_006317,32,Male,Married,1,Salaried,Product Manager,Post-Graduate,tier1,2661277.5,149,768,2,50948.62,2197215.43,0.64,52694.62,0.21,1,1,156,4,0,368354.8728449816,11691.058010732397,8403.675048797106,24383.061905516966,776,0.2297320302808093,1.6609461218479908,1.211204077879574,0.5839902443680973,32,11480.390150603267,1,1,0,0
CUST_006319,39,Male,Married,2,Self-Employed,Trader,Graduate,tier2,3733009.67,191,754,0,92487.65,2317282.08,0.41,114864.19,0.26,1,1,122,8,0,602281.4897728477,28382.279867074893,3793.18184782424,11026.015985866285,760,0.2973065516654233,1.936066413799889,1.6109424447184932,0.3259409158833404,78,11500.8714682995,1,1,0,0
CUST_006321,38,Male,Single,0,Salaried,HR Manager,Post-Graduate,tier1,2236871.65,123,792,1,41569.69,756477.59,0.3,37728.12,0.33,0,1,166,4,0,288260.8430181431,13130.596500605196,16259.98116218007,11225.071807728424,802,0.2230050186114955,1.5464059188852837,2.956953018326665,0.7388049958260856,0,11725.71262656313,1,1,0,1
CUST_006325,31,Female,Married,1,Salaried,Product Manager,Post-Graduate,tier1,2674714.02,69,757,2,71294.96,1465906.85,0.58,52577.91,0.28,1,1,144,4,0,369803.5878240921,13953.256674639231,672.1257774491232,21808.33634231203,765,0.3198606188457388,1.6591019120115733,1.8246126589744367,0.5363699780582216,31,11321.50534951406,1,0,0,1
CUST_006336,55,Female,Married,2,Self-Employed,CXO,Post-Graduate,tier1,10008438.09,138,782,1,139832.37,4025918.32,0.37,335023.03,0.52,1,1,116,8,0,2226087.8687596,17440.940508626718,5604.88317316537,50110.72886367935,788,0.1676571721805928,2.6690500711799223,2.486000660837883,0.1157865117874876,110,12701.724092805058,1,1,0,0
CUST_006338,46,Female,Married,3,Self-Employed,Business Owner,Graduate,tier2,3321175.64,329,726,2,63936.92,2454617.63,0.25,90865.09,0.38,1,1,132,4,0,532509.4839232113,33733.2467253117,1823.798233283584,17891.3947378345,730,0.2310146619719444,1.924044799552047,1.353031220169628,0.3962565000025036,138,10961.555672052364,1,1,0,0
CUST_006341,58,Male,Married,1,Self-Employed,Investor,Post-Graduate,tier1,8019398.68,53,821,2,92553.4,6801798.75,0.12,283479.17,0.43,1,1,117,8,0,1756264.6399417047,16365.489766893712,11788.322192205856,29854.43295277067,829,0.1384940669979505,2.6280205017883507,1.1790112874169811,0.1457145231702457,58,13178.923148939624,1,1,0,0
CUST_006343,47,Male,Married,2,Self-Employed,Business Owner,Graduate,tier2,2609623.05,319,748,3,37014.2,1857082.55,0.24,79167.66,0.39,1,1,127,4,0,439469.9401988541,23571.45812376032,3643.611033976742,17993.99916972831,753,0.1702040291036097,2.0208340175329305,1.4052265176760623,0.4848025749353519,94,11125.361695263997,1,1,0,0
CUST_006354,33,Male,Single,0,Salaried,HR Manager,Post-Graduate,tier1,1927235.53,158,784,0,25178.93,1206717.61,0.29,50587.66,0.35,0,1,157,4,0,275407.79706880136,7169.781073946498,23324.712155441623,17370.172872911455,791,0.156776519516411,1.714825684496073,1.597087766799254,0.8104332053005449,0,11447.033768885403,1,1,0,0
CUST_006362,32,Male,Married,0,Salaried,Software Engineer,Post-Graduate,tier1,2380825.48,43,737,1,63635.93,1532371.4,0.63,44852.84,0.21,1,1,153,4,0,297562.9874798025,12111.440898574583,4376.235566897318,18726.99081673486,745,0.3207405656265122,1.499789834355947,1.5536859577998143,0.6399463335148996,0,10938.80389317381,1,1,0,1
CUST_006371,28,Female,Single,2,Salaried,Sales Rep,Under-Graduate,tier3,639067.28,68,594,1,23208.89,450071.66,0.17,3487.91,0.09,0,0,215,1,115,9767.968512332753,1998.878761449157,25046.196406685427,0.0,602,0.4357936311125593,0.183413272525426,1.4199202413228122,3.3124455141229734,56,8047.395482430964,0,1,0,0
CUST_006382,23,Female,Single,0,Salaried,Consultant,Graduate,tier1,1121194.8,60,686,0,20946.05,468377.35,0.28,13840.42,0.18,0,0,169,4,0,86328.61359216836,3469.4862447445385,21116.19537767104,2324.5311594388613,695,0.2241804098940534,0.923953871048606,2.393780156576409,1.4939955523133592,0,9681.28491483412,1,1,0,1
CUST_006402,29,Female,Single,0,Salaried,HR Manager,Post-Graduate,tier2,1794802.45,50,753,1,32661.47,1074855.04,0.55,50121.76,0.26,0,1,158,4,0,229857.92806023703,8732.335791982885,15792.874693819247,21646.54582254,759,0.2183722334083058,1.536813533411682,1.669807288797484,0.8754420740064931,0,10929.908211154116,1,1,0,0
CUST_006403,28,Female,Single,1,Self-Employed,Sales Rep,Under-Graduate,tier3,592489.76,100,660,2,23784.49,386756.44,0.68,3930.62,0.02,0,0,209,0,111,9028.04815485082,5560.829242964342,31012.04620263547,0.0,669,0.4817097589718552,0.1828460017708805,1.5319414669825098,3.468938625612492,28,8892.408582588252,0,1,0,0
CUST_006405,51,Male,Married,1,Salaried,Govt. Employee,Graduate,tier2,1412929.5,270,770,1,26930.4,644611.89,0.19,45984.04,0.38,0,1,105,4,0,203461.42421694865,10291.042654675664,4314.88790465807,4788.8867646858525,779,0.2287177494609649,1.7279817250773537,2.191903888239033,0.7379142817687033,51,11031.556473501654,1,1,0,1
CUST_006407,40,Female,Married,3,Self-Employed,Business Owner,Graduate,tier2,2818148.37,69,771,0,68473.12,2034632.26,0.56,82970.76,0.37,1,1,130,4,0,402461.75566611625,26372.21592202484,4001.897037622649,11326.204053320334,778,0.2915651815797835,1.7137211634245622,1.385089109375908,0.459664709882247,120,11554.537779105334,1,1,0,0
CUST_006412,29,Male,Married,1,Salaried,Software Engineer,Post-Graduate,tier1,2534762.12,131,756,1,53264.45,1964976.76,0.54,58778.0,0.29,1,1,149,4,0,335750.5803885416,18700.441537964,3482.346216839583,18261.796244589503,766,0.2521618770511985,1.5894934909081757,1.2899698773181023,0.5855164175423988,29,11295.13783209039,1,1,0,1
CUST_006420,36,Male,Married,1,Self-Employed,Business Owner,Graduate,tier2,2598583.62,125,707,1,51800.83,790979.76,0.67,69765.3,0.32,1,1,127,4,0,376189.5934228872,21837.65762379138,5091.699185571114,12661.951623702033,716,0.2392099621871909,1.737198002771453,3.285267798422809,0.4868542416133089,36,10575.661874134672,1,0,0,0
CUST_006421,53,Male,Married,2,Salaried,Govt. Employee,Graduate,tier2,1440938.63,314,709,3,24506.66,553845.73,0.74,44334.32,0.38,0,1,110,4,0,185031.39692054637,18965.62452390396,1785.1721050709325,5815.842120804871,717,0.2040874363613693,1.5409110602537133,2.601692042128695,0.7581299286242038,106,10167.637887363422,1,1,0,1
CUST_006447,49,Male,Married,1,Self-Employed,Trader,Graduate,tier2,3386650.68,133,731,2,43083.56,2015849.26,0.32,72225.19,0.38,1,1,119,4,0,604764.2891481074,26922.767547747844,3040.923788033916,18059.16056415512,739,0.1526584631688208,2.1428681139797745,1.680011034152904,0.3503451229197345,49,11111.125339531256,1,1,0,0
CUST_006452,48,Male,Married,1,Self-Employed,Trader,Graduate,tier2,3744363.39,157,742,1,89911.88,1374594.64,0.79,82794.77,0.28,1,1,123,8,0,595770.9172320341,25096.20471080922,3634.541494741219,18077.603140513704,749,0.2881502113494021,1.9093307326711195,2.723974440949049,0.3276187923833339,48,11336.68606623622,1,1,0,0
CUST_006461,26,Male,Single,1,Self-Employed,Gig Worker,Under-Graduate,tier2,617864.1,46,637,1,28272.09,536869.45,0.49,4833.32,0.09,0,0,207,1,117,7774.121584729562,6348.310357245371,25145.201085641493,0.0,643,0.5490827044451145,0.150984087289919,1.1508625591145871,3.2968917955334605,26,8573.778350089926,0,1,0,0
CUST_006468,51,Female,Married,1,Self-Employed,Investor,Post-Graduate,tier1,9393270.5,260,821,3,110157.16,7119276.06,0.21,362918.63,0.58,1,1,123,8,0,2052486.3938031911,17153.88244813329,1802.1257679723435,35436.68704591729,828,0.1407267289150518,2.6220691995197947,1.319413533261199,0.1308055532380994,51,13293.957471855569,1,0,0,0
CUST_006472,35,Female,Single,0,Salaried,Analyst,Graduate,tier1,1101103.59,131,744,2,22840.78,786418.76,0.27,15819.52,0.13,0,0,124,4,0,115217.49349000918,6749.274541556294,10124.412632954654,940.4951211478495,750,0.2489196978856688,1.2556446702204171,1.4001474098260198,1.1160075542551346,0,10433.868304988782,0,1,1,1
CUST_006475,47,Female,Married,2,Self-Employed,Business Owner,Graduate,tier2,3221690.07,168,709,3,70327.97,1733918.92,0.24,99564.46,0.29,1,1,122,4,0,551242.7111060201,24939.70268981924,8285.446857139059,10631.808942805992,714,0.2619533469151603,2.053235336336436,1.8580385592432664,0.37751144867676,94,10699.587707070974,1,0,0,0
CUST_006478,35,Female,Single,0,Salaried,HR Manager,Post-Graduate,tier1,1557816.12,147,777,0,13438.85,880327.85,0.15,31750.09,0.23,0,1,164,4,0,190758.1228878674,7383.806224054904,16933.834758116733,18282.95708738597,785,0.1035198928107678,1.4694159421479749,1.7695843093180466,1.0460410370063038,0,11193.154952053095,1,1,0,0
CUST_006482,54,Male,Married,2,Salaried,Govt. Employee,Graduate,tier3,1345120.08,244,812,1,32771.69,965555.32,0.69,39107.18,0.27,0,1,114,4,0,156119.09058293785,6751.255189866228,4280.633297827595,7731.507523871298,820,0.2923581154945022,1.3927473107289612,1.3931036979800413,0.8412538614290181,108,11571.83556320234,1,1,0,1
CUST_006485,34,Female,Single,0,Salaried,Architect,Post-Graduate,tier2,1735380.33,101,774,2,18346.8,1452368.99,0.48,49140.51,0.32,0,1,168,4,0,254897.65920434156,10397.108826800066,24341.712605820347,17739.665145839957,784,0.1268656062344127,1.7625823611033815,1.1948610491462992,0.9625409265383436,0,11263.522383422323,1,1,0,0
CUST_006489,30,Male,Married,1,Salaried,Gig Worker,Under-Graduate,tier2,626378.87,93,626,0,31581.88,236972.43,0.34,2915.66,0.09,0,0,215,1,124,7713.928403318859,4010.97189439958,29551.10368162784,0.0,632,0.6050256766992789,0.1477785601182633,2.6432451519986864,3.378490552334021,30,8435.754165464283,0,1,0,0
CUST_006507,40,Male,Married,2,Self-Employed,Trader,Graduate,tier2,3066317.98,195,780,2,76040.08,2370053.85,0.19,94991.03,0.31,1,1,128,8,0,459223.0552040474,25744.123444382814,6093.71473893515,11670.736518595975,786,0.2975808102688283,1.7971570895473452,1.2937751124198664,0.4160818251954565,80,11739.686859477606,1,1,0,0
CUST_006510,30,Female,Married,1,Salaried,Product Manager,Post-Graduate,tier1,2372993.8,95,762,3,41123.99,1416887.06,0.42,44411.48,0.24,1,1,138,4,0,331576.5551049368,16684.565729277834,1375.10310039334,18514.1236703768,772,0.2079589860252343,1.6767420717046886,1.6747927143941066,0.5791034789935249,30,11332.700101642497,1,1,0,1
CUST_006514,43,Male,Married,2,Self-Employed,Trader,Graduate,tier2,3728528.86,36,775,2,60631.39,2785616.78,0.56,116807.41,0.31,1,1,123,4,0,699924.3162397946,30768.71191801396,9171.341874006614,16810.440389000934,783,0.1951371078712008,2.2526484515654563,1.3384926269389334,0.3290064209909563,86,11847.983741846389,1,1,0,0
CUST_006515,35,Female,Single,2,Self-Employed,Sales Rep,Under-Graduate,tier3,599374.06,17,670,0,21084.53,310227.4,0.19,2785.85,0.09,0,0,214,1,109,10574.560944981517,4889.984072494712,29709.84118497953,0.0,679,0.4221225298432866,0.2117078454239963,1.9320412315571367,3.5118002889719326,70,9033.17347798767,0,1,0,0
CUST_006524,33,Male,Single,1,Salaried,Teacher,Graduate,tier2,1171215.54,149,731,3,14976.93,873959.29,0.5,13535.24,0.11,0,0,139,4,0,129602.11566656544,10574.97823429147,18569.07438620588,2633.68571686279,739,0.1534485433974682,1.327859305629703,1.3401244351731358,1.176753905557321,33,10326.45606927999,0,1,1,1
CUST_006526,33,Female,Single,0,Salaried,Architect,Post-Graduate,tier1,1703241.73,12,819,0,24739.36,584284.53,0.14,30875.08,0.26,0,1,162,4,0,214815.36447091188,10053.905256847822,15685.241602300608,18418.67526518672,828,0.1742971788472173,1.5134470738255437,2.9150845649044226,0.9455758470230584,0,11880.180829701832,1,1,0,0
CUST_006528,29,Male,Single,0,Salaried,Analyst,Graduate,tier1,1137680.4,132,683,2,15744.22,687446.01,0.23,15430.14,0.16,0,0,128,4,0,135127.61730731485,5493.262103676252,11891.934312916715,3724.464347134711,690,0.1660647816580298,1.4252810405411676,1.654935410948983,1.1152930728798716,0,9621.706993838025,1,1,0,1
CUST_006529,33,Female,Married,0,Salaried,Data Scientist,Post-Graduate,tier1,2274608.58,171,753,2,50935.16,1395794.65,0.33,48118.61,0.21,1,1,154,4,0,297772.94349823263,23034.21809167442,4350.735026065533,17367.55838006618,761,0.2687137913787802,1.570932468209178,1.6296143206922875,0.6740760817767742,0,11138.999745646845,1,1,0,1
CUST_006532,40,Female,Married,1,Salaried,Govt. Employee,Graduate,tier3,1461048.26,156,793,0,29285.79,856595.3,0.68,41304.06,0.38,0,1,109,4,0,201059.0501383721,15909.35692947876,3064.8382147525654,3870.8342128556496,802,0.2405304487578082,1.6513409252952136,1.7056439071707408,0.7409682126948031,40,11384.121656251104,1,1,0,1
CUST_006535,49,Female,Married,1,Self-Employed,CXO,Post-Graduate,tier1,7679937.79,160,787,0,105386.18,3206610.77,0.71,260610.08,0.53,1,1,116,8,0,1588874.604385174,19205.277683849523,2219.4367834618897,31534.044164805196,794,0.1646669828032821,2.482632800210285,2.395031996654837,0.150846473882853,49,12588.172975221769,1,0,0,0
CUST_006541,31,Male,Single,0,Salaried,Sales Rep,Under-Graduate,tier3,653942.0,126,581,2,29257.96,581752.83,0.61,3285.43,0.1,0,0,205,1,113,9076.507321916002,5671.032778562825,19220.91647364558,0.0,590,0.5368810650290388,0.1665531334971451,1.1240871418070424,3.0876190992586703,0,7900.557527699862,0,0,0,0
CUST_006543,25,Male,Single,0,Salaried,Junior Software Engineer,Graduate,tier1,861876.14,82,760,1,8082.87,291203.15,0.78,13436.82,0.13,0,0,160,2,0,66611.50898379346,2089.6192851855503,16971.6099601918,2718.3553613270515,769,0.1125371559237373,0.927426739861534,2.959697312006027,1.8351230485559569,0,10509.821500063184,1,1,1,1
CUST_006545,39,Female,Married,3,Self-Employed,Business Owner,Graduate,tier2,2629551.09,101,733,3,56565.96,1312249.61,0.26,74915.51,0.36,1,1,133,4,0,392246.51931408985,34208.876459594365,1106.568366084044,6547.72651215379,741,0.2581385183650414,1.790015325994357,2.00384825121171,0.5038735582875192,117,10953.702144513842,1,1,0,0
CUST_006547,32,Male,Single,1,Salaried,Teacher,Graduate,tier1,994196.62,118,667,3,14742.06,547228.59,0.3,9413.98,0.17,0,0,124,4,0,92231.28073814242,4416.595546285942,16691.188108403578,2694.764021019293,678,0.1779352104189158,1.1132224631664418,1.8167815450184264,1.2348179383435884,32,9362.970686996105,1,1,0,1
CUST_006548,54,Female,Married,2,Self-Employed,Investor,Post-Graduate,tier1,9125619.71,334,808,2,126501.41,5142234.98,0.3,384000.61,0.58,1,1,125,8,0,2030042.7705850431,11099.350756805396,9772.555220558374,49080.90522059597,815,0.1663465027124133,2.6694604846178387,1.774640398747317,0.1368270615108605,108,13061.676129678452,1,1,0,0
CUST_006549,54,Female,Married,2,Salaried,Govt. Employee,Graduate,tier3,1514388.52,61,706,1,37117.81,1254934.51,0.49,45671.52,0.37,0,1,114,4,0,204516.72941471043,12328.840094607604,3756.8206939804895,2222.382824414057,714,0.2941188372016671,1.620575746353102,1.2067460900839435,0.7478408457182556,108,10160.5933924553,1,1,0,1
CUST_006550,34,Female,Married,1,Salaried,Sales Rep,Under-Graduate,tier1,545352.27,122,620,2,24720.19,303217.73,0.68,1344.0,0.03,0,0,211,0,133,5795.01008390326,3048.0928517283337,31834.643674875777,0.0,628,0.5439342038304049,0.1275113256078164,1.7985441400668094,3.79939025008397,34,8295.370733126572,0,1,0,0
CUST_006566,34,Male,Single,0,Salaried,Architect,Post-Graduate,tier2,2073523.06,19,787,3,19356.16,1820819.24,0.53,56006.05,0.21,0,1,166,4,0,297446.83824998623,8336.455170353407,19832.43623272645,21292.78168804961,793,0.1120183229503724,1.7213897791532082,1.1387851554198454,0.79672744298784,0,11533.994808600888,1,1,0,0
CUST_006567,54,Male,Married,1,Salaried,Govt. Employee,Graduate,tier2,1338520.02,247,801,1,33326.19,691198.09,0.13,35089.22,0.25,0,1,101,4,0,170680.70432287912,11497.625524419676,2132.216752291347,2246.6340653516854,806,0.2987707981763484,1.5301602212508516,1.9365187821644847,0.7489692292443683,54,11370.303131848328,1,1,0,1
CUST_006571,41,Male,Married,2,Salaried,Govt. Employee,Graduate,tier2,1345718.94,186,797,1,22992.61,776906.51,0.35,28715.45,0.3,0,1,92,4,0,189985.34283455295,16689.665549327736,2579.096336174749,7653.188373156492,807,0.2050271059384278,1.6941158490527355,1.7321481935475176,0.6786067324544423,82,11388.738837243844,1,1,0,1
CUST_006582,35,Female,Married,2,Self-Employed,Gig Worker,Under-Graduate,tier1,725445.69,130,619,0,39294.15,463947.05,0.77,2061.8,0.08,0,0,211,1,120,8210.51188881591,5965.672462472761,30839.68038888738,0.0,625,0.6499756036771767,0.1358123899214452,1.5636356053226217,2.869008587160257,70,8434.08929265512,0,0,0,0
CUST_006583,40,Male,Single,1,Salaried,Sales Rep,Under-Graduate,tier3,745594.41,185,598,2,37544.14,583478.39,0.63,1422.21,0.07,0,0,200,1,103,10115.744092908026,4720.550663666278,20484.697480253377,0.0,607,0.6042459854925335,0.1628056404650495,1.277841896009386,2.64692270552928,40,8207.816600434744,0,1,0,0
CUST_006584,28,Female,Married,1,Salaried,Gig Worker,Under-Graduate,tier3,573543.26,54,595,1,30203.18,294961.61,0.26,1928.35,0.1,0,0,192,0,121,5840.829494756836,3200.371529759592,28077.38644939794,0.0,603,0.6319149788635885,0.1222026172980821,1.9444608928568947,3.2902444970403737,28,7995.533003851518,0,0,0,0
CUST_006585,29,Male,Married,2,Salaried,Sales Rep,Under-Graduate,tier3,522668.51,20,653,2,23675.46,375690.77,0.53,3448.56,0.09,0,0,206,0,133,5864.138001287161,1955.1481609847087,32733.79371905357,0.0,662,0.5435548381170746,0.1346322555923234,1.391216288821019,3.86732078455323,58,8716.35846589452,0,0,0,0
CUST_006600,31,Female,Single,1,Salaried,Analyst,Graduate,tier2,932333.9,39,686,2,17307.16,638785.72,0.18,9858.47,0.19,0,0,127,4,0,89400.25595188224,6961.69689921719,10801.913999881894,812.5335742766903,693,0.2227562967778374,1.1506492080059416,1.4595386391251215,1.3477176189883435,31,9525.595023173277,0,1,0,1
CUST_006603,49,Female,Married,1,Salaried,Govt. Employee,Graduate,tier2,1437241.18,148,741,2,35175.82,560197.99,0.49,44247.74,0.3,0,1,119,4,0,190879.57971190143,17471.780329452387,2316.80540815304,5283.8286917428,749,0.2936920550073161,1.59370317520732,2.565590452064185,0.8222541041846252,49,10619.499275210836,1,1,0,1
CUST_006604,32,Female,Married,1,Salaried,Data Scientist,Post-Graduate,tier1,2150737.73,164,752,2,56513.54,1656302.22,0.55,40797.28,0.28,1,1,148,4,0,264355.5762603572,14879.4112273618,4045.4648160542015,14561.15075971728,760,0.3153144554852507,1.4749586485473072,1.2985169044107756,0.6849512457951109,32,11081.804671692362,1,1,0,1
CUST_006615,26,Female,Single,1,Salaried,Analyst,Graduate,tier2,1033018.42,18,735,1,18611.95,556922.58,0.45,15692.89,0.13,0,0,125,4,0,110417.2202572695,4179.153264713937,13122.354069810017,4929.568288956963,741,0.2162021521108739,1.2826404890257097,1.854865653201468,1.1984447983190938,26,10261.365441725542,0,1,1,1
CUST_006616,51,Male,Married,2,Salaried,Govt. Employee,Graduate,tier3,1711895.87,188,744,3,31366.45,757549.79,0.53,56079.47,0.36,0,1,112,4,0,255888.8780701174,16491.71911026408,950.6994395606356,5034.568820686511,752,0.2198701265389941,1.7937101585036868,2.259777024323346,0.6504458367740901,102,10793.540670976296,1,1,0,1
CUST_006617,29,Male,Married,1,Salaried,Data Scientist,Post-Graduate,tier1,2049768.86,44,733,1,51458.83,908278.53,0.65,39986.44,0.23,1,1,147,4,0,263755.12351756805,15062.506151023308,2114.022203594811,14860.658162451628,742,0.3012546228966153,1.5440974906023937,2.256759942613702,0.7136723098144129,29,10783.66265639728,1,0,0,1
CUST_006620,57,Male,Married,2,Self-Employed,Surgeon,Post-Graduate,tier1,10848364.1,268,822,2,98154.09,5974317.65,0.28,379341.46,0.57,1,1,117,8,0,2466354.477282368,12918.65530908528,7673.916495486248,45731.81812484485,830,0.1085737689348731,2.7281736413423587,1.8158328565216384,0.1077510377461002,114,13445.605703992616,1,1,0,0
CUST_006624,32,Male,Married,1,Salaried,Software Engineer,Post-Graduate,tier1,2100186.97,56,748,3,46947.0,1565757.45,0.17,44047.88,0.3,1,1,147,4,0,280361.4810464724,13148.75370007328,3771.2892502211807,16845.57196005853,755,0.2682431560282119,1.6019138284586762,1.341322456219221,0.6966207359341242,32,10990.94074319985,1,0,0,1
CUST_006629,28,Female,Married,0,Salaried,Data Scientist,Post-Graduate,tier1,2516102.86,100,801,3,43833.46,1655733.02,0.55,55123.62,0.25,1,1,146,4,0,345847.01472414914,21276.088610090723,4065.240190118771,24928.392292515822,808,0.209053063658628,1.649433514609023,1.5196298618059438,0.5779653802379212,0,11908.483518013838,1,1,0,0
CUST_006630,27,Female,Single,0,Salaried,Analyst,Graduate,tier2,865782.62,33,760,2,13400.84,528911.81,0.3,8400.41,0.15,0,0,171,2,4,47621.60270761944,2870.4455317426123,17049.150603814385,3197.719493445917,769,0.1857369822880165,0.6600401749914239,1.6369099095936055,1.952539318489787,0,10513.29913677205,0,1,1,1
CUST_006641,27,Female,Married,1,Salaried,Software Engineer,Post-Graduate,tier1,2266377.55,38,726,3,52665.48,2036978.27,0.5,46727.74,0.25,1,1,147,4,0,298200.3496794896,16383.909149874704,4042.277304896564,14003.463263616926,733,0.2788513386853553,1.5789007658254846,1.1126168947217612,0.6457628261181895,27,10726.4975283559,1,1,0,1
CUST_006644,31,Female,Married,1,Salaried,Software Engineer,Post-Graduate,tier1,2281457.75,59,753,0,63880.69,1938035.13,0.69,43759.75,0.22,1,1,151,4,0,292965.98845853674,17095.634996785047,2309.790456989397,10718.836097389058,762,0.3359975647277375,1.540932927777123,1.177200834743984,0.6589691649344179,31,11155.928106419527,1,0,0,1
CUST_006645,30,Male,Single,0,Salaried,Architect,Post-Graduate,tier2,1741184.36,35,800,0,35006.6,530713.87,0.56,38381.59,0.21,0,1,170,4,0,199982.97334140816,7276.303593623782,14007.786997401998,10457.363848256797,808,0.2412589468082737,1.3782452888293986,3.280828291093483,0.9707715754153948,0,11611.0219579494,1,1,0,1
CUST_006646,31,Male,Married,0,Salaried,Software Engineer,Post-Graduate,tier1,2718253.62,17,718,0,54516.41,2055038.96,0.2,51129.32,0.25,1,1,145,4,0,381137.3600446147,20636.10603195632,1774.340116534953,12583.85676597988,728,0.2406670323851574,1.6825612209800809,1.3227254325507132,0.5314755158283269,0,10785.68439929451,1,1,0,1
CUST_006654,32,Female,Married,1,Salaried,Product Manager,Post-Graduate,tier1,2219581.87,56,691,3,47441.18,1662891.57,0.34,44254.34,0.25,1,1,151,4,0,291554.66006064333,16619.312179345492,1738.7686968312985,22353.357009188963,698,0.2564857326804565,1.5762594986477052,1.3347716563554073,0.6772570320550731,32,10199.755228178534,1,0,0,0
CUST_006656,33,Female,Single,0,Salaried,Architect,Post-Graduate,tier2,2157975.74,20,781,0,40685.22,1783922.27,0.43,52386.02,0.33,0,1,175,4,0,289333.17790987407,9652.501210007493,12404.950157638828,24901.17376964012,788,0.2262397653843946,1.6089054031968173,1.2096796853824323,0.8072046046050312,0,11492.729137239892,1,1,0,0
CUST_006660,30,Female,Married,0,Salaried,Product Manager,Post-Graduate,tier1,1938483.69,136,760,0,38983.89,863219.21,0.28,39590.96,0.27,1,1,152,4,0,246503.7780601057,16475.1084751228,5796.512890619982,15813.5979647337,768,0.2413245912349694,1.5259488849940483,2.2456421519602743,0.7800937764072329,0,11118.656362139722,1,1,0,1
CUST_006666,43,Male,Married,3,Self-Employed,Business Owner,Graduate,tier2,3040682.59,36,704,3,69110.07,961346.61,0.22,64353.45,0.38,1,1,134,4,0,461426.0894971635,30776.927211814826,7457.285749118948,10102.2101109623,715,0.2727405911555228,1.8210027051634807,3.162937691185397,0.4392459590494467,129,10673.22893296346,1,0,0,0
CUST_006668,34,Male,Married,1,Self-Employed,Gig Worker,Under-Graduate,tier2,569103.88,167,630,1,27717.52,346173.74,0.17,2097.49,0.08,0,0,206,0,126,6173.8409338691545,1301.6327985841149,25856.85361818154,0.0,639,0.5844332440697315,0.1301775153531647,1.643978645004543,3.5572201657498828,34,8467.912992458801,0,1,0,0
CUST_006675,28,Female,Single,0,Salaried,Gig Worker,Under-Graduate,tier2,627189.09,71,653,1,25121.31,286890.11,0.75,5016.66,0.03,0,0,204,1,98,10489.221992764436,4271.053271479422,27073.01001382656,0.0,659,0.4806364733836799,0.2006862965004943,2.1861572845530137,3.201561407776144,0,8796.994260409652,0,0,0,0
CUST_006678,50,Female,Married,3,Self-Employed,Trader,Graduate,tier2,2773476.21,377,748,3,39440.34,2156716.25,0.54,75920.69,0.38,1,1,129,4,0,489409.8427126329,25536.451080380728,7041.524848319918,10290.06936876742,757,0.1706457876018878,2.117520489676642,1.285971172159911,0.4634492636816896,150,11230.558587851778,1,1,0,0
CUST_006688,43,Female,Married,2,Salaried,Govt. Employee,Graduate,tier2,1302059.62,36,748,1,22528.29,473476.5,0.25,29711.68,0.36,0,1,121,4,0,174434.72968055046,14508.62452230948,2736.388298091252,5929.432876257713,758,0.2076225883795854,1.607604930492691,2.749992597325111,0.9222141902362638,86,10672.229664133398,1,1,0,1
CUST_006690,31,Male,Married,1,Salaried,Software Engineer,Post-Graduate,tier1,2700913.87,99,749,2,51490.22,2014113.71,0.68,61907.54,0.23,1,1,154,4,0,386266.64776863775,15111.664468180908,7005.269404421054,16640.73126952024,755,0.2287669746374786,1.716152162748418,1.340993070846496,0.5680741159068989,31,11180.871341312914,1,1,0,1
CUST_006693,27,Male,Single,0,Salaried,Consultant,Graduate,tier2,993432.85,61,739,1,17032.12,754345.66,0.23,9698.49,0.14,0,0,164,4,0,69145.66398197316,3676.414000558779,22173.8310415512,1386.421549809462,747,0.2057340576077272,0.8352229796990522,1.316944718758349,1.6343893863949144,0,10315.265298708957,0,1,1,1
CUST_006695,34,Female,Married,1,Self-Employed,Gig Worker,Under-Graduate,tier3,717824.04,20,640,2,30124.15,584455.26,0.3,2756.39,0.09,0,0,210,1,111,10450.701975975891,4478.392640418919,29530.691013444288,0.0,651,0.5035826844247051,0.1747034374475133,1.2281912080127262,2.885312774224935,34,8778.071723087924,0,1,0,0
CUST_006697,27,Female,Married,0,Salaried,Software Engineer,Post-Graduate,tier1,2015129.82,88,788,1,45900.56,1344497.11,0.59,41510.88,0.26,1,1,151,4,0,254229.73536350456,16690.31661028386,3700.105345804837,14029.99934468804,798,0.2733339730897947,1.5139166852098054,1.4987970641327268,0.7456312109413312,0,11583.92335011728,1,1,0,1
CUST_006705,36,Female,Married,1,Self-Employed,Business Owner,Graduate,tier2,3686908.03,73,725,2,84006.1,3273423.85,0.56,116481.23,0.3,1,1,135,8,0,599379.7345545269,27964.096484608373,4488.336739499927,15432.452444581118,732,0.2734187863575658,1.950830708594003,1.1263151588771008,0.3651700256119166,36,11068.058870734656,1,1,0,0
CUST_006710,37,Male,Single,0,Salaried,HR Manager,Post-Graduate,tier2,1605332.43,52,803,3,17607.73,1439593.83,0.52,28397.36,0.32,0,1,173,4,0,199826.0025643276,9061.395182713835,14917.236527844903,18799.228598295234,811,0.1316183343907077,1.4937056409582656,1.1151279488826726,1.0709869794417488,0,11588.250892427608,1,1,0,0
CUST_006711,53,Male,Married,1,Salaried,Govt. Employee,Graduate,tier2,1531752.72,148,743,2,25825.96,1015711.92,0.34,45170.66,0.28,0,1,103,4,0,219043.7936675613,18553.978815871207,2648.568187419838,4653.904765050961,749,0.2023231870753623,1.7160112709807909,1.5080567450101945,0.6680708174784346,53,10667.200970525591,1,1,0,1
CUST_006712,45,Male,Married,1,Self-Employed,Trader,Graduate,tier2,3717259.13,85,730,2,87367.45,2934168.86,0.34,92799.44,0.31,1,1,116,8,0,553075.9442003896,27517.882416195847,4406.104577120469,7005.557522304365,738,0.282037377241299,1.7854256787571678,1.2668861406680798,0.3112206475432257,45,11164.831103848172,1,1,0,0
CUST_006717,47,Female,Married,1,Self-Employed,Trader,Graduate,tier2,2704205.34,219,753,3,49973.16,2422567.35,0.26,67717.0,0.28,1,1,125,4,0,424997.9950374019,21699.646668133097,6493.980099554977,18355.938663934605,759,0.2217565545230917,1.8859341906478653,1.1162555392915952,0.4605399531046535,47,11241.03213800554,1,1,0,0
CUST_006719,29,Male,Married,1,Salaried,Software Engineer,Post-Graduate,tier1,2225489.38,76,767,0,57924.1,1357657.59,0.74,47368.1,0.27,1,1,150,4,0,285212.53535740904,13406.061938056448,4386.894077701421,18936.03209977568,775,0.3123292603844622,1.537878365318699,1.6392113572529303,0.6709940174262873,29,11327.003079723543,1,1,0,0
CUST_006733,56,Male,Married,2,Self-Employed,Surgeon,Post-Graduate,tier1,11108792.46,395,789,0,115692.05,8437637.49,0.51,460875.67,0.41,1,1,116,8,0,2583139.8282329324,18374.611546619817,11953.385137022433,30465.95937163486,799,0.1249733582942191,2.7903702914575548,1.316576015097798,0.104327875906769,112,12962.374797450557,1,0,0,0
CUST_006737,36,Male,Married,3,Self-Employed,Business Owner,Graduate,tier2,3568123.04,134,706,2,76160.88,1438672.49,0.33,106309.23,0.26,1,1,120,8,0,619018.3718378928,29062.199018784908,2473.443231026578,17731.79536908886,714,0.2561367632543414,2.0818215619033054,2.480147903469049,0.3353713627466539,108,10772.511083169353,1,0,0,0
CUST_006738,23,Female,Single,0,Salaried,Consultant,Graduate,tier1,790655.23,15,772,2,10597.01,295584.14,0.65,11048.18,0.12,0,0,160,1,1,46107.78318369949,3043.1689792189086,20267.57449604532,3505.198013012591,779,0.1608314031175922,0.699780359183969,2.674881524829022,1.9983632655468944,0,10579.30185084975,0,1,1,0
CUST_006745,34,Male,Single,0,Salaried,HR Manager,Post-Graduate,tier1,2088726.14,63,717,1,39977.11,1043792.87,0.67,42252.86,0.31,0,1,172,4,0,270014.9210293754,12398.464344522052,12296.64422908064,14214.87383434441,726,0.2296723130645759,1.5512614962603712,2.001090636794025,0.8195447548959389,0,10564.799490917669,1,1,0,1
CUST_006749,40,Female,Married,1,Salaried,Govt. Employee,Graduate,tier3,1721324.58,126,800,0,39932.98,653032.36,0.47,39352.12,0.31,0,1,116,4,0,231577.439044068,13645.126602416194,2845.89956186324,12086.56887835148,807,0.2783858575758612,1.614402029688358,2.635890729992722,0.6700072380419851,40,11587.394427074194,1,1,0,1
CUST_006750,39,Male,Married,3,Self-Employed,Trader,Graduate,tier2,3111344.73,127,750,0,48159.73,2711782.03,0.53,89346.71,0.28,1,1,127,4,0,546001.4798650579,18497.24301851144,2392.443696733646,10607.094496402027,759,0.1857442942584086,2.1058394542822785,1.1473427982916466,0.4068759172268678,117,11347.47951899115,1,1,0,0
CUST_006764,29,Male,Married,1,Salaried,Data Scientist,Post-Graduate,tier1,2722775.87,38,742,2,71556.12,2236375.55,0.17,59853.63,0.26,1,1,142,4,0,362267.9325723035,14150.706740656664,5849.316787589607,15503.608939059595,749,0.3153655301101367,1.596604435757106,1.217494374996912,0.5196181712479772,29,11098.054956365531,1,0,0,1
CUST_006771,29,Female,Single,0,Salaried,Teacher,Graduate,tier2,1032943.78,26,690,0,23508.84,632020.71,0.35,13634.98,0.11,0,0,118,4,0,116547.70853318766,5635.4414705400695,14200.276225110008,1986.2620200556485,696,0.273105669634764,1.3539519594907072,1.6343485732475869,1.131412855254767,0,9638.155306340715,0,1,0,1
CUST_006772,48,Female,Married,1,Salaried,Govt. Employee,Graduate,tier2,1300759.38,334,775,0,21720.5,847408.91,0.5,38799.84,0.28,0,1,121,4,0,173774.73006877728,17213.53371547591,2704.752538757064,6303.180884414891,782,0.2003780249224118,1.6031231874315437,1.5349824974314967,0.923129003280526,48,11009.355375241414,1,1,0,1
CUST_006774,42,Male,Married,1,Self-Employed,Business Owner,Graduate,tier2,3128450.52,57,767,1,66809.01,1162525.27,0.55,67601.9,0.28,1,1,132,4,0,492921.2748985255,31753.88837246858,4258.069457401643,11695.285416706009,776,0.2562626577351484,1.8907227626886531,2.691079419650448,0.4205897118938806,42,11605.893805211674,1,1,0,0
CUST_006775,52,Male,Married,1,Self-Employed,Surgeon,Post-Graduate,tier1,10405398.16,34,823,3,143915.9,4714911.47,0.72,374893.0,0.52,1,1,113,8,0,2277819.210071541,15314.862421115353,3424.072788024568,35588.57500557475,830,0.1659704685778575,2.6268864081815773,2.2069122653299225,0.1084932119388127,52,13411.003364901886,1,1,0,0
CUST_006778,38,Female,Single,0,Salaried,Architect,Post-Graduate,tier1,1565290.52,15,760,2,28497.25,868989.61,0.26,28701.6,0.28,0,1,170,4,0,173723.44988654822,7914.408326934033,14325.134085796475,13139.23060613372,769,0.21846703473013,1.3318073484214277,1.8012743774066788,1.0791660194844568,0,10968.695049675363,1,1,0,0
CUST_006784,27,Male,Single,0,Salaried,Consultant,Graduate,tier1,1108363.89,12,726,2,22836.92,632404.78,0.57,14581.82,0.12,0,0,169,4,0,82232.43580064863,3998.2820818986384,17830.61261251421,3044.4543512186465,733,0.2472473846395197,0.890301962096797,1.7526150535815783,1.5111360578711106,0,10202.184572326289,1,1,1,1
CUST_006790,39,Female,Married,1,Self-Employed,Sales Rep,Under-Graduate,tier1,511969.8,62,655,3,25592.85,434898.15,0.55,2833.46,0.03,0,0,218,0,151,4603.446916710798,5066.826863807621,38615.25467990113,0.0,662,0.5998537448010847,0.1078971225159362,1.177214993407092,4.176486838893744,39,8702.66714069819,0,0,0,0
CUST_006794,27,Female,Married,1,Salaried,Software Engineer,Post-Graduate,tier1,2055956.83,98,776,3,48604.8,1841261.0,0.59,39784.58,0.23,1,1,153,4,0,259300.1608732379,12995.195481185929,3074.144678531118,18495.82652002597,786,0.2836899039952857,1.5134480080998385,1.1166019990636855,0.7405769461310573,27,11425.494382192115,1,1,0,0
CUST_006798,35,Female,Married,1,Self-Employed,Sales Rep,Under-Graduate,tier1,657295.53,44,641,1,29291.54,358812.68,0.12,3941.76,0.09,0,0,201,1,104,10006.766623333897,4937.5882708470845,27374.092763503573,0.0,650,0.5347549875170302,0.1826864808318972,1.831857497740889,3.0121586458102,35,8707.328847792485,0,0,0,0
CUST_006807,35,Male,Married,2,Salaried,Gig Worker,Under-Graduate,tier3,544057.29,181,671,2,19552.24,485060.07,0.36,3512.2,0.02,0,0,209,0,111,8253.162580777313,5294.83958322135,27140.09064320416,0.0,677,0.431244483584067,0.1820318712885407,1.1216263758293363,3.772173090620286,70,8941.011501154038,0,1,0,0
CUST_006810,34,Female,Single,0,Salaried,Architect,Post-Graduate,tier1,1661543.42,129,777,1,29683.67,870915.41,0.36,30581.21,0.33,0,1,169,4,0,199250.49178645792,9014.052811870435,14876.71520516193,13540.238206959068,783,0.2143798730469068,1.439016642272152,1.907810440728749,1.0110416395883992,0,11215.111093315973,1,1,0,1
CUST_006812,47,Male,Married,2,Salaried,Govt. Employee,Graduate,tier2,1700190.85,232,763,0,29579.79,1221453.01,0.15,41505.73,0.37,0,1,116,4,0,236312.8390137564,13350.827666513253,6448.281267634588,5763.949807117802,772,0.2087736060435377,1.6678916096188618,1.391940127160416,0.6782868707314157,94,11075.30627812336,1,1,0,1
CUST_006814,52,Female,Married,2,Salaried,Govt. Employee,Graduate,tier3,1466653.58,45,794,1,34585.04,558187.01,0.16,47119.69,0.38,0,1,119,4,0,171806.80161148135,10439.42769694626,4707.950888854796,9251.895344162722,802,0.2829687187450052,1.4056930546756106,2.627526126904804,0.8058762164108931,104,11387.19264456042,1,1,0,1
CUST_006816,33,Female,Single,1,Self-Employed,Sales Rep,Under-Graduate,tier3,580175.04,166,639,1,29020.33,389102.97,0.64,4242.71,0.04,0,0,203,0,119,7448.040009543045,3269.9187018425428,23923.28733163425,0.0,646,0.600227057812253,0.1540477017799579,1.4910540234272092,3.43965749551184,33,8573.122107497915,0,1,0,0
CUST_006817,38,Male,Married,2,Self-Employed,Gig Worker,Under-Graduate,tier2,696947.86,184,666,2,27788.87,210385.03,0.78,4256.61,0.03,0,0,210,1,103,11246.112124710651,2301.092288985618,25345.386743049763,0.0,672,0.4784586016187503,0.1936314460011051,3.3127097840098982,2.970516100013373,76,9041.402035987974,0,1,0,0
CUST_006820,35,Male,Single,2,Salaried,Gig Worker,Under-Graduate,tier2,595943.84,118,589,3,23748.44,350882.84,0.17,4604.95,0.09,0,0,213,0,117,8447.287121815409,3941.509874830678,27887.681113715946,0.0,600,0.4781919412015494,0.1700922092848102,1.698407769363217,3.51517724810933,70,7978.742034857321,0,0,0,0
CUST_006824,30,Male,Married,0,Self-Employed,Sales Rep,Under-Graduate,tier1,604949.55,90,591,0,31154.16,324114.52,0.44,1952.62,0.06,0,0,212,0,132,6296.141798422983,4111.671489125094,32435.98845813433,0.0,602,0.6179730265501997,0.124890088603277,1.866462766114995,3.4474372735129246,0,8014.367002877425,0,1,0,0
CUST_006834,46,Male,Married,3,Self-Employed,Business Owner,Graduate,tier2,2620053.6,336,761,1,34892.94,2020849.38,0.78,69830.48,0.36,1,1,133,4,0,404189.6942507849,19257.49638586381,7184.880400760134,11713.488338912188,771,0.1598109909919812,1.8512041572582836,1.296510432405194,0.5056931159121624,138,11394.382106430605,1,1,0,0
CUST_006839,29,Male,Single,0,Salaried,HR Manager,Post-Graduate,tier2,1885859.3,63,754,3,35348.03,765351.87,0.16,50827.19,0.31,0,1,172,4,0,246177.54252978807,8705.044802632345,17763.507041252014,22672.15697330416,762,0.2249232808198523,1.5664539305293297,2.464038973290843,0.9072403210512512,0,11010.819736499196,1,1,0,0
CUST_006842,28,Male,Single,0,Salaried,Analyst,Graduate,tier1,1018962.4,35,735,2,15761.81,763468.33,0.6,16872.43,0.18,0,0,173,4,0,63082.6860268995,2874.646114509165,19569.25432792701,5283.625611492769,743,0.1856196976096749,0.7428962222434576,1.334647457285547,1.6813053615953313,0,10278.88222073722,1,1,1,1
CUST_006847,32,Male,Married,1,Salaried,Product Manager,Post-Graduate,tier1,2082727.24,134,752,2,43600.97,1041327.23,0.42,35208.88,0.21,1,1,141,4,0,278125.4682223771,12699.167574116567,5987.914718049656,14006.481473320531,762,0.2512132243688845,1.6024596620499287,2.000067970883686,0.6737619566704737,32,11086.482205495597,1,1,0,1
CUST_006853,34,Female,Single,0,Self-Employed,Sales Rep,Under-Graduate,tier3,643102.33,186,609,3,22317.18,381575.71,0.35,1886.12,0.07,0,0,205,1,105,11057.16219340074,5338.057461366662,25418.69404690661,0.0,620,0.4164207630080331,0.206317819602634,1.6853815055955588,3.1388649310131846,0,8291.917627895107,0,1,0,0
CUST_006865,41,Female,Single,1,Salaried,Sales Rep,Under-Graduate,tier3,725873.1,220,639,3,26588.14,236509.79,0.58,1557.61,0.02,0,0,217,1,91,14114.515498703298,6553.935816078073,24104.537089707344,0.0,648,0.4395429524590049,0.2333347054298808,3.0690908435932243,2.94887800627581,41,8744.845447088363,0,1,0,0
CUST_006869,41,Female,Single,2,Salaried,Sales Rep,Under-Graduate,tier3,707406.79,265,635,2,29751.25,442609.56,0.63,1816.54,0.05,0,0,202,1,94,12152.805985389388,1609.033865186026,28202.33046499012,0.0,640,0.5046727695768443,0.2061489939003071,1.5982600821815007,2.81569679595589,82,8620.392043424052,0,1,0,0
CUST_006870,26,Male,Single,1,Salaried,Teacher,Graduate,tier2,1074177.52,16,747,2,14769.85,474375.3,0.17,13576.35,0.18,0,0,126,4,0,119074.55055453967,4909.679474756147,14191.76676922193,4459.519519583809,754,0.1649971412865767,1.3302071748516742,2.264399633792835,1.16217130198383,26,10470.84833702286,1,1,1,1
CUST_006883,59,Female,Married,1,Self-Employed,Investor,Post-Graduate,tier1,11090853.07,341,808,0,129869.31,6030106.15,0.19,458319.27,0.57,1,1,120,8,0,2451402.5842670347,15670.960893525213,7492.932365381756,41906.79354644277,816,0.140514893127268,2.652347749750815,1.8392464336226595,0.1080998002976,59,13236.851197091935,1,1,0,0
CUST_006893,26,Male,Single,0,Salaried,Analyst,Graduate,tier2,900333.81,32,739,2,8752.68,727447.89,0.47,10032.78,0.18,0,0,164,3,0,75860.29814618088,2864.5855363097835,19793.6787459723,3181.91866312328,746,0.1166575762706109,1.011082150484124,1.2376591982977665,1.801536954889108,0,10228.049400241982,0,1,1,1
CUST_006894,29,Male,Married,0,Salaried,Data Scientist,Post-Graduate,tier1,1907159.88,124,800,0,34311.65,1476429.66,0.26,39160.65,0.26,1,1,148,4,0,244396.2619761516,9875.990144561663,4457.099583562612,14856.725465641466,807,0.215890242677026,1.5377508312013386,1.291736843232448,0.7719752616563206,0,11670.12887882555,1,1,0,1
CUST_006896,41,Female,Single,0,Self-Employed,Sales Rep,Under-Graduate,tier3,720108.33,134,589,1,24645.87,633190.76,0.11,5974.9,0.03,0,0,206,1,89,14166.053610882229,3284.4723186929286,25608.88774403916,0.0,594,0.4106958624539873,0.2360614417462519,1.137267373788945,2.8214991054820597,0,8011.372046051982,0,1,0,0
CUST_006901,41,Female,Single,0,Salaried,Sales Rep,Under-Graduate,tier2,608636.59,244,569,2,23953.01,358925.3,0.4,2218.33,0.04,0,0,213,1,116,9165.14157456005,5551.238512914631,22636.73040244008,0.0,577,0.4722529957721581,0.180698190551498,1.6957146634281188,3.443055316207533,0,7685.050467123517,0,0,0,0
CUST_006902,41,Female,Single,0,Salaried,Gig Worker,Under-Graduate,tier1,739466.08,249,621,3,32482.41,591534.78,0.77,3067.13,0.1,0,0,213,1,104,11653.724770409932,9153.23125963139,23108.280717414036,0.0,628,0.5271135555498819,0.1891127012783383,1.2500783638142734,2.8420232173816324,0,8486.594207366265,0,1,0,0
CUST_006905,50,Female,Married,2,Salaried,Govt. Employee,Graduate,tier3,1438290.12,168,737,3,23998.56,661796.46,0.59,47455.98,0.35,0,1,110,4,0,189951.03385599397,9660.239225715752,878.003408770913,8859.809312375288,746,0.2002240808766937,1.5847938861912594,2.1733086131820456,0.7595163322663555,100,10577.508818484695,1,1,0,1
CUST_006911,27,Male,Single,0,Salaried,Analyst,Graduate,tier2,970406.03,22,717,1,14831.7,698475.53,0.52,13197.41,0.18,0,0,163,3,0,72509.48317686158,3463.6880500947755,17168.05726050929,4052.888587636347,726,0.1834059080703601,0.8966381200917495,1.3893180204637656,1.6625764735453534,0,10008.25185962126,1,1,1,1
CUST_006918,28,Male,Married,1,Salaried,Software Engineer,Post-Graduate,tier1,2740797.07,36,735,1,68570.12,1332895.95,0.59,65773.49,0.21,1,1,147,4,0,370822.6570676282,16833.175693237143,2827.488526270517,12909.509791836306,745,0.3002184460809596,1.6235614269955472,2.056270794227565,0.5343905648409026,28,11043.700978271449,1,1,0,1
CUST_006920,27,Female,Married,1,Salaried,Data Scientist,Post-Graduate,tier1,2339188.45,105,748,1,47732.39,1576966.29,0.2,39652.27,0.28,1,1,152,4,0,313918.67361523147,11953.6605036852,7085.447081928177,15795.490420936716,756,0.2448651546728284,1.6103896027306157,1.4833462081512168,0.6470319569296367,27,11086.978169059512,1,1,0,1
CUST_006925,46,Male,Married,1,Self-Employed,CXO,Post-Graduate,tier1,10039624.87,53,794,0,121854.86,8275493.5,0.58,335713.75,0.54,1,1,121,8,0,2136140.513575434,15088.475779980865,4804.494285286378,40934.3942826487,801,0.1456485268276441,2.553248339041292,1.21317522113029,0.1204025041384455,46,12913.762376479042,1,1,0,0
CUST_006929,42,Male,Married,2,Salaried,Govt. Employee,Graduate,tier3,1326695.98,25,748,0,26061.38,751501.36,0.41,42460.16,0.25,0,1,106,4,0,188855.48969438203,17777.77111215087,4119.040553561036,5927.821304561661,754,0.2357237347739477,1.7081874161430644,1.7653916349643932,0.7930000657292318,84,10630.045014933588,1,1,0,1
CUST_006933,34,Female,Single,0,Salaried,Architect,Post-Graduate,tier1,2140291.59,152,786,1,18040.28,721361.41,0.74,61144.54,0.22,0,1,160,4,0,346398.63419988577,15311.054758582804,21159.522126968823,16693.73732708956,792,0.1011460995587079,1.942146726202814,2.9670129193452146,0.7440851312635233,0,11544.550856745338,1,1,0,1
CUST_006938,37,Female,Single,0,Salaried,HR Manager,Post-Graduate,tier2,2226536.8,55,824,3,36668.48,978040.93,0.72,51784.21,0.26,0,1,168,4,0,301988.37575060286,8170.576959641392,15532.63379545979,22526.43081720815,834,0.1976250239833055,1.6275684184452794,2.276524892956276,0.7511613491000909,0,12189.70928968598,1,1,0,0
CUST_006945,30,Female,Single,0,Salaried,HR Manager,Post-Graduate,tier1,1759758.33,101,829,3,18811.55,1139806.85,0.24,44218.63,0.34,0,1,164,4,0,229421.61407918565,6470.817687250099,23640.530052236714,15425.849076936607,839,0.128277307641617,1.5644424286606922,1.5439078876321126,0.9266801981940664,0,12065.396907597122,1,1,0,0
CUST_006946,49,Female,Married,2,Self-Employed,Business Owner,Graduate,tier2,2632688.96,24,689,2,49287.57,1267551.66,0.52,77931.41,0.28,1,1,139,4,0,400165.2008247802,33581.50554043543,3434.1851817671163,15954.821367063423,699,0.2246555339881822,1.8239756367534288,2.0769858666069148,0.525979417570201,98,10333.678159271803,1,0,0,0
CUST_006950,48,Female,Married,2,Self-Employed,Business Owner,Graduate,tier2,2911862.05,268,739,2,48757.76,2082787.58,0.12,75159.75,0.26,1,1,135,4,0,480183.80616972194,25390.787747154507,2762.223064723364,17030.039394062554,747,0.2009335259538441,1.9788650110181325,1.398059350795941,0.4620341333363086,96,11118.574832271888,1,0,0,0
CUST_006954,50,Male,Married,1,Self-Employed,CXO,Post-Graduate,tier1,8057293.0,131,863,0,132342.69,3514019.22,0.35,401196.61,0.48,1,1,114,8,0,1769664.1683039689,8729.560250193004,2528.80272904985,51954.90814325114,869,0.1971021675361675,2.6356169984439743,2.292898872391804,0.1413113419829923,50,13818.91475538288,1,1,0,0
CUST_006961,32,Female,Single,1,Salaried,Teacher,Graduate,tier1,1169751.28,80,632,3,28402.02,1015192.65,0.43,16626.91,0.15,0,0,121,4,0,137927.8164309176,5413.1874208718655,13077.26297642599,5664.064640703296,640,0.2913617189282946,1.414930546606841,1.1522444806466234,1.0256399128467146,32,8942.273637031036,0,1,0,1
CUST_006964,26,Female,Single,0,Salaried,Junior Software Engineer,Graduate,tier2,895122.84,26,726,3,10724.85,734314.1,0.15,12846.91,0.16,0,0,159,2,0,78810.05461307753,2543.7048666311434,16537.86861863357,3587.8477686226597,733,0.1437752104476237,1.0565119500397622,1.2189901038396187,1.756667636406126,0,10045.557822241206,1,1,1,1
CUST_006967,41,Female,Married,2,Salaried,Govt. Employee,Graduate,tier3,1552313.25,240,801,0,26111.92,1108061.54,0.15,44358.44,0.33,0,1,109,4,0,240814.98296281535,17565.72975637604,3979.082056684708,6443.822902991847,807,0.2018539864632105,1.8615813893085773,1.400925664358259,0.6976833871184284,82,11503.99275399846,1,1,0,1
CUST_006973,28,Female,Single,0,Salaried,Junior Software Engineer,Graduate,tier1,836851.85,46,758,2,10788.12,544270.4,0.61,13289.02,0.15,0,0,167,2,0,55637.81708524289,2577.792055764134,20146.71720339785,3366.8111847370656,768,0.1546935502113038,0.7978045712249546,1.5375635206994156,1.972009626004832,0,10473.525909169331,1,1,1,1
CUST_006983,26,Female,Single,0,Salaried,Analyst,Graduate,tier2,932955.65,75,772,2,17796.51,509611.12,0.34,10511.97,0.18,0,0,169,3,0,60265.68673691354,4368.725811730695,14879.068421827258,4659.58669597307,778,0.2289019560324519,0.775148249612902,1.830717154058267,1.7922369943909875,0,10694.476704236022,1,1,1,1
CUST_006987,37,Female,Single,0,Salaried,Architect,Post-Graduate,tier1,1665260.76,144,768,1,30811.24,535770.37,0.46,36268.85,0.22,0,1,181,4,0,193822.91858074325,4776.573916554476,17001.786168989132,14277.041607955482,778,0.2220266186303317,1.3966931297002172,3.1081555552324494,1.0804288163473728,0,11145.233462392984,1,1,0,0
CUST_006989,23,Female,Single,0,Salaried,Analyst,Graduate,tier1,1048597.55,40,695,0,10362.07,425636.39,0.67,15833.46,0.16,0,0,153,4,0,112164.3874417652,3430.3799702046663,14484.368746618533,6079.073155312666,703,0.1185806862048891,1.2835784771378274,2.463593600176902,1.445308464959134,0,9745.664476775424,0,1,1,1
CUST_006990,37,Female,Married,2,Self-Employed,Business Owner,Graduate,tier2,3224044.91,163,785,2,67758.76,2702263.43,0.38,88309.48,0.38,1,1,128,4,0,523662.19032516034,26496.07471852344,1400.2034953960365,14548.70201624112,794,0.2521993695204343,1.949080447187864,1.193090089262656,0.3957891852528418,74,11899.001212329877,1,0,0,0
CUST_006993,36,Male,Single,0,Salaried,HR Manager,Post-Graduate,tier2,1835477.05,84,734,3,20392.19,1236807.98,0.68,35561.09,0.27,0,1,172,4,0,229442.99031831147,11298.816317681943,19023.10232647607,19708.650104986194,742,0.1333193897288572,1.5000448429914293,1.4840424670914016,0.9320083389820534,0,10701.729118253825,1,1,0,0
CUST_006997,26,Female,Single,0,Salaried,Analyst,Graduate,tier2,881486.11,60,748,1,11925.07,498929.36,0.25,9198.75,0.17,0,0,162,2,0,61941.53672792994,4293.7232272496885,18189.614701360013,1492.9923670576368,756,0.1623382266809398,0.8432218201070895,1.7667517967838238,1.817190399074193,0,10349.160437380797,1,1,1,1
CUST_007004,30,Male,Married,1,Salaried,Data Scientist,Post-Graduate,tier1,2139400.81,67,761,1,36619.15,1828642.14,0.43,47768.44,0.22,1,1,151,4,0,300621.2912208254,19823.059200713837,3985.201581444968,18529.0989836964,768,0.2053973865847797,1.686189536581257,1.1699389362541237,0.7025213691996329,30,11194.396277671993,1,1,0,0
CUST_007005,55,Male,Married,2,Salaried,Govt. Employee,Graduate,tier3,1368453.24,420,719,2,24841.58,848012.34,0.34,40587.73,0.4,0,1,110,4,0,183458.5441266424,14257.762489360965,5306.695215245005,1920.4416095597824,726,0.2178345136482969,1.6087383626344127,1.613716642712248,0.7979958754349912,110,10257.793659772704,1,1,0,1
CUST_007006,46,Female,Married,2,Self-Employed,Trader,Graduate,tier2,3110383.65,294,750,0,72460.71,2156658.46,0.69,67676.22,0.4,1,1,126,4,0,447467.83798274485,28263.99623043804,6107.248067024962,12793.321005127316,757,0.27955559930133,1.7263443818772504,1.4422228950323015,0.4037965011129321,92,11317.344517341877,1,1,0,0
CUST_007010,32,Male,Married,1,Salaried,Product Manager,Post-Graduate,tier1,2381344.03,48,684,0,68576.87,1829929.9,0.67,45533.93,0.28,1,1,153,4,0,291088.9108339997,13232.929580235208,3135.9861219469685,19145.74564839575,693,0.3455688396161409,1.466839433500415,1.301330028363366,0.6398075646187973,32,10175.44098509798,0,1,0,1
CUST_007011,32,Male,Married,1,Salaried,Data Scientist,Post-Graduate,tier1,2057826.71,102,721,2,44612.33,666978.98,0.18,45076.07,0.24,1,1,147,4,0,271084.4698518203,19358.938035021456,2599.225300302709,13624.222839481708,726,0.260150592657478,1.5807913527984143,3.0852900712252262,0.7108912912726618,32,10553.979230610772,1,1,0,1
CUST_007015,37,Male,Married,3,Self-Employed,Business Owner,Graduate,tier2,2922317.17,199,738,1,38296.21,2504633.64,0.72,75135.08,0.39,1,1,132,4,0,515751.5396152248,31003.59446444264,3479.712320328279,13127.116634438518,745,0.1572562477621232,2.117837558793111,1.166763855825295,0.4501559427147507,111,11091.47637606923,1,1,0,0
CUST_007023,27,Female,Single,0,Salaried,Analyst,Graduate,tier1,866274.94,47,758,3,16710.01,332924.14,0.48,10302.96,0.15,0,0,170,3,2,44287.5179680207,3515.926331824866,19446.38667321776,3564.365046866399,765,0.2314707872659375,0.6134805814067201,2.602011190864108,1.940030374484976,0,10459.048462265944,0,1,1,1
CUST_007025,39,Female,Married,2,Salaried,Sales Rep,Under-Graduate,tier3,554579.65,231,661,1,22861.18,355625.23,0.51,3001.11,0.03,0,0,214,0,129,6428.276657593046,4321.0123363776165,27287.72455539712,0.0,667,0.4946597374843274,0.1390921047785637,1.559445291760397,3.790430632772541,78,8821.720336870065,0,1,0,0
CUST_007030,39,Male,Married,1,Salaried,Sales Rep,Under-Graduate,tier1,617842.66,245,591,3,21751.26,538929.19,0.41,4851.57,0.06,0,0,218,1,92,12205.729383888853,1697.1652556634538,31488.33162967466,0.0,598,0.4224539149708767,0.2370602053995453,1.1464242892015386,3.4722075113532425,39,7973.726454799451,0,1,0,0
CUST_007032,41,Female,Married,2,Salaried,Govt. Employee,Graduate,tier2,1556106.04,71,821,1,37169.65,1380126.14,0.62,47601.41,0.33,0,1,100,4,0,228212.92351403175,19054.42877911848,2632.133652193673,2932.7398887429927,830,0.2866336540896345,1.7598633341262344,1.1275091945514528,0.6385263669629931,82,11833.889151696412,1,1,0,1
CUST_007036,28,Female,Married,0,Salaried,Software Engineer,Post-Graduate,tier1,2182877.11,83,772,3,59707.33,1484483.51,0.15,48082.08,0.27,1,1,151,4,0,284764.3119202883,10890.28996862614,4690.630173483014,13949.70372237182,783,0.3282292062925726,1.5654353340209115,1.4704613590073767,0.6885930785241313,0,11428.789206808706,1,1,0,1
CUST_007037,27,Male,Married,0,Salaried,Software Engineer,Post-Graduate,tier1,2512952.51,72,755,2,46859.04,1349173.59,0.37,60047.62,0.21,1,1,143,4,0,366556.8652351593,14792.979542585352,4325.189709255895,17433.353327322464,763,0.2237630009347008,1.7503957438785764,1.86258511583738,0.5667962414401531,0,11244.307588530375,1,1,0,1
CUST_007042,33,Female,Single,0,Salaried,Gig Worker,Under-Graduate,tier2,747469.0,61,632,1,39693.53,480433.56,0.43,4911.51,0.03,0,0,212,1,121,9444.858048256676,2890.4334396080462,26504.17431839173,0.0,639,0.6372367458169504,0.1516269933002713,1.555818548940359,2.798794406107709,0,8642.123198334231,0,1,0,0
CUST_007057,29,Female,Single,1,Salaried,Sales Rep,Under-Graduate,tier2,604433.95,83,640,1,27883.43,224680.21,0.36,4058.42,0.05,0,0,208,1,116,8050.120755726386,4920.580794927934,26560.36251547596,0.0,646,0.5535667167593729,0.1598181757503986,2.6901846843356414,3.385229608487617,29,8599.58386953916,0,1,0,0
CUST_007058,38,Male,Married,3,Self-Employed,Trader,Graduate,tier2,3445122.71,175,767,2,83862.2,1375458.17,0.19,101190.07,0.29,1,1,123,8,0,607350.0126445537,19811.86061737496,1404.3096875583478,11935.834537298617,774,0.2921065458134146,2.1155051297644745,2.5047073625602425,0.3559931450307303,114,11650.612067772938,1,0,0,0
CUST_007063,55,Male,Married,1,Self-Employed,CXO,Post-Graduate,tier1,9064320.02,95,841,1,119328.93,6616799.66,0.68,382575.37,0.43,1,1,127,8,0,2007654.49772198,16697.0004655931,5088.549317503557,39664.90285117191,846,0.1579760270078897,2.657874173133362,1.3698946795837128,0.1399553902882962,55,13552.79859739026,1,1,0,0
CUST_007075,42,Female,Single,1,Self-Employed,Sales Rep,Under-Graduate,tier1,584408.14,155,649,1,24781.81,383555.75,0.75,1847.15,0.09,0,0,211,0,118,7759.349453096861,2785.1024767539748,32449.912363811505,0.0,661,0.5088491987972898,0.1593240668214519,1.5236549480617927,3.54974950376689,42,8776.993711746649,0,1,0,0
CUST_007080,56,Male,Married,1,Self-Employed,CXO,Post-Graduate,tier1,9355508.38,264,845,2,145380.99,7440033.12,0.45,418715.63,0.43,1,1,123,8,0,2059536.2302442563,16382.137166133409,7334.247169896039,37314.74309321964,851,0.1864751300985354,2.6416953583645637,1.257455037047599,0.1313329666787399,56,13659.80604726573,1,1,0,0
CUST_007082,37,Female,Single,2,Salaried,Sales Rep,Under-Graduate,tier1,638776.37,109,599,2,33567.23,573590.13,0.54,1700.12,0.03,0,0,196,1,112,7270.479585940151,3718.854092273159,28625.759917078096,0.0,604,0.630579357604773,0.1365800617680027,1.1136440865115889,3.021071806298988,74,8073.856006413856,0,0,0,0
CUST_007085,25,Female,Single,0,Salaried,Junior Software Engineer,Graduate,tier1,974072.98,46,774,2,9399.87,534683.11,0.54,9867.34,0.11,0,0,166,4,0,90130.8487656412,1849.3095447815451,17613.151713246956,1882.5353577743745,783,0.1157993833351172,1.1103447926973418,1.821772822087419,1.6868667606339522,0,10796.976904564954,1,1,1,1
CUST_007089,50,Female,Married,1,Salaried,Govt. Employee,Graduate,tier3,1471066.14,83,841,2,34966.72,1166544.67,0.76,46259.83,0.33,0,1,106,4,0,204149.31703696903,11566.178826897303,1112.4690083928165,3313.780251666008,849,0.2852334139096106,1.6653036557552467,1.2610446190246456,0.7157006506137532,50,12057.072346176834,1,1,0,1
CUST_007099,26,Male,Single,0,Salaried,Analyst,Graduate,tier2,1068163.36,36,716,0,13492.13,437590.28,0.21,14773.12,0.16,0,0,165,4,0,77519.33597448106,4074.7438303629992,18476.94508275342,3063.002250148081,724,0.1515720789515309,0.8708607842197115,2.4410069597364923,1.5303803312329218,0,10050.171379617932,0,1,1,1
CUST_007102,27,Female,Married,1,Salaried,Software Engineer,Post-Graduate,tier1,2359383.55,103,724,1,55314.28,817781.3,0.61,46646.37,0.27,1,1,158,4,0,296209.4746231567,21019.303212930805,4600.033287678902,17421.636602755443,730,0.2813311061809878,1.5065357292370416,2.8850997997877914,0.6668401154384651,27,10711.955292138222,1,1,0,1
CUST_007103,45,Male,Married,1,Self-Employed,Investor,Post-Graduate,tier1,9231624.52,38,813,0,111799.39,4683743.56,0.73,344116.8,0.58,1,1,125,8,0,2005110.2039100155,21683.26675526829,1940.1588016445469,50764.37634155515,819,0.1453255527439245,2.606398377448269,1.97099231218536,0.1352576051207066,45,13135.241331288593,1,1,0,0
CUST_007107,49,Male,Married,2,Salaried,Govt. Employee,Graduate,tier2,1315601.42,108,812,3,28381.77,454833.43,0.5,27675.01,0.34,0,1,110,4,0,169665.77638328628,15865.023517191868,4527.999947897621,3925.387791634017,821,0.2588763802667808,1.5475589452404914,2.892484238715173,0.8298120260009982,98,11567.73009609615,1,1,0,1
CUST_007115,43,Female,Married,1,Self-Employed,Trader,Graduate,tier2,2671995.77,18,738,0,49184.81,2317686.43,0.26,77327.72,0.29,1,1,119,4,0,442173.4641970186,26816.59413590448,4792.825377710222,15950.98525075492,747,0.2208892229381503,1.9858031963598008,1.1528714939788065,0.4436994320837427,43,11054.357443789788,0,1,0,0
CUST_007116,29,Male,Single,0,Salaried,HR Manager,Post-Graduate,tier1,1766758.58,116,784,2,26703.24,1186540.18,0.12,31940.47,0.32,0,1,166,4,0,223898.0116775369,7334.960982514259,19295.88316926948,17638.154002583593,790,0.1813698301451227,1.5207272356382813,1.4889989574571698,0.9342856247808298,0,11363.879567930067,1,1,0,0
CUST_007118,50,Female,Married,1,Self-Employed,Trader,Graduate,tier2,2631033.94,307,772,2,54305.61,2050934.92,0.15,76779.32,0.38,1,1,134,4,0,428298.9608153834,19142.18288520548,3491.187339749658,19890.41065339593,781,0.2476837481598668,1.953438916305886,1.282845511818819,0.5073770464305355,50,11545.435403083638,1,1,0,0
CUST_007122,54,Male,Married,1,Self-Employed,Investor,Post-Graduate,tier1,10865540.63,158,836,0,130968.87,9436415.22,0.47,375915.89,0.58,1,1,119,8,0,2331164.275227342,19685.328454349845,4111.255252623465,41723.57830257629,843,0.1446430286169439,2.574555777815794,1.1514477929630789,0.109419847756111,54,13657.533218979108,1,1,0,0
CUST_007123,29,Female,Married,1,Salaried,Product Manager,Post-Graduate,tier1,1962070.89,79,781,1,44601.35,1489082.63,0.62,47955.82,0.25,1,1,151,4,0,245499.78801245365,15010.629562342772,2738.578698291598,12260.742025318395,789,0.2727796071857086,1.5014643220039718,1.3176364647833785,0.7656925558086809,29,11432.224620539107,1,1,0,1
CUST_007124,31,Male,Married,0,Self-Employed,Sales Rep,Under-Graduate,tier3,720739.03,69,625,1,30867.02,535048.12,0.4,3824.75,0.04,0,0,216,1,99,12693.754539453965,3340.8132539710914,28806.843629129056,0.0,634,0.5139142707850171,0.2113421252737544,1.3470520800034211,2.955911633733318,0,8551.413418163285,0,1,0,0
CUST_007129,31,Male,Single,0,Salaried,HR Manager,Post-Graduate,tier2,2072508.09,120,775,3,33988.39,932023.21,0.63,38942.1,0.25,0,1,173,4,0,279287.1525179988,9822.082917480438,16209.138774312,23258.10373808261,783,0.1967945603846957,1.61708725835125,2.2236633638518897,0.8307290657391876,0,11388.163842207548,1,1,0,0
CUST_007130,33,Female,Married,1,Salaried,Software Engineer,Post-Graduate,tier1,2638618.16,103,709,2,56583.12,1400243.85,0.67,56681.06,0.22,1,1,160,4,0,338805.8810717108,13332.116578658934,4797.0581912738735,19678.353188680696,719,0.2573295228308919,1.5408262341928696,1.8843976894469563,0.6040885863291067,33,10630.965964546182,0,0,0,1
CUST_007138,37,Female,Married,1,Self-Employed,Business Owner,Graduate,tier2,2760709.34,51,717,3,48018.03,1368263.35,0.38,62196.47,0.28,1,1,134,4,0,430767.1213385802,32284.944362226383,5301.211152119176,16170.935499588668,728,0.2087194935798917,1.8724111634037512,2.017672491430475,0.4836306647740972,37,10796.96696197733,1,1,0,0
CUST_007155,32,Male,Single,1,Salaried,Analyst,Graduate,tier2,1065913.0,68,673,3,19272.49,615662.23,0.37,15621.15,0.2,0,0,134,4,0,113741.75844113968,4898.037572878677,20009.116844336,1806.817101292503,683,0.2169663719304829,1.2804851197726632,1.7313247698745953,1.2454538610463857,32,9479.591409036411,0,1,0,1
CUST_007157,34,Female,Single,1,Salaried,Analyst,Graduate,tier1,1226792.85,59,654,3,17874.6,423215.72,0.44,11502.99,0.15,0,0,126,4,0,140835.07942965414,9996.743776537322,16716.485054067383,1047.2807143900832,661,0.1748405217015566,1.377579289123164,2.8987343647481607,1.0187639749049324,34,9267.16361548879,1,1,0,1
CUST_007162,49,Female,Married,2,Salaried,Govt. Employee,Graduate,tier3,1324413.51,366,775,2,23236.59,984463.15,0.75,30645.59,0.31,0,1,118,4,0,170970.43464292842,19207.90824933466,1797.9023034194693,3348.0707900252573,781,0.2105358722666101,1.549083130930588,1.3453141081876876,0.8842836131058056,98,11009.351692630324,1,1,0,1
CUST_007163,28,Male,Married,0,Salaried,Software Engineer,Post-Graduate,tier1,1937810.32,59,782,1,51244.85,1564830.41,0.61,36319.4,0.28,1,1,149,4,0,233155.15949623933,9188.91341596714,2539.1524970436544,19914.961863092063,788,0.3173346666788315,1.4438175704132008,1.2383508585119722,0.7649615492333975,0,11407.93093037058,1,0,0,0
CUST_007171,26,Male,Single,0,Salaried,Consultant,Graduate,tier1,839400.39,53,673,1,12912.73,401640.27,0.7,12226.65,0.13,0,0,158,1,0,52101.56581191263,2593.5055330690784,19956.640419342733,6100.635526148612,681,0.1845967034153498,0.7448291175961217,2.089925644344268,1.860135712911552,0,9289.14255864681,0,0,0,1
CUST_007176,32,Female,Single,0,Salaried,Teacher,Graduate,tier2,1014803.97,60,784,2,13663.93,385950.82,0.29,8552.41,0.1,0,0,132,4,0,110086.20793592196,6200.825383682388,15514.869125287143,3423.388614490432,790,0.161573294909815,1.3017478383110817,2.6293540214423654,1.2880512162730986,0,10925.863533327498,1,1,1,1
CUST_007179,27,Male,Married,1,Salaried,Data Scientist,Post-Graduate,tier1,2427233.47,52,727,1,43280.73,1092571.68,0.18,49623.52,0.21,1,1,153,4,0,352389.1125718359,22166.811160154422,2842.2204572307564,25064.04107042064,737,0.2139745511606619,1.7421679855321888,2.2215762067197216,0.6277609506158636,27,10835.567896611185,1,0,0,0
CUST_007180,55,Female,Married,1,Salaried,Govt. Employee,Graduate,tier3,1343353.32,207,748,2,27880.96,520320.87,0.46,44584.62,0.28,0,1,109,4,0,180004.62881515504,8960.660802184506,4138.360535557077,4226.725227384426,755,0.2490547545175574,1.607943508458191,2.5817737009593698,0.8054068245829552,55,10653.563602310936,1,1,0,1
CUST_007185,40,Female,Married,1,Self-Employed,Business Owner,Graduate,tier2,3255757.3,191,751,1,73451.39,1188743.77,0.41,98288.57,0.36,1,1,115,4,0,548197.1814721443,24371.703031850884,1524.7440042809503,20377.626247610915,760,0.2707245504157803,2.020525894652834,2.73881945238758,0.3521388438755078,40,11396.911186083493,1,0,0,0
CUST_007191,41,Male,Married,2,Self-Employed,Business Owner,Graduate,tier2,3301000.86,90,722,1,46213.6,2150559.92,0.49,78452.75,0.36,1,1,133,4,0,617602.2087014396,32017.613588728636,9388.389649022962,15273.888685054197,728,0.1679978914108199,2.2451371196467487,1.5349487797816024,0.4016912275885063,82,10927.088226090977,1,1,0,0
CUST_007193,34,Male,Single,0,Salaried,Architect,Post-Graduate,tier1,1900816.14,38,737,2,24916.94,1499753.86,0.45,53456.1,0.3,0,1,173,4,0,255649.456497915,7042.184185406869,21247.86684297865,22790.552425786456,743,0.1573015854026656,1.6139246959880234,1.267417889881017,0.9053722981427192,0,10742.141258046717,1,1,0,0
CUST_007194,39,Female,Married,2,Self-Employed,Business Owner,Graduate,tier2,2980882.59,172,759,0,70444.83,2125854.86,0.69,92140.03,0.33,1,1,127,4,0,449022.6096120757,25903.923379974083,6362.490109458602,10107.963178211508,765,0.2835853246323614,1.8076020981825156,1.4022035294528388,0.4246238231638508,78,11404.413695751333,1,1,0,0
CUST_007213,43,Male,Married,2,Self-Employed,Sales Rep,Under-Graduate,tier1,530418.52,272,604,1,25386.41,425679.89,0.74,3609.45,0.04,0,0,205,0,137,5356.564303779658,3009.0930519307926,29191.548963244717,0.0,613,0.5743201201921789,0.1211822646354434,1.2460472914346707,3.793356304665503,86,8080.2126175085905,0,1,0,0
CUST_007217,46,Female,Married,1,Self-Employed,Business Owner,Graduate,tier2,2627324.05,260,755,0,40888.72,2207075.38,0.57,82439.29,0.27,1,1,129,4,0,456813.3828783647,26893.89948296612,3995.5499429714782,22273.07335207468,763,0.1867536663229662,2.0864329839117373,1.190409210033773,0.4891321565129625,46,11278.266794822215,1,1,0,0
CUST_007227,36,Female,Married,3,Self-Employed,Trader,Graduate,tier2,3700297.58,34,726,0,60887.95,2766049.48,0.31,101955.91,0.34,1,1,124,4,0,643277.5536862646,17695.835930461828,6205.464629351651,16178.60510325216,734,0.1974579110756457,2.086131032375722,1.3377548988187664,0.334204999265854,108,11100.960268595429,1,1,0,0
CUST_007228,31,Male,Married,2,Self-Employed,Sales Rep,Under-Graduate,tier3,517623.21,93,585,1,20307.62,207791.12,0.69,1600.82,0.09,0,0,213,0,134,6302.55246854964,4046.448377522644,32525.93009046099,0.0,596,0.4707783305544458,0.1461079697855091,2.491062750599012,4.036971762481791,62,7841.574857608601,0,1,0,0
CUST_007232,27,Male,Married,0,Salaried,Product Manager,Post-Graduate,tier1,2556749.44,39,739,1,71608.59,1016106.04,0.66,51607.13,0.23,1,1,141,4,0,329121.0295443245,20033.998411082404,1278.939151980714,17351.5800967867,746,0.3360904410385663,1.5447089793922637,2.5162205745567907,0.5493329337202466,0,11006.668747468246,1,1,0,1
CUST_007233,37,Female,Single,0,Salaried,HR Manager,Post-Graduate,tier2,2090497.37,158,751,1,34643.89,1570991.94,0.16,46708.73,0.22,0,1,176,4,0,273931.2160051822,8777.381992666242,23736.87085586201,24861.654847401263,760,0.1988638204477409,1.5724275811603687,1.3306854007886249,0.8378967882259237,0,11060.213918046118,1,1,0,0
CUST_007240,30,Female,Single,0,Salaried,Architect,Post-Graduate,tier2,1896587.25,115,787,0,38737.66,582206.99,0.39,54914.33,0.26,0,1,179,4,0,234027.0044326944,8828.529499913886,11912.71951667019,14231.34079961087,797,0.2450975977133809,1.480715577206061,3.2575768154607427,0.9388502938955456,0,11521.087036176234,1,1,0,1
CUST_007246,35,Male,Married,3,Self-Employed,Business Owner,Graduate,tier2,3571018.44,144,756,0,74274.34,1214445.46,0.67,99007.47,0.37,1,1,130,4,0,579019.2048611735,27753.01354934596,3801.889988770915,13414.87014846856,762,0.2495896058505734,1.9457214311323767,2.9404494620536834,0.3630252180438367,105,11497.331592856252,1,1,0,0
CUST_007254,27,Male,Married,0,Salaried,Product Manager,Post-Graduate,tier1,2610252.42,12,741,1,43546.97,1029473.4,0.41,48629.15,0.27,1,1,149,4,0,390876.14476191165,24979.157868788134,3417.216238767917,11666.602288125849,750,0.2001956721304119,1.7969496504660396,2.535519503933269,0.5686475045789673,0,11081.21840277812,1,1,0,1
CUST_007261,48,Female,Married,2,Self-Employed,Business Owner,Graduate,tier2,2583770.14,322,747,1,33915.83,999923.87,0.74,83712.06,0.34,1,1,125,4,0,464041.9696452378,20105.34095882115,4725.4084798831145,14791.20882209224,755,0.1575171349392484,2.1551753723875704,2.5839642732358485,0.4819239687908505,96,11147.394231747345,1,1,0,0
CUST_007264,55,Female,Married,2,Salaried,Govt. Employee,Graduate,tier2,1336642.44,344,737,3,28331.08,922157.42,0.68,40453.25,0.31,0,1,103,4,0,188405.5578027467,15520.009663977398,2796.5476165122086,4844.102050483245,746,0.2543461868873155,1.6914369383555563,1.449471599467692,0.7648652451500043,110,10522.83141189318,1,1,0,1
CUST_007265,47,Male,Married,2,Self-Employed,Trader,Graduate,tier2,3290631.94,93,675,2,77832.85,1339964.75,0.73,82941.46,0.26,1,1,121,8,0,501672.51005238265,28803.955566302546,6999.7377863783695,17574.221562908948,682,0.2838332609148835,1.8294504754679088,2.455758246059647,0.3665964645546028,94,10234.494712282023,0,0,0,0
CUST_007266,36,Male,Single,0,Salaried,Architect,Post-Graduate,tier1,1530700.56,92,733,2,27521.88,472243.22,0.26,34437.42,0.24,0,1,179,4,0,171086.97918040454,12693.293011541302,18338.29457359533,11509.454602864813,740,0.2157573986326995,1.3412340133701224,3.2413325461135347,1.1618091447957934,0,10538.515175923429,1,1,0,1
CUST_007267,49,Female,Married,1,Self-Employed,Trader,Graduate,tier2,3065206.49,38,748,2,54933.95,2232219.06,0.78,92004.6,0.32,1,1,129,4,0,544454.2356986424,31062.75906020623,1981.702961504548,11692.780598772468,755,0.2150604931265438,2.131479648089853,1.3731650140264398,0.419484026258022,49,11276.3974953347,1,1,0,0
CUST_007270,45,Female,Married,2,Salaried,Sales Rep,Under-Graduate,tier2,521148.91,233,653,1,21559.03,250520.51,0.59,3711.05,0.05,0,0,214,0,124,7460.035317248179,3826.47113083402,25413.291978391957,0.0,660,0.4964078368809357,0.1717711787075092,2.080256142476548,4.02900196105081,90,8688.103389551818,0,1,0,0
CUST_007275,30,Male,Married,0,Salaried,Product Manager,Post-Graduate,tier1,2030451.25,108,685,1,58982.66,1670215.36,0.1,34530.83,0.21,1,1,137,4,0,234734.2127500729,15126.87719168991,4340.893541337706,11882.82208813756,694,0.3485864223349031,1.3872748265701804,1.215681571937183,0.6714201086646887,0,10079.495761962948,1,0,0,1
CUST_007280,51,Female,Married,1,Self-Employed,CXO,Post-Graduate,tier1,10924584.69,303,821,2,160295.26,9545186.71,0.28,393528.42,0.55,1,1,119,8,0,2506180.316456674,18840.18945498328,3921.234459277614,44106.417775613205,828,0.1760745201478005,2.752885497824276,1.1445122947718331,0.1088290075697424,51,13419.00383859497,1,1,0,0
CUST_007283,31,Male,Single,1,Self-Employed,Gig Worker,Under-Graduate,tier2,605457.1,34,598,3,21185.26,212524.39,0.52,4118.65,0.06,0,0,208,1,97,11302.206322980115,5113.38679112164,29728.126989565026,0.0,608,0.4198779425737828,0.2240023080876652,2.848869492722728,3.379601925138243,31,8094.754309467678,0,1,0,0
CUST_007296,29,Female,Single,0,Salaried,Architect,Post-Graduate,tier1,1696399.27,111,800,3,33777.35,516679.26,0.41,33039.25,0.33,0,1,173,4,0,193576.2074604705,6074.521311200075,15882.182650267549,16391.24285171496,808,0.2389327441806019,1.3693109274885011,3.2832670441096394,1.0138307197002023,0,11589.967413200451,1,1,0,0
CUST_007297,32,Female,Single,0,Salaried,Architect,Post-Graduate,tier1,2146170.11,24,754,0,39938.77,1811585.06,0.3,54795.2,0.28,0,1,176,4,0,277251.37647362234,8711.698956891745,12616.896440190514,20607.24160012658,759,0.2233106117914662,1.5502023347326608,1.1846912257648967,0.8162621269246702,0,11065.609713438247,1,1,0,0
CUST_007300,36,Male,Single,0,Salaried,HR Manager,Post-Graduate,tier1,1879947.79,198,792,2,15799.93,1226801.31,0.52,47623.87,0.29,0,1,173,4,0,262326.92408816214,10410.075251914795,23349.89439424444,15769.584094389076,799,0.1008527740904501,1.674462988944006,1.53239668255923,0.9153692018127124,0,11542.957320963673,1,1,0,0
CUST_007312,44,Female,Married,0,Self-Employed,Gig Worker,Under-Graduate,tier1,644231.32,132,666,2,34014.68,372686.46,0.29,1102.06,0.06,0,0,210,1,139,6182.765916753111,6023.907676082702,26676.78868921913,0.0,673,0.6335745320572358,0.1151633066230897,1.7286101335419226,3.209873840952769,0,9001.923283257474,0,0,0,0
CUST_007315,41,Female,Married,1,Self-Employed,Business Owner,Graduate,tier2,3422335.24,131,758,3,53941.14,2551268.55,0.65,97733.38,0.34,1,1,126,4,0,603016.9035257146,23427.429246983884,6045.357058573924,15667.96699864749,763,0.1891373477344747,2.114397615102486,1.3414244057434077,0.3670970088574448,41,11479.971332031942,1,1,0,0
CUST_007322,30,Male,Single,0,Salaried,Architect,Post-Graduate,tier2,2123863.11,32,785,3,42070.25,1572168.78,0.66,39503.81,0.34,0,1,165,4,0,275377.4265202474,8178.835869862017,15919.412524599487,18865.81028728968,794,0.2376990048157775,1.555896155420819,1.3509120560757757,0.7732454777757511,0,11567.585658677886,1,1,0,0
CUST_007324,42,Female,Married,0,Self-Employed,Gig Worker,Under-Graduate,tier3,738548.62,193,616,3,38813.19,495849.67,0.32,4732.91,0.05,0,0,216,1,125,8480.899422385717,4494.340676706753,37348.00011343582,0.0,624,0.6306297240705848,0.1377961271054888,1.4894577433968177,2.885584105411884,0,8431.764787022876,0,1,0,0
CUST_007327,44,Female,Single,1,Salaried,Gig Worker,Under-Graduate,tier3,721565.79,242,614,0,27608.79,523866.72,0.38,3895.07,0.08,0,0,205,1,99,11367.77453856688,5342.445597688134,26167.899901152407,0.0,624,0.4591403513126422,0.1890486325290064,1.3773816603932,2.8022086708018423,44,8417.24845974118,0,1,0,0
CUST_007330,28,Female,Single,2,Self-Employed,Sales Rep,Under-Graduate,tier3,556622.17,76,634,3,27721.01,196008.57,0.25,2375.19,0.1,0,0,206,0,121,6565.399447340464,2862.259401359902,24421.831900016987,0.0,642,0.5976135457153123,0.1415378315134436,2.839770374477124,3.6355795961884088,56,8493.43129067621,0,1,0,0
CUST_007332,30,Female,Single,0,Salaried,HR Manager,Post-Graduate,tier2,2022098.8,68,742,2,35697.2,819265.18,0.38,37343.52,0.24,0,1,179,4,0,256021.1430607609,7919.999669626975,23997.1597767401,14391.473744755898,751,0.2118412106794543,1.5193300568540211,2.4681829292648207,0.8808626824640613,0,10904.25492284697,1,1,0,1
CUST_007340,30,Female,Single,0,Salaried,Architect,Post-Graduate,tier1,2196034.01,72,734,2,28029.65,1394120.55,0.66,38827.46,0.32,0,1,171,4,0,298681.46807220025,9288.992591808876,22484.949770513005,19660.043312491296,743,0.1531642772821504,1.6321049743700058,1.5752098588534118,0.7751467077336673,0,10849.407869911818,1,1,0,0
CUST_007348,28,Male,Married,0,Salaried,Product Manager,Post-Graduate,tier1,2493432.1,54,826,1,66023.49,977340.16,0.23,52163.48,0.24,1,1,152,4,0,310540.205786604,14233.55644063703,2309.8645404355075,18273.575414942094,837,0.3177459963910962,1.494512136622292,2.551240244501725,0.6071664576003479,0,12328.316188813304,1,1,0,1
CUST_007352,45,Male,Married,3,Self-Employed,Trader,Graduate,tier2,2607652.71,163,730,2,61104.6,1505063.21,0.37,76265.56,0.3,1,1,116,4,0,382096.8998114204,31094.174462674408,3975.766432980216,7708.026359374176,738,0.2811922856447292,1.7583406256769278,1.7325856881547932,0.443145110720207,135,10903.183523018848,1,1,0,0
CUST_007353,26,Male,Single,0,Salaried,Analyst,Graduate,tier1,1034350.05,73,704,1,22287.22,775095.89,0.61,13429.61,0.15,0,0,119,4,0,96380.28515295444,3710.5700433747497,15464.157751373848,1293.863536757552,712,0.2585619222979033,1.1181417781476544,1.334478390179065,1.1394646842789924,0,9860.69076563908,1,1,1,1
CUST_007354,53,Male,Married,2,Salaried,Govt. Employee,Graduate,tier3,1488185.88,413,813,3,33576.53,495892.55,0.59,32996.82,0.31,0,1,107,4,0,186763.53365875667,11653.27213769083,4683.399141465618,4864.662624721735,821,0.2707424633611224,1.5059572614799588,3.0010188275286094,0.7141970928200179,106,11668.929712945295,1,1,0,1
CUST_007358,33,Male,Married,0,Salaried,Product Manager,Post-Graduate,tier1,2636904.63,66,769,0,76304.16,1565258.12,0.62,51397.73,0.23,1,1,148,8,0,330446.84852384,20152.695611400766,3457.267809165577,19329.119118966675,779,0.3472426505952902,1.5037874679739418,1.684644156553453,0.5591436817275884,0,11517.605892018686,1,1,0,1
CUST_007362,35,Male,Married,1,Self-Employed,Trader,Graduate,tier2,3534351.26,127,705,2,63570.32,2588984.2,0.49,115002.45,0.32,1,1,134,4,0,647949.5766666513,39270.40467507942,5465.561615908375,10756.016993915146,712,0.2158362861660122,2.199942209675362,1.3651492716142215,0.3780663658037099,35,10735.564910271332,1,1,0,0
CUST_007366,42,Female,Married,1,Salaried,Govt. Employee,Graduate,tier3,1423855.26,230,765,2,31988.68,437405.96,0.15,38552.55,0.25,0,1,99,4,0,200027.85318543296,12347.927091743644,730.3353003878055,5305.975732577555,771,0.2695926585179015,1.6857851189198605,3.255218572653713,0.6904462588504227,42,10924.206036557758,1,1,0,1
CUST_007375,44,Female,Married,3,Self-Employed,Trader,Graduate,tier2,3655273.08,195,715,0,85269.26,1466090.53,0.49,88652.02,0.32,1,1,130,8,0,572447.0926653802,34811.33647308626,2301.3993423633965,12887.36171994822,725,0.279931960874581,1.8792966790936487,2.493209329161052,0.3546802575485044,132,10955.969186130942,1,0,0,0
CUST_007381,31,Female,Married,0,Salaried,Data Scientist,Post-Graduate,tier1,2393503.65,110,746,3,50952.34,1757143.85,0.53,41333.48,0.2,1,1,142,4,0,316550.9988264875,17589.087704464666,6344.211930938214,13037.45983937403,753,0.2554518830908835,1.5870428864410602,1.3621550038973735,0.5908041787246714,0,11060.266730622569,1,1,0,1
CUST_007383,35,Male,Married,3,Self-Employed,Business Owner,Graduate,tier2,3423871.59,195,733,3,51461.26,2473048.2,0.13,100924.53,0.29,1,1,133,4,0,628451.4399535775,24350.935031931986,9149.866485082284,10546.991498852303,744,0.1803610151360315,2.2025916130644294,1.3844737055777134,0.3873179194799185,105,11194.434406687084,1,1,0,0
CUST_007386,31,Female,Married,2,Self-Employed,Gig Worker,Under-Graduate,tier2,533288.01,90,624,1,25681.29,275095.3,0.79,920.24,0.09,0,0,202,0,122,6418.291978540744,3322.824758165166,32304.81482902604,0.0,631,0.5778651307356998,0.1444205930963491,1.938550282210266,3.718101564582661,62,8320.882655757021,0,1,0,0
CUST_007390,47,Male,Married,2,Salaried,Govt. Employee,Graduate,tier3,1511786.0,275,730,0,37726.75,1159908.4,0.53,44593.65,0.35,0,1,103,4,0,208749.32948962797,12654.114920913264,3695.6181946146,6744.8997335458735,737,0.2994586578365628,1.656962076861813,1.3033655904504269,0.6768362962992169,94,10486.627776200488,1,1,0,1
CUST_007391,40,Female,Single,0,Self-Employed,Gig Worker,Under-Graduate,tier2,594156.14,109,628,3,20577.56,456467.35,0.13,1523.29,0.02,0,0,204,1,111,9803.480129661206,3086.234506751312,28307.12191314548,0.0,634,0.4155906440893987,0.1979940586446363,1.3016371014551174,3.3766105563373072,0,8428.966034987663,0,1,0,0
CUST_007396,49,Female,Married,1,Self-Employed,Business Owner,Graduate,tier2,3206220.58,160,764,1,53544.26,2207632.0,0.78,73736.51,0.36,1,1,128,4,0,516934.23655174766,20159.315806457864,3457.8558259705096,19942.05851521273,773,0.2004006583951561,1.9347351397137167,1.4523340519008368,0.3979826532917714,49,11580.00667859349,1,1,0,0
CUST_007398,34,Female,Single,1,Salaried,Analyst,Graduate,tier1,1162521.82,117,709,1,26149.56,689072.13,0.22,13928.77,0.14,0,0,118,4,0,108019.97529401728,1868.510994713928,15846.51147017645,2465.546476331004,718,0.2699230892052671,1.1150124677905775,1.6870804699640516,1.006377859987288,34,10027.661987285408,1,1,1,1
CUST_007399,23,Female,Single,0,Salaried,Junior Software Engineer,Graduate,tier2,873674.74,37,765,1,8817.0,301180.47,0.59,8186.3,0.11,0,0,167,2,0,58187.34133847673,2614.962148713716,21443.788099146645,3989.7062474344166,773,0.1211006132472606,0.7991973142017935,2.9008250075942588,1.8898356198345103,0,10574.999119514909,1,1,1,1
CUST_007405,31,Male,Married,1,Salaried,Data Scientist,Post-Graduate,tier1,1878228.33,74,721,1,48463.02,1375596.93,0.36,37964.53,0.2,1,1,153,4,0,223947.50499990975,9464.05600046971,4041.600370437465,13148.764598218197,730,0.3096282359137715,1.430791372688136,1.3653904887745798,0.8102833622880766,31,10545.46323302962,1,1,0,1
CUST_007412,30,Female,Married,2,Salaried,Gig Worker,Under-Graduate,tier3,635076.02,112,637,2,27576.94,209263.83,0.18,4215.22,0.09,0,0,212,1,111,9655.311674768716,3807.372639536823,27559.876767334263,0.0,645,0.5210667963788704,0.1824372944355407,3.034795765729005,3.2864343647435543,60,8618.168507398546,0,1,0,0
CUST_007420,25,Male,Single,0,Salaried,Junior Software Engineer,Graduate,tier2,897351.67,54,729,1,10159.26,558075.17,0.57,8412.73,0.19,0,0,164,2,0,60754.7056704825,3178.220103607576,18896.061068834875,5119.149651345013,736,0.1358547532908257,0.812442594255894,1.6079376225650344,1.8074579616963729,0,10088.502313192152,0,1,1,1
CUST_007422,35,Female,Single,0,Salaried,Teacher,Graduate,tier1,1122363.54,112,680,0,22404.18,532054.94,0.55,12187.84,0.13,0,0,124,4,0,119291.97210255371,3939.185760572696,17264.674786010455,3722.4508307063447,689,0.2395367240451444,1.275423077404774,2.10948408921062,1.09505468535308,0,9598.423319622623,0,1,0,1
CUST_007424,23,Female,Single,0,Salaried,Analyst,Graduate,tier1,876338.61,59,765,2,9624.97,589482.04,0.1,12660.82,0.17,0,0,171,3,0,63923.355271500506,1667.5279862689686,18589.747629525496,2785.39503917122,769,0.1317961540529994,0.8753120663178475,1.486622261430965,1.9292852423522429,0,10522.618403649383,1,1,1,1
CUST_007425,28,Male,Married,0,Salaried,Data Scientist,Post-Graduate,tier1,1882977.97,19,711,3,31820.92,911904.45,0.74,45446.39,0.3,1,1,148,4,0,254866.50227448923,18116.824030764477,8002.998470502996,18936.64579643427,717,0.2027897365804874,1.6242242794813562,2.064882899866428,0.781836885296663,0,10359.478163326865,0,1,0,0
CUST_007430,29,Male,Single,2,Salaried,Gig Worker,Under-Graduate,tier2,529470.44,24,563,2,28623.58,467292.22,0.11,2890.85,0.05,0,0,210,0,142,5081.729468328333,2766.4394040613283,30815.27929068486,0.0,572,0.648714544716535,0.1151704929439019,1.1330582540872305,3.892706336235958,58,7538.750936798141,0,1,0,0
CUST_007433,28,Male,Single,0,Salaried,Consultant,Graduate,tier1,1105818.96,53,774,0,10472.43,579916.48,0.28,14417.79,0.14,0,0,162,4,0,119784.38828345254,3493.8956230754507,16254.46872054502,1258.7859200951095,784,0.113642287606055,1.299848450075435,1.906855713333559,1.451848425303689,0,10910.22056779467,1,1,1,1
CUST_007436,33,Male,Single,0,Salaried,Architect,Post-Graduate,tier1,1757915.88,83,776,1,28017.39,1566935.02,0.4,32737.54,0.29,0,1,178,4,0,211292.81847765623,8952.761498495209,17093.036643375108,19889.17721220137,784,0.1912528288703175,1.442330968510423,1.121881083568428,1.0068352347171632,0,11273.637818884938,1,1,0,0
CUST_007441,29,Male,Single,0,Salaried,HR Manager,Post-Graduate,tier1,1997470.48,36,737,2,34801.71,655244.53,0.29,50979.75,0.31,0,1,154,4,0,275684.01070717274,10224.781899106762,23723.989223127315,15882.64876729485,744,0.209073433274869,1.656188808467583,3.048430532597452,0.7671345682751958,0,10793.500152932957,1,1,0,1
CUST_007447,55,Female,Married,1,Salaried,Govt. Employee,Graduate,tier3,1484264.55,232,769,0,26396.39,553855.93,0.37,41971.62,0.38,0,1,109,4,0,205713.03670449412,19220.116817035552,2157.0405459395256,6067.5982870716325,776,0.2134081280203476,1.66313780302864,2.679869962085696,0.7294558383252818,55,11027.294167909817,1,1,0,1
CUST_007450,51,Female,Married,1,Self-Employed,Surgeon,Post-Graduate,tier1,11236656.73,189,814,3,184355.91,3489306.39,0.45,398711.75,0.48,1,1,119,8,0,2423099.419363892,11576.4189498104,6123.3590141184295,37734.40518370227,822,0.1968796066839286,2.587705816647911,3.220311504283949,0.1058092221153797,51,13344.916826654118,1,1,0,0
CUST_007452,34,Female,Single,0,Salaried,HR Manager,Post-Graduate,tier1,1716148.62,109,752,1,18409.2,1349989.98,0.43,44388.15,0.32,0,1,175,4,0,209880.00538592236,8773.65031859024,21383.88124774969,17304.45900021801,759,0.1287236156252088,1.4675549801574328,1.2712296936976573,1.0138176862198574,0,10895.895653495823,1,1,0,0
CUST_007462,35,Male,Single,0,Salaried,HR Manager,Post-Graduate,tier2,1741517.46,35,760,1,22850.56,1267301.94,0.17,42945.91,0.21,0,1,175,4,0,233418.0938200956,4411.275237494469,13617.185221632551,17197.160025092908,771,0.1574516689485115,1.608366203487105,1.3741919197315209,0.9991336312456742,0,11079.476603936651,1,1,0,0
CUST_007469,38,Female,Single,0,Salaried,Architect,Post-Graduate,tier2,2247687.14,213,768,1,38258.46,1114195.87,0.48,46971.19,0.24,0,1,163,4,0,301708.9524658879,7110.062442281742,22791.83281622789,19364.35544828276,780,0.204253991039032,1.610761585107273,2.017315970381428,0.7219778024691232,0,11407.82194703902,1,1,0,0
CUST_007473,45,Male,Married,1,Salaried,Sales Rep,Under-Graduate,tier1,526050.89,128,619,2,24207.77,407650.92,0.39,3716.32,0.08,0,0,209,0,132,6108.13711344848,2194.394215863804,31513.958365155137,0.0,625,0.5522024942683184,0.1393324766956699,1.2904413402492991,3.8988835556265937,45,8233.22196065272,0,0,0,0
CUST_007490,37,Female,Single,0,Salaried,HR Manager,Post-Graduate,tier2,1676228.06,176,775,3,29619.88,973153.31,0.52,32813.33,0.27,0,1,171,4,0,196484.33113789032,9506.081336110898,12404.234713199996,11035.49347272939,781,0.2120451410760342,1.4066075796176138,1.7224689268447055,1.0140977015884791,0,11193.33668985871,1,1,0,1
CUST_007495,46,Male,Married,3,Self-Employed,Trader,Graduate,tier2,3410880.98,128,710,2,56204.07,2733640.16,0.61,101072.65,0.32,1,1,119,4,0,610449.0011974692,24289.42993797469,1347.6236552362511,8925.887420523311,717,0.1977338028354088,2.147645222914508,1.2477427651842936,0.3478636079294404,138,10785.459207521297,1,0,0,0
CUST_007510,29,Male,Married,1,Salaried,Data Scientist,Post-Graduate,tier1,2715929.41,50,747,3,64471.93,1416038.87,0.33,55197.01,0.26,1,1,152,4,0,367428.6820831556,18272.77138067502,7203.981363612271,18923.00456321634,756,0.2848600331183138,1.62343125988048,1.9179752403440449,0.5576079829594707,29,11199.871729690974,1,1,0,1
CUST_007518,44,Male,Married,2,Self-Employed,Gig Worker,Under-Graduate,tier2,584216.0,278,570,1,28593.44,219148.02,0.52,4245.79,0.09,0,0,212,0,138,6337.064099749421,3435.543020234861,33735.47700826199,0.0,579,0.587307147209651,0.1301628288904213,2.6658389802518854,3.5677262140366466,88,7687.978077750633,0,1,0,0
CUST_007520,29,Male,Single,2,Salaried,Gig Worker,Under-Graduate,tier3,636769.86,77,579,2,33642.29,439833.61,0.21,4329.76,0.07,0,0,213,1,138,6105.891240310664,1954.990234948348,35950.15949873916,0.0,588,0.6339808109483521,0.1150640423138435,1.447748416160338,3.2932888987745965,58,7858.129109620042,0,0,0,0
CUST_007522,49,Female,Married,2,Salaried,Govt. Employee,Graduate,tier3,1349666.83,200,831,3,32669.38,568403.39,0.15,32952.46,0.32,0,1,110,4,0,161850.75077909642,18156.433931754586,585.3030763497183,4428.467466873616,839,0.290463591253039,1.4390156874203597,2.374483472937287,0.8090217218875596,98,11842.794648292824,1,1,0,1
CUST_007528,39,Male,Married,3,Self-Employed,Trader,Graduate,tier2,3535026.54,92,753,2,50535.96,2173550.09,0.6,88476.64,0.3,1,1,127,4,0,645883.5636620872,30074.709726036104,5334.814282114983,10006.33600290114,763,0.1715487718558225,2.192508702874014,1.6263829988923797,0.3582483757653334,117,11504.690747383747,1,1,0,0
CUST_007544,28,Female,Married,1,Salaried,Software Engineer,Post-Graduate,tier1,2113038.43,113,758,2,58737.73,1843220.69,0.23,43674.22,0.24,1,1,150,4,0,259702.23529908,18506.53572204332,8740.106374671868,9864.51696178293,769,0.3335711964053787,1.4748473483375213,1.1463832275107395,0.7065345491649908,28,11199.437589006911,1,1,0,1
CUST_007545,32,Male,Married,1,Salaried,Product Manager,Post-Graduate,tier1,2101529.08,150,719,2,44797.74,1149572.98,0.56,39001.1,0.26,1,1,141,4,0,275885.6494496514,18143.915973168107,3798.0201141753087,23479.94948639053,729,0.2557993679571564,1.575333370783224,1.8280938126313544,0.6677625297019353,32,10612.910483997684,1,1,0,0
CUST_007546,26,Male,Single,2,Salaried,Sales Rep,Under-Graduate,tier2,646789.64,75,636,2,30327.44,510060.7,0.69,3776.02,0.04,0,0,201,1,111,9650.410072995304,3413.96758220995,30194.917231038413,0.0,646,0.5626597978322999,0.1790424045244283,1.2680615698061626,3.0603405985514627,52,8643.33654622792,0,0,0,0
CUST_007548,46,Male,Married,2,Self-Employed,Surgeon,Post-Graduate,tier1,10652584.12,253,841,0,98711.8,5197695.92,0.41,378572.16,0.42,1,1,122,8,0,2314297.823814555,13192.05902442547,1949.3158642384185,42739.04835974525,848,0.1111974570946185,2.607024013013521,2.0494815846245995,0.1144187925056201,92,13721.753555386418,1,0,0,0
CUST_007549,31,Male,Married,0,Salaried,Product Manager,Post-Graduate,tier1,2223423.87,90,747,3,59825.31,1642539.66,0.7,47699.75,0.2,1,1,145,4,0,278763.9218231084,11580.188891044976,3300.86790415945,13125.280142140473,756,0.322880335649168,1.5045035060432397,1.3536492119470578,0.6492274124391803,0,11048.6068302638,1,1,0,1
CUST_007555,50,Female,Married,2,Salaried,Govt. Employee,Graduate,tier2,1302741.24,291,753,1,30209.91,450041.12,0.69,40275.8,0.37,0,1,119,4,0,156043.91148256147,15097.86211578055,756.179367453047,5053.813151579424,762,0.2782713631938462,1.4373611826831745,2.8947095885158483,0.9065000502307676,100,10728.946296286118,1,1,0,1
CUST_007561,40,Female,Single,2,Self-Employed,Sales Rep,Under-Graduate,tier2,518384.85,227,582,1,23348.54,324468.86,0.76,2320.45,0.05,0,0,210,0,135,5648.009199280858,2942.0023722988763,29219.9466650615,0.0,589,0.5404787471220167,0.1307417481247625,1.5976363721425466,3.974375873948695,80,7750.341850464436,0,1,0,0
CUST_007570,39,Male,Married,2,Salaried,Gig Worker,Under-Graduate,tier1,691925.8,137,679,0,36420.65,538800.11,0.7,2295.61,0.03,0,0,205,1,117,7759.424204747016,2023.2389262455345,26445.91077337681,0.0,683,0.6316287388837551,0.1345685847152218,1.2841952014538354,2.9205366151237064,78,9184.461811433312,0,0,0,0
CUST_007575,39,Female,Married,2,Self-Employed,Trader,Graduate,tier2,2905063.96,193,729,3,36535.84,2377807.27,0.63,83139.65,0.36,1,1,116,4,0,540633.9327408741,22790.98712007093,2416.5484458571937,15705.725713053893,735,0.1509186286474932,2.233197094402478,1.2217402036371925,0.3979329496427241,78,10938.24523745598,0,0,0,0
CUST_007577,28,Female,Married,0,Salaried,Software Engineer,Post-Graduate,tier1,2153124.4,94,776,1,37838.2,1411651.59,0.54,39313.48,0.26,1,1,149,4,0,291744.0594944227,19968.89264185886,4683.91096943402,18394.939099708965,786,0.2108823203211835,1.625966991191581,1.5252509117700126,0.6888184516803565,0,11461.790780903057,1,1,0,0
CUST_007580,45,Female,Single,1,Salaried,Sales Rep,Under-Graduate,tier3,616907.48,57,592,3,31055.38,332068.49,0.23,3718.88,0.02,0,0,211,0,130,6543.482415988275,4030.003061670387,29304.31154297416,0.0,602,0.604073257664031,0.1272804499411484,1.857766216342248,3.3657279061337726,45,8026.150528674521,0,1,0,0
CUST_007588,28,Male,Single,0,Salaried,Gig Worker,Under-Graduate,tier3,520307.09,79,624,1,18665.83,454844.26,0.36,3354.05,0.05,0,0,197,0,106,8589.080057531908,3434.2050727404394,25239.33568243487,0.0,633,0.430485762111861,0.198087986144008,1.143921099672447,3.7148287042513424,0,8331.657658591665,0,1,0,0
CUST_007598,31,Female,Single,0,Salaried,Gig Worker,Under-Graduate,tier3,535600.89,51,635,3,18732.8,310459.6,0.64,3549.9,0.03,0,0,200,0,103,9332.600529851696,2939.5164126869163,25963.613449859957,0.0,642,0.419694156352361,0.2090898267183606,1.7251815206180754,3.665683169981632,0,8468.716002632358,0,1,0,0
CUST_007606,31,Female,Single,0,Salaried,HR Manager,Post-Graduate,tier2,1534038.26,102,704,3,13480.22,1282723.45,0.59,35831.26,0.23,0,1,166,4,0,194320.38735101785,6490.788762605745,14846.885902593824,13920.802198277954,712,0.1054480705214964,1.5200575294138106,1.1959218988926266,1.0751028928518909,0,10141.31137590715,1,1,0,0
CUST_007610,34,Female,Single,0,Salaried,Teacher,Graduate,tier1,945731.9,91,762,2,15773.26,672365.75,0.34,11095.67,0.14,0,0,134,4,0,92474.16084341364,6509.503154237388,18848.16182727421,2605.582834686832,770,0.2001378174366231,1.1733514010727044,1.4065714879565356,1.402066834851908,0,10594.980905311597,1,1,1,1
CUST_007611,37,Female,Married,1,Self-Employed,Sales Rep,Under-Graduate,tier1,711088.7,125,630,1,28484.13,515279.35,0.76,2977.34,0.03,0,0,194,1,87,13835.42471364595,3708.5064912155567,24219.879786036665,0.0,638,0.4806767311577671,0.2334762102804165,1.3800035262357666,2.6903763711732,37,8596.765363423516,0,1,0,0
CUST_007630,32,Male,Married,0,Salaried,Product Manager,Post-Graduate,tier1,2503108.93,100,789,3,50130.62,1304297.29,0.25,43923.42,0.25,1,1,157,4,0,337527.6389972883,15220.787600698462,3056.911442223257,13989.438589109452,795,0.2403269585540959,1.6181126606485845,1.919123063482664,0.6247242136058144,0,11712.770368553334,1,1,0,1
CUST_007644,26,Male,Single,1,Salaried,Analyst,Graduate,tier1,1046936.95,79,690,0,15160.08,424308.19,0.5,17173.59,0.13,0,0,132,4,0,108632.05978652788,6887.052375448585,18943.3464785886,1765.5754710321962,699,0.1737629709643435,1.2451272981727854,2.467391644286564,1.2488919041008075,26,9689.104776248194,1,1,0,1
CUST_007645,32,Female,Single,0,Salaried,Architect,Post-Graduate,tier2,1909608.43,159,813,1,37278.57,971610.05,0.47,53787.56,0.27,0,1,161,4,0,257388.28158317105,13895.866772444875,15056.835012096037,11130.158675151964,820,0.2342574644532893,1.6174205776579655,1.9654041913170912,0.8387127160094833,0,11859.175619605245,1,1,0,1
CUST_007648,36,Male,Married,1,Self-Employed,Business Owner,Graduate,tier2,3664050.86,164,767,2,78058.39,2843332.04,0.18,87903.96,0.39,1,1,119,8,0,581510.0238402344,23326.879776570357,8646.565849336988,8381.226736355482,774,0.2556453630274236,1.904476138294967,1.2886463908568375,0.3238931755016587,36,11698.29804276114,1,1,0,0
CUST_007652,28,Male,Single,0,Salaried,Teacher,Graduate,tier2,950482.99,70,664,0,23422.8,606556.27,0.44,7976.03,0.19,0,0,125,4,0,71994.44085509595,7515.364910738238,15237.1828908466,5021.97854349257,669,0.2957128685128577,0.9089298726983835,1.5670127735836057,1.301428565642792,0,9208.602093394557,0,1,0,1
CUST_007658,27,Female,Married,1,Salaried,Data Scientist,Post-Graduate,tier1,2681553.49,63,784,0,69262.57,2387742.73,0.3,56449.61,0.27,1,1,151,4,0,366055.1235386124,15588.218726076297,6770.077713330665,23598.226134696863,791,0.3099498569397236,1.6380959177929113,1.1230491180056414,0.5610143010756216,27,11708.308609370504,1,1,0,0
CUST_007660,41,Male,Married,1,Self-Employed,Trader,Graduate,tier2,3100459.0,26,721,2,48050.55,2699759.91,0.41,94626.91,0.3,1,1,124,4,0,583020.7428552603,23242.708018543766,5913.8332884191495,12825.218836372333,730,0.1859738730018761,2.2565116442834405,1.148419842851936,0.3986549895047644,41,10911.354563247029,0,1,0,0
CUST_007668,27,Male,Married,1,Salaried,Data Scientist,Post-Graduate,tier1,2748044.57,43,725,2,75627.0,1197392.03,0.33,54191.66,0.22,1,1,149,8,0,361180.19802608254,16205.477075160154,6284.344595990395,17507.533871200267,735,0.3302421099722849,1.577173637409142,2.295023021805964,0.5402378250906947,27,10897.40437863989,1,1,0,1
CUST_007669,32,Male,Single,0,Salaried,Analyst,Graduate,tier1,1089719.25,33,699,2,15011.19,842349.72,0.72,14883.04,0.18,0,0,120,4,0,119385.95177672702,4533.23404734543,20295.143131856425,984.1711093092824,707,0.1653015640324162,1.3146648967997607,1.2936645320372018,1.0911875917421652,0,9828.312119911228,0,1,1,1
CUST_007674,38,Male,Single,0,Salaried,Architect,Post-Graduate,tier2,1594770.81,202,767,1,30815.38,860639.62,0.66,42307.94,0.25,0,1,173,4,0,190904.87652279885,5583.673659247532,15903.151176939004,18197.900940582866,775,0.2318714232943105,1.4364705362441084,1.853004346924736,1.078035560729074,0,11068.736944054988,1,1,0,0
CUST_007684,37,Male,Single,0,Salaried,HR Manager,Post-Graduate,tier1,1602927.15,224,756,2,29551.55,816378.56,0.73,35456.12,0.26,0,1,168,4,0,187950.06531151573,6048.479679244463,15019.299648562032,12890.978308052934,764,0.2212302319773024,1.4070407998570558,1.9634582105411849,1.0415845501763674,0,10915.529752801393,1,1,0,1
CUST_007685,30,Female,Married,1,Salaried,Software Engineer,Post-Graduate,tier1,2454458.69,23,764,1,57088.95,1524197.47,0.34,42938.6,0.25,1,1,146,4,0,308176.1011460111,16213.343461312586,2513.590159071673,15621.781102096316,774,0.2791100349216229,1.5066846097690143,1.6103274857637142,0.5924221841998091,30,11388.184920113268,1,1,0,1
CUST_007693,34,Female,Single,0,Salaried,Architect,Post-Graduate,tier2,2054730.91,48,796,2,36967.12,1124359.17,0.39,56473.02,0.24,0,1,178,4,0,248268.11264631827,9634.726255155769,14121.215056830028,20987.53274880441,805,0.2158934034233995,1.449922195743612,1.8274668249765555,0.862097812058231,0,11701.203031684896,1,1,0,0
CUST_007695,33,Male,Single,0,Salaried,Architect,Post-Graduate,tier1,1980591.26,138,795,1,30580.75,931934.35,0.75,42763.51,0.34,0,1,155,4,0,280973.4080499108,12196.672030177622,16480.39310840542,18627.511263082222,803,0.1852814278413335,1.702350473056845,2.125245340248119,0.7786631194191017,0,11642.621902761472,1,1,0,0
CUST_007704,31,Female,Single,1,Self-Employed,Gig Worker,Under-Graduate,tier3,740088.48,93,617,0,36900.7,653908.56,0.24,4652.03,0.03,0,0,213,1,126,8700.804651157034,6715.981434219736,36044.05935617426,0.0,626,0.5983084891392044,0.1410749737844845,1.1317902738721235,2.83966499525496,31,8460.09351187002,0,1,0,0
CUST_007706,51,Female,Married,2,Salaried,Govt. Employee,Graduate,tier3,1688624.16,364,806,3,29421.06,939806.83,0.55,54645.72,0.3,0,1,103,4,0,270972.90606804687,13718.436118094462,5434.748215166382,7434.0676063443825,811,0.209075660206163,1.9256219603970597,1.796776006856636,0.6063731013928355,102,11629.27387047016,1,1,0,1
CUST_007716,46,Male,Married,1,Salaried,Govt. Employee,Graduate,tier2,1567875.8,277,775,0,33346.0,815119.34,0.49,45310.62,0.32,0,1,118,4,0,213846.47126204905,18169.67121047052,2879.2395056073096,3594.932241429993,781,0.2552172419480527,1.6366972529186006,1.9234899720451093,0.7478408630134261,46,11141.146899099454,1,1,0,1
CUST_007722,36,Female,Single,1,Self-Employed,Sales Rep,Under-Graduate,tier2,659054.91,55,643,2,24067.27,248959.59,0.75,1478.28,0.09,0,0,205,1,101,11061.778422658015,3702.386487468,30423.810100257582,0.0,649,0.4382062513197636,0.2014079891704716,2.6472258520916907,3.064023549277892,36,8695.667809209259,0,1,0,0
CUST_007726,33,Female,Married,1,Salaried,Product Manager,Post-Graduate,tier1,2256509.74,53,756,0,46143.28,1534298.55,0.76,47191.56,0.29,1,1,143,4,0,312804.0088746485,14528.308652561404,3513.1223513820687,23978.077690631064,763,0.2453862288071729,1.6634664049351375,1.470710031818754,0.630926033435003,33,11162.178986717649,1,1,0,0
CUST_007735,32,Female,Single,1,Salaried,Teacher,Graduate,tier2,978541.75,34,640,3,18399.94,304025.64,0.48,11787.42,0.15,0,0,121,3,0,90015.9166440194,3183.4686981753302,12952.101778130364,1781.3631000836783,648,0.2256383770436728,1.1038647593228608,3.2186052840632646,1.2240251865942942,32,8938.39520071143,0,1,0,1
CUST_007737,32,Female,Single,1,Salaried,Analyst,Graduate,tier2,1144643.3,52,697,1,20787.23,498875.74,0.64,17868.97,0.12,0,0,128,4,0,135261.95817792398,6917.14515792649,19070.567038583027,2701.4651654515105,706,0.2179230376166519,1.418019466764438,2.2944411078375797,1.108567468412106,32,9849.126771129875,1,1,1,1
CUST_007738,32,Female,Married,1,Salaried,Data Scientist,Post-Graduate,tier1,2434339.68,40,753,1,57668.43,2143637.84,0.73,59210.6,0.28,1,1,153,4,0,328828.90299778746,13914.844991062537,1158.0347301660113,16023.429198698235,762,0.2842732895519845,1.6209436246998827,1.1356109222204616,0.6259359173844447,32,11205.352120518972,1,1,0,1
CUST_007752,41,Male,Single,0,Salaried,Gig Worker,Under-Graduate,tier2,515401.87,193,615,3,22512.72,208204.23,0.67,1130.38,0.09,0,0,208,0,128,5999.3273800942325,3224.8955730044127,21927.755129916764,0.0,623,0.5241470121865367,0.1396779030434916,2.475451120992494,3.9588743755327696,0,8194.134682755768,0,1,0,0
CUST_007759,30,Male,Married,1,Salaried,Product Manager,Post-Graduate,tier1,2170381.35,99,768,1,49866.73,673196.76,0.61,44580.66,0.25,1,1,148,4,0,243753.9232372548,13420.284593723653,3618.064108879823,13336.426767424817,772,0.2757107415575153,1.3477036680226913,3.2239877773806023,0.6787803427139019,30,11263.79953709354,1,1,0,1
CUST_007762,31,Male,Single,0,Salaried,Analyst,Graduate,tier2,885931.25,95,704,0,15088.55,498850.43,0.6,7830.92,0.17,0,0,127,2,0,77019.46950011258,4088.186325523176,13200.143848619296,2987.1408700985003,711,0.2043726841420147,1.0432199060169496,1.775942087607126,1.417519480428883,0,9736.71538492972,0,0,1,1
CUST_007777,31,Male,Single,0,Salaried,Analyst,Graduate,tier1,1012196.97,25,670,2,15216.37,454512.43,0.11,11376.85,0.14,0,0,119,4,0,115935.61444814778,6374.78809266226,14391.571448506338,2692.0747091090943,680,0.1803940148841004,1.3744467937068108,2.226990234369972,1.1641591933108548,0,9402.791617914769,1,1,0,1
CUST_007790,24,Female,Single,0,Salaried,Junior Software Engineer,Graduate,tier1,1055871.49,16,678,1,13877.02,430001.78,0.73,12164.94,0.12,0,0,180,4,0,90377.5532624974,5054.3238408519765,14449.338065303442,5318.178043326879,685,0.1577108095515349,1.027130975549176,2.4554992179352886,1.6887589328428327,0,9500.866421678376,0,1,0,1
CUST_007791,33,Male,Married,0,Salaried,Product Manager,Post-Graduate,tier1,2628391.15,46,723,3,55762.71,1850416.6,0.31,55438.53,0.27,1,1,152,4,0,350908.10490182904,28627.857598840987,2910.148490280811,18461.955096879035,732,0.2545851917731874,1.6020743464798954,1.4204313393906325,0.5761086637968749,0,10820.338258932092,1,1,0,1
CUST_007801,29,Female,Married,0,Salaried,Product Manager,Post-Graduate,tier1,2536538.15,44,752,1,69446.0,1940408.12,0.14,49498.91,0.28,1,1,155,4,0,316785.79946219735,15846.904650031438,6883.630733663596,10507.184832295108,760,0.3285375611438236,1.4986613190148708,1.307218216950042,0.608669459752645,0,11207.196489598104,1,1,0,1
CUST_007805,29,Female,Married,0,Salaried,Software Engineer,Post-Graduate,tier1,2030548.84,74,785,1,47066.63,902976.35,0.21,48163.27,0.28,1,1,157,4,0,254353.86834379105,14061.444241314824,774.8334481158522,15986.293444664569,790,0.2781495382329937,1.5031543798143434,2.248726216665346,0.7694008441375997,0,11473.815565473666,1,1,0,1
CUST_007806,32,Male,Married,1,Salaried,Product Manager,Post-Graduate,tier1,2246772.85,118,722,1,38998.01,1451231.16,0.53,53319.22,0.3,1,1,146,4,0,330719.33646857203,12761.300230533225,4581.434522121202,19871.856296478632,728,0.2082870195604176,1.766360511832214,1.5481829247775216,0.6469414943555352,32,10647.004295780604,1,1,0,0
CUST_007811,29,Female,Married,1,Salaried,Product Manager,Post-Graduate,tier1,2467557.04,56,760,1,44909.88,1465972.91,0.36,51306.8,0.21,1,1,143,4,0,346484.53241792246,15610.510534725534,6301.488356017575,13330.044447963108,767,0.2184006004549319,1.684984015286182,1.6832202968741783,0.5771814642055627,29,11289.273251567778,1,1,0,1
CUST_007828,29,Male,Married,1,Salaried,Data Scientist,Post-Graduate,tier1,2532634.47,84,777,3,56065.12,2180459.1,0.2,52851.4,0.27,1,1,155,4,0,337861.2071042981,19661.345032392303,4510.481743556218,18259.202137980144,786,0.2656436450840294,1.6008292247956648,1.1615137878468862,0.6096039435821854,29,11589.39001092865,1,1,0,1
CUST_007831,36,Female,Single,0,Salaried,Architect,Post-Graduate,tier2,2239788.48,42,731,2,27106.95,1256215.59,0.41,55465.75,0.3,0,1,164,4,0,332047.8580285361,8342.537082379864,18367.261327181965,19950.80295910744,738,0.1452287393027078,1.7789862677154318,1.782963620946926,0.7289574173657427,0,10790.956618706565,1,1,0,0
CUST_007833,42,Female,Single,1,Salaried,Sales Rep,Under-Graduate,tier2,710305.82,136,625,0,26368.37,340228.18,0.65,2545.88,0.05,0,0,202,1,89,12653.185480378112,1955.0608342496728,24166.75916463802,0.0,632,0.4454631871688084,0.2137609693707773,2.087727513554246,2.804364401775901,42,8515.221851398494,0,1,0,0
CUST_007836,35,Male,Married,3,Self-Employed,Business Owner,Graduate,tier2,2844360.86,80,760,0,47445.77,2388743.49,0.71,93489.73,0.36,1,1,135,4,0,491428.2721588111,20669.240139749418,3621.2030642652994,16131.29821780981,766,0.2001668796685115,2.0732651998042666,1.190734660784084,0.4729605211865188,105,11383.410562343328,1,1,0,0
CUST_007844,45,Female,Married,1,Self-Employed,Gig Worker,Under-Graduate,tier3,603258.55,41,613,0,23272.85,287635.09,0.56,4493.5,0.09,0,0,212,0,118,7789.981272010365,4277.332061490388,30805.51282041309,0.0,624,0.4629335875918358,0.1549549787638802,2.0972978390854915,3.456943241965399,45,8305.504156109373,0,0,0,0
CUST_007847,25,Female,Single,1,Self-Employed,Sales Rep,Under-Graduate,tier1,557146.0,66,632,2,28833.89,314238.88,0.67,3221.58,0.02,0,0,209,0,130,6221.869240441957,2536.9962067681568,33354.81667949983,0.0,639,0.6210207517436706,0.1340058491223378,1.7729958399933197,3.685118117733353,25,8454.34343026727,0,1,0,0
CUST_007850,29,Male,Single,0,Salaried,Architect,Post-Graduate,tier2,1834100.94,104,835,2,30733.35,1091867.72,0.59,49040.44,0.22,0,1,163,4,0,252925.9513614633,6094.702035760773,15749.42760810377,16410.319068798843,845,0.2010782389442168,1.6548116259065044,1.679781558354378,0.8838995548692687,0,12186.645359057957,1,1,0,0
CUST_007859,56,Male,Married,2,Self-Employed,Surgeon,Post-Graduate,tier1,9135815.97,99,830,3,114284.57,8210973.4,0.21,429404.53,0.52,1,1,114,8,0,1992241.6402808428,13597.252383266372,2338.7428041750404,42177.242825139554,837,0.1501139080665066,2.616829012310103,1.1126348134759745,0.1246471614713673,112,13415.195928936022,1,1,0,0
CUST_007864,27,Male,Single,0,Salaried,Junior Software Engineer,Graduate,tier1,1071751.73,58,751,0,18480.52,635274.73,0.66,12961.49,0.16,0,0,158,4,0,76610.23600939993,3703.2706842395337,17732.526131489147,3996.251785180668,759,0.2069170972971813,0.8577663214193666,1.687065441646889,1.4605939201964575,0,10538.567702154842,1,1,1,1
CUST_007867,34,Male,Single,0,Salaried,Architect,Post-Graduate,tier2,1769249.4,86,797,1,15412.87,576048.4,0.71,45696.48,0.31,0,1,173,4,0,244694.6016663435,8948.374646343309,21897.908642999617,21627.126639240523,807,0.1045376562219692,1.6596389996391274,3.0713501307353157,0.972320125554068,0,11609.55567520216,1,0,0,0
CUST_007868,33,Male,Married,0,Salaried,Data Scientist,Post-Graduate,tier1,2616227.12,163,756,0,56638.53,1432377.65,0.77,52073.98,0.24,1,1,145,4,0,342466.96026337915,25634.0119013691,1229.363880886906,14012.178498300756,765,0.259786024451771,1.5708057767902155,1.8264912842703989,0.5521228491464211,0,11304.591805038055,1,1,0,1
CUST_007871,35,Male,Married,2,Self-Employed,Trader,Graduate,tier2,3350337.06,42,776,1,83275.0,2529007.2,0.35,84206.04,0.38,1,1,112,8,0,491412.14524879615,23386.188006414766,2398.168637796578,14765.736062056692,782,0.2982674288869471,1.7600989142861292,1.3247632253624166,0.3332998981953316,70,11749.215157095568,1,0,0,0
CUST_007872,30,Female,Single,1,Self-Employed,Sales Rep,Under-Graduate,tier3,713492.89,55,599,1,30130.99,417760.01,0.17,2965.13,0.02,0,0,211,1,105,10954.162831389283,4141.636939357094,30134.17040658969,0.0,609,0.5067545928101488,0.1842313287813226,1.7078972736110534,2.916407374784291,30,8208.058853837543,0,1,0,0
CUST_007876,27,Female,Married,0,Salaried,Product Manager,Post-Graduate,tier1,1933360.67,20,722,2,55973.82,1274066.25,0.65,44752.84,0.2,1,1,153,4,0,221210.74891003213,15245.264593887468,4728.271058090228,12383.597961464811,730,0.3474166416141592,1.3730042987110116,1.5174714443056283,0.7872959577801891,0,10566.582715855506,1,1,0,1
CUST_007877,29,Male,Single,1,Salaried,Teacher,Graduate,tier2,875202.06,35,755,2,16325.61,757363.36,0.64,13351.78,0.19,0,0,122,2,0,78103.77098489944,5370.287506544057,14459.908192037874,1640.4489504537155,765,0.2238393199487677,1.0708754516795504,1.1555891803517135,1.378216404060334,29,10466.891573345389,1,1,1,1
CUST_007879,28,Male,Married,0,Self-Employed,Sales Rep,Under-Graduate,tier1,678976.68,98,606,2,31423.42,275082.98,0.77,4842.23,0.04,0,0,205,1,115,8314.500180537862,4757.001561644447,26309.38236751745,0.0,616,0.555356887540452,0.1469450155876742,2.4682523497006263,2.975427267001257,0,8271.859617024169,0,1,0,0
CUST_007889,28,Female,Single,0,Salaried,HR Manager,Post-Graduate,tier1,1765988.41,94,779,0,22307.64,920686.3,0.13,35429.78,0.29,0,1,160,4,0,235037.39426453164,5156.95385792015,19102.24839897764,14552.20395854258,786,0.1515807575605262,1.5970827159515664,1.91811965908512,0.9009067801292692,0,11305.998227531098,1,1,0,1
CUST_007890,33,Male,Married,0,Salaried,Software Engineer,Post-Graduate,tier1,2388797.74,114,749,2,64004.12,1557224.03,0.25,50542.72,0.27,1,1,150,4,0,321742.52836612496,8556.198935769697,5972.308068002817,12430.780610421163,756,0.321519720528266,1.616248575909398,1.534009339677773,0.6253132454593691,0,11102.84369079891,1,1,0,1
CUST_007892,28,Female,Single,0,Salaried,Consultant,Graduate,tier2,1094228.76,33,730,0,9153.54,606841.84,0.25,14333.7,0.16,0,0,166,4,0,120666.82665286653,2855.3606461837635,18382.69091563126,1835.5792502171396,739,0.1003823692328916,1.3232937144787025,1.803150153341185,1.503311686973268,0,10276.209769805992,1,1,1,1
CUST_007897,34,Female,Single,0,Salaried,Analyst,Graduate,tier2,1173127.19,106,760,1,22709.8,427518.16,0.76,16551.59,0.15,0,0,127,4,0,109707.54130333176,4119.605298975524,14708.11848114901,1059.9780381283829,768,0.2322977548810725,1.1221946269137777,2.7440341855087853,1.073426433551916,0,10732.94162346396,1,1,1,1
CUST_007902,42,Male,Single,1,Self-Employed,Sales Rep,Under-Graduate,tier1,539144.25,234,577,1,21543.96,316323.0,0.22,1878.26,0.03,0,0,203,0,120,7895.891735945799,2498.5888227012574,29088.60552429676,0.0,583,0.4795038914971309,0.1757388527562271,1.7044051352410818,3.6966607589900105,42,7694.282591464533,0,0,0,0
CUST_007903,25,Female,Single,1,Salaried,Gig Worker,Under-Graduate,tier3,591340.29,14,658,0,22425.97,417341.94,0.77,2582.94,0.05,0,0,212,0,115,8505.38263863971,3731.6561026774425,25116.77983196973,0.0,664,0.4550783763769647,0.1725952421080106,1.4169169604258791,3.525458106257939,25,8824.658676084437,0,1,0,0
CUST_007904,27,Female,Single,1,Salaried,Analyst,Graduate,tier1,1127359.01,95,734,0,19691.49,862807.72,0.32,12785.72,0.2,0,0,120,4,0,124510.14094296694,7529.51494338749,17959.195725947047,3949.626246532756,742,0.2096008127794593,1.3253149833217757,1.306615225214692,1.0550758286954618,27,10340.058773789926,0,1,1,1
CUST_007907,24,Male,Single,0,Salaried,Junior Software Engineer,Graduate,tier2,775464.74,15,751,3,10626.72,421239.41,0.62,12681.11,0.16,0,0,172,1,3,47311.67064833496,4815.154643568126,19200.40944543396,3909.6067550595303,757,0.1644416053020494,0.7321174427230653,1.84090776096244,2.1897863932122528,0,10265.842845583573,0,1,1,0
CUST_007911,36,Female,Married,1,Self-Employed,Business Owner,Graduate,tier2,2938081.89,137,679,1,63475.59,1300725.87,0.36,69537.05,0.3,1,1,133,4,0,460166.4202823259,20645.06980962353,7895.955624289546,11950.203836659704,688,0.2592521234915335,1.8794488025663163,2.25880002771066,0.4511407924289375,36,10246.568279691008,0,0,0,0
CUST_007917,27,Male,Married,1,Salaried,Product Manager,Post-Graduate,tier1,2710967.41,58,783,0,55951.0,1486021.17,0.5,54310.98,0.25,1,1,158,4,0,382109.8589720511,17963.249843992002,2612.4278105334183,28097.40958387785,790,0.2476639983038454,1.6913880978773692,1.8243115511526995,0.5806758266171221,27,11702.125015950074,1,1,0,0
CUST_007923,27,Male,Single,0,Salaried,Junior Software Engineer,Graduate,tier1,960302.33,100,726,0,13176.67,439845.02,0.22,12038.68,0.17,0,0,160,4,0,68863.95069878912,3174.187800170674,13293.29967409576,2473.973440606876,734,0.1646544626695303,0.8605176269581122,2.183269340484199,1.6489705842507871,0,10110.853289998222,0,1,1,1
CUST_007928,33,Male,Single,0,Salaried,Teacher,Graduate,tier1,994848.83,62,671,0,13124.36,692597.95,0.63,12546.08,0.1,0,0,132,4,0,100683.54134299564,4006.6683170882648,15859.143748440403,1030.0622167684642,681,0.1583058808336036,1.214443728894169,1.4363995642788658,1.3136304293651813,0,9404.846361566722,0,1,0,1
CUST_007930,46,Male,Married,1,Self-Employed,CXO,Post-Graduate,tier1,9189916.23,220,837,0,130177.92,6633072.83,0.33,458163.85,0.42,1,1,116,8,0,2179824.910674216,25984.569383757287,6113.593406323852,35575.76273414462,846,0.169983377552449,2.846365964284641,1.3854687081027108,0.1260881046087525,46,13564.440394647052,1,1,0,0
CUST_007936,45,Female,Married,2,Salaried,Govt. Employee,Graduate,tier3,1299251.4,105,781,3,31628.2,845309.84,0.57,38455.45,0.31,0,1,109,4,0,152838.42140737182,11501.683936701227,1212.592082921538,6216.152399220972,789,0.2921181340134726,1.411616040972494,1.537010219814524,0.832536822187091,90,11106.989368689852,1,1,0,1
CUST_007942,50,Female,Married,2,Self-Employed,Trader,Graduate,tier2,3514275.69,138,691,3,47830.97,1229475.47,0.4,76021.55,0.35,1,1,134,4,0,602681.9975509316,21760.71312062178,3519.4845192586627,14169.912319488256,699,0.1633251715940193,2.057937371260342,2.858351319240782,0.3802199708161877,100,10535.568654486504,1,0,0,0
CUST_007944,48,Female,Married,2,Salaried,Govt. Employee,Graduate,tier2,1726350.01,346,777,3,37134.81,901133.93,0.63,37776.48,0.27,0,1,110,4,0,240123.7718218916,13575.497928787086,2403.871071382336,6596.097954819917,783,0.2581253047847131,1.6691083591805287,1.915750852094924,0.6335128249862481,96,11245.070548457228,1,1,0,1
CUST_007951,28,Female,Married,1,Self-Employed,Sales Rep,Under-Graduate,tier2,703682.83,55,628,1,35632.33,390165.48,0.28,3909.72,0.05,0,0,197,1,99,10314.051867045751,4598.335290072244,23406.032895019423,0.0,637,0.6076326580372916,0.1758839444714252,1.8035450661984085,2.760329823263368,28,8576.621781367681,0,0,0,0
CUST_007952,45,Male,Single,2,Salaried,Gig Worker,Under-Graduate,tier2,518468.26,98,621,2,24535.27,215345.15,0.42,3963.07,0.08,0,0,203,0,125,5703.873606719327,1884.5771316547196,29617.823290857246,0.0,629,0.5678581475792348,0.1320136725757542,2.4076040365708886,3.841290298115539,90,8276.782055630918,0,0,0,0
CUST_007957,43,Male,Married,2,Salaried,Gig Worker,Under-Graduate,tier1,749476.44,18,625,0,34979.13,617967.25,0.62,1356.55,0.06,0,0,210,1,112,10301.346564115527,7204.421591709008,24942.97150895448,0.0,636,0.5600480775927644,0.1649340432380603,1.2128073570122735,2.7650627318998864,86,8603.255631459218,0,1,0,0
CUST_007958,40,Male,Married,1,Salaried,Gig Worker,Under-Graduate,tier3,645930.62,225,603,1,33432.75,568474.09,0.39,4401.0,0.05,0,0,213,1,132,7105.26183427189,3805.9072947390846,30592.22409350156,0.0,608,0.6210969636900565,0.1319980124724742,1.1362514054925432,3.2472946605237,40,8134.096946867489,0,1,0,0
CUST_007962,44,Male,Married,1,Salaried,Govt. Employee,Graduate,tier3,1374018.04,287,866,1,31703.89,635031.28,0.32,37649.57,0.28,0,1,111,4,0,177665.7277733381,11188.280043799738,1096.494307122582,8499.332338705754,873,0.2768838154368153,1.5516318211500362,2.163697946189444,0.8020126674071387,44,12338.32778167378,1,1,0,1
CUST_007968,31,Male,Married,0,Salaried,Data Scientist,Post-Graduate,tier1,2484063.25,143,706,1,59414.94,2135871.09,0.19,47882.61,0.24,1,1,144,4,0,337954.88208393136,19918.21575487177,4061.706380435149,15434.531373959018,714,0.2870200007024747,1.632582823329195,1.1630206048527936,0.5773710831110638,0,10513.940303289684,1,1,0,1
CUST_007970,26,Female,Single,1,Salaried,Analyst,Graduate,tier2,1249933.67,63,759,0,17426.15,864876.88,0.49,13551.36,0.15,0,0,133,4,0,138511.19377748016,7632.188355954457,14282.054946671864,1931.3561530571965,768,0.167298311453809,1.3297652571809475,1.4452140572724554,1.055611125941257,26,10781.646216124933,1,1,1,1
CUST_007973,28,Female,Single,0,Salaried,HR Manager,Post-Graduate,tier1,1629514.82,92,775,0,17270.79,751959.31,0.27,34000.98,0.26,0,1,165,4,0,215774.1977434445,3960.9817922312745,22357.11060868641,13514.045639283488,782,0.1271838410122025,1.5889829741626065,2.16702237914658,1.0063952944322885,0,11185.566505826911,1,1,0,1
CUST_007974,29,Female,Married,1,Salaried,Data Scientist,Post-Graduate,tier1,2365032.63,108,783,1,42875.41,1146214.09,0.61,40556.71,0.25,1,1,145,4,0,338903.9378954618,21803.065725375756,3399.8045811848287,22105.394430127577,793,0.2175455437388511,1.7195646979167332,2.0633410348837757,0.6105179279157946,29,11638.308120146414,1,1,0,0
CUST_007976,33,Female,Single,0,Salaried,HR Manager,Post-Graduate,tier2,1540784.18,25,780,3,14011.47,766184.53,0.27,27603.77,0.33,0,1,158,4,0,203341.03276883217,6990.310599749068,16944.04611165215,17047.213779874164,791,0.1091238686741811,1.5836568294360558,2.0109805258264277,1.0188393848588266,0,11270.011936965346,1,1,0,0
CUST_007978,31,Male,Married,0,Salaried,Product Manager,Post-Graduate,tier1,2211358.2,136,787,2,62955.31,986540.96,0.77,49271.91,0.24,1,1,146,4,0,274020.0075723586,19121.276850753075,6134.232975763952,11578.128324514695,795,0.3416269786035825,1.4869695227277202,2.2415247294701994,0.6572555475294348,0,11614.248736120224,1,0,0,1
CUST_007980,27,Female,Single,0,Salaried,Analyst,Graduate,tier2,1231107.32,15,732,2,17628.67,531575.01,0.65,18550.28,0.13,0,0,132,4,0,147341.23291441178,6306.8246711000775,14398.233597565337,1647.711385992035,744,0.1718306556995628,1.436168506374298,2.3159572607499728,1.0635663642689657,0,10433.428493728676,1,1,1,1
CUST_007981,24,Female,Single,0,Salaried,Consultant,Graduate,tier1,959010.95,42,810,2,8761.14,382668.94,0.69,15701.99,0.1,0,0,172,4,0,86256.80110964112,3841.35703951668,26008.126418761847,3051.136301096294,817,0.1096258228231138,1.0793084913303623,2.5061047387207886,1.7750057416791831,0,11253.079251597404,1,1,1,1
CUST_007987,30,Female,Married,0,Salaried,Software Engineer,Post-Graduate,tier1,2522070.21,81,810,1,45807.03,1677575.47,0.43,52335.02,0.24,1,1,138,4,0,398620.120768508,21827.46508109049,2711.8663548414115,23534.31088341389,820,0.2179486290417155,1.896623920606496,1.5034010401922244,0.5450085841024132,0,12087.284645121312,1,0,0,0
CUST_007990,27,Female,Single,1,Self-Employed,Gig Worker,Under-Graduate,tier3,619538.74,61,639,1,23151.05,198200.47,0.15,1187.47,0.06,0,0,214,1,104,10794.30396801832,3992.755610581695,29387.17482984006,0.0,645,0.4484097622093067,0.2090735096470385,3.125802951915543,3.3993142344186795,27,8602.192221592995,0,1,0,0
CUST_007993,43,Male,Married,1,Salaried,Govt. Employee,Graduate,tier2,1354106.17,178,804,0,29358.92,990297.44,0.56,44638.28,0.31,0,1,111,4,0,168976.120153045,16289.795956287637,1503.7686366354678,5603.227867251093,811,0.2601745163791724,1.4974420155934691,1.3673718096536636,0.8137196535076152,43,11450.2274856693,1,1,0,1
CUST_007998,29,Female,Married,1,Salaried,Software Engineer,Post-Graduate,tier1,2719789.92,64,815,0,54414.44,1039035.68,0.17,50596.14,0.27,1,1,145,4,0,384654.5976795961,19633.80355039961,4640.677337975835,20135.08439947955,819,0.2400811894419134,1.6971291689341672,2.61760722441483,0.5311764064247112,29,12134.357699922264,1,1,0,1
CUST_008000,57,Female,Married,2,Self-Employed,CXO,Post-Graduate,tier1,8004589.85,462,832,1,93368.73,4553820.39,0.54,320512.04,0.44,1,1,110,8,0,1730095.5924488923,13254.985478202889,6373.111260228339,32129.81232714711,840,0.1399725783987619,2.5936514393138377,1.7577742217948518,0.1372496934450114,114,13352.241664693323,1,1,0,0
CUST_008001,34,Female,Single,0,Salaried,HR Manager,Post-Graduate,tier2,2222798.54,119,742,1,33844.53,1461578.96,0.41,44457.91,0.28,0,1,161,4,0,301754.9183486732,4178.818192150604,24003.444449607083,17553.706346666964,752,0.1827120902530901,1.6290452807480742,1.5208189772935858,0.721068189161392,0,10989.937066108148,0,1,0,1
CUST_008003,30,Female,Single,1,Salaried,Analyst,Graduate,tier2,1249136.85,69,729,3,29071.69,668115.12,0.69,14496.5,0.14,0,0,133,4,0,127319.29860946404,6025.017228320172,14950.413511795114,3006.027272290953,736,0.2792783902414832,1.2230980986081592,1.8696403403647857,1.056279148688246,30,10331.941615365791,1,1,1,1
CUST_008005,34,Female,Single,0,Salaried,Analyst,Graduate,tier2,956813.26,52,707,3,23030.49,746770.4,0.64,8178.52,0.17,0,0,123,4,0,73928.20337290005,3709.2625375243774,13005.265610971976,790.1463324632125,714,0.2888363127035337,0.9271687083959308,1.2812666098353525,1.272220863003058,0,9832.754300062308,0,1,1,1
CUST_008007,29,Female,Married,0,Salaried,Data Scientist,Post-Graduate,tier1,2030354.96,50,788,0,50273.86,1059003.38,0.74,40491.63,0.21,1,1,153,4,0,250360.976067534,7526.7004958933585,4094.4560888782967,11323.67355589506,796,0.2971316672725998,1.4796988780837963,1.91722999294866,0.7498695227030497,0,11560.882461578156,1,1,0,1
CUST_008008,33,Female,Single,1,Salaried,Teacher,Graduate,tier2,1211099.02,20,751,0,24338.37,678441.31,0.45,18028.07,0.11,0,0,131,4,0,118780.94295964482,7481.304295767608,16256.101344215853,2519.9368008475085,760,0.2411508401599714,1.1769121839183148,1.785117175254002,1.0728040712046432,33,10645.350105137522,0,1,1,1
CUST_008011,29,Male,Married,1,Salaried,Software Engineer,Post-Graduate,tier1,2611515.78,35,717,0,53159.17,2017872.18,0.74,44073.76,0.22,1,1,158,4,0,373135.5409691146,25570.867152154544,4210.722425034142,18582.402666948983,722,0.244266993782467,1.7145620758548374,1.294192224706609,0.6027047451150571,29,10667.868945134498,1,1,0,1
CUST_008017,30,Female,Married,0,Self-Employed,Gig Worker,Under-Graduate,tier1,631137.1,92,587,2,24698.99,232965.05,0.49,2307.01,0.04,0,0,200,1,107,9093.648668647287,4179.601048314038,26167.05873205715,0.0,597,0.4696004161298812,0.1728969969596209,2.709137661903956,3.119457601190136,0,7973.1021459891645,0,0,0,0
CUST_008025,35,Female,Single,1,Salaried,Analyst,Graduate,tier2,1127932.94,23,726,0,18500.94,869617.97,0.73,14487.25,0.19,0,0,123,4,0,127564.9925072203,4613.7551896055365,13486.57089599581,1984.9181242869,733,0.1968281182235721,1.357140633200273,1.297042703656752,1.080907280880717,35,10215.013340648147,1,1,1,1
CUST_008031,33,Male,Single,0,Salaried,Sales Rep,Under-Graduate,tier2,645524.45,29,653,0,31138.63,313941.97,0.5,4732.23,0.03,0,0,202,1,114,8773.097960717403,3272.70831927178,24205.262100688567,0.0,661,0.5788419228689565,0.1630847886724426,2.056183803064614,3.0815021468688166,0,8842.738964008375,0,0,0,0
CUST_008033,29,Male,Married,2,Salaried,Gig Worker,Under-Graduate,tier3,575135.25,114,643,0,24145.3,266639.44,0.46,3882.61,0.03,0,0,208,0,128,6389.106391205526,2681.482782749032,27643.990975971472,0.0,652,0.5037729033738751,0.1333037351642841,2.156969325433156,3.5547337132739822,58,8647.060185846914,0,1,0,0
CUST_008036,31,Female,Single,2,Salaried,Gig Worker,Under-Graduate,tier3,720509.12,35,661,0,36603.83,501804.49,0.67,5348.31,0.08,0,0,206,1,107,9708.267886267107,3272.110496596324,31636.48587428277,0.0,669,0.6096226020411449,0.1616874389958274,1.435833474041904,2.81995110478566,62,9023.281161143355,0,1,0,0
CUST_008039,29,Male,Single,0,Salaried,Architect,Post-Graduate,tier2,1975183.51,52,859,0,21551.58,760069.55,0.52,37080.3,0.26,0,1,163,4,0,291392.05072214914,9798.611436229608,21803.132022235382,9368.20272211796,866,0.130933347453792,1.7703080991034603,2.598684437911717,0.82108278241743,0,12553.685276523567,1,1,0,1
CUST_008049,33,Female,Married,0,Salaried,Product Manager,Post-Graduate,tier1,2113902.71,47,771,1,60235.64,634811.15,0.39,50439.95,0.26,1,1,135,4,0,260250.9988761977,10742.019729645765,2983.757322380575,13995.910973824502,779,0.3419379583199929,1.4773595035508185,3.329965738683483,0.6356223350739074,0,11345.392531713022,1,1,0,1
CUST_008054,37,Female,Married,3,Self-Employed,Business Owner,Graduate,tier2,3234585.75,111,775,2,80471.22,1196622.24,0.59,77179.9,0.38,1,1,127,8,0,486688.003083875,24871.852051481328,3162.70927853396,9698.272787403675,786,0.2985393284219034,1.805558677893256,2.703094542940684,0.3914213085599602,111,11781.67762318026,1,1,0,0
CUST_008057,27,Female,Single,0,Salaried,Junior Software Engineer,Graduate,tier2,1038904.47,59,773,3,19083.79,691821.09,0.73,11255.55,0.2,0,0,158,4,0,82185.84214187268,3334.758690907359,13395.504646951404,2852.041154099732,784,0.2204272303046654,0.9492871989049054,1.501693115928114,1.5063335558099014,0,10861.283774835609,1,1,1,1
CUST_008069,29,Male,Single,0,Salaried,HR Manager,Post-Graduate,tier2,2171546.04,24,733,3,26655.75,1875994.87,0.6,48070.63,0.25,0,1,172,4,0,301501.56052869,18052.84587020822,15466.533875934854,17088.513511766436,740,0.1472993095777444,1.6660934958681923,1.1575430813714958,0.7884316757302999,0,10797.3032909441,0,1,0,1
CUST_008071,27,Male,Married,0,Salaried,Product Manager,Post-Graduate,tier1,2553083.7,29,781,3,52668.54,1422625.23,0.41,54717.15,0.23,1,1,162,4,0,349160.85560629284,26844.862008293243,6199.9414865485405,23863.022313956797,787,0.2475514255106066,1.6411175919788334,1.794627180464682,0.6320511499487902,0,11610.463730522297,1,1,0,0
CUST_008074,44,Male,Married,3,Self-Employed,Business Owner,Graduate,tier2,2552389.74,229,733,2,42038.39,1482740.44,0.49,75937.02,0.37,1,1,124,4,0,415178.4884779518,22777.44972866526,3313.8790569938174,17969.252980185855,739,0.1976415671931018,1.951942667824471,1.7213990727877682,0.4839232614161186,132,10902.12781600568,1,1,0,0
CUST_008081,40,Male,Married,3,Self-Employed,Business Owner,Graduate,tier2,2587411.53,125,734,3,43719.11,1029089.31,0.22,79989.96,0.31,1,1,122,4,0,454693.6838274514,25494.338800035865,4713.525208558132,17343.5194327811,741,0.2027612850842398,2.108786653080108,2.5142706182900505,0.4696983846837702,120,10941.731163164704,1,1,0,0
CUST_008082,32,Male,Single,1,Salaried,Teacher,Graduate,tier2,978562.91,45,710,2,21507.56,339403.09,0.38,14944.39,0.1,0,0,127,4,0,96194.52700059906,4416.824167071234,14918.36831394846,639.8645742901369,717,0.2637414033024819,1.1796075213160624,2.883179486729226,1.284693151192573,32,9890.184267984345,0,1,1,1
CUST_008083,30,Female,Married,1,Salaried,Software Engineer,Post-Graduate,tier1,2128033.52,55,744,2,38015.73,1892128.85,0.34,46792.0,0.25,1,1,156,4,0,283771.5464296158,25259.77121613557,7889.513302373583,8088.551441127191,749,0.2143698317129983,1.6001812579438572,1.1246762583445316,0.7296424426498234,30,10913.461303986342,1,1,0,1
CUST_008088,35,Female,Single,1,Salaried,Analyst,Graduate,tier2,1221595.76,83,735,3,24711.7,649952.32,0.79,13307.71,0.12,0,0,125,4,0,128202.27666710965,4294.661645293306,13547.21115064076,2585.258131951634,744,0.2427460022028675,1.2593463879153124,1.8795130702617229,1.0149434096785133,35,10427.65801918404,1,1,1,1
CUST_008089,33,Male,Married,0,Salaried,Data Scientist,Post-Graduate,tier1,2192912.06,93,744,1,52935.65,1817650.27,0.69,49465.89,0.2,1,1,150,4,0,281125.9984503942,15701.648352055789,1692.033895880687,11835.944324122023,756,0.2896715903604979,1.5383624280198422,1.206453677992919,0.6809168769088313,0,11038.16048501224,1,1,0,1
CUST_008097,41,Female,Single,1,Self-Employed,Sales Rep,Under-Graduate,tier3,645888.32,99,636,3,30879.44,579955.14,0.56,4953.96,0.1,0,0,214,1,126,7542.114297836011,2268.4943916585253,29571.5441578019,0.0,647,0.5737004124723146,0.1401228158147253,1.1136847693344534,3.2627505853435537,41,8655.814083620282,0,0,0,0
CUST_008106,39,Male,Married,2,Self-Employed,Business Owner,Graduate,tier2,3036006.39,26,750,0,66229.03,1022775.58,0.74,75364.52,0.35,1,1,132,4,0,480456.5084412665,27683.33422745705,6977.04631382153,7431.526302642596,761,0.2617732364921544,1.8990260797778624,2.9683964703219936,0.433354310855533,78,11358.72698108171,1,1,0,0
CUST_008111,41,Female,Single,1,Self-Employed,Gig Worker,Under-Graduate,tier3,742244.39,141,606,1,32995.26,323109.46,0.4,2368.43,0.02,0,0,222,1,118,10313.949775130135,1795.1677650276515,30496.471049796502,0.0,615,0.5334317431743498,0.1667448053920581,2.2971846531987854,2.9511685690337948,41,8313.22263678321,0,0,0,0
CUST_008113,27,Male,Married,1,Salaried,Gig Worker,Under-Graduate,tier3,740705.25,36,596,0,35845.41,452647.32,0.34,2808.9,0.05,0,0,204,1,105,10746.731423997291,3590.1001988857743,33145.05919064371,0.0,604,0.580714057894561,0.1741025702965166,1.636381308120176,2.7174446961707006,27,8163.277078765641,0,1,0,0
CUST_008124,36,Female,Married,0,Self-Employed,Gig Worker,Under-Graduate,tier3,700092.9,178,633,0,25385.87,547691.58,0.65,5263.08,0.06,0,0,208,1,92,13634.458629254364,2644.367877422955,24407.80530833347,0.0,642,0.4351211368467782,0.2336985551037456,1.2782588728881448,2.9291941941681148,0,8640.658578143028,0,1,0,0
CUST_008126,33,Female,Married,0,Salaried,Product Manager,Post-Graduate,tier1,2683300.62,146,732,0,63846.05,1499462.27,0.21,66256.78,0.29,1,1,154,4,0,378341.1866530363,20741.653178235578,2674.156909862761,27211.102129489536,741,0.2855249121140421,1.6919736470499047,1.7895074015384185,0.5717891231911572,0,10968.695879639232,1,1,0,0
CUST_008131,29,Male,Single,0,Salaried,Architect,Post-Graduate,tier1,2208087.44,19,713,2,25548.63,1416500.46,0.72,47752.26,0.22,0,1,158,4,0,302403.337205053,9680.37476405215,20522.39217559648,15289.614295742376,722,0.1388449969445216,1.6434223843019662,1.5588317431031804,0.7123253896609234,0,10546.714448225704,1,1,0,1
CUST_008136,34,Female,Single,0,Salaried,Architect,Post-Graduate,tier2,2213236.56,158,784,3,37189.74,1505939.92,0.54,40292.81,0.26,0,1,166,4,0,294712.711447404,13991.401579489084,20727.91993898193,20781.105737023398,795,0.2016388434925718,1.5979012033645457,1.4696702444342904,0.7466591859212679,0,11614.92373380734,1,1,0,0
CUST_008140,33,Male,Married,0,Salaried,Product Manager,Post-Graduate,tier1,2175556.91,19,722,0,60831.52,1565654.57,0.75,45902.62,0.21,1,1,150,4,0,263366.1122352706,14460.429426339628,2336.2373561967597,14083.168762460506,732,0.335534414306371,1.452674439451907,1.3895501358577864,0.6863239264723607,0,10681.926452368229,1,0,0,1
CUST_008144,27,Male,Married,1,Salaried,Data Scientist,Post-Graduate,tier1,2235462.05,59,761,3,54020.92,770079.57,0.39,49949.71,0.29,1,1,147,4,0,296444.7192719451,18961.79325529672,5534.2908981269975,13627.776549873715,769,0.2899837016672146,1.5913119775482707,2.9028937192896582,0.6546536825238263,27,11242.748429303896,1,1,0,1
CUST_008151,50,Female,Married,2,Self-Employed,Trader,Graduate,tier2,3066711.8,292,781,0,76615.76,1174390.68,0.1,85089.18,0.28,1,1,125,8,0,500152.04314316594,23913.16528487235,1892.117298182469,12903.25671190333,787,0.2997952146848047,1.9570802293046383,2.6113194194291296,0.4062778970718024,100,11754.723919015703,1,1,0,0
CUST_008153,45,Male,Married,1,Self-Employed,Trader,Graduate,tier2,3507555.77,89,773,2,82117.26,2098463.74,0.75,86131.91,0.29,1,1,121,8,0,570014.548319957,26359.94855127825,3850.144919213539,14671.758826299963,781,0.2809374428708472,1.950119007918551,1.67148663646357,0.3439888601965222,45,11770.006045669206,1,1,0,0
CUST_008156,40,Female,Single,0,Salaried,Sales Rep,Under-Graduate,tier2,668017.83,39,654,2,28429.32,306903.84,0.48,4590.02,0.1,0,0,221,1,121,9205.1926555994,4016.6540853392826,29154.778318967798,0.0,664,0.5106835423801359,0.1653553582587664,2.1766285275918094,3.259501302495245,0,8905.61556945418,0,1,0,0
CUST_008161,38,Male,Married,3,Self-Employed,Business Owner,Graduate,tier2,2858539.93,166,756,3,40128.94,2123594.01,0.2,87054.71,0.36,1,1,121,4,0,491938.8995212585,22630.272560132285,3729.165331994423,12779.972575036658,765,0.1684584684106123,2.0651249089797368,1.3460852547397917,0.4218173808025046,114,11372.353744535936,1,1,0,0
CUST_008165,28,Female,Single,1,Salaried,Analyst,Graduate,tier1,1053389.1,14,756,3,15446.13,370422.29,0.65,16835.11,0.16,0,0,123,4,0,120716.85496368866,5488.198601684825,16570.727591887415,3611.149350329606,762,0.1759572493326616,1.3751668377451514,2.8437442472907146,1.1566791497110511,28,10567.053431140104,0,1,1,1
CUST_008174,32,Male,Married,1,Salaried,Data Scientist,Post-Graduate,tier1,2553744.73,160,809,3,42813.74,1051531.29,0.57,44823.22,0.25,1,1,166,4,0,368468.36397796846,15653.46315229315,5309.049226610858,19162.486914211124,818,0.2011800395725242,1.73141799913558,2.428593733436374,0.6474903607115363,32,12068.01269400444,1,1,0,1
CUST_008175,30,Male,Single,1,Salaried,Teacher,Graduate,tier2,878533.92,54,679,1,17342.29,526112.58,0.12,8328.4,0.17,0,0,123,2,0,72415.25007431125,5995.600823028784,14954.155150652368,1638.66186508972,685,0.2368771799657324,0.9891150605898152,1.6698560033367702,1.3843028074831405,30,9374.917490743816,0,1,0,1
CUST_008176,43,Female,Married,3,Self-Employed,Trader,Graduate,tier2,3200599.58,72,739,0,52332.56,2704192.98,0.76,78847.06,0.26,1,1,130,4,0,506227.2406163556,37828.4374216678,2260.515498796818,14640.342071083076,749,0.1962096006663826,1.8979894109476,1.1835687837748978,0.4049087927682342,129,11219.157924526116,0,1,0,0
CUST_008178,49,Male,Married,1,Self-Employed,Trader,Graduate,tier2,2702714.14,238,689,1,47381.51,2314888.64,0.28,88131.97,0.36,1,1,126,4,0,471377.8385505736,25519.417276257504,2225.6918855809417,10741.453122254889,696,0.2103720800953958,2.092899453959062,1.1675347685257256,0.4644794604122939,49,10307.598133435897,0,0,0,0
CUST_008180,49,Female,Married,1,Salaried,Govt. Employee,Graduate,tier3,1754890.74,151,760,2,41482.1,534100.8,0.79,47038.55,0.32,0,1,111,4,0,241891.5591076804,14361.938386379088,5172.174867466708,8364.495152897935,770,0.2836540103641299,1.6540510440437084,3.2856858748650537,0.6289341174740369,49,11070.996649304683,1,1,0,1
CUST_008182,36,Female,Single,1,Self-Employed,Gig Worker,Under-Graduate,tier1,728214.69,148,585,0,32820.15,474073.28,0.68,2801.72,0.07,0,0,207,1,98,11353.470446375904,6439.960360902267,24101.3640008458,0.0,592,0.5408230780445579,0.1870868607637971,1.5360771944852183,2.804062325012796,36,7991.024715975749,0,0,0,0
CUST_008187,28,Female,Married,0,Self-Employed,Gig Worker,Under-Graduate,tier1,657061.31,109,612,2,22014.65,293978.45,0.71,4489.96,0.09,0,0,218,1,100,12462.111914799692,3446.0666577109305,22476.369555098787,0.0,622,0.4020492020897942,0.2275930869534121,2.2350586410036484,3.2680654196538548,0,8332.022230820763,0,1,0,0
CUST_008191,28,Male,Married,1,Salaried,Software Engineer,Post-Graduate,tier1,2112031.05,44,798,1,44290.21,671960.06,0.74,50424.45,0.23,1,1,156,4,0,280104.3728521216,18461.59082167592,2701.843755770084,15614.476984252453,804,0.251643791067611,1.5914696787195977,3.143085478792476,0.7351447567178624,28,11708.781523501562,1,1,0,1
CUST_008192,43,Female,Married,1,Salaried,Govt. Employee,Graduate,tier2,1797338.01,209,770,3,30235.8,747232.28,0.68,58940.59,0.37,0,1,109,4,0,301560.3939847592,19696.19234651513,6951.506212231572,8507.066650942914,775,0.2018691951936506,2.0133667386337906,2.4053238233714644,0.6030969270656793,43,11161.408795995078,1,1,0,1
CUST_008200,47,Male,Married,1,Self-Employed,Trader,Graduate,tier2,3183423.19,71,752,1,59786.05,998059.47,0.78,89620.94,0.37,1,1,135,4,0,556481.7724797493,28752.922838382347,5432.92325131691,16328.014303358426,758,0.2253642864329837,2.097665217351886,3.189609533378273,0.422743845609764,47,11349.888717275016,1,1,0,0
CUST_008203,32,Female,Married,1,Salaried,Data Scientist,Post-Graduate,tier1,2371905.5,81,770,0,40055.87,1941379.26,0.14,52509.25,0.27,1,1,158,4,0,333525.1626533216,20171.93785926537,3563.17688531758,19839.68352823899,779,0.2026505727960606,1.6873697975751092,1.2217624485375165,0.6633344605820843,32,11435.100399065968,1,1,0,0
CUST_008206,46,Female,Married,1,Salaried,Govt. Employee,Graduate,tier3,1769310.34,69,802,2,30414.69,817980.98,0.46,42267.93,0.34,0,1,94,4,0,272176.62582408654,15159.483742451082,425.8865461128229,9147.426508757864,811,0.2062802643412053,1.8459720063722465,2.163018725669238,0.5282945750767682,46,11667.127874825324,1,1,0,1
CUST_008211,52,Male,Married,2,Salaried,Govt. Employee,Graduate,tier2,1437868.85,127,808,2,30731.05,1218776.78,0.58,41463.49,0.37,0,1,114,4,0,185729.5951150083,13829.57271725686,1266.6072316970194,5483.350345783791,814,0.2564695120600569,1.5500276962309494,1.179762934306203,0.7873641317720178,104,11541.440070691286,1,1,0,1
CUST_008213,56,Male,Married,1,Self-Employed,Surgeon,Post-Graduate,tier1,7928456.37,169,844,0,109337.53,3212998.04,0.78,370250.23,0.49,1,1,119,8,0,1652245.34298973,13473.748578323011,2755.045304231936,34944.59384723348,853,0.1654859802385766,2.500728159665567,2.467618655124155,0.1499031983720533,56,13550.731594354667,1,0,0,0
CUST_008220,31,Male,Single,0,Salaried,HR Manager,Post-Graduate,tier2,1968303.12,150,827,1,23545.99,606850.81,0.42,55443.01,0.27,0,1,173,4,0,271967.7601460808,12456.060866703034,15482.626798816043,19668.023716857773,835,0.143550124230108,1.658074506765446,3.2434658471233693,0.8744868177734056,0,12101.390202441744,1,1,0,0
CUST_008221,25,Male,Single,0,Salaried,Consultant,Graduate,tier1,873542.63,54,744,0,10925.98,345535.26,0.71,10920.83,0.1,0,0,169,2,1,52757.01298718514,4612.282921429471,18485.63536546689,2968.2629693477475,754,0.1500899377065862,0.7247218824153239,2.5280780373093115,1.912754339878315,0,10314.956270267152,1,1,1,1
CUST_008225,28,Female,Single,0,Salaried,Teacher,Graduate,tier1,1237155.16,82,731,3,17681.47,384432.37,0.62,19526.9,0.12,0,0,123,4,0,156612.7520197494,8019.880938281321,14445.860712231928,1361.530086897269,741,0.1715028064598805,1.519077684083526,3.218126355680309,0.986244566393808,0,10394.989480275435,1,1,1,1
CUST_008227,28,Female,Single,0,Salaried,Consultant,Graduate,tier1,767229.11,74,735,2,7278.97,555813.81,0.2,10574.46,0.11,0,0,168,1,3,44624.94122655363,3742.276116547472,21133.243203016227,2791.982170475413,746,0.1138464022085573,0.6979543819264893,1.380368238118736,2.161524804442798,0,10108.704368100647,0,1,1,0
CUST_008228,40,Female,Married,1,Self-Employed,Trader,Graduate,tier2,2996139.48,204,745,0,47669.74,2197462.28,0.62,92662.64,0.28,1,1,129,4,0,535483.119581934,25389.115963891763,3137.366544663211,6891.083026237906,753,0.1909238847963721,2.1446837644481205,1.363453718325614,0.4291218050867021,40,11229.36514031429,1,1,0,0
CUST_008229,45,Female,Married,2,Self-Employed,Business Owner,Graduate,tier2,3609318.24,245,683,1,49452.34,1608057.62,0.15,110020.63,0.3,1,1,120,4,0,650101.1955475871,30106.425672541845,6058.934267133531,14787.930877079623,692,0.1644150134624422,2.1614022070119705,2.244519071077148,0.3315541547957385,90,10448.528577553549,1,1,0,0
CUST_008233,48,Male,Married,1,Salaried,Govt. Employee,Graduate,tier2,1690151.21,154,784,1,40478.42,1515352.32,0.1,49671.05,0.39,0,1,93,4,0,249687.6694233394,8491.353263324114,1899.9199494161053,8885.829698008694,792,0.2873929790484553,1.772758994724582,1.1153512436294395,0.5470101685837697,48,11357.54068516246,1,1,0,1
CUST_008235,30,Female,Single,0,Salaried,Architect,Post-Graduate,tier2,2028841.46,102,783,2,30250.05,887801.68,0.51,41849.62,0.27,0,1,167,4,0,275910.1653001735,7458.884701890958,22876.213163486434,14606.87079918686,789,0.1789190827020104,1.6319177549679127,2.285239170487748,0.819092623317558,0,11458.628041619071,1,1,0,1
CUST_008237,32,Female,Single,0,Salaried,Architect,Post-Graduate,tier1,1870509.14,128,764,3,31417.03,1180105.13,0.39,36451.54,0.27,0,1,157,4,0,241089.32238995304,5160.398535893211,21160.14036492628,16406.695156349957,773,0.2015504406435096,1.546666224087388,1.585034678194579,0.8348802814114481,0,11163.450915661171,1,1,0,0
CUST_008239,41,Female,Married,3,Self-Employed,Business Owner,Graduate,tier2,2631282.21,202,698,1,63816.01,1217720.57,0.6,65115.43,0.3,1,1,132,4,0,367631.3222457416,25869.764559672243,2985.685792058596,14365.329227306858,705,0.291032495374206,1.676580235757407,2.160824177566305,0.4997572750849671,123,10422.002449386153,1,0,0,0
CUST_008246,31,Female,Married,1,Salaried,Software Engineer,Post-Graduate,tier1,2032077.63,51,742,3,41890.13,1774834.33,0.23,38099.54,0.28,1,1,151,4,0,257426.55794272287,18710.642700504904,3279.2446903272826,16516.335373131584,750,0.2473717460976364,1.520168524905407,1.1449386856638692,0.7394429956122677,31,10893.42733709849,1,1,0,1
CUST_008253,29,Female,Single,0,Salaried,HR Manager,Post-Graduate,tier2,2029306.48,99,770,3,40579.41,1560900.2,0.16,46336.37,0.26,0,1,168,4,0,263482.924872192,8266.729568458406,22559.35026171781,12808.496034277634,778,0.2399588456908942,1.5580576088117544,1.3000864372453556,0.8238094746798431,0,11299.053606667609,1,1,0,1
CUST_008259,55,Male,Married,2,Salaried,Govt. Employee,Graduate,tier3,1839414.95,123,778,2,31367.34,706245.25,0.22,59145.03,0.36,0,1,99,4,0,297731.5169411034,22692.97898376581,7160.51413563898,3789.548094798556,783,0.2046333397474686,1.9423322047625975,2.60449517431066,0.5353044215415259,110,11294.742631342977,1,1,0,1
CUST_008260,40,Female,Married,1,Self-Employed,Trader,Graduate,tier2,3637199.99,163,732,3,85184.69,3114667.15,0.42,115192.46,0.35,1,1,123,8,0,612648.66535173,22216.28623227508,2484.919021306985,14832.062060437846,738,0.2810439102286144,2.021269039152364,1.1677648516102752,0.3372450107952539,40,11148.763038945686,1,1,0,0
CUST_008265,32,Male,Married,1,Salaried,Software Engineer,Post-Graduate,tier1,2133168.43,38,726,2,53078.03,1305160.33,0.15,38884.21,0.29,1,1,147,4,0,268565.0324708292,8820.158677748921,1135.9850238703152,20775.432700134632,732,0.2985853193862274,1.510786590916714,1.6344097706296583,0.685900361083613,32,10667.523420580645,1,0,0,0
CUST_008275,31,Female,Married,1,Salaried,Data Scientist,Post-Graduate,tier1,2457320.06,30,773,3,43342.76,1976248.29,0.52,46202.91,0.27,1,1,151,4,0,371389.1110830602,35517.617173155806,5156.470677958223,21411.59946043798,782,0.2116576463011678,1.8136211241213869,1.2434261570310292,0.6120000499651431,31,11506.803369952457,1,1,0,0
CUST_008276,39,Male,Married,0,Self-Employed,Gig Worker,Under-Graduate,tier2,712488.04,83,644,3,37018.61,586029.06,0.13,4119.37,0.07,0,0,202,1,109,9337.726435265991,3892.958979519136,29272.75679120942,0.0,653,0.6234712913138925,0.1572669627122995,1.2157875314450592,2.7958940330693918,0,8800.167434983472,0,1,0,0
CUST_008278,30,Female,Married,1,Salaried,Data Scientist,Post-Graduate,tier1,2687848.6,36,800,1,59286.33,1893712.22,0.63,56710.75,0.23,1,1,144,4,0,376478.662018713,16490.735751407134,5335.678994050202,14465.870511075109,806,0.264684842658879,1.6807954788371675,1.4193535597750118,0.5337586401253205,30,11932.227133503138,1,1,0,1
CUST_008287,37,Female,Married,2,Self-Employed,Business Owner,Graduate,tier2,3574319.23,20,755,3,65524.8,1147134.21,0.25,98095.43,0.4,1,1,131,4,0,655518.4264032007,31210.802223294737,2942.476391084116,14619.283129112666,763,0.2199845367996295,2.200753262824612,3.115865678990012,0.3654808391606347,74,11513.124890349303,1,1,0,0
CUST_008294,26,Female,Single,0,Salaried,Consultant,Graduate,tier1,876683.0,75,692,3,13174.11,569969.8,0.79,12544.82,0.17,0,0,166,2,0,55225.78625491067,2603.3190620088803,18932.88426707045,3780.547300336627,698,0.1803241948454137,0.7559178905536452,1.5381191457527297,1.8721459642284783,0,9551.36351723314,1,1,0,1
CUST_008307,44,Female,Single,1,Salaried,Gig Worker,Under-Graduate,tier2,627148.02,105,622,0,22108.15,234765.49,0.6,1384.78,0.09,0,0,213,1,103,11192.799495914704,3343.699422786024,28030.772280652604,0.0,628,0.4230145282538897,0.21416160097542,2.671369410515104,3.3430222383803376,44,8383.133982655374,0,1,0,0
CUST_008308,25,Female,Single,0,Salaried,Junior Software Engineer,Graduate,tier1,930290.29,45,835,1,11600.2,525249.22,0.17,10971.37,0.12,0,0,158,2,0,65071.882363975215,3185.8109591375023,12956.416202319528,3865.518319470281,841,0.1496313633711468,0.8393643622737965,1.7711373638263304,1.6803321450868114,0,11558.075799190092,1,1,1,1
CUST_008312,31,Female,Single,0,Salaried,Architect,Post-Graduate,tier2,1564890.05,54,777,1,23383.41,1396647.98,0.27,39976.09,0.2,0,1,177,4,0,186358.9687366697,14316.609433060252,12806.966318236193,15648.34864373841,785,0.1793089350224827,1.429039999557823,1.1204605254499953,1.1238879818943552,0,11196.711508891904,1,1,0,0
CUST_008320,42,Male,Married,2,Self-Employed,Business Owner,Graduate,tier2,2569666.68,62,695,0,63739.22,1130305.28,0.18,66726.97,0.38,1,1,119,4,0,370288.1354061044,16272.103343266082,4085.86358110202,11774.495473597948,703,0.2976522496579222,1.729188034074849,2.273425110935418,0.4612999071647504,84,10375.778860205592,1,1,0,0
CUST_008322,45,Female,Married,1,Self-Employed,CXO,Post-Graduate,tier1,7987106.33,101,844,1,103249.73,7139554.32,0.5,303222.63,0.56,1,1,109,8,0,1750539.839655329,17706.288694926767,3247.885250049921,41407.9472976263,852,0.1551243776301984,2.630044680440329,1.1187120166469977,0.1362993006496638,45,13541.1250119435,1,1,0,0
CUST_008323,29,Female,Married,1,Salaried,Software Engineer,Post-Graduate,tier1,1971512.09,38,746,2,54135.34,1299174.12,0.34,36826.98,0.25,1,1,149,4,0,222963.0025061501,9949.805617380218,3944.365870933144,12272.665466591225,752,0.3295034959476452,1.3571003487326403,1.517510657069849,0.7519510012174592,29,10899.722527662998,1,1,0,1
CUST_008326,24,Female,Single,0,Salaried,Junior Software Engineer,Graduate,tier2,769393.57,24,698,0,11293.86,432789.93,0.28,12761.58,0.13,0,0,180,1,12,39366.1642812302,4035.679595627692,16265.915224779956,5125.688387365137,705,0.1761441888183887,0.6139726430298165,1.7777488312890477,2.3094878752977137,0,9555.118244338786,0,1,1,0
CUST_008327,31,Male,Married,0,Salaried,Product Manager,Post-Graduate,tier1,2313719.38,25,741,2,61170.34,1314082.05,0.57,50100.93,0.2,1,1,149,4,0,311381.0860373319,21164.577523906883,3533.592534199457,15216.763649010309,752,0.3172555320574854,1.6149554199537126,1.7607101621164658,0.6412133981513723,0,11020.084240476448,1,1,0,1
CUST_008329,23,Male,Single,0,Salaried,Consultant,Graduate,tier2,1044458.63,27,804,2,10642.04,843495.1,0.36,12901.7,0.14,0,0,163,4,0,93335.69366960454,2425.866086920415,16670.454185573522,2597.553895855717,813,0.1222671814141868,1.0723406593397984,1.2382495070220243,1.5458169278770093,0,11267.375300047095,1,1,1,1
CUST_008339,28,Female,Married,1,Salaried,Software Engineer,Post-Graduate,tier1,1970270.93,115,765,3,40569.95,878225.05,0.47,47512.96,0.3,1,1,145,4,0,257836.0219538883,13021.095499214074,5852.75374462869,12008.083580217211,772,0.2470911119348732,1.5703492205795335,2.24346673615523,0.7322230398039525,28,11189.122601828718,1,1,0,1
CUST_008353,35,Male,Single,0,Salaried,Analyst,Graduate,tier2,1196291.46,164,701,1,28652.81,895819.54,0.16,19747.32,0.18,0,0,128,4,0,139861.44132600134,6151.534880344835,15570.248152327786,3236.526610797697,708,0.2874134628014868,1.4029360877314658,1.3354141890964009,1.0611034252037232,0,9908.274302483564,1,1,1,1
CUST_008354,41,Male,Married,2,Self-Employed,Trader,Graduate,tier2,2842660.13,22,778,1,35891.74,2128893.82,0.18,90821.39,0.34,1,1,119,4,0,554794.7310166936,17713.87503151254,7140.163314009538,17047.11586739502,787,0.1515126825407051,2.341999522892682,1.3352750466084558,0.4171544964243602,82,11695.017685755643,1,1,0,0
CUST_008357,53,Female,Married,2,Self-Employed,Investor,Post-Graduate,tier1,7981302.83,87,813,2,111284.02,2682676.81,0.73,292764.16,0.58,1,1,130,8,0,1629779.0377725677,18501.24741050642,7581.8660025669615,45747.39702336218,821,0.1673168229099916,2.4503918050894398,2.975125376684724,0.1626768535312783,106,13047.834733847492,1,1,0,0
CUST_008363,29,Male,Married,0,Salaried,Software Engineer,Post-Graduate,tier1,2555925.83,108,749,3,45846.03,2091399.98,0.65,45311.92,0.2,1,1,135,4,0,363789.6974485341,7690.454701974635,3001.893076757603,22095.06705444986,758,0.215244812899068,1.707974395207574,1.2221118066034378,0.5261258857197755,0,11183.475504220409,1,0,0,0
CUST_008379,45,Male,Single,0,Salaried,Gig Worker,Under-Graduate,tier2,552537.94,267,646,2,26008.24,184109.31,0.71,1455.14,0.06,0,0,209,0,121,7202.25475382673,3979.2097912051127,29686.58112051036,0.0,655,0.564833795837531,0.1564149243160188,3.001124380269633,3.715304962363961,0,8660.592869141155,0,0,0,0
CUST_008382,31,Female,Married,2,Salaried,Sales Rep,Under-Graduate,tier1,550831.02,77,580,1,22452.76,300530.82,0.48,2335.8,0.07,0,0,207,0,111,8133.120798679854,3337.601377605756,28975.136287232894,0.0,589,0.4891286813437338,0.1771783358245299,1.8328542381968076,3.6909513314723568,62,7786.100069706979,0,1,0,0
CUST_008393,44,Male,Married,1,Salaried,Govt. Employee,Graduate,tier2,1600653.62,15,793,2,33656.81,1181952.37,0.12,47679.71,0.31,0,1,106,4,0,246154.94105813288,13677.189701753883,3622.810932314163,11183.685463750502,800,0.2523211062657796,1.8453943508186264,1.3542443049170374,0.6581179136455173,44,11428.738592828868,1,1,0,1
CUST_008394,34,Female,Single,0,Salaried,Teacher,Graduate,tier2,1177684.5,56,701,0,24546.57,677883.17,0.42,9853.53,0.11,0,0,133,4,0,114107.76187488962,6172.289084318119,12669.901680314017,4659.743569899333,710,0.2501143885542667,1.1626876215550233,1.7372945882480186,1.119826014400289,0,9925.133757030218,1,1,1,1
CUST_008396,53,Male,Married,2,Salaried,Govt. Employee,Graduate,tier2,1648112.43,158,794,0,35411.69,735683.25,0.31,41712.93,0.36,0,1,107,4,0,232370.3645835033,25456.484519363097,2299.880650861965,11194.24601365089,801,0.2578326443471262,1.691889474025963,2.240244275992044,0.6453120914122814,106,11466.428594589126,1,1,0,1
CUST_008398,33,Female,Married,0,Salaried,Software Engineer,Post-Graduate,tier1,2616849.89,67,698,3,67383.1,2183775.0,0.64,49279.91,0.24,1,1,154,4,0,340545.6054779081,23486.584306646157,5191.792095707337,13865.394730504357,702,0.3089949848289471,1.5616212996761922,1.198314245600281,0.5862535220845831,0,10373.7925061086,1,1,0,1
CUST_008400,50,Male,Married,2,Salaried,Govt. Employee,Graduate,tier3,1612907.13,193,765,3,30812.59,1180795.68,0.42,37261.78,0.32,0,1,117,4,0,230080.22698747265,19550.589329954368,5317.35949440452,4163.496227375997,773,0.22924340912244,1.7117800096088336,1.3659482257351876,0.7209284982314423,100,11048.91368581555,1,1,0,1
CUST_008406,28,Female,Married,0,Salaried,Data Scientist,Post-Graduate,tier1,2321506.35,66,772,3,53189.71,1779176.9,0.65,53141.74,0.29,1,1,141,4,0,312737.49776764883,14576.516412891346,3263.899658988012,16077.215403773933,783,0.2749392525801056,1.6165497779553566,1.3048196866653976,0.6047592364481443,0,11477.000438702436,1,1,0,1
CUST_008416,26,Female,Single,0,Salaried,Consultant,Graduate,tier2,946243.52,74,754,1,13097.19,847575.26,0.79,9056.69,0.1,0,0,167,4,0,62587.28905108909,2697.0970751984432,14638.455990167984,6518.151694621603,762,0.1660928540739186,0.7937047158394057,1.116411070786716,1.7464170633020342,0,10485.315294835968,1,1,1,1
CUST_008419,29,Male,Single,0,Salaried,Architect,Post-Graduate,tier1,1756147.14,53,744,2,18547.08,539619.11,0.63,30483.93,0.21,0,1,168,4,0,219578.1317557429,12844.239089683084,18069.52015703213,16736.722752768015,752,0.1267339359689236,1.500397954292978,3.2544138134510963,0.951223124025782,0,10812.732325677884,1,1,0,0
CUST_008422,25,Female,Single,1,Salaried,Gig Worker,Under-Graduate,tier2,710107.54,82,588,0,28048.85,289636.55,0.34,5629.48,0.1,0,0,221,1,115,10726.277815043391,7067.46247786067,27767.35497372934,0.0,598,0.4739852673255547,0.1812586846723309,2.451710905578369,3.0689860572769447,25,8056.957520122661,0,0,0,0
CUST_008423,27,Female,Married,0,Salaried,Data Scientist,Post-Graduate,tier1,2063992.52,12,831,2,46895.71,809327.73,0.58,45083.4,0.26,1,1,147,4,0,269494.5481692563,11597.189267686228,2581.598862042162,10738.797147289786,840,0.2726488796642751,1.5668253371998797,2.5502523801422448,0.7087778696521047,0,12213.728743476777,1,0,0,1
CUST_008428,29,Male,Married,1,Salaried,Data Scientist,Post-Graduate,tier1,2695657.98,55,816,1,67351.2,1613553.38,0.2,50848.59,0.25,1,1,146,4,0,365338.2400563012,16666.74441685741,5971.3557385725735,19442.757895770883,822,0.2998194905149331,1.6263336807555404,1.6706334867994967,0.5396099620839734,29,12171.479973074736,1,1,0,1
CUST_008430,48,Female,Married,3,Self-Employed,Trader,Graduate,tier2,3703810.24,98,790,0,77180.01,2693631.93,0.2,95495.25,0.39,1,1,112,8,0,614753.6003001063,19652.207397458274,2513.179239890617,21114.22201373674,796,0.250055229432393,1.991737919798569,1.3750241165933474,0.3015770671147699,144,12039.39883821192,1,1,0,0
CUST_008433,28,Female,Single,1,Salaried,Gig Worker,Under-Graduate,tier2,533137.61,88,602,2,23927.73,467013.28,0.44,1768.36,0.03,0,0,208,0,127,6567.12007209495,4839.432994538135,27329.459309431302,0.0,606,0.5385594486320641,0.1478111197814426,1.1415873835806476,3.829600384329857,28,7991.041255728378,0,1,0,0
CUST_008436,47,Male,Married,2,Self-Employed,Trader,Graduate,tier2,2773029.24,310,719,0,35120.05,1107578.97,0.21,62266.85,0.29,1,1,131,4,0,481471.0128402182,22197.0413165138,8822.911749327683,17840.768189505172,726,0.1519777614270172,2.083507475742632,2.503683088454552,0.4707101101100899,94,10770.537592758808,1,1,0,0
CUST_008438,27,Male,Married,0,Salaried,Software Engineer,Post-Graduate,tier1,2474388.03,63,726,2,67579.98,1892915.73,0.25,50951.19,0.27,1,1,151,4,0,287834.3383237041,17056.513931276822,2288.5438548742054,14816.396830503723,735,0.327739957229147,1.39589881102792,1.3071827147937989,0.6077955543844735,0,10820.305489204704,1,1,0,1
CUST_008439,51,Female,Married,2,Salaried,Govt. Employee,Graduate,tier2,1354619.66,228,788,0,33136.47,1158873.69,0.72,34558.58,0.4,0,1,111,4,0,162175.16124015264,15167.272305204406,2767.7574720236166,3261.473548649571,797,0.2935393079473722,1.4366281199140376,1.1689095220467711,0.8134134605681997,102,11252.868517853029,1,1,0,1
CUST_008449,28,Female,Single,0,Salaried,HR Manager,Post-Graduate,tier1,1827985.76,98,747,1,25948.72,1526259.31,0.57,46587.82,0.25,0,1,170,4,0,237257.39298429625,11145.037758753311,21026.020009717035,16161.158081544285,755,0.1703419155174457,1.5574902650928604,1.1976893771154935,0.9249255554624102,0,10886.137970001608,1,1,0,0
CUST_008450,32,Male,Married,0,Salaried,Data Scientist,Post-Graduate,tier1,2389375.73,50,787,3,45324.67,851947.76,0.19,43568.1,0.2,1,1,156,4,0,323637.53616167285,18742.472345794024,2232.928250730901,20756.21980114308,796,0.2276298790569247,1.6253747289227414,2.804600279012085,0.6501691171144754,0,11690.488313547128,1,0,0,0
CUST_008454,59,Female,Married,1,Self-Employed,Surgeon,Post-Graduate,tier1,9876268.06,151,850,1,144968.38,8104507.57,0.44,440242.05,0.58,1,1,117,8,0,2271123.562283515,19603.40142503252,3077.742470776096,40756.28334336962,856,0.176141274794915,2.759488651783147,1.218614055953796,0.1183459716952081,59,13786.432439201984,1,1,0,0
CUST_008459,29,Male,Married,0,Salaried,Product Manager,Post-Graduate,tier1,2705419.44,131,782,0,76428.91,2323862.47,0.13,65520.16,0.21,1,1,141,8,0,375948.77758700255,15172.332905138195,4412.917977453721,13799.402239801144,790,0.3390020927678729,1.667528980532595,1.1641903558129427,0.5192567966590089,0,11700.506632206148,1,1,0,1
CUST_008462,28,Male,Single,0,Salaried,HR Manager,Post-Graduate,tier2,1637610.12,36,776,2,19652.76,1017099.14,0.37,36556.14,0.29,0,1,170,4,0,223709.7924186097,7430.021812192875,18393.93087612572,20578.15535206945,780,0.1440094861444592,1.6392777529307654,1.610077568173376,1.0317974983062133,0,11160.824300910315,1,1,0,0
CUST_008464,51,Male,Married,1,Salaried,Govt. Employee,Graduate,tier3,1583810.11,224,782,1,36089.65,1063146.31,0.55,44405.26,0.27,0,1,104,4,0,221494.82923174364,12138.848545503628,7074.823738026889,6761.225556057802,788,0.2734371475594566,1.6781795973165974,1.489737212428257,0.6525244089460569,51,11248.97154126065,1,1,0,1
CUST_008467,35,Female,Single,1,Salaried,Analyst,Graduate,tier2,1049849.34,166,712,0,21019.26,770220.94,0.62,14445.11,0.18,0,0,131,4,0,106573.23850547106,6042.781161796096,17310.682221083985,2399.241412142379,720,0.2402518412574368,1.2181407328187288,1.3630478248905766,1.236024735364745,35,9982.193888621903,1,1,1,1
CUST_008475,45,Female,Married,3,Self-Employed,Business Owner,Graduate,tier2,3349082.59,66,743,2,67849.56,2342214.8,0.77,110114.87,0.31,1,1,120,4,0,580749.2460405033,32493.963591248277,7265.304838012603,6423.366481084639,751,0.2431089054430081,2.0808582036752923,1.4298778916955477,0.3572403975932012,135,11283.17218067689,1,1,0,0
CUST_008477,55,Female,Married,2,Salaried,Govt. Employee,Graduate,tier3,1685651.38,222,730,3,32731.17,604171.85,0.79,51670.3,0.36,0,1,101,4,0,262899.9148734505,19584.894812455863,7401.3871240781245,5197.779007310812,739,0.2330085856168982,1.8715474369986052,2.7900151090867453,0.5956413045233391,110,10595.533116607325,1,1,0,1
CUST_008478,28,Female,Married,1,Salaried,Product Manager,Post-Graduate,tier1,2528024.19,16,764,1,56296.58,1952002.37,0.14,47361.08,0.23,1,1,153,4,0,339163.70230489795,17545.630995228414,4561.540435901979,22109.9400217885,772,0.2672267757369407,1.6099312358573377,1.29509212373952,0.602831133772606,28,11381.556626917636,1,1,0,0
CUST_008492,39,Female,Married,1,Salaried,Sales Rep,Under-Graduate,tier1,545849.94,123,602,1,20726.03,230374.15,0.46,3980.11,0.07,0,0,204,0,116,7843.454109698368,6639.904071363186,27022.68135091069,0.0,607,0.455632352752053,0.1724272062572826,2.3693959179190984,3.67005526707442,39,8018.531436771595,0,1,0,0
CUST_008506,31,Male,Married,1,Salaried,Data Scientist,Post-Graduate,tier1,1973901.28,85,795,1,49144.85,1672810.77,0.31,48908.73,0.29,1,1,136,4,0,242066.7066592897,14767.694952545404,2822.0570310550293,17670.657428444414,803,0.2987660126588742,1.4715947804512852,1.1799900714471898,0.6855179810156683,31,11639.904964345911,1,1,0,0
CUST_008509,57,Male,Married,1,Self-Employed,Investor,Post-Graduate,tier1,8530278.51,379,838,2,116634.94,5793483.29,0.57,350570.86,0.59,1,1,117,8,0,1867925.57680726,14066.824561102803,4533.260262138515,35302.68293533639,844,0.1640763908754615,2.6277073325240266,1.472391756498575,0.1369978740892374,57,13469.507987666868,1,1,0,0
CUST_008513,42,Female,Married,1,Self-Employed,Business Owner,Graduate,tier2,3438027.13,120,765,3,70510.56,2455629.52,0.77,84971.21,0.38,1,1,128,4,0,568419.4697276619,28155.389147040125,1937.9508531045065,12588.481962663798,771,0.2461073559683423,1.983989529732881,1.4000588044491318,0.3712267774412784,42,11603.865066817005,1,0,0,0
CUST_008516,29,Male,Single,0,Salaried,HR Manager,Post-Graduate,tier1,2192766.33,35,806,3,38522.75,1492662.1,0.14,46119.88,0.35,0,1,163,4,0,304713.9229418147,12026.385717398374,23171.94493643591,15717.147522233496,814,0.2108161110840602,1.66754980440808,1.469029635689393,0.7399786249683596,0,11884.94938903152,1,1,0,1
CUST_008517,33,Female,Married,1,Salaried,Data Scientist,Post-Graduate,tier1,2524526.29,156,778,3,53674.38,876681.11,0.3,57050.63,0.25,1,1,148,4,0,370408.9508555307,24738.77902588444,5519.676754671475,20390.315013130243,787,0.255132814800761,1.7606813205698568,2.879637055671183,0.5839355487608693,33,11601.611175940569,1,1,0,1
CUST_008523,45,Male,Married,2,Salaried,Govt. Employee,Graduate,tier2,1613398.28,66,775,2,35928.53,1433813.73,0.2,34622.42,0.29,0,1,99,4,0,224212.78346435507,13280.86122150408,1657.2978367495612,8706.283935131018,783,0.2672242549489644,1.6676188536323575,1.1252487830139672,0.6098318645502075,90,11192.087576469108,1,1,0,1
CUST_008524,29,Male,Single,0,Salaried,Architect,Post-Graduate,tier2,1975082.82,107,785,1,17209.74,730632.69,0.43,36154.12,0.23,0,1,176,4,0,270985.7848959029,9570.934337298384,17378.689227739815,22217.92316150099,790,0.1045604888984519,1.6464168635462446,2.703246301166321,0.8866128819753727,0,11451.935902779262,1,1,0,0
CUST_008528,39,Female,Single,1,Self-Employed,Gig Worker,Under-Graduate,tier1,572829.78,230,613,1,25422.44,339750.58,0.62,1884.95,0.05,0,0,209,0,121,7242.232984434784,5658.708646030774,28856.146077798647,0.0,621,0.5325541722882015,0.1517116922114469,1.686025360058664,3.5859526601403244,39,8233.432635744604,0,1,0,0
CUST_008534,41,Male,Married,1,Salaried,Govt. Employee,Graduate,tier2,1570658.09,58,797,0,36176.97,1339853.25,0.26,42585.67,0.26,0,1,106,4,0,206524.56005907696,13983.5301135853,863.7301182830786,8041.758233421558,806,0.2763939052280545,1.5778582252807292,1.1722604081749937,0.67060675974524,41,11499.20674877454,1,1,0,1
CUST_008535,41,Female,Married,2,Self-Employed,Trader,Graduate,tier2,3129668.13,34,766,0,42957.25,2510086.19,0.37,95261.52,0.36,1,1,128,4,0,568475.7896343045,32695.604916693388,4116.734401510304,8377.721126041599,774,0.1647091647030394,2.179682648786109,1.2468364216463732,0.4076864009190678,82,11576.282894091582,1,1,0,0
CUST_008548,49,Male,Married,1,Self-Employed,Business Owner,Graduate,tier2,3483033.75,189,724,1,77445.12,2134006.24,0.28,81560.56,0.36,1,1,131,8,0,584726.8523206984,22239.49082850619,3800.414735828904,16978.67500421219,730,0.2668186141396506,2.014536337298579,1.6321564822807253,0.3750321622286071,49,10996.292604220653,1,1,0,0
CUST_008549,31,Female,Married,0,Salaried,Product Manager,Post-Graduate,tier1,2266258.03,28,721,2,57838.61,1183096.74,0.76,52872.45,0.21,1,1,152,4,0,283888.78116810566,16658.92530139117,6422.54728026712,18244.37288793922,726,0.3062579969784095,1.5032036469269587,1.915528999320039,0.6677626086177937,0,10624.02338458505,1,0,0,1
CUST_008550,28,Male,Married,1,Salaried,Data Scientist,Post-Graduate,tier1,2186907.86,15,801,1,45988.42,1252175.82,0.65,53185.76,0.25,1,1,147,4,0,300443.24647330324,15121.523252136414,2734.8670599643046,17193.56049642444,808,0.2523462565290344,1.6485830247477102,1.7464848614591026,0.6691222817146278,28,11795.18369721425,1,1,0,1
CUST_008555,27,Female,Single,0,Salaried,Analyst,Graduate,tier1,1048917.32,66,746,2,17720.54,454534.83,0.55,14238.78,0.17,0,0,167,4,0,81421.66637284865,4404.886514991165,22989.977192742863,1688.7297559564554,751,0.202727177079958,0.9314831589169266,2.3076669665403498,1.577082524252224,0,10411.315784805096,1,1,1,1
CUST_008563,45,Female,Single,2,Self-Employed,Gig Worker,Under-Graduate,tier2,713254.37,60,579,2,24410.6,310370.83,0.58,1244.36,0.07,0,0,204,1,83,15224.01768846431,4283.141120500712,31375.73366540065,0.0,586,0.4106841599723816,0.2561290142721459,2.2980641316578247,2.820584409327524,90,7897.8705516071,0,1,0,0
CUST_008567,31,Female,Single,1,Salaried,Analyst,Graduate,tier1,1125843.67,74,705,0,19197.0,905550.18,0.21,14877.61,0.19,0,0,132,4,0,121374.75350330608,4732.449809837295,16376.070203488562,578.1494836191785,713,0.2046123727386833,1.293680070057002,1.2432689558198131,1.162131757092946,31,9934.973464458826,1,1,1,1
CUST_008572,30,Male,Married,1,Salaried,Data Scientist,Post-Graduate,tier1,2672504.13,96,758,0,46317.04,1028809.74,0.5,48013.65,0.23,1,1,141,4,0,378715.1230744575,18313.26725576038,3963.506449504765,14630.849217023911,766,0.2079704865990837,1.7004879506165935,2.59766352166969,0.5256282680914269,30,11335.671560535746,1,1,0,1
CUST_008573,27,Female,Married,1,Salaried,Data Scientist,Post-Graduate,tier1,2049648.14,61,783,0,41264.06,789500.89,0.55,37962.51,0.24,1,1,139,4,0,288649.16028613766,21079.04347453228,6843.26806375399,16845.97328658343,792,0.2415857684581796,1.6899337874783729,2.596128224594877,0.6748725537168694,27,11510.277914715654,1,1,0,1
CUST_008585,41,Male,Married,2,Salaried,Sales Rep,Under-Graduate,tier3,696437.84,185,635,1,33112.62,335698.49,0.16,5399.99,0.08,0,0,205,1,108,9908.5954769533,3088.0691916762253,28907.436209104315,0.0,644,0.5705384898932564,0.1707275081338802,2.07458712552706,2.901883058812365,82,8664.205506065353,0,1,0,0
CUST_008587,45,Female,Married,2,Salaried,Govt. Employee,Graduate,tier3,1548490.66,74,826,2,34618.5,1263622.6,0.34,35119.52,0.3,0,1,105,4,0,196307.1378307047,16895.725533061708,4737.792058302974,4947.828910254813,835,0.2682733525301145,1.5212667790757666,1.225436641101037,0.6737287729398391,90,11901.081230257214,1,1,0,1
CUST_008589,26,Female,Single,0,Salaried,Consultant,Graduate,tier1,1069605.79,52,751,3,9240.83,472998.75,0.69,9003.55,0.13,0,0,177,4,0,94090.65989396836,2718.7288100991027,22954.035418577023,5451.436715022239,760,0.1036725090370832,1.0555994199831138,2.2613242184588893,1.63948731694001,0,10550.929256217118,1,1,1,1
CUST_008595,45,Male,Married,3,Self-Employed,Business Owner,Graduate,tier2,2926201.51,103,757,0,65091.95,1093021.03,0.79,83241.01,0.35,1,1,135,4,0,455152.49904874095,31573.06335283377,2424.289553024446,8440.069169676392,764,0.2669331534868076,1.866517931763937,2.677166086030306,0.4597777078317762,135,11375.3610764819,1,0,0,0
CUST_008600,33,Male,Single,0,Salaried,Architect,Post-Graduate,tier1,1592979.11,129,771,2,16230.93,525194.24,0.22,32890.69,0.32,0,1,180,4,0,195772.15454908216,10443.477751251405,15596.320615285784,15435.226124515322,783,0.1222675749897938,1.4747513905391385,3.033117950573962,1.122909206221658,0,11182.11469160087,1,1,0,0
CUST_008610,27,Female,Single,0,Salaried,Analyst,Graduate,tier1,907771.44,87,770,1,11558.65,507437.12,0.46,11425.61,0.1,0,0,169,3,4,50492.68400437492,4551.834871933002,19680.656538852523,4510.975692216151,777,0.1527939306758008,0.6674633853780138,1.7889303231692564,1.8414170743861893,0,10659.46798033,1,1,1,1
CUST_008612,35,Male,Single,0,Salaried,HR Manager,Post-Graduate,tier1,2234823.48,177,740,1,29685.95,1138459.61,0.25,59527.45,0.24,0,1,174,4,0,325086.4332572416,9163.726378603718,17311.498098154243,25360.01148543069,750,0.1593993845130828,1.7455590060199413,1.9630222252485308,0.7751166252056487,0,10964.754937880622,1,1,0,0
CUST_008620,30,Female,Married,1,Salaried,Data Scientist,Post-Graduate,tier1,2417401.4,53,749,0,65769.33,1518497.44,0.13,60389.5,0.29,1,1,157,4,0,329055.376611313,16320.19748856294,4172.353719348012,13283.796740655762,759,0.3264778626609747,1.6334254287395595,1.5919683131185831,0.6467821926773215,30,11155.936937105773,1,1,0,1
CUST_008628,32,Male,Married,1,Salaried,Product Manager,Post-Graduate,tier1,1928049.32,97,754,2,49193.56,1331650.29,0.4,39077.9,0.29,1,1,143,4,0,240971.56372008883,14435.261081675935,5820.833192170249,8225.569456113506,765,0.3061742455369625,1.499775310383316,1.447863516882111,0.737855319388879,32,11071.095187848783,1,1,0,1
CUST_008633,39,Male,Married,3,Self-Employed,Trader,Graduate,tier2,2788030.51,238,769,1,56468.56,1182291.1,0.78,82527.86,0.4,1,1,130,4,0,430163.8765011866,36171.33774022468,2276.151441195538,14222.584930974332,780,0.2430460502555249,1.851466216709242,2.358157100093961,0.4646125177527103,117,11575.860155189688,1,1,0,0
CUST_008653,48,Male,Married,1,Self-Employed,Trader,Graduate,tier2,3105510.77,235,766,0,52737.28,2059422.93,0.22,84825.25,0.31,1,1,133,4,0,526589.8598607563,27625.905639456974,3529.1009276824334,13301.53368666826,773,0.2037812654646869,2.034787308395448,1.5079511919626962,0.4268962934767835,48,11555.336659631725,1,1,0,0
CUST_008665,39,Female,Married,2,Self-Employed,Trader,Graduate,tier2,2958805.86,33,743,0,49346.99,1473882.28,0.1,97366.28,0.3,1,1,130,4,0,544403.4520676741,33592.87090248592,5141.159177022621,9944.768669186064,752,0.2001352932214624,2.207922803606468,2.007489941808689,0.437886497569767,78,11205.0230862149,1,1,0,0
CUST_008667,31,Female,Married,0,Salaried,Data Scientist,Post-Graduate,tier1,2547057.92,104,834,2,53607.84,2176710.78,0.59,48192.67,0.28,1,1,157,4,0,340802.29868715274,18693.29498529614,555.6171724589808,16094.162096076843,840,0.2525623953032275,1.6056204630008089,1.170140182730118,0.6139868744154219,0,12390.377904905105,1,0,0,1
CUST_008668,38,Female,Single,2,Self-Employed,Gig Worker,Under-Graduate,tier2,556047.29,197,639,1,24890.96,466018.99,0.4,4332.86,0.04,0,0,211,0,139,5819.024039308612,3855.4166913227136,29536.254201081712,0.0,649,0.5371576833110727,0.1255770557699042,1.1931833439162127,3.727603748442996,76,8585.36816386453,0,1,0,0
CUST_008670,41,Male,Married,3,Self-Employed,Business Owner,Graduate,tier2,3160050.42,68,718,1,64957.62,2403993.71,0.47,78641.77,0.31,1,1,129,4,0,529974.7470848403,25107.75441372236,4656.174139158578,15974.257952380123,727,0.2466696338232458,2.012522577012287,1.31449973947738,0.4069335906650974,123,10880.353869462551,1,1,0,0
CUST_008677,43,Male,Married,1,Self-Employed,Trader,Graduate,tier2,3059281.22,102,781,2,38798.39,1551200.6,0.14,64944.59,0.36,1,1,123,4,0,550083.7087028766,21164.204648215837,731.6938761696471,16038.279124341394,790,0.1521856999375823,2.1576893843586915,1.9722009183074591,0.40074529241084,43,11797.615793450615,1,1,0,0
CUST_008678,30,Female,Married,0,Salaried,Product Manager,Post-Graduate,tier1,2554082.71,28,783,2,54162.86,1578563.91,0.26,61370.11,0.23,1,1,140,4,0,354339.56568597245,21142.30501658988,4013.104245621631,16740.770802651412,792,0.2544754184154745,1.6648070142362377,1.6179776288071677,0.546004227765336,0,11684.53764013147,1,1,0,1
CUST_008683,40,Female,Married,1,Self-Employed,Business Owner,Graduate,tier2,3214971.77,195,713,3,58055.69,2529074.63,0.35,104574.39,0.39,1,1,117,4,0,592428.577837947,19536.769432855985,1644.1944320088933,15083.789820597833,722,0.2166941825650336,2.2112531330307044,1.2712042818585063,0.3627938733863707,40,10817.96385997199,1,1,0,0
CUST_008690,28,Female,Single,0,Salaried,Teacher,Graduate,tier1,1213096.71,70,708,0,22109.04,682896.41,0.7,10218.13,0.13,0,0,126,4,0,131376.83344181217,4503.527124368044,15972.780624548011,1805.6353907939376,715,0.2187013231485247,1.2995719083591,1.7763967064979789,1.0301720131354126,0,10016.211731977572,1,1,1,1
CUST_008693,27,Male,Married,0,Salaried,Software Engineer,Post-Graduate,tier1,2378598.95,16,809,0,48346.94,1781991.9,0.18,57035.38,0.27,1,1,137,4,0,323207.22042035946,19123.465273436443,2299.2087640086324,19132.352949429187,819,0.2439084374012488,1.6305678930151706,1.334797097115258,0.5735579846922397,0,12024.576522712448,1,1,0,1
CUST_008697,28,Male,Married,1,Salaried,Product Manager,Post-Graduate,tier1,2521877.16,24,758,2,66216.99,1267899.19,0.65,56516.39,0.21,1,1,160,4,0,332848.544439438,17819.62416077384,3951.384978661415,18136.53847003407,766,0.315082792932898,1.583805742387685,1.9890186781973749,0.6319421910658571,28,11291.234094342311,1,1,0,1
CUST_008706,41,Female,Married,2,Self-Employed,Business Owner,Graduate,tier2,2854267.75,196,765,2,55335.6,2510222.8,0.27,94871.5,0.3,1,1,127,4,0,471311.0899035086,31698.48781202683,3258.6944583185027,8946.434689243184,774,0.2326426482898181,1.9814922061658824,1.137057082320708,0.4433943020864582,82,11504.988508729237,1,1,0,0
CUST_008708,23,Male,Single,0,Salaried,Junior Software Engineer,Graduate,tier1,972463.77,26,752,2,15005.54,725182.59,0.73,9751.85,0.15,0,0,174,4,0,77321.49996606013,5166.219694895022,22028.497370674475,2648.4641524745307,760,0.1851629475560095,0.9541194014455716,1.3409897623303917,1.7710576747272828,0,10478.56773697408,1,1,1,1
CUST_008712,42,Male,Married,3,Self-Employed,Business Owner,Graduate,tier2,2552398.07,113,718,0,56639.31,1750373.87,0.53,62590.78,0.3,1,1,124,4,0,367763.04625282536,20939.779390822776,2553.4232908811514,20891.31840406153,729,0.2662862554840179,1.7290154928098622,1.458200819576437,0.483921688248852,126,10754.604784941102,1,0,0,0
CUST_008713,46,Female,Married,3,Self-Employed,Business Owner,Graduate,tier2,3533362.8,196,803,2,57221.55,3152695.62,0.24,109772.4,0.33,1,1,137,4,0,637029.290089718,29650.96979007805,6168.919215188294,18661.481557022995,815,0.1943350589357234,2.1634703120304746,1.120743041872516,0.3866383651146307,138,12288.375127810095,1,1,0,0
CUST_008717,26,Male,Single,0,Salaried,Analyst,Graduate,tier1,982347.57,40,735,0,17745.88,791004.28,0.76,11698.83,0.2,0,0,170,4,0,74482.72575271793,2319.8865376717054,16000.357921506073,4071.12773334912,743,0.2167745563877389,0.9098427259507588,1.2418976141347626,1.7131094501496082,0,10251.69220232986,0,1,1,1
CUST_008734,45,Male,Married,2,Self-Employed,Business Owner,Graduate,tier2,3336456.55,19,727,0,51113.31,2267359.32,0.33,79639.99,0.39,1,1,129,4,0,594263.1230803959,31127.07779908276,1721.4539757816424,11115.409070861117,732,0.183835007226428,2.137336938771609,1.4715158065392977,0.3854823694035412,90,10994.947577858751,1,1,0,0
CUST_008735,38,Female,Single,0,Salaried,Architect,Post-Graduate,tier2,1706822.85,207,761,0,19963.12,1511527.24,0.29,32252.68,0.31,0,1,166,4,0,219100.8146893355,5990.43327889148,16338.869860807426,20388.786656442284,769,0.1403518565372625,1.5404008046074438,1.1292034146844654,0.966902321925643,0,11035.26135405764,1,1,0,0
CUST_008736,42,Female,Married,2,Salaried,Govt. Employee,Graduate,tier3,1391147.59,202,795,1,33072.7,1199048.79,0.44,38919.32,0.35,0,1,113,4,0,173110.21132187848,11066.518495822324,2620.6492965355324,6791.795609019155,804,0.2852817195473597,1.4932309353972406,1.1602083596545227,0.8064817782686261,84,11373.094791254824,1,1,0,1
CUST_008738,38,Male,Single,0,Salaried,HR Manager,Post-Graduate,tier1,1774192.82,193,750,0,26143.87,1343306.01,0.39,49892.98,0.24,0,1,177,4,0,246140.68331309425,9918.672625173996,17636.424802086072,16681.25048807476,757,0.1768265064233113,1.6647954996295924,1.3207649530541794,0.9920452431817318,0,10892.36451569449,1,1,0,0
CUST_008746,35,Male,Single,1,Salaried,Analyst,Graduate,tier1,1240142.47,120,719,3,26483.2,467998.77,0.13,16395.84,0.19,0,0,119,4,0,137995.731597178,4087.908481544271,14062.147250801563,2259.7678169061965,725,0.2562571096486069,1.3352762250384311,2.649878374940227,0.951891507213574,35,10172.284783563377,1,1,1,1
CUST_008755,30,Female,Married,1,Salaried,Data Scientist,Post-Graduate,tier1,2735411.24,29,744,3,59353.81,1421477.64,0.54,47943.66,0.27,1,1,156,4,0,354788.41448067623,14874.361172399082,7649.96648558938,24830.737461036708,754,0.2603786169485055,1.5564176364050029,1.924342134328519,0.5682208833675496,30,11175.631703404146,1,1,0,0
CUST_008756,38,Male,Married,1,Self-Employed,Business Owner,Graduate,tier2,2911874.99,158,750,0,52402.17,1774951.41,0.27,85341.46,0.4,1,1,127,4,0,513549.7331987295,21995.8418940998,4088.9271844731393,12418.60016572224,758,0.2159513889651328,2.116358505514925,1.640536936987511,0.4346524079046927,38,11282.305540967518,1,1,0,0
CUST_008758,29,Male,Single,1,Salaried,Analyst,Graduate,tier2,1236697.2,13,679,1,15570.28,740923.33,0.27,11852.25,0.14,0,0,138,4,0,136963.14823360657,6546.320461608353,19937.286346876772,2335.9488213768955,688,0.1510810787208504,1.3289767544409623,1.6691275342517096,1.106924760880188,29,9651.233483238988,0,1,0,1
CUST_008767,45,Female,Married,0,Self-Employed,Sales Rep,Under-Graduate,tier1,609692.2,182,624,3,30544.69,383105.51,0.2,4256.33,0.03,0,0,210,1,131,6852.083831168479,4572.643527561825,28362.34607269428,0.0,633,0.6011706660377278,0.134860488043254,1.5914430689261845,3.388779139062909,0,8432.010163525232,0,1,0,0
CUST_008768,32,Male,Single,0,Salaried,HR Manager,Post-Graduate,tier2,2048994.39,68,744,0,37978.45,1161916.3,0.22,44306.23,0.22,0,1,166,4,0,257750.1861690093,5604.048248813786,16077.480690285003,21028.097321670124,751,0.2224206826412093,1.5095132202238333,1.763459748813448,0.806218806647647,0,10914.177993182728,1,1,0,0
CUST_008776,45,Male,Married,2,Salaried,Govt. Employee,Graduate,tier3,1762016.84,283,841,1,37678.25,792922.86,0.7,39619.25,0.33,0,1,101,4,0,253611.57086664232,11812.565440110087,1968.2372949743904,10562.046527916737,846,0.2566013618710123,1.727178796006374,2.2221765908267663,0.5699720099725463,90,12167.146797901212,1,1,0,1
CUST_008779,24,Male,Single,0,Salaried,Consultant,Graduate,tier2,1053962.05,13,720,1,15668.37,779539.91,0.69,9933.97,0.18,0,0,165,4,0,108570.70911478368,3292.9098281026813,16996.610330418287,3487.395752964742,728,0.178391906328244,1.2361295891273645,1.3520291706050425,1.5508071927941414,0,10095.95346799526,0,1,1,1
CUST_008781,28,Female,Single,0,Salaried,Teacher,Graduate,tier1,1147581.56,58,680,3,23219.39,594699.15,0.35,15533.92,0.14,0,0,130,4,0,127435.08320275738,6596.793038658102,11365.719550278767,2069.8778857564744,688,0.2427973541433954,1.332545817382496,1.9296809661137635,1.1230310199481754,0,9599.779698236309,0,1,0,1
CUST_008787,24,Male,Single,0,Salaried,Junior Software Engineer,Graduate,tier1,1013577.79,26,746,1,18031.89,386115.75,0.33,12866.61,0.12,0,0,177,4,0,79149.17258414657,3945.3189936744334,22530.048402317298,3243.975530751076,755,0.2134815110953317,0.9370556810854996,2.6250552196971517,1.7292286109490511,0,10440.8934766786,1,1,1,1
CUST_008788,33,Female,Married,1,Salaried,Software Engineer,Post-Graduate,tier1,2069347.08,180,810,2,40279.78,972257.93,0.33,45811.36,0.22,1,1,146,4,0,288410.05866000854,15149.863508780609,4537.134307036813,19739.74984399698,818,0.2335782922700878,1.6724602015035992,2.128390921541857,0.7021434824627738,33,11895.964737964208,1,1,0,0
CUST_008793,35,Male,Single,1,Salaried,Sales Rep,Under-Graduate,tier2,723352.21,46,615,1,26861.09,536386.41,0.74,1674.02,0.08,0,0,201,1,87,13632.390475763152,5746.843754031617,26984.961056115764,0.0,622,0.4456027483029607,0.226149819755608,1.3485629910664754,2.74083853923342,35,8391.808113586336,0,1,0,0
CUST_008805,25,Male,Single,0,Salaried,Consultant,Graduate,tier1,860235.79,31,732,1,14434.05,581997.18,0.32,12457.84,0.17,0,0,156,1,0,53583.69812383672,4095.702978224992,18139.933115277352,1401.1388267621649,743,0.2013473350509856,0.747464143425513,1.4780729898502432,1.7926176076945768,0,10153.067484882711,1,1,1,1
CUST_008806,50,Male,Married,1,Self-Employed,Business Owner,Graduate,tier2,2847733.25,245,727,0,38278.42,1612355.22,0.29,90895.53,0.33,1,1,130,4,0,481456.0965133429,20673.717209948914,3418.205319977293,19747.25708063075,735,0.1612999056007555,2.028788620808029,1.7661936082586018,0.4549059993615569,50,10923.595163507587,0,1,0,0
CUST_008811,38,Female,Single,0,Salaried,Sales Rep,Under-Graduate,tier3,653150.89,28,648,1,34029.19,454090.83,0.43,5092.73,0.09,0,0,179,1,105,7671.440597289156,4220.499200546385,24170.501031264077,0.0,656,0.6251890397508653,0.1409407799752216,1.4383674112789036,2.6992348604101246,0,8783.55462988426,0,0,0,0
CUST_008821,43,Male,Married,1,Salaried,Govt. Employee,Graduate,tier2,1357848.34,40,745,3,32684.98,451378.21,0.51,45183.79,0.39,0,1,111,4,0,171794.69179724928,16023.610242264886,3525.0336966460773,5800.298143065418,755,0.2888513261975086,1.518224106587421,3.008220826120902,0.8114934730264028,43,10661.66654197962,1,1,0,1
CUST_008833,26,Male,Married,0,Salaried,Sales Rep,Under-Graduate,tier1,744490.08,78,615,1,30766.5,511310.73,0.46,5903.76,0.06,0,0,207,1,99,12676.163296279608,4281.318022484735,30870.759211166696,0.0,622,0.4958992189786763,0.2043163661213079,1.4560395084227775,2.743574839313991,0,8409.723725199852,0,0,0,0
CUST_008839,47,Female,Married,2,Salaried,Govt. Employee,Graduate,tier3,1503129.93,106,768,3,35155.77,1256134.24,0.38,46684.64,0.39,0,1,102,4,0,206973.5411428864,14420.967059625567,2676.8050267037747,7513.239210871434,775,0.2806582875377576,1.65232733126847,1.1966306510117493,0.6740994145823287,94,11022.87210247169,1,1,0,1
CUST_008845,43,Female,Married,2,Self-Employed,Business Owner,Graduate,tier2,2758901.34,158,787,0,56898.74,1012656.0,0.56,69731.52,0.3,1,1,137,4,0,405850.2378299021,28889.679760289,3992.9798347326114,14095.446610575029,795,0.2474832645522675,1.7652612654947784,2.7244183766072814,0.4947810816545742,86,11790.123047273555,1,0,0,0
CUST_008855,57,Male,Married,1,Self-Employed,Surgeon,Post-Graduate,tier1,8180130.87,243,804,0,116091.16,3169444.67,0.18,293452.12,0.57,1,1,118,8,0,1626851.3686754454,8608.24338329082,9338.688525078662,32390.99479180504,812,0.1703019057416536,2.386537342239029,2.580934245829808,0.1440758418552596,57,12924.781689534417,1,1,0,0
CUST_008875,37,Male,Single,0,Salaried,HR Manager,Post-Graduate,tier2,1537711.98,122,699,3,15295.56,656232.87,0.21,37233.59,0.29,0,1,170,4,0,210846.633757176,10182.626244236935,10803.219061282754,18949.331341449542,708,0.1193625919783081,1.6453925658921649,2.343237754552352,1.098395581327735,0,10086.03120919375,1,1,0,0
CUST_008883,38,Male,Single,0,Salaried,HR Manager,Post-Graduate,tier2,1696858.58,43,771,3,18234.3,1267465.32,0.31,48726.25,0.35,0,1,158,4,0,250117.49420777845,13009.709064956298,13781.918766664508,25427.44062652081,780,0.1289500817440066,1.7687913066966727,1.338780015866615,0.9256771583267316,0,11188.546039920857,1,1,0,0
CUST_008885,33,Female,Single,0,Salaried,Sales Rep,Under-Graduate,tier3,738326.83,24,568,0,38935.69,505586.08,0.63,4677.44,0.08,0,0,204,1,105,10838.134629224282,2616.8085614942643,29959.370090741704,0.0,578,0.6328101151066374,0.1761489579935696,1.460335635950191,2.726081597261454,0,7810.018780605628,0,1,0,0
CUST_008887,35,Female,Married,1,Self-Employed,Business Owner,Graduate,tier2,3051177.39,165,700,0,41293.06,1409910.97,0.59,72149.35,0.28,1,1,123,4,0,518433.542515586,34273.15235274063,898.2461914235091,13127.732493516029,708,0.1624011677623197,2.03894341353456,2.1640907056062515,0.4018061821631316,35,10571.175209391446,1,0,0,0
CUST_008889,24,Female,Single,0,Salaried,Analyst,Graduate,tier1,1042355.43,57,770,1,12396.73,416588.85,0.28,14183.38,0.1,0,0,178,4,0,72937.84356581698,1623.5066054362298,22472.195069230147,1652.6105505852288,777,0.1427143209952367,0.8396790782208187,2.5021143217963666,1.691443735886838,0,10766.884731274553,1,1,1,1
CUST_008893,39,Male,Married,2,Salaried,Gig Worker,Under-Graduate,tier2,590338.33,113,581,2,28821.95,208387.6,0.4,2757.41,0.08,0,0,200,0,117,6902.13609228134,3935.511644777135,26369.5226912389,0.0,588,0.5858612800301136,0.1402991222303138,2.8328724795886147,3.3314547815062885,78,7813.610238255044,0,1,0,0
CUST_008894,47,Female,Married,2,Salaried,Govt. Employee,Graduate,tier2,1473717.5,48,773,3,32002.88,483427.61,0.4,39042.38,0.36,0,1,113,4,0,190872.17578296288,14531.516994474245,2074.526854139943,6095.562920374821,781,0.2605868716070351,1.5541970961397966,3.048469762681195,0.7616005068350276,94,11092.77679747296,1,1,0,1
CUST_008895,51,Female,Married,1,Salaried,Govt. Employee,Graduate,tier3,1552556.99,157,780,0,27349.88,1285330.2,0.14,38451.32,0.3,0,1,115,4,0,192926.54855512892,15607.413928879909,4096.699368844088,4469.285963251077,788,0.2113906448691855,1.491153435095691,1.2079042273306675,0.7359731564094825,51,11233.266582462356,1,1,0,1
CUST_008897,32,Male,Single,0,Salaried,HR Manager,Post-Graduate,tier1,1834233.34,89,744,0,32622.03,975037.51,0.54,49984.58,0.29,0,1,180,4,0,237163.4346839852,7307.675477353025,23186.757288955563,21726.427167387217,751,0.213419847096354,1.5515706400583371,1.8811906618949847,0.9760153235273362,0,10831.025411941782,1,1,0,0
CUST_008902,37,Female,Single,0,Salaried,Architect,Post-Graduate,tier1,1538163.25,205,769,2,18625.28,1066944.43,0.25,38398.7,0.21,0,1,163,4,0,191346.5969989916,8120.855683521101,8502.010446848057,16428.633946845013,777,0.1453042232996532,1.492781244521974,1.4416512848271914,1.052860542969225,0,11069.219869295834,1,1,0,0
CUST_008908,29,Female,Single,0,Salaried,Analyst,Graduate,tier1,897498.91,99,680,0,20584.26,322064.8,0.69,13770.64,0.1,0,0,127,3,0,67081.5050978097,4701.613427551807,13243.740236527816,2955.8229596145816,689,0.275217958074738,0.8969005860594123,2.7866942407421096,1.3994507166956265,0,9444.376758056484,0,1,0,1
CUST_008915,49,Female,Married,1,Self-Employed,Trader,Graduate,tier2,3213010.2,366,791,3,69444.05,1462367.3,0.8,79216.88,0.28,1,1,123,4,0,514547.3391370634,31359.2675354806,1885.8173778323608,8957.329131291739,796,0.2593597392511013,1.9217321528761175,2.197127905466769,0.3816308120898903,49,11926.244422648835,1,1,0,0
CUST_008916,38,Female,Married,1,Salaried,Gig Worker,Under-Graduate,tier2,746581.55,228,577,3,33791.74,529846.0,0.33,5660.05,0.04,0,0,217,1,110,11806.60509750342,3017.740452103664,29787.66543553128,0.0,586,0.5431347216969661,0.1897675933177309,1.4090511977986098,2.868164046559158,38,7924.631222924216,0,0,0,0
CUST_008922,47,Male,Married,2,Salaried,Govt. Employee,Graduate,tier2,1377953.82,113,779,3,31551.2,563264.74,0.2,38436.06,0.3,0,1,111,4,0,180294.70257642065,16454.597388562815,6555.270688286591,2226.0427359451373,787,0.2747632738814958,1.5700944098287195,2.446365404719982,0.7997384235737756,94,11125.119312432924,1,1,0,1
CUST_008925,31,Male,Married,0,Salaried,Software Engineer,Post-Graduate,tier1,2683337.83,29,743,0,48403.2,1337036.2,0.73,65421.51,0.29,1,1,149,4,0,388294.4195442025,20371.94672892734,8623.353391733104,26337.183273254457,753,0.2164601847683795,1.736461262872471,2.006928326302365,0.5532168981564412,0,11146.337024106322,1,1,0,0
CUST_008931,45,Female,Married,2,Salaried,Sales Rep,Under-Graduate,tier2,535903.89,106,655,0,25578.95,466728.32,0.66,2993.35,0.03,0,0,210,0,137,5521.257286281058,2354.308377529845,26243.248357214463,0.0,665,0.5727529370327124,0.1236296379183171,1.1482113229998063,3.8468309870442576,90,8772.488466884894,0,0,0,0
CUST_008933,35,Male,Married,2,Self-Employed,Trader,Graduate,tier2,2620472.62,18,720,2,50328.64,1105549.11,0.36,83434.71,0.36,1,1,127,4,0,426703.8881355045,28334.32829400342,3758.010169049248,11987.324296812554,728,0.2304702250074644,1.9540075215652488,2.3702884168678704,0.4828029724939696,70,10759.014178925769,1,1,0,0
CUST_008937,29,Female,Married,0,Salaried,Sales Rep,Under-Graduate,tier1,571951.86,114,590,3,19777.38,319352.36,0.41,1698.56,0.07,0,0,216,0,113,9497.838753351763,2655.6893931095906,33160.424831568605,0.0,596,0.4149362863590717,0.1992679485732213,1.7909686624245946,3.711647214255832,0,7901.059865209537,0,1,0,0
CUST_008942,28,Male,Married,0,Salaried,Software Engineer,Post-Graduate,tier1,2694844.68,106,797,3,71731.09,1593622.71,0.74,58862.58,0.25,1,1,157,4,0,346900.120593588,20342.152093407465,1701.8150702354849,13341.897270726698,806,0.3194133054971962,1.544720904090178,1.6910169339787249,0.5804399829715916,0,11934.322308266685,1,1,0,1
CUST_008946,46,Female,Married,1,Self-Employed,CXO,Post-Graduate,tier1,10694167.73,279,804,2,106812.71,9308270.41,0.11,412113.8,0.51,1,1,124,8,0,2349535.160270006,12270.241379968738,5294.6317796668745,38688.36426412978,810,0.1198551504052569,2.636426788690232,1.1488886882381957,0.1158427288582855,46,13110.019429621889,1,1,0,0
CUST_008959,49,Male,Married,1,Salaried,Govt. Employee,Graduate,tier3,1689114.07,319,800,1,37813.65,882760.11,0.23,44365.56,0.38,0,1,111,4,0,223111.51518846775,17641.05405041363,5443.7069461919145,5410.021570590716,808,0.2686382076857058,1.5850434315193616,1.9134441366588972,0.6532816245821566,49,11586.489980612088,1,1,0,1
CUST_008967,45,Male,Married,2,Self-Employed,Gig Worker,Under-Graduate,tier3,625708.7,305,621,1,31331.77,223004.75,0.12,4209.46,0.07,0,0,209,1,126,6834.374022365649,1101.2036313067067,31150.878004279464,0.0,631,0.6008771005977588,0.1310688431250361,2.8057962631008397,3.287669336600239,90,8421.730978641606,0,1,0,0
CUST_008968,26,Male,Single,0,Salaried,Junior Software Engineer,Graduate,tier2,1040675.65,62,752,3,11716.31,562201.16,0.57,16635.23,0.18,0,0,168,4,0,103326.4969677432,1696.5089104313777,21113.76381480501,2805.45884247237,761,0.1350988646785613,1.1914410280672767,1.851070173760983,1.5989711001677824,0,10543.945461944735,1,1,1,1
CUST_008985,49,Female,Married,3,Self-Employed,Trader,Graduate,tier2,2796657.25,367,711,1,41204.49,1737882.61,0.41,76839.6,0.27,1,1,133,4,0,465835.6374795846,24592.74891178852,5341.510306294082,11843.900003229395,720,0.1768009856725102,1.9988161452252584,1.6092316159193192,0.4738733238623989,147,10687.633761769624,1,1,0,0
CUST_008988,45,Male,Married,2,Self-Employed,Trader,Graduate,tier2,3113372.16,297,788,2,59941.57,1386211.87,0.46,88821.8,0.4,1,1,124,4,0,506169.83209497953,26921.216783685955,2764.4223272950176,19257.379631541506,797,0.2310343995583249,1.950943948124845,2.245955312765203,0.3970068043380395,90,11916.120199055811,1,0,0,0
CUST_008989,42,Female,Married,2,Self-Employed,Business Owner,Graduate,tier2,2820909.19,183,748,1,56500.9,2090100.87,0.13,84558.06,0.33,1,1,128,4,0,488317.6547256644,25877.34439929821,4683.368608648435,19338.946691283672,756,0.2403508479441072,2.077268899776662,1.3496515315782192,0.4521515577121003,84,11228.54303585629,1,1,0,0
CUST_008993,30,Female,Married,1,Salaried,Product Manager,Post-Graduate,tier1,2359837.8,136,739,1,55055.64,1565630.38,0.78,50907.3,0.22,1,1,155,4,0,307437.82939703006,14385.577621721024,4040.76144777324,19359.909139900225,748,0.2799617501079942,1.5633426978125309,1.507275486519694,0.6540532014469514,30,10976.229694448944,1,1,0,1
CUST_008997,27,Female,Single,0,Salaried,Junior Software Engineer,Graduate,tier2,839771.73,38,797,2,12154.31,618486.36,0.26,8290.9,0.14,0,0,182,1,14,43852.5648529549,6186.792692083264,22119.432715684405,2960.8619034553794,806,0.1736777158090452,0.6266265461411819,1.3577831728040488,2.1417516442915794,0,10994.554579198411,1,1,1,1
CUST_009014,30,Female,Married,1,Salaried,Product Manager,Post-Graduate,tier1,2019379.93,63,760,1,58689.23,843711.02,0.12,44172.29,0.22,1,1,150,4,0,240592.72512188496,17427.260618679706,3152.9657514620776,13054.7019779966,772,0.3487538746378966,1.4296940869039818,2.393446913320021,0.739142029457244,30,11208.128798227946,1,1,0,1
CUST_009018,36,Female,Married,3,Self-Employed,Trader,Graduate,tier2,2911475.17,35,751,3,46148.59,2270582.29,0.77,74045.41,0.29,1,1,138,4,0,456471.1160207606,29006.111173822774,8018.461125771765,24690.13464861192,760,0.1902062580615802,1.8813936220262055,1.2822586966188765,0.472364103645625,108,11311.96979693542,1,1,0,0
CUST_009029,43,Male,Single,0,Salaried,Sales Rep,Under-Graduate,tier2,584248.99,30,648,3,20178.12,235515.46,0.15,3025.74,0.03,0,0,221,0,112,10935.48462215959,2692.2308798203658,31313.718838885703,0.0,657,0.4144336934081462,0.2246013643079526,2.480714044360212,3.7189798168609434,0,8723.701342582339,0,1,0,0
CUST_009032,34,Male,Single,0,Salaried,Analyst,Graduate,tier1,1247934.61,186,718,2,29578.26,1017847.53,0.13,14827.22,0.15,0,0,137,4,0,123080.65172629547,5040.669084454157,12698.13977747146,1327.885321337322,724,0.2844185137054861,1.183518436510313,1.2260513948966454,1.0890868166827845,0,10162.788891989128,1,1,1,1
CUST_009034,43,Male,Married,2,Salaried,Govt. Employee,Graduate,tier2,1818926.15,19,797,0,43869.89,1429564.95,0.67,44578.29,0.29,0,1,107,4,0,245299.7376355753,12024.578839880793,2298.518584771064,6770.9829361029815,806,0.2894208799787942,1.6183050818011064,1.2723625307387882,0.5850427585608091,86,11617.48847021974,1,1,0,1
CUST_009043,41,Female,Married,3,Self-Employed,Trader,Graduate,tier2,2699160.87,260,752,3,40716.31,2013485.62,0.65,82486.22,0.38,1,1,138,4,0,458646.4829906997,30851.779926453564,4631.2576136053885,9159.269873506177,762,0.1810168312783908,2.0390534659932307,1.340540753133984,0.5093828185994729,123,11284.040320570874,1,1,0,0
CUST_009046,30,Female,Married,1,Salaried,Product Manager,Post-Graduate,tier1,2058886.17,78,786,3,55221.9,1251322.71,0.43,45307.62,0.25,1,1,140,4,0,267107.69822593435,17028.767795031043,2978.5509041682403,14038.437665281392,794,0.3218531201084121,1.5567998580091078,1.645366545480066,0.6766926186180654,30,11542.914891733695,1,0,0,1
CUST_009047,27,Male,Married,1,Salaried,Product Manager,Post-Graduate,tier1,2499741.43,92,755,2,58870.91,1464242.63,0.16,61816.05,0.28,1,1,150,4,0,342067.8554775779,13505.04899552998,4596.055452889587,21026.361223801723,763,0.2826082410856018,1.6420876621143128,1.7071895542410522,0.5976711314041622,27,11240.28576973291,1,1,0,0
CUST_009048,24,Male,Single,0,Salaried,Junior Software Engineer,Graduate,tier2,898704.63,29,709,2,10827.56,706161.51,0.17,14567.37,0.16,0,0,168,3,0,76507.0568276213,2344.5402981917005,19247.464768242568,4359.149817772974,720,0.1445736238351347,1.0215507884075268,1.2726597876174424,1.8487855619267617,0,9870.271789126517,1,1,1,1
CUST_009049,26,Female,Single,1,Salaried,Teacher,Graduate,tier1,1046112.36,96,747,1,16357.74,778232.43,0.35,12274.89,0.14,0,0,129,4,0,122351.36290390068,4384.398579944746,13274.87284300737,2312.5082718092044,755,0.1876381886375344,1.4034816614411008,1.344214113238492,1.2214609437957908,26,10464.747180834387,1,1,1,1
CUST_009052,42,Male,Married,1,Self-Employed,Trader,Graduate,tier2,2897351.11,41,739,2,50015.23,2213555.6,0.17,81237.91,0.29,1,1,120,4,0,481272.5594480904,36101.94775505223,3212.5419484023405,13102.960691145954,747,0.2071479263087601,1.9932850989384916,1.308912141663782,0.4127468457017564,42,11114.8429358189,1,1,0,0
CUST_009075,29,Female,Married,1,Salaried,Software Engineer,Post-Graduate,tier1,2551020.75,92,766,3,63106.38,1559736.52,0.35,46369.43,0.23,1,1,156,4,0,330736.5373331358,15669.617997303536,4805.601615113717,20838.387370598382,774,0.2968509753549812,1.5557771447652444,1.6355449024525617,0.6091321204640766,29,11418.051500922596,1,1,0,1
CUST_009077,34,Female,Single,1,Salaried,Gig Worker,Under-Graduate,tier2,733895.01,49,613,1,24706.21,596647.63,0.22,3636.22,0.09,0,0,205,1,77,16461.666084532713,4561.408856004152,22288.832172135422,0.0,621,0.4039674181610555,0.2691621558627605,1.2300288194745372,2.755765225525576,34,8387.302148144245,0,1,0,0
CUST_009078,30,Male,Single,1,Salaried,Teacher,Graduate,tier2,1248446.16,104,743,0,23748.78,1005836.44,0.42,15479.03,0.17,0,0,122,4,0,139897.59452742813,5730.7456252172415,15987.2946915496,4851.722005369065,751,0.2282698524714677,1.3446755270750423,1.241200725238464,0.9694494995320262,30,10542.095709829258,1,1,1,1
CUST_009079,49,Male,Married,1,Self-Employed,Business Owner,Graduate,tier2,2570296.37,61,760,1,57867.23,1685641.59,0.19,69789.68,0.26,1,1,133,4,0,378694.99341612967,27597.443286488797,2975.067290620138,11828.652857180634,766,0.2701647662611004,1.76801350920923,1.5248169364301598,0.5154446657613985,49,11305.801633295285,1,0,0,0
CUST_009081,34,Female,Married,2,Salaried,Sales Rep,Under-Graduate,tier1,718070.99,73,604,0,35032.65,474655.77,0.14,4868.44,0.07,0,0,212,1,121,9123.00777451462,4155.131199148685,30990.489130061767,0.0,613,0.5854362320990224,0.1524560459149372,1.512821548926817,2.9118039712034127,68,8265.891290976058,0,1,0,0
CUST_009085,34,Female,Married,1,Salaried,Sales Rep,Under-Graduate,tier1,549063.1,70,602,0,23915.51,198845.17,0.14,4406.15,0.1,0,0,216,0,132,7064.154137894333,2805.826528634253,27712.78263152676,0.0,610,0.5226718895101963,0.1543866215290622,2.761245539705391,3.863606809320809,34,8061.74198756459,0,1,0,0
CUST_009088,46,Female,Married,2,Salaried,Govt. Employee,Graduate,tier3,1841856.31,258,806,0,44206.96,1352196.73,0.21,60603.57,0.28,0,1,101,4,0,261263.41816655832,19364.138889661757,2772.4817124165925,8226.444253857979,817,0.2880138157108528,1.7021635048374872,1.3621205457873384,0.5453986870072008,92,11786.274867945098,1,1,0,1
CUST_009092,29,Female,Married,1,Salaried,Data Scientist,Post-Graduate,tier1,1977457.85,89,733,0,57269.7,1332807.32,0.42,42322.25,0.28,1,1,142,4,0,244382.95938376064,11345.364872523658,319.0635590208413,13860.845634190297,737,0.3475331874212898,1.4830039065349732,1.4836776003919303,0.7144805611852346,29,10684.527175777808,1,1,0,1
CUST_009094,31,Female,Single,0,Salaried,Sales Rep,Under-Graduate,tier3,578530.49,130,588,0,25989.63,445898.68,0.14,3109.76,0.09,0,0,197,0,113,7417.678615752966,2625.6718988977123,21631.819971821795,0.0,594,0.5390711406520894,0.1538558445189317,1.2974454029659763,3.3473202042599355,0,7881.339465260983,0,1,0,0
CUST_009095,32,Female,Married,1,Salaried,Software Engineer,Post-Graduate,tier1,2445039.14,48,778,1,54974.67,2107707.75,0.59,52703.17,0.27,1,1,153,4,0,336134.3726169118,13349.997387922116,1856.465678236094,12030.25508580505,785,0.2698086879278933,1.649704746626666,1.1600460167943034,0.6232079868184912,32,11547.014096878396,1,1,0,1
CUST_009099,31,Female,Single,0,Salaried,HR Manager,Post-Graduate,tier1,2220248.56,119,786,0,39470.64,785859.42,0.18,62081.09,0.26,0,1,165,4,0,293186.28622011404,8269.781503941229,21708.97298711551,25543.41254263925,792,0.2133297724299529,1.5846047522644675,2.8252454297163863,0.7398278512956421,0,11573.599088260322,1,1,0,0
CUST_009103,33,Female,Married,1,Salaried,Data Scientist,Post-Graduate,tier1,2452062.15,149,801,0,54572.97,1852214.27,0.27,61126.38,0.28,1,1,144,4,0,329049.4776755033,21961.509197251708,2291.3206809181,13474.915808940808,811,0.2670700802420677,1.6103076377629284,1.323853760259735,0.5848755686366407,33,11931.789107786304,1,1,0,1
CUST_009106,29,Male,Single,2,Self-Employed,Gig Worker,Under-Graduate,tier1,744647.81,129,610,0,36441.41,363129.14,0.76,4431.63,0.06,0,0,212,1,121,8861.846196971688,6552.431935683029,27479.46777870512,0.0,616,0.5872438852312978,0.1428063565880643,2.0506361989120485,2.809257473363634,58,8328.731481991863,0,1,0,0
CUST_009107,49,Female,Married,1,Self-Employed,Trader,Graduate,tier2,3131704.83,68,753,0,73213.01,2011496.37,0.59,103634.72,0.36,1,1,136,4,0,487481.2264007265,23311.82438884545,6446.962858985828,11457.02619121254,763,0.2805349805525041,1.8679130439800071,1.5569022742495555,0.4328859882104201,49,11412.258455053336,1,1,0,0
CUST_009112,31,Female,Single,2,Self-Employed,Gig Worker,Under-Graduate,tier2,696127.46,123,657,0,23524.79,613534.95,0.46,2865.11,0.07,0,0,209,1,91,14103.98782749161,2248.3327112686457,29582.120937977925,0.0,663,0.4055185723849069,0.2431234884025958,1.134615599949767,2.959805585240942,62,8919.530932699625,0,1,0,0
CUST_009114,27,Female,Married,0,Salaried,Software Engineer,Post-Graduate,tier1,2049267.03,80,707,0,47090.0,1680243.7,0.16,36656.58,0.26,1,1,148,4,0,257577.1459749576,11290.404429672264,3313.1350998283706,8207.893452073346,716,0.2757457582533307,1.5082991171287647,1.2196241595048627,0.7187023239040543,0,10405.62315183328,1,1,0,1
CUST_009118,31,Male,Single,0,Salaried,HR Manager,Post-Graduate,tier2,1545099.64,22,771,0,20203.63,591272.82,0.8,35408.24,0.23,0,1,162,4,0,184099.23940891144,4114.562543608805,16297.213764395545,15670.772849063547,780,0.1569100599099752,1.4297936897989696,2.613171068524563,1.0417338917267065,0,11115.467692173856,1,1,0,0
CUST_009128,37,Female,Married,1,Self-Employed,Sales Rep,Under-Graduate,tier1,744080.37,60,625,0,31012.92,235817.77,0.21,6027.74,0.07,0,0,203,1,105,10810.358563556185,4765.002362724415,31423.39178884125,0.0,634,0.5001462923212073,0.1743389772464327,3.155305958045664,2.6920207457462397,37,8571.620198656608,0,0,0,0
CUST_009131,41,Male,Married,2,Salaried,Govt. Employee,Graduate,tier2,1516172.23,157,787,0,25600.05,1142516.48,0.67,50334.95,0.31,0,1,103,4,0,218544.46946916683,11837.949338397408,2986.3786512900488,6726.969333641042,794,0.2026142957574489,1.7296932534577292,1.3270451056906367,0.6748910639004354,82,11299.96988453433,1,1,0,1
CUST_009132,24,Female,Single,0,Salaried,Analyst,Graduate,tier2,941820.14,52,778,1,13441.79,486744.79,0.17,14447.02,0.1,0,0,179,4,0,59926.25329030966,2865.8482452168973,20781.928035833236,3357.1962698694538,785,0.1712635119884526,0.763527818750925,1.9349322774830784,1.880607401310084,0,10798.122970391374,1,1,1,1
CUST_009134,23,Male,Single,0,Salaried,Consultant,Graduate,tier2,926432.51,32,724,1,18152.94,509126.77,0.74,10072.36,0.12,0,0,162,3,0,65906.86232793782,2180.6576787920235,19336.32491048112,1391.7206015577035,734,0.2351304127216426,0.8536748174321351,1.8196463924959347,1.7299698405387485,0,10084.49760715102,0,1,1,1
CUST_009136,58,Female,Married,1,Self-Employed,Investor,Post-Graduate,tier1,8676125.0,195,814,2,107017.84,2722926.49,0.48,358985.53,0.51,1,1,113,8,0,1908797.9004137528,14744.649716173168,6160.39237127257,45136.59260278531,822,0.1480168051749298,2.6400660576204635,3.18632245326518,0.1300925326310639,58,13132.342423736209,1,1,0,0
CUST_009140,30,Female,Married,0,Salaried,Product Manager,Post-Graduate,tier1,2424890.92,87,752,1,66218.8,1083853.63,0.28,41976.86,0.25,1,1,136,4,0,299914.6194941648,14839.315513296217,3791.611678128821,17961.792994831885,760,0.3276937783554651,1.4841729968843365,2.237284274921629,0.5585465816267449,0,11172.986109339128,1,1,0,1
CUST_009146,28,Male,Single,0,Salaried,HR Manager,Post-Graduate,tier2,1543958.94,80,765,0,16112.02,565170.04,0.73,42563.11,0.22,0,1,168,4,0,201516.03394280976,10806.26535471189,17999.61305781894,15679.479971903702,773,0.1252253102639354,1.5662162704394664,2.7318436910709365,1.081109646307643,0,11015.1426021894,1,1,0,0
CUST_009147,28,Male,Married,1,Self-Employed,Sales Rep,Under-Graduate,tier2,675025.66,70,631,2,30752.9,566609.36,0.47,3955.86,0.07,0,0,208,1,104,11250.457445823136,1362.6274532125562,26863.241937687868,0.0,641,0.5466877210969237,0.1999969740204977,1.19134013010281,3.0363826079157383,28,8603.827285302814,0,1,0,0
CUST_009148,34,Male,Single,0,Salaried,Architect,Post-Graduate,tier1,1992635.82,29,774,1,36109.73,1189170.98,0.71,54104.74,0.26,0,1,166,4,0,263436.1064112556,8862.807579831227,21889.825109552505,18159.258210858483,783,0.2174577743497092,1.5864485661771717,1.6756498248470335,0.828907574418598,0,11357.391004802246,1,1,0,0
CUST_009161,30,Female,Married,1,Salaried,Data Scientist,Post-Graduate,tier1,2360438.89,82,744,2,57636.71,1133141.5,0.38,46492.01,0.24,1,1,156,4,0,317497.0003774748,19149.420233214794,3102.528683374529,17528.854045482105,750,0.2930120355098766,1.6140831485503588,2.083090952814849,0.6581059763156349,30,11005.76891527528,1,1,0,1
CUST_009168,36,Male,Single,2,Salaried,Gig Worker,Under-Graduate,tier3,525481.14,17,606,1,27344.5,192396.83,0.54,3877.63,0.04,0,0,226,0,156,5180.488771684591,4962.088700613741,30825.99164387916,0.0,612,0.6244306062682379,0.1183000509963176,2.73122176066123,4.22050345227845,72,8061.307747009844,0,1,0,0
CUST_009169,29,Male,Single,1,Salaried,Analyst,Graduate,tier1,999012.31,89,697,2,16946.24,647727.66,0.2,14442.91,0.17,0,0,134,4,0,98935.41063278168,5171.200641363567,16788.092917942173,2639.7844651995997,705,0.2035534850998771,1.1883844223904625,1.542331491090729,1.3280313696073736,29,9739.238983510008,1,1,1,1
CUST_009176,28,Male,Married,0,Salaried,Data Scientist,Post-Graduate,tier1,2156130.03,108,793,3,44988.63,1664793.49,0.34,43944.56,0.22,1,1,161,4,0,274061.25438043027,24744.95223844993,3864.8245005648846,14143.733152744317,800,0.2503840435780569,1.525286834914657,1.2951328484995164,0.7432610128211001,0,11667.060786997508,1,1,0,1
CUST_009178,37,Male,Single,0,Salaried,HR Manager,Post-Graduate,tier2,1811122.75,142,814,2,30184.5,1490586.26,0.52,43676.21,0.21,0,1,168,4,0,230385.19777828144,10456.69396388466,12588.217137666676,12000.806907999711,820,0.1999928497865771,1.5264586874827382,1.2150397354127394,0.9225078320503106,0,11815.755614894104,1,1,0,1
CUST_009182,36,Male,Married,2,Salaried,Gig Worker,Under-Graduate,tier1,587568.1,179,621,0,25492.29,265070.43,0.19,3496.01,0.06,0,0,208,0,116,8141.514184483607,4095.173191130272,24031.196900973588,0.0,627,0.5206226010717517,0.1662720882034692,2.216640624000859,3.4807748271703263,72,8328.910707711078,0,1,0,0
CUST_009190,45,Female,Married,3,Self-Employed,Trader,Graduate,tier2,3425340.94,167,700,0,51425.61,3017187.89,0.29,109432.27,0.39,1,1,124,4,0,630014.7909303302,30991.0917054836,2472.8543364843863,6952.108249696929,709,0.1801587546771166,2.20712365224588,1.1352756041733931,0.3609539843809505,135,10668.11870958476,1,0,0,0
CUST_009191,38,Male,Married,2,Self-Employed,Business Owner,Graduate,tier2,2860131.97,84,759,2,47564.12,1286640.16,0.71,76671.13,0.38,1,1,132,4,0,489146.38706242695,31963.91505704965,4447.335943204198,16399.69741501074,770,0.1995596885984729,2.0522591541953474,2.222944562103081,0.459909165779579,76,11447.111579536142,1,1,0,0
CUST_009193,33,Female,Married,0,Salaried,Software Engineer,Post-Graduate,tier1,1911533.78,78,725,0,39447.28,1091362.21,0.23,34578.83,0.22,1,1,149,4,0,247587.37264438556,18223.207899614936,3479.9150972697853,13815.606402743291,730,0.2476359001980062,1.554264879668551,1.7515101869706604,0.7754222254682402,0,10558.294429774083,1,1,0,1
CUST_009201,30,Female,Married,0,Salaried,Data Scientist,Post-Graduate,tier1,2501388.3,47,740,0,60244.63,1042634.01,0.6,55981.5,0.22,1,1,153,4,0,343417.06375855504,15303.202331976654,5597.598311079275,19682.91706223195,747,0.2890123424067711,1.6474791200363494,2.39910253924813,0.6092247861471681,0,11005.07057104599,1,1,0,1
CUST_009204,27,Male,Married,1,Salaried,Product Manager,Post-Graduate,tier1,2267621.48,105,733,2,56720.52,718359.58,0.66,43061.04,0.24,1,1,154,4,0,282663.31036160456,15630.117723332922,1801.875960184983,20111.21742650046,742,0.300157078294681,1.4958148017550237,3.15666190926011,0.6761439569844591,27,10858.607916411527,1,1,0,0
CUST_009205,25,Female,Married,1,Salaried,Sales Rep,Under-Graduate,tier3,639334.9,66,651,2,32245.44,526699.77,0.27,2047.72,0.08,0,0,205,1,130,6383.9875335854185,2215.877619780816,24248.364710111506,0.0,663,0.6052196076965416,0.1198220409030293,1.2138484247896582,3.1570765717351708,25,8863.106827610653,0,1,0,0
CUST_009206,33,Female,Single,0,Salaried,HR Manager,Post-Graduate,tier2,1987457.83,139,823,0,39123.73,1516063.4,0.74,48615.43,0.22,0,1,171,4,0,233592.93634966476,8646.406934944598,15887.34548025212,18914.2434606688,829,0.2362223329951127,1.4103938554860864,1.3109323258299583,0.8560881608198957,0,12022.462583578625,1,1,0,0
CUST_009207,30,Female,Married,0,Salaried,Software Engineer,Post-Graduate,tier1,2571288.92,80,775,2,64020.03,1007059.3,0.79,53874.03,0.25,1,1,147,4,0,333010.55635308614,14461.963626573632,3225.4419535578845,21351.577576163905,779,0.2987749718535472,1.5541264132698376,2.5532621234299477,0.5694829387792824,0,11497.976313128733,1,1,0,1
CUST_009208,30,Female,Single,0,Salaried,Architect,Post-Graduate,tier2,1720115.22,12,769,2,28041.55,948014.93,0.34,37862.71,0.22,0,1,158,4,0,213977.73490000557,9176.202152218168,9927.220155892815,17090.611630404415,776,0.1956242515597189,1.4927575059245133,1.814437042212993,0.913233975249348,0,11141.732275028891,1,1,0,0
CUST_009209,41,Male,Married,2,Self-Employed,Trader,Graduate,tier2,3676717.68,39,725,1,65051.95,2314650.02,0.46,119024.63,0.26,1,1,130,4,0,668749.5864392894,31468.352516826497,3716.1823782231354,8838.086896433451,735,0.2123146023615203,2.182644832695852,1.588454435779265,0.3526171822302379,82,11111.385468260252,1,1,0,0
CUST_009212,58,Female,Married,1,Self-Employed,Surgeon,Post-Graduate,tier1,7891993.58,148,855,2,120372.42,4572857.08,0.63,341773.17,0.49,1,1,126,8,0,1729435.7299704086,19254.978078611937,4856.204552172456,32805.70413780832,863,0.1830293992265524,2.629652063632335,1.7258339187294438,0.1594534325096224,58,13705.613213421631,1,1,0,0
CUST_009215,51,Male,Married,1,Salaried,Govt. Employee,Graduate,tier3,1738773.22,60,855,2,40954.23,545528.4,0.62,42845.96,0.37,0,1,106,4,0,232770.258253902,17531.31638942097,4263.120608756962,4937.971412361764,864,0.2826402906737383,1.6064336566231128,3.1873134976776685,0.6061391996842221,51,12414.54898224276,1,1,0,1
CUST_009219,26,Female,Married,0,Self-Employed,Gig Worker,Under-Graduate,tier2,705109.83,31,589,2,36074.33,355010.45,0.42,1463.07,0.09,0,0,207,1,123,7741.747691973986,3757.529856327493,26654.30228354184,0.0,599,0.6139250574613468,0.1317516609912472,1.9861608125597077,2.8946602509994865,0,8066.200054792476,0,0,0,0
CUST_009223,29,Male,Married,0,Salaried,Product Manager,Post-Graduate,tier1,2576218.4,110,764,3,51065.96,957190.16,0.24,62941.72,0.29,1,1,150,4,0,386536.7999039936,23656.486196592483,2663.0068941194354,20159.865254191864,772,0.2378636320726593,1.8004762302501836,2.691435637579436,0.5799974201714752,0,11396.135487774767,1,1,0,1
CUST_009228,41,Female,Married,2,Self-Employed,Trader,Graduate,tier2,2622651.69,211,792,3,41699.5,1836972.81,0.4,78448.87,0.26,1,1,127,4,0,458412.62777334696,28028.274057252413,5176.774257648232,15860.84546029374,801,0.1907960986030961,2.097467378015274,1.4277022762779616,0.4824033520362885,82,11838.537169342451,1,1,0,0
CUST_009236,25,Male,Single,0,Salaried,Consultant,Graduate,tier2,797812.1,23,725,1,10588.27,681428.12,0.63,10998.25,0.16,0,0,167,1,0,59438.475361375866,3137.3424555642964,17773.995344838295,2730.0666226755693,736,0.1592572097032416,0.8940087223944607,1.17079249563036,2.0673124356518056,0,10001.96741391691,0,1,1,0
CUST_009250,36,Female,Single,0,Salaried,Architect,Post-Graduate,tier1,2006573.78,140,732,1,41205.23,1047766.24,0.35,48603.75,0.31,0,1,161,4,0,260717.62811239605,6985.39386413837,20079.67950857381,22222.76914250438,739,0.2464199462232808,1.5591715881434944,1.9150949785374087,0.7983838806036643,0,10724.323465547515,1,1,0,0
CUST_009263,55,Male,Married,2,Salaried,Govt. Employee,Graduate,tier3,1447828.73,152,757,1,33903.32,530161.27,0.64,32200.09,0.4,0,1,111,4,0,178242.05106871907,12815.347079455596,1308.6733611059965,8334.451638293107,761,0.2809976481321947,1.4773065631498217,2.730916196658053,0.7614063141697036,110,10795.22353023351,1,1,0,1
CUST_009269,25,Female,Single,0,Salaried,Analyst,Graduate,tier2,1012950.46,60,736,0,16091.72,366288.97,0.31,14868.93,0.13,0,0,164,3,3,58107.233857268,1157.6925479044774,21389.489203322057,5296.064414156168,744,0.1906296112888527,0.6883639165534486,2.765433244049789,1.6032056918963602,0,10288.313875563552,0,1,1,1
CUST_009275,45,Male,Married,1,Salaried,Sales Rep,Under-Graduate,tier2,524886.33,48,607,1,25671.98,408957.67,0.49,1272.56,0.03,0,0,198,0,124,5553.736517059369,6915.095963360007,22297.94474084425,0.0,619,0.5869017720060188,0.1269671370543557,1.283470356552167,3.7017210740831614,45,8152.811184682162,0,1,0,0
CUST_009278,29,Male,Single,0,Self-Employed,Sales Rep,Under-Graduate,tier3,632278.52,46,627,0,32928.75,420890.95,0.45,2210.31,0.04,0,0,198,1,117,7778.197321389215,4688.132494525533,26006.82033943489,0.0,635,0.6249421547550641,0.1476194326884271,1.5022347659535895,3.082774743891482,0,8481.750152184404,0,1,0,0
CUST_009284,51,Male,Married,1,Salaried,Govt. Employee,Graduate,tier3,1487935.72,68,759,1,32087.64,1172518.45,0.38,45984.15,0.29,0,1,112,4,0,198537.45884362888,20386.35939040454,818.5498089059997,3332.8633513797795,767,0.2587803824182748,1.6011647950396717,1.269007281712896,0.7476956354308716,51,10901.295041373884,1,1,0,1
CUST_009289,25,Female,Single,0,Salaried,Consultant,Graduate,tier1,977467.84,38,730,1,9971.85,709727.75,0.63,9354.22,0.18,0,0,168,4,0,69039.14418044688,2555.2455011326647,20424.84179946943,3250.5578624520595,741,0.1224190976665053,0.8475568459451425,1.3772414320259676,1.7013212298640532,0,10220.406774583926,1,1,1,1
CUST_009296,34,Female,Single,0,Salaried,Teacher,Graduate,tier2,1193604.83,29,676,3,25150.22,746407.46,0.67,17113.54,0.18,0,0,140,4,0,133005.46060571153,4489.883639277355,18602.893821826045,2270.608904617882,685,0.2528471720694488,1.3371674118138384,1.5991308967746696,1.163172467495,0,9584.855234070112,0,1,0,1
CUST_009300,28,Female,Married,1,Salaried,Software Engineer,Post-Graduate,tier1,2665959.59,21,851,3,52080.16,1324226.49,0.64,61104.45,0.27,1,1,148,4,0,395464.4763328399,20419.90447229537,3897.1867147334087,26543.02332717632,859,0.2344218229272278,1.7800541212796943,2.013218733285774,0.5530726269300651,28,12709.828422565524,1,1,0,0
CUST_009303,46,Female,Married,2,Salaried,Govt. Employee,Graduate,tier2,1291196.81,22,800,0,25671.21,512681.6,0.14,38973.58,0.39,0,1,123,4,0,170737.94926654335,19593.88246708111,2333.39149258543,6420.566089193194,807,0.2385783907406889,1.5867730883887945,2.518511082685466,0.9452835962608914,92,11355.36227048258,1,1,0,1
CUST_009304,55,Male,Married,2,Salaried,Govt. Employee,Graduate,tier3,1688634.51,13,783,1,34847.4,1248661.19,0.62,43953.25,0.25,0,1,110,4,0,251051.6537355373,21582.27000302539,4513.537178381155,7178.352681342817,791,0.2476354864820109,1.7840441009921295,1.3523549631946492,0.6475789780109907,110,11342.49021386888,1,1,0,1
CUST_009305,40,Female,Married,1,Self-Employed,Business Owner,Graduate,tier2,3185211.66,225,757,1,70703.31,2209661.8,0.23,67785.4,0.31,1,1,126,4,0,482638.092868721,27787.62666846326,1187.3064656361,17494.835507840548,767,0.2663673922351813,1.8182889908662336,1.441492186047573,0.3943400732332079,40,11485.080713930489,1,0,0,0
CUST_009309,32,Female,Married,0,Salaried,Data Scientist,Post-Graduate,tier1,2016428.67,129,721,1,51027.47,1211254.66,0.35,42337.04,0.27,1,1,141,4,0,243593.19942637492,14200.676418209736,1751.2914425907306,18491.274390809467,727,0.3036685626857546,1.449642648358456,1.6647424128445354,0.6958053944232836,0,10553.741964213794,1,1,0,0
CUST_009310,50,Male,Married,1,Self-Employed,Trader,Graduate,tier2,2722888.47,186,752,1,62065.53,926960.72,0.54,58820.62,0.39,1,1,123,4,0,406052.7669511436,31370.10609768912,3344.933410526386,9697.832924439195,759,0.2735268395616384,1.789501032850357,2.9374335652177743,0.4500732516171799,50,11246.257972295458,1,1,0,0
CUST_009311,29,Female,Single,0,Salaried,HR Manager,Post-Graduate,tier1,2210028.75,116,776,0,44657.97,829598.94,0.72,37071.87,0.22,0,1,168,4,0,279148.7558742236,10295.591898203564,13866.762586581552,12035.584916555908,781,0.2424822438228797,1.5157119028192956,2.663969274153998,0.7567469565427926,0,11409.25141378954,1,1,0,1
CUST_009316,38,Male,Single,0,Salaried,HR Manager,Post-Graduate,tier1,1990743.41,25,738,0,30328.65,887958.12,0.42,57366.0,0.32,0,1,167,4,0,269687.22333520564,5860.76641667669,24563.237465885533,17733.324379614343,748,0.1828169337990145,1.6256375161740575,2.2419313740479403,0.8346897416495801,0,10849.00636319235,1,1,0,0
CUST_009324,50,Female,Married,1,Salaried,Govt. Employee,Graduate,tier3,1862113.99,118,792,3,44792.67,1085514.93,0.62,58869.92,0.37,0,1,113,4,0,251141.34850504552,23079.03626877329,3530.522544389419,5390.479048220408,800,0.2886550334867513,1.6184169053247284,1.7154183909581135,0.6035957244248786,50,11549.778792870777,1,1,0,1
CUST_009325,29,Male,Married,1,Self-Employed,Gig Worker,Under-Graduate,tier1,527382.53,123,590,2,18721.56,467115.26,0.67,1290.98,0.02,0,0,217,0,133,6950.369469082894,4467.478302301318,23231.710102021825,0.0,598,0.4259784795265131,0.1581442902507819,1.1290177096382816,4.038091822597955,29,7879.058627599365,0,1,0,0
CUST_009326,27,Female,Single,0,Salaried,Analyst,Graduate,tier2,1182669.72,30,697,3,26631.68,898562.26,0.11,14092.39,0.1,0,0,137,4,0,116582.46093453042,6248.949644601704,13014.684523280876,2014.321797582307,704,0.2702165380555641,1.1828960468031628,1.3161785849112058,1.148683476260301,0,9844.233175758502,1,1,1,1
CUST_009331,45,Female,Married,2,Self-Employed,Trader,Graduate,tier2,2688142.49,240,681,1,47340.84,1424924.55,0.32,80951.73,0.25,1,1,120,4,0,472478.2633676551,25411.212484909676,413.6281924459879,9495.69224942849,690,0.211330889691537,2.1091567398761595,1.8865143445564576,0.4447504179069504,90,10215.009339018829,1,0,0,0
CUST_009334,31,Male,Married,0,Salaried,Software Engineer,Post-Graduate,tier1,2186174.61,67,759,0,48960.27,757204.42,0.19,47933.53,0.2,1,1,156,4,0,273906.76868411823,15913.322840240557,3845.2629449038286,16789.305322161363,766,0.2687434079563775,1.5034769718077354,2.887161861572517,0.710326033684544,0,11181.81083728144,1,1,0,1
CUST_009336,42,Female,Single,0,Self-Employed,Sales Rep,Under-Graduate,tier1,611140.43,192,630,3,30399.57,454376.69,0.55,2174.89,0.08,0,0,218,1,132,7161.352166957325,4388.054839496652,24729.19240403696,0.0,638,0.596896653098475,0.1406134080224272,1.3450053632694865,3.5096733278173504,0,8500.127390623646,0,1,0,0
CUST_009338,45,Female,Married,2,Self-Employed,Business Owner,Graduate,tier2,2586334.79,132,780,3,33339.46,2269632.95,0.34,70119.5,0.38,1,1,127,4,0,442130.9131461282,31060.29567205717,3026.8394073500567,15296.401426809003,785,0.1546867270649347,2.0513764736683044,1.1395382898638786,0.4891510928758151,90,11591.115853071677,1,1,0,0
CUST_009339,31,Male,Single,0,Salaried,HR Manager,Post-Graduate,tier1,1832793.78,100,789,2,17264.71,1144350.28,0.29,34699.3,0.3,0,1,164,4,0,256230.8949055532,6732.239811355187,28253.520949852744,17579.002571857178,795,0.1130379019210644,1.6776304245759406,1.6016006728283645,0.8899530798286067,0,11464.9752868028,1,1,0,0
CUST_009340,29,Female,Single,0,Salaried,Teacher,Graduate,tier1,911008.69,115,692,3,22344.08,741019.62,0.65,12595.47,0.14,0,0,125,3,0,76759.54242013383,4102.9934572642205,15203.01673801348,3513.0480611481644,700,0.2943170917446452,1.011079681452247,1.229397219742684,1.3572076068033627,0,9605.616168993973,0,1,0,1
CUST_009341,41,Male,Married,2,Self-Employed,Trader,Graduate,tier2,2910057.57,237,751,0,68703.98,2176401.43,0.39,84629.74,0.3,1,1,131,4,0,422231.7926546216,25837.55548575092,6038.172166746495,10607.168355559374,759,0.2833086083230649,1.7411204062229548,1.3370953505138292,0.4486212920795257,82,11296.715978464506,1,1,0,0
CUST_009343,25,Male,Single,0,Salaried,Analyst,Graduate,tier2,807129.3,26,759,2,7354.81,245442.24,0.79,11402.18,0.17,0,0,172,1,0,64658.92031498001,3599.9326243082137,19962.83975821859,3774.576777410713,769,0.1093460587384142,0.9613026167534234,3.2884560194039163,2.1049300275978355,0,10459.353864850184,1,1,1,1
CUST_009347,31,Male,Single,1,Salaried,Sales Rep,Under-Graduate,tier2,632644.41,123,633,2,23800.79,422022.13,0.23,3585.37,0.08,0,0,212,1,112,10154.684165851126,4690.294490610858,29653.85722386153,0.0,641,0.4514448529810992,0.19261040916382,1.49907520471686,3.2988694323195,31,8562.263502423,0,1,0,0
CUST_009348,30,Male,Married,1,Salaried,Data Scientist,Post-Graduate,tier1,1907219.82,61,734,3,34346.64,1354192.19,0.15,37619.6,0.25,1,1,143,4,0,246740.78780428853,13404.832037006512,2490.3325375893232,16129.67105009257,742,0.2161036092613009,1.5524538876723764,1.4083808972632628,0.745871696652917,30,10730.178992861758,1,1,0,0
CUST_009353,26,Female,Single,1,Salaried,Teacher,Graduate,tier1,1226257.52,92,723,3,28864.9,823705.3,0.17,20027.01,0.13,0,0,127,4,0,142287.89370408494,6582.663150721326,13373.870555078687,2394.457397205203,732,0.2824654730062931,1.3923975900901615,1.4887072248931446,1.0272940543973397,26,10262.258070106058,1,1,1,1
CUST_009356,40,Male,Married,2,Salaried,Govt. Employee,Graduate,tier3,1587341.66,122,773,3,35157.3,912823.19,0.64,48666.05,0.33,0,1,106,4,0,212781.60677856323,12298.45461517268,1863.212110493746,3132.6085642941453,779,0.2657804688590947,1.6085761766176034,1.7389347011060257,0.6636025507529805,80,11122.2285046673,1,1,0,1
CUST_009362,23,Female,Single,0,Salaried,Consultant,Graduate,tier2,1095971.92,12,743,0,20275.77,788908.73,0.66,12255.73,0.17,0,0,165,4,0,109131.35011449056,1595.590155414898,14293.074195955092,3047.19270952878,751,0.2220007388429567,1.1948863276879889,1.389223479345349,1.491900445356696,0,10444.271931654896,1,1,1,1
CUST_009364,23,Female,Single,0,Salaried,Analyst,Graduate,tier2,765079.43,43,720,2,9782.18,275817.34,0.38,12405.3,0.14,0,0,163,1,7,36383.62039035222,3901.3599586020655,15600.89620462274,5831.562522997387,726,0.1534276236762971,0.570655254476222,2.773852637935534,2.1030102682508294,0,9835.656513533891,0,1,1,0
CUST_009370,30,Male,Single,0,Salaried,Architect,Post-Graduate,tier1,2095605.36,103,784,0,21795.01,1118020.52,0.73,38279.49,0.2,0,1,168,4,0,296321.48694647447,8849.81322858178,19119.638525593386,21192.450406507127,791,0.1248033753642888,1.6968068270620231,1.8743873194855856,0.7978703093726927,0,11513.284619640564,1,1,0,0
CUST_009375,33,Male,Married,1,Salaried,Software Engineer,Post-Graduate,tier1,2446140.29,33,765,1,45844.95,2017783.92,0.22,54537.44,0.29,1,1,152,4,0,348108.235237802,21058.16018061105,3339.6968240749547,12786.080371092956,772,0.2248998977900922,1.7077018630159055,1.2122899055068763,0.6188571581959595,33,11356.13725980227,1,1,0,1
CUST_009378,25,Female,Single,1,Self-Employed,Sales Rep,Under-Graduate,tier2,582193.44,18,674,2,27306.76,234343.04,0.61,2186.05,0.09,0,0,216,0,126,7359.560744874286,4690.633999336319,25141.582965682235,0.0,682,0.5628273071443647,0.1516899755153291,2.484353517162203,3.647456817488557,25,9053.249756500889,0,1,0,0
CUST_009379,45,Female,Married,1,Salaried,Gig Worker,Under-Graduate,tier3,621746.11,200,600,1,27573.02,264801.28,0.23,4320.61,0.05,0,0,211,1,127,7637.278265674497,3519.3610198523684,22485.70806658193,0.0,608,0.5321623227399479,0.1474003116551129,2.347963582488791,3.3399493350263763,45,8110.895537798492,0,1,0,0
CUST_009394,32,Male,Married,0,Salaried,Product Manager,Post-Graduate,tier1,2161913.75,125,743,0,61368.46,768349.62,0.23,40310.45,0.26,1,1,149,4,0,262319.0865169588,15219.592545660073,4174.815893687234,11427.078838190208,752,0.3406321979374176,1.4560301334139276,2.8137073020127192,0.6860309254914013,0,10969.051643681792,1,1,0,1
CUST_009397,55,Female,Married,1,Self-Employed,CXO,Post-Graduate,tier1,10474097.71,379,830,1,91186.19,9273996.71,0.74,422818.53,0.52,1,1,123,8,0,2523028.04153234,24834.38833739539,5956.010163797806,44997.735653897325,836,0.1044703855789572,2.890588063010472,1.1294048195317057,0.1173205395469363,55,13513.451757663071,1,1,0,0
CUST_009398,23,Male,Single,0,Salaried,Analyst,Graduate,tier2,950465.61,38,748,0,9423.28,785597.3,0.39,13086.33,0.13,0,0,175,4,0,62026.70425432087,1294.373830420971,22416.97720849212,3562.91449905062,757,0.1189710928593047,0.7831015094104642,1.2098621012800053,1.822032961700732,0,10419.884191740435,1,1,1,1
CUST_009399,27,Male,Married,1,Salaried,Gig Worker,Under-Graduate,tier3,541394.89,35,589,3,25849.23,311445.57,0.31,4233.34,0.05,0,0,199,0,123,5924.692736568972,3769.01494172491,21841.749708091254,0.0,597,0.5729346370157941,0.1313177097521379,1.7383234947811437,3.609028730752293,27,7881.537920628226,0,0,0,0
CUST_009406,31,Female,Single,0,Salaried,HR Manager,Post-Graduate,tier2,1779629.83,45,754,1,14833.79,1270653.74,0.45,34098.85,0.32,0,1,165,4,0,258749.20235570864,8623.143783249363,17163.876466722184,19883.726659782224,761,0.1000232052311335,1.7447277176377136,1.4005612807142247,0.9219783735947226,0,10952.248457932006,1,1,0,0
CUST_009413,40,Male,Married,2,Self-Employed,Gig Worker,Under-Graduate,tier1,621477.47,87,583,1,27446.39,392968.25,0.58,4783.57,0.09,0,0,212,1,117,8175.510037941158,3442.7391458632337,30119.459867579662,0.0,590,0.5299473215531714,0.1578564484049808,1.5814913507863528,3.357206077360132,80,7870.515362929233,0,0,0,0
CUST_009424,32,Male,Single,1,Salaried,Teacher,Graduate,tier2,1249772.62,44,679,3,15778.31,600671.29,0.13,13261.93,0.17,0,0,131,4,0,156906.52497319682,6134.919576518448,20328.509952104017,1545.6809630180608,689,0.1514978796906622,1.506562226440554,2.0806230632014007,1.039870194988045,32,9672.507889336372,0,1,0,1
CUST_009436,32,Female,Married,0,Salaried,Data Scientist,Post-Graduate,tier1,2126869.72,63,724,1,48241.97,863889.72,0.61,45409.27,0.28,1,1,153,4,0,269041.05379797355,17884.611855300533,3499.9425920194367,13455.814736717088,732,0.2721842190641424,1.5179464919072616,2.461966161646001,0.7160005992316648,0,10665.358812305843,1,0,0,1
CUST_009438,23,Female,Single,0,Salaried,Consultant,Graduate,tier2,972944.08,24,755,2,12259.04,433627.89,0.32,10835.95,0.13,0,0,157,4,0,82529.69320336364,1101.582561905481,14808.165647791517,2419.191699963283,764,0.1511974517904241,1.017883888901094,2.243725227809429,1.5972424392647038,0,10534.095347508815,1,1,1,1
CUST_009442,29,Female,Single,0,Salaried,Architect,Post-Graduate,tier1,2237642.8,30,710,2,23874.83,1641003.49,0.16,49369.1,0.34,0,1,157,4,0,340113.29742744885,8445.86832644705,18419.231507492943,32924.73135674675,719,0.1280349229916965,1.8239451273401897,1.363581156319688,0.6985095674455034,0,10512.45154256495,1,1,0,0
CUST_009445,30,Female,Married,0,Salaried,Product Manager,Post-Graduate,tier1,2541090.01,67,695,3,69871.86,1778653.43,0.67,49620.26,0.28,1,1,140,4,0,310338.52578956616,11298.474957789604,1063.8611550429728,17642.42978705488,704,0.3299601183661257,1.4655304253113373,1.4286586349434949,0.5487850269932264,0,10382.66527110105,1,0,0,1
CUST_009451,36,Male,Single,1,Self-Employed,Sales Rep,Under-Graduate,tier2,676709.86,133,625,3,32730.68,465630.88,0.14,4472.82,0.05,0,0,210,1,126,7921.466156793656,5428.684724015485,25597.04148920034,0.0,634,0.5803982155977642,0.1404677453178827,1.4533151381301468,3.058060066299325,36,8511.449600936347,0,0,0,0
CUST_009455,50,Female,Married,2,Self-Employed,CXO,Post-Graduate,tier1,9624421.48,177,837,0,83876.96,5926242.57,0.78,330091.55,0.57,1,1,129,8,0,2176748.4072683034,17356.820969772005,9552.01987346991,41831.42014971474,845,0.1045800277067321,2.714027889693476,1.6240340725651274,0.1338949103148433,100,13587.443196949704,1,1,0,0
CUST_009466,28,Female,Single,0,Salaried,Architect,Post-Graduate,tier2,1873437.08,51,774,3,23172.53,1310364.66,0.79,50168.07,0.29,0,1,168,4,0,279085.89202569105,7599.340991696606,18731.322915255747,22394.938962530134,783,0.1484269644521109,1.7876283588707371,1.4297055678336383,0.8919862616275983,0,11309.09281759758,1,1,0,0
CUST_009468,28,Male,Single,0,Salaried,Sales Rep,Under-Graduate,tier1,557332.29,54,627,2,20982.4,344174.53,0.51,4398.42,0.08,0,0,204,0,109,8784.45948959702,4236.386609001849,32075.21056404975,0.0,635,0.4517652813846895,0.1891353616902834,1.6193257260328764,3.5957762954052903,0,8401.633378441747,0,0,0,0
CUST_009473,30,Male,Married,0,Salaried,Product Manager,Post-Graduate,tier1,2384012.23,52,781,3,42529.56,1064660.09,0.4,52345.05,0.22,1,1,144,4,0,330813.52327895566,14868.406483630644,7661.953279874454,22974.652563284708,789,0.2140727906947489,1.6651518174156594,2.239221713268398,0.6015006865691743,0,11585.909430895765,1,1,0,0
CUST_009477,40,Female,Married,1,Self-Employed,Business Owner,Graduate,tier2,3216068.82,84,751,0,74116.99,2572604.48,0.71,84135.77,0.4,1,1,117,4,0,517093.91033794713,23453.87026983556,4601.031461770974,14235.785145155496,758,0.2765489829947744,1.929406402185927,1.2501212661647598,0.3626705024848168,40,11357.622329387206,1,1,0,0
CUST_009482,50,Female,Married,2,Self-Employed,CXO,Post-Graduate,tier1,9183637.13,305,801,0,137465.14,5830890.3,0.21,371982.98,0.48,1,1,119,8,0,1977315.7875998355,16288.491702587136,4703.380156516752,28018.80551615339,812,0.1796215923157769,2.5836994766804664,1.5749971415176272,0.1294373470665792,100,13018.74240356968,1,1,0,0
CUST_009493,28,Female,Single,1,Salaried,Sales Rep,Under-Graduate,tier1,652805.91,105,671,3,28549.57,365333.53,0.56,1147.66,0.04,0,0,212,1,123,8259.268394191122,5430.019843344147,25514.191087987198,0.0,680,0.5247938739916005,0.1518206213587085,1.7868716378930838,3.19852307895082,28,9104.544934068355,0,0,0,0
CUST_009500,29,Male,Married,0,Salaried,Product Manager,Post-Graduate,tier1,2665860.33,122,757,2,74777.29,1350292.3,0.41,50273.14,0.27,1,1,142,4,0,359894.5168064909,18675.274040539804,441.40782510570784,16471.16202048001,765,0.3365980695707209,1.6200078875037094,1.9742824244184576,0.5306704479601894,0,11318.968889547546,1,0,0,1
CUST_009502,47,Female,Married,1,Salaried,Govt. Employee,Graduate,tier3,1304988.87,15,764,2,27522.49,771607.99,0.71,37190.87,0.27,0,1,114,4,0,163901.04331869417,12932.702746573055,1269.0455884417383,3593.1994287910693,771,0.2530801990959592,1.507135025760044,1.6912566946634462,0.8669274896600454,47,10856.995199753912,1,1,0,1
CUST_009505,27,Female,Married,0,Salaried,Software Engineer,Post-Graduate,tier1,2502393.82,78,767,3,64418.82,1379015.71,0.22,47468.3,0.22,1,1,146,4,0,321874.9143075615,20014.321637506848,1810.525267961841,13031.881276508024,775,0.3089130603124956,1.5435142217223337,1.814621825721024,0.5811190858605122,0,11417.888038471605,1,0,0,1
CUST_009519,32,Male,Married,0,Salaried,Software Engineer,Post-Graduate,tier1,2249663.62,55,737,1,62828.09,1106690.89,0.24,45779.47,0.29,1,1,153,4,0,264702.49612735497,11783.568637872762,2261.963158908264,17531.03215722895,744,0.3351314621972033,1.411950205304825,2.032782240773446,0.6770919292845897,0,10881.961028737702,1,1,0,1
CUST_009520,27,Female,Married,2,Self-Employed,Sales Rep,Under-Graduate,tier2,720287.15,106,576,2,37410.16,635693.4,0.27,3739.78,0.09,0,0,189,1,89,10234.750014748812,3222.4752693845167,25742.268423183268,0.0,584,0.623243717558184,0.1705083230724147,1.133071409784324,2.58802308105791,54,7876.645465649929,0,0,0,0
CUST_009522,28,Female,Single,0,Salaried,Consultant,Graduate,tier1,1004934.57,51,703,3,16422.92,602403.44,0.35,10019.22,0.12,0,0,164,4,0,73143.07677719701,3358.7498059915765,17296.67364860936,3090.1301315326914,710,0.1961049929251462,0.8733966038874725,1.6682057821486176,1.6158677105658152,0,9812.508131456909,1,1,1,1
CUST_009525,31,Female,Married,1,Salaried,Data Scientist,Post-Graduate,tier1,2252648.51,77,807,1,56699.55,1679912.29,0.16,45904.65,0.25,1,1,141,4,0,293902.138167924,19032.9751229942,4892.204516370228,16220.153486243502,815,0.3020404526024208,1.5656267965629176,1.3409314179543157,0.6231635155740562,31,11921.508377741517,1,1,0,1
CUST_009536,24,Male,Single,0,Salaried,Consultant,Graduate,tier2,767564.33,70,719,1,10693.65,670559.22,0.12,10480.76,0.19,0,0,169,1,11,35590.20158095633,2985.4175844541705,17506.91174316071,2501.9227763332533,726,0.1671805069861912,0.5564038419103883,1.1446612952972366,2.1734536099411863,0,9838.010663498377,0,1,1,0
CUST_009540,35,Female,Single,0,Salaried,Gig Worker,Under-Graduate,tier3,599540.06,110,620,0,28390.74,418813.44,0.67,4482.92,0.03,0,0,201,0,116,7014.090683949477,3348.5584959560856,31934.08558878612,0.0,626,0.5682390283172407,0.1403866216511602,1.4315171654539898,3.297568333736752,0,8328.25375818715,0,1,0,0
CUST_009542,41,Female,Married,3,Self-Employed,Trader,Graduate,tier2,3039565.58,234,720,3,42770.85,2358799.89,0.45,72976.66,0.37,1,1,141,4,0,498766.1810131265,28737.80625368925,3097.338019177563,12645.372306135245,730,0.1688557658067737,1.9690874848989768,1.288606254510952,0.462360937324063,123,10896.874608320191,1,1,0,0
CUST_009549,55,Male,Married,2,Self-Employed,Surgeon,Post-Graduate,tier1,8145144.16,410,832,1,123174.24,6228661.38,0.12,371102.23,0.54,1,1,120,8,0,1867202.8623397923,19647.085513876315,6578.603845427774,32705.84581443892,838,0.1814686975872541,2.7508907021467723,1.3076875359553524,0.1471463871706714,110,13335.037537098691,1,1,0,0
CUST_009551,32,Female,Married,1,Salaried,Product Manager,Post-Graduate,tier1,1943812.65,109,746,2,39244.61,1241567.98,0.17,46622.03,0.27,1,1,162,4,0,248247.42396306063,18249.3782811219,2844.504444348082,28285.412374788026,750,0.242272532144296,1.5325297410734695,1.5656098705043355,0.8291480761986059,32,10860.121800265688,1,1,0,0
CUST_009555,43,Male,Single,0,Self-Employed,Sales Rep,Under-Graduate,tier3,512474.04,146,659,2,17329.57,245251.01,0.56,3533.52,0.05,0,0,196,0,110,7864.778578486683,5728.719829677776,29163.36850239892,0.0,665,0.4057765944219671,0.1841559292850985,2.0895814064887785,3.7513825567295176,0,8742.759845435832,0,1,0,0
CUST_009556,31,Male,Single,0,Salaried,HR Manager,Post-Graduate,tier1,2088494.6,149,742,2,40428.05,1872661.93,0.16,52238.93,0.22,0,1,172,4,0,277594.9805477253,8081.533337972824,20230.32230808337,17355.667710374,754,0.232288755994355,1.594986468595648,1.1152538807397656,0.8196351803812122,0,10972.173735331033,1,1,0,1
CUST_009557,30,Male,Single,0,Salaried,HR Manager,Post-Graduate,tier1,1807204.54,93,811,3,19754.75,853337.35,0.11,38304.3,0.31,0,1,177,4,0,230606.87520228457,5539.371703210858,17397.71312463844,21090.94087173236,821,0.1311724382513674,1.531240137071463,2.1178053699332744,0.9740235405751296,0,11828.386986220145,1,1,0,0
CUST_009558,30,Female,Married,1,Salaried,Product Manager,Post-Graduate,tier1,2592636.56,126,780,1,67712.5,2330101.72,0.39,59810.68,0.29,1,1,152,4,0,329616.1615704541,15931.55473887032,3370.789199811015,23612.882742321795,789,0.3134053772409477,1.5256190136489032,1.112670500637843,0.5840231492022074,30,11652.09897368152,1,1,0,0
CUST_009562,30,Male,Single,0,Salaried,HR Manager,Post-Graduate,tier1,1660418.06,88,790,0,18097.39,1120620.64,0.77,46811.92,0.3,0,1,154,4,0,230527.7802706297,7839.50489463081,15739.556782992102,15576.670859373173,795,0.1307906217983069,1.666034258165355,1.481693732061073,0.9219248982497232,0,11386.451556534144,1,1,0,0
CUST_009576,24,Female,Single,0,Salaried,Analyst,Graduate,tier2,1057766.73,60,742,2,17143.2,833920.76,0.37,13366.78,0.17,0,0,180,4,0,64200.59970577529,5040.96788840514,23325.95573718111,3784.125927414904,746,0.1944815055980564,0.7283254754700007,1.2684244262915023,1.6857614584039342,0,10348.266812505728,0,1,1,1
CUST_009577,30,Female,Married,1,Salaried,Data Scientist,Post-Graduate,tier1,2144616.43,134,750,1,39201.51,1861436.71,0.4,47643.49,0.21,1,1,153,4,0,280917.62843153195,13391.347521261036,6766.458544993957,20933.0998997759,759,0.2193471435049473,1.5718394356911434,1.152129033638198,0.7101031899213727,30,11065.060050754782,1,1,0,0
CUST_009580,35,Male,Single,0,Salaried,Architect,Post-Graduate,tier2,1562022.8,74,748,0,16896.39,1156961.22,0.12,39392.83,0.33,0,1,160,4,0,220991.48949810053,10537.885545362342,18374.57458693492,15924.3281879395,755,0.1298029211641123,1.6977200981547955,1.3501070069513592,1.0177969428942124,0,10767.427098836824,1,1,0,0
CUST_009589,31,Female,Single,0,Salaried,Architect,Post-Graduate,tier1,1906791.61,83,731,2,29869.6,1609552.34,0.2,53017.17,0.25,0,1,172,4,0,252925.0569898504,5989.769418294483,21440.892936577955,12998.395661811695,740,0.1879769883590686,1.5917217001063912,1.184671276566703,0.8973328091727195,0,10701.090513759622,1,1,0,1
CUST_009591,43,Female,Married,0,Self-Employed,Sales Rep,Under-Graduate,tier1,558852.5,260,622,0,21395.07,194019.31,0.11,3521.85,0.05,0,0,207,0,109,9078.247356575945,4619.028957125262,25826.96980543032,0.0,632,0.4593972957666841,0.1949291255374269,2.880381440479092,3.638904636966525,0,8363.6621501582,0,0,0,0
CUST_009597,28,Male,Single,0,Salaried,Consultant,Graduate,tier2,963434.69,120,761,1,13879.28,771854.93,0.27,9113.42,0.13,0,0,175,4,0,60368.41622226247,3482.937236883381,20921.555553475475,890.5929993161284,770,0.1728703432464955,0.7519056344125793,1.248205335417971,1.7977579985360908,0,10609.260984145863,1,1,1,1
CUST_009613,54,Male,Married,1,Salaried,Govt. Employee,Graduate,tier3,1567349.15,372,804,3,27628.44,617639.25,0.48,43647.46,0.29,0,1,107,4,0,237459.1181580142,22060.45050223928,3655.788878331992,6190.61788840613,813,0.2115283258105511,1.8180298892161328,2.5376408839935545,0.6783532992679522,54,11597.361219401471,1,1,0,1
CUST_009615,38,Female,Married,2,Self-Employed,Trader,Graduate,tier2,2971264.13,30,703,1,71847.2,2667826.43,0.56,87672.35,0.3,1,1,129,4,0,454427.8107550237,30687.984504483607,2494.124876701873,13364.846348999386,711,0.2901670401128285,1.8352833901910977,1.113739253366924,0.4327023516698602,76,10597.098355131104,1,0,0,0
CUST_009619,27,Male,Married,1,Salaried,Software Engineer,Post-Graduate,tier1,2717053.56,69,819,1,73143.19,2306213.36,0.32,56857.92,0.23,1,1,139,4,0,391468.4311635911,16269.23278132731,1237.4710382504206,15272.227310915252,828,0.3230390509973561,1.728931845856194,1.1781444115194912,0.5097076274512188,27,12266.868826479818,1,0,0,1
CUST_009636,23,Male,Single,0,Salaried,Analyst,Graduate,tier2,1059632.89,16,686,2,21957.04,593566.92,0.58,15613.05,0.11,0,0,170,4,0,73128.77785755869,2850.3849338299065,16823.072288711217,4588.996407096586,692,0.2486535654411545,0.828150395073112,1.7851923163232943,1.5893303355696178,0,9600.41634158814,0,1,0,1
CUST_009637,45,Female,Married,1,Salaried,Govt. Employee,Graduate,tier2,1374740.72,160,752,0,33744.8,1053964.68,0.78,33772.9,0.32,0,1,106,4,0,180261.5925700812,15363.153194658762,1475.1467598576955,4578.748519953534,760,0.2945530451469119,1.5734750543653946,1.3043505553235852,0.7654862637389619,45,10741.670087893386,1,1,0,1
CUST_009638,32,Male,Married,1,Salaried,Software Engineer,Post-Graduate,tier1,2533679.37,55,750,0,52903.74,1637470.6,0.1,54690.41,0.26,1,1,159,4,0,360013.2906239786,17954.653829705432,1045.2674745989516,16882.61286005878,757,0.2505612512703155,1.7050851333514006,1.5473119472728565,0.625078781057221,32,11162.103905990793,1,1,0,1
CUST_009644,43,Male,Married,0,Self-Employed,Sales Rep,Under-Graduate,tier2,731071.31,280,575,2,37356.04,632764.56,0.31,2935.75,0.06,0,0,200,1,108,9597.740182728876,3515.3480579092134,30882.900029736564,0.0,584,0.6131619664522228,0.1575372883190925,1.1553588820478788,2.6987956125301893,0,7885.324309426968,0,1,0,0
CUST_009650,30,Female,Single,0,Salaried,Architect,Post-Graduate,tier1,2240549.77,129,739,0,20965.85,1243130.65,0.3,38906.97,0.28,0,1,166,4,0,317604.68933649035,10256.3355983553,20687.495765502365,24479.64766066472,744,0.1122888926199968,1.7010270919859014,1.8023431146652893,0.7375975515529256,0,10878.940811165648,0,1,0,0
CUST_009651,40,Female,Married,1,Salaried,Govt. Employee,Graduate,tier2,1603290.25,220,798,0,27733.02,689720.16,0.69,39335.6,0.37,0,1,106,4,0,209357.0445591389,16232.086591063891,5308.305365373201,6714.684725680755,802,0.207569246534769,1.566943809072598,2.32454844505568,0.657042339405448,40,11458.63042274583,1,1,0,1
CUST_009652,46,Male,Married,1,Salaried,Govt. Employee,Graduate,tier2,1747124.35,274,797,1,33220.43,1215329.8,0.55,46359.56,0.26,0,1,112,4,0,252586.91900808728,23335.657951166555,3764.6919065456655,7045.341576846473,805,0.2281706061464521,1.7348634684963469,1.437571030043837,0.637405087465779,46,11570.653282183624,1,1,0,1
CUST_009655,27,Female,Married,1,Salaried,Data Scientist,Post-Graduate,tier1,2679918.35,17,811,3,46566.53,915050.76,0.21,49203.52,0.22,1,1,137,4,0,399513.099414259,19116.258379262785,3616.777286672797,20252.829350606447,819,0.208512269731189,1.7889111159068398,2.928706841676366,0.5093091394391208,27,12122.26245491678,1,1,0,1
CUST_009668,32,Male,Married,1,Salaried,Data Scientist,Post-Graduate,tier1,2109193.48,103,738,2,35500.77,724711.32,0.39,50051.7,0.27,1,1,150,4,0,305811.9457430252,21456.61167645031,6674.429718362236,19870.96613237942,746,0.2019761678222076,1.739870004944375,2.910387227858912,0.7078164472268951,32,10863.115235468646,1,1,0,0
CUST_009671,32,Female,Single,0,Salaried,HR Manager,Post-Graduate,tier1,2059945.59,90,766,0,18697.21,1333094.79,0.44,48802.88,0.22,0,1,176,4,0,289829.9548967896,15302.579615570568,15882.758764889975,18257.04790957456,774,0.1089180287444655,1.6883645933513978,1.545234487613227,0.8502638951007403,0,11252.559534651771,1,1,0,0
CUST_009676,30,Male,Single,1,Salaried,Sales Rep,Under-Graduate,tier1,748577.35,38,552,3,33453.7,266353.44,0.63,3213.91,0.09,0,0,201,1,96,12169.611948561387,4115.795410002137,25695.09360009381,0.0,558,0.5362678483203107,0.1950807119854652,2.8104556845382413,2.6496968305209747,30,7547.469583587364,0,1,0,0
CUST_009677,38,Male,Single,2,Self-Employed,Gig Worker,Under-Graduate,tier1,703234.72,208,644,3,24424.18,521465.59,0.62,4223.1,0.05,0,0,213,1,94,13166.195886898731,3952.332567590588,29379.35633252025,0.0,652,0.4167671908942568,0.224664184203781,1.348570998575383,2.986394156470678,76,8778.167718115477,0,1,0,0
CUST_009687,55,Female,Married,2,Self-Employed,Surgeon,Post-Graduate,tier1,10956869.52,227,812,2,159054.45,5088886.03,0.58,478784.19,0.45,1,1,121,8,0,2369520.445099613,12312.427205246471,7374.823728351551,45247.24212104213,821,0.1741967727328314,2.5951038431229985,2.153097417059384,0.1103323056587254,110,13307.980832278092,1,1,0,0
CUST_009701,28,Male,Single,0,Salaried,Analyst,Graduate,tier2,889672.6,22,758,0,14140.15,671399.19,0.32,10083.71,0.11,0,0,177,3,5,44753.44714604798,3081.7930825145586,18993.49347478493,1886.9358052939672,764,0.1907212960637961,0.6036311809292595,1.3251003101443866,1.9673823566484077,0,10465.737988712031,1,1,1,1
CUST_009716,40,Male,Married,1,Salaried,Govt. Employee,Graduate,tier3,1615559.28,50,746,3,36501.84,1327538.47,0.59,41362.55,0.29,0,1,112,4,0,207272.55899432447,15479.676508936618,6693.943703903088,3000.6926724380287,752,0.2711251960359186,1.5395611067881163,1.216957624619628,0.6889936367008406,40,10749.984667560988,1,1,0,1
CUST_009720,48,Female,Married,1,Self-Employed,Business Owner,Graduate,tier2,3294159.19,54,727,0,42234.83,2016157.4,0.59,108177.35,0.33,1,1,136,4,0,607580.2157255576,25750.16885213226,741.8079359103276,15949.139952938156,739,0.1538529514005008,2.213291953629979,1.6338791585026256,0.4116024446146616,48,11090.662084522735,0,1,0,0
CUST_009722,23,Female,Single,0,Salaried,Analyst,Graduate,tier2,962844.27,13,728,1,19958.05,472957.64,0.33,14193.87,0.14,0,0,171,2,2,55960.79399873121,3264.5154164957,18924.714726450948,2185.498539511147,735,0.2487355667320938,0.6974348601217236,2.03578957771022,1.7577325094385352,0,10126.571282129014,0,1,1,1
CUST_009724,54,Female,Married,2,Salaried,Govt. Employee,Graduate,tier2,1511193.76,278,785,1,34178.67,741479.52,0.53,32809.79,0.32,0,1,103,4,0,204941.81685310107,18240.71938559553,2225.2573178058424,4414.542369234032,794,0.2714018506652594,1.6273772025837254,2.038076145277559,0.6770998061417239,108,11297.358435409944,1,1,0,1
CUST_009729,37,Female,Single,1,Salaried,Gig Worker,Under-Graduate,tier3,559844.42,86,639,2,25052.95,276363.77,0.35,2301.85,0.09,0,0,202,0,126,6408.330174566824,1087.0924356399255,32360.08728138172,0.0,647,0.5369866081021273,0.1373565781290887,2.0257445259755795,3.544827200378658,37,8563.31414481324,0,1,0,0
CUST_009739,33,Female,Married,1,Salaried,Data Scientist,Post-Graduate,tier1,2516891.77,123,741,3,51926.13,1115247.63,0.45,56914.56,0.29,1,1,141,4,0,367051.0951074754,17682.577588017055,9538.42165926208,20814.45039136664,750,0.2475714675416454,1.7500125327754208,2.2567988001025387,0.5579977808072089,33,11053.901753179214,1,1,0,1
CUST_009740,23,Female,Single,0,Salaried,Consultant,Graduate,tier1,938024.59,22,743,1,15107.65,691765.73,0.38,12202.86,0.2,0,0,167,4,0,56090.83030927856,4289.911868097627,20821.0302051108,1630.2599628963635,753,0.1932673010122131,0.71755192802377,1.3559839600843482,1.7615576828022994,0,10354.903979326791,1,1,1,1
CUST_009753,47,Male,Married,1,Self-Employed,Trader,Graduate,tier2,2557902.65,45,711,2,35035.82,997467.63,0.76,70522.17,0.29,1,1,127,4,0,405020.7302755749,41631.42169391911,7831.646443495895,11119.039439116035,718,0.1643642957359816,1.9000824610418092,2.5643940802429044,0.4945670350860069,47,10593.873590683068,1,0,0,0
CUST_009757,38,Male,Single,2,Salaried,Sales Rep,Under-Graduate,tier1,640003.68,240,590,0,29727.29,553488.43,0.34,2121.74,0.07,0,0,206,0,119,7372.907021213439,3127.645881812657,30357.02316354922,0.0,598,0.5573730318607194,0.1382386198015668,1.1563069596469078,3.1692128266104582,76,7994.799999149854,0,1,0,0
CUST_009763,36,Female,Single,0,Salaried,HR Manager,Post-Graduate,tier1,1624060.38,70,738,3,24984.0,809939.99,0.47,32554.76,0.21,0,1,169,4,0,204666.7834373597,8022.865842189752,19002.47129253378,14564.904773499513,746,0.184602609891069,1.5122487344118964,2.0051588943535257,1.0342335085561527,0,10668.128683538796,0,1,0,0
CUST_009769,32,Female,Married,1,Salaried,Software Engineer,Post-Graduate,tier1,2583780.41,158,809,0,59407.22,2097747.44,0.68,47287.06,0.24,1,1,147,4,0,341945.30447082,21326.37583067872,3071.843371966369,20042.060478767628,816,0.2759070880620785,1.5881088735181477,1.2316922090048128,0.5667403432968329,32,12048.047870068958,1,1,0,1
CUST_009770,30,Female,Single,0,Salaried,Architect,Post-Graduate,tier1,1580201.55,30,771,3,21675.92,882912.91,0.19,39220.65,0.28,0,1,153,4,0,195047.0502236357,6142.224241143737,16582.575696582695,20388.09116404463,780,0.164604992787209,1.4811698094119172,1.789757225594056,0.9621421888313464,0,11132.989602531616,1,1,0,0
CUST_009772,32,Female,Married,1,Salaried,Software Engineer,Post-Graduate,tier1,2279724.34,50,766,1,52800.2,1045564.06,0.55,54427.4,0.28,1,1,161,4,0,290270.1930156936,16620.34603360725,7327.237916290159,13669.119775925365,774,0.2779279291569305,1.5279145465516086,2.1803754038988257,0.7031414095899422,32,11331.02371926168,1,1,0,1
CUST_009780,45,Female,Married,1,Self-Employed,Business Owner,Graduate,tier2,2769338.99,141,766,1,41994.03,1481149.41,0.65,71409.51,0.3,1,1,124,4,0,502139.28413205,29141.771131658345,2470.2328417855288,10891.833755853911,774,0.1819662302899351,2.1758424379369115,1.86972165102395,0.4461492478828572,45,11481.608554157154,1,0,0,0
CUST_009790,49,Male,Married,2,Self-Employed,CXO,Post-Graduate,tier1,8561509.25,239,844,0,73152.91,6394820.76,0.67,322906.65,0.55,1,1,115,4,0,1964924.382375004,18186.592720078614,2793.33976579684,42923.81940637119,853,0.1025325867175766,2.7540774472176945,1.3388190588129856,0.134165403834803,98,13616.257450576868,1,1,0,0
CUST_009796,33,Female,Married,1,Salaried,Product Manager,Post-Graduate,tier1,2304371.68,155,816,3,67112.83,1380882.27,0.48,54818.13,0.29,1,1,147,4,0,275767.1951473992,15564.587891406109,4442.205602600505,12046.919036900406,824,0.3494877901582778,1.4360483327883966,1.6687664555455148,0.6351615916765797,33,12071.862889940114,1,1,0,1
CUST_009802,32,Female,Single,0,Salaried,Architect,Post-Graduate,tier1,1709099.11,133,795,3,35315.05,598315.02,0.2,32809.43,0.25,0,1,167,4,0,194920.17493614336,9223.253924418184,15408.68957137938,15902.507107730758,804,0.2479538033077322,1.3685722862299574,2.856515708872378,0.9714390463502712,0,11538.587940952357,1,1,0,0
CUST_009805,37,Male,Single,0,Salaried,Architect,Post-Graduate,tier2,1622354.28,154,765,3,25410.9,878325.6,0.73,36001.01,0.29,0,1,173,4,0,199371.25213041465,8835.52938412388,11360.102627125632,19314.376476687667,775,0.1879543502346461,1.4746700884124486,1.8470968316341556,1.059818950577322,0,11082.02688411982,1,1,0,0
CUST_009806,36,Female,Single,0,Salaried,HR Manager,Post-Graduate,tier1,1877450.25,22,797,3,35153.14,635376.34,0.23,31607.97,0.26,0,1,168,4,0,220993.9033742179,5976.554357390448,13629.389917668574,16636.145341292307,803,0.2246850396059894,1.4125060786125605,2.954858682873393,0.8900896858076127,0,11599.676834613774,1,1,0,0
CUST_009814,33,Male,Married,0,Salaried,Data Scientist,Post-Graduate,tier1,2301529.36,160,742,1,51232.92,1828673.49,0.37,54166.63,0.3,1,1,144,4,0,319888.9759708436,21678.87568940694,1759.6754173281654,16202.538598333553,750,0.2671231769651969,1.6678682288160676,1.2585779331345075,0.6229641833318527,0,10986.813625162007,1,0,0,1
CUST_009824,33,Female,Married,0,Salaried,Data Scientist,Post-Graduate,tier1,2178154.04,22,770,1,55445.63,1849115.5,0.49,44386.65,0.26,1,1,150,4,0,276080.2633949806,20058.69556575347,4334.489382115325,14926.602111575534,778,0.3054622777977017,1.5209874269914552,1.177943109587741,0.6855093254769212,0,11354.123258792317,1,1,0,1
CUST_009830,48,Female,Married,1,Salaried,Govt. Employee,Graduate,tier3,1334225.16,306,761,1,23442.6,558077.28,0.31,29628.38,0.33,0,1,105,4,0,172643.0398815993,17352.231794871936,1615.1396660126693,5006.858148775704,771,0.2108404775654727,1.55273480659105,2.390749125731967,0.7811191392965744,48,10874.077622293196,1,1,0,1
CUST_009833,42,Female,Married,2,Salaried,Govt. Employee,Graduate,tier3,1806693.8,86,779,0,43867.73,1207886.15,0.52,58392.53,0.35,0,1,100,4,0,268843.30344116874,13441.890052435683,3200.628683226897,7100.150237205118,787,0.2913660652442694,1.785636400400123,1.495747181348854,0.5504504941889491,84,11338.31659973019,1,1,0,1
CUST_009839,30,Female,Married,1,Salaried,Software Engineer,Post-Graduate,tier1,1873250.91,127,811,3,34850.83,648769.41,0.27,33115.31,0.25,1,1,149,4,0,240935.06472858897,20763.992874873264,2835.414827039164,18540.14778114412,820,0.223252143501843,1.5434143073611957,2.887386479293961,0.7911850683773199,30,11843.412903632365,1,1,0,0
CUST_009840,26,Male,Married,1,Salaried,Gig Worker,Under-Graduate,tier2,603133.88,17,586,0,31205.49,242506.87,0.27,3970.68,0.09,0,0,210,1,127,6912.548211569655,2919.037447806043,30053.18204425174,0.0,593,0.6208545766738885,0.1375298767502745,2.4870693062456075,3.425026847317587,26,7892.768406447,0,1,0,0
CUST_009842,29,Female,Married,1,Salaried,Product Manager,Post-Graduate,tier1,2190516.9,114,766,3,56472.5,1533705.85,0.17,42906.44,0.22,1,1,151,4,0,278752.3932698545,13565.774806359632,7066.28737343775,15365.328148797382,772,0.3093636427257362,1.5270415830798918,1.4282500596512298,0.6862024099883078,29,11270.928686662524,1,1,0,1
CUST_009848,28,Male,Married,0,Self-Employed,Gig Worker,Under-Graduate,tier2,701380.43,114,585,0,36847.91,388005.17,0.46,1839.05,0.06,0,0,207,1,126,6723.050133276131,6722.78292200338,26494.53111239243,0.0,591,0.6304244258809579,0.1150234849259972,1.807652775212312,2.909835458925964,0,7955.337020164067,0,1,0,0
CUST_009849,23,Female,Single,0,Salaried,Analyst,Graduate,tier2,988869.16,17,761,0,8685.04,438932.12,0.78,12004.54,0.18,0,0,174,4,0,77557.47058394997,1195.2396662404556,21722.030657294283,3900.3838366095833,769,0.1053923203471689,0.94115418985978,2.2528925591215354,1.7419698892295363,0,10615.520786435074,0,1,1,1
CUST_009851,52,Female,Married,2,Self-Employed,Surgeon,Post-Graduate,tier1,8791334.4,402,823,0,74697.58,7027720.5,0.35,374891.79,0.57,1,1,123,4,0,2000927.9228355016,12267.000283610754,6291.621281937643,44910.85169357599,830,0.101960600710717,2.7312238628233345,1.2509508807370924,0.1397515358580171,104,13271.100060032168,1,1,0,0
CUST_009863,29,Female,Married,0,Self-Employed,Gig Worker,Under-Graduate,tier1,718235.94,29,623,3,28795.41,631077.3,0.63,3970.58,0.05,0,0,213,1,95,13404.338209335669,5696.489625513377,25842.041842438117,0.0,632,0.4810942026509676,0.2239506019495552,1.1381090745791764,2.924876242718809,0,8522.238629550357,0,0,0,0
CUST_009866,27,Female,Married,0,Salaried,Product Manager,Post-Graduate,tier1,2644984.49,55,764,0,63196.82,1134421.65,0.13,64098.82,0.23,1,1,139,4,0,364790.66389691376,15511.473428944631,6734.385091389896,18080.273857918644,771,0.2867156318986268,1.655007098615456,2.331568829307137,0.5235435480830247,0,11401.683801964067,1,1,0,1
CUST_009871,31,Male,Married,1,Salaried,Product Manager,Post-Graduate,tier1,2211192.95,56,754,2,44639.15,895398.47,0.28,41574.12,0.27,1,1,163,4,0,268379.4192324669,19143.69451472428,5629.587662287813,19206.289839926183,760,0.2422524424974717,1.456469709327307,2.4695044213059454,0.733839894458516,31,11102.872814125434,1,1,0,0
CUST_009874,35,Male,Single,1,Salaried,Analyst,Graduate,tier1,1204208.88,95,744,3,25626.46,919219.59,0.32,19145.59,0.11,0,0,117,4,0,136545.73317352182,7625.654518074388,17149.84101615363,2326.760957670691,752,0.2553663743149845,1.3606713064817992,1.310032535280786,0.9635903832296138,35,10529.003324864192,1,1,1,1
CUST_009885,30,Male,Married,0,Salaried,Data Scientist,Post-Graduate,tier1,2154612.56,74,730,1,37150.9,654630.59,0.65,44506.63,0.3,1,1,147,4,0,290217.52317077765,18909.276880958398,5201.48421577363,12008.143336975543,737,0.2069088082798053,1.6163420498879544,3.291336062776928,0.6791053637792807,0,10747.760871942344,1,1,0,1
CUST_009886,29,Male,Single,0,Self-Employed,Gig Worker,Under-Graduate,tier3,686373.5,28,666,3,23584.73,532968.66,0.54,1707.49,0.04,0,0,218,1,99,13482.786180488696,1640.170600298039,26563.13900085627,0.0,674,0.4123291648789201,0.2357180245880257,1.2878284666335416,3.130503960877317,0,9058.006427702285,0,1,0,0
CUST_009888,31,Male,Married,1,Salaried,Data Scientist,Post-Graduate,tier1,2655857.57,115,821,1,68408.69,2348100.28,0.46,45749.78,0.22,1,1,139,4,0,342098.83662140195,18630.74168313547,2039.8882730254752,24238.636695479527,828,0.3090905853482858,1.545703179790122,1.1310660202868252,0.5214082011140603,31,12248.006630220529,1,0,0,0
CUST_009900,31,Male,Married,0,Salaried,Gig Worker,Under-Graduate,tier2,569865.47,39,624,2,30423.23,301972.97,0.64,1798.9,0.08,0,0,215,0,137,5509.674941560565,987.6259022007114,28724.487454196795,0.0,634,0.640626764907902,0.1160180964843666,1.8871344109560173,3.707756559465423,0,8402.501759398467,0,0,0,0
CUST_009901,29,Female,Single,0,Salaried,Architect,Post-Graduate,tier1,1944715.98,119,774,3,34778.29,780132.42,0.55,52915.68,0.23,0,1,172,4,0,240554.43121745304,4276.533943633469,19406.966405592568,21568.175450755967,782,0.2146004399031683,1.4843480447118556,2.492799218882329,0.8799232305861643,0,11323.850324071163,1,1,0,0
CUST_009906,49,Female,Married,1,Salaried,Govt. Employee,Graduate,tier2,1554506.27,220,791,2,34772.95,1351066.99,0.65,40762.9,0.33,0,1,111,4,0,210611.12844204,11278.429058586662,4116.778803131518,7316.459840720894,799,0.268427465957026,1.62579854484726,1.1505759010691978,0.7094890070335097,49,11391.07867898674,1,1,0,1
CUST_009911,38,Female,Married,3,Self-Employed,Business Owner,Graduate,tier2,2836061.47,57,679,3,62109.29,1662841.76,0.12,88805.31,0.28,1,1,127,4,0,455108.970078736,27766.318122086475,3493.13223592614,11256.681202153355,688,0.2627969577953141,1.9256580263926772,1.7055500004101412,0.4462306992968777,114,10222.253909399817,0,0,0,0
CUST_009913,25,Male,Single,2,Salaried,Sales Rep,Under-Graduate,tier2,608977.94,82,627,0,30628.25,361805.09,0.23,1070.64,0.06,0,0,211,1,128,7059.207200993355,6035.182640255463,26417.3953743308,0.0,634,0.603522284785197,0.1390999766136043,1.683161109864126,3.408845232836569,50,8444.587703691632,0,0,0,0
CUST_009918,44,Male,Married,0,Salaried,Sales Rep,Under-Graduate,tier3,521005.2,202,632,0,23592.36,316468.84,0.45,1305.84,0.02,0,0,200,0,127,5926.632220127009,4543.989545807172,26030.071474495508,0.0,641,0.5433761495781714,0.1365014180751117,1.6463028514818343,3.766441458577053,0,8437.814538569104,0,1,0,0
CUST_009922,45,Male,Married,1,Self-Employed,Trader,Graduate,tier2,3474973.95,318,782,2,57378.7,1179837.0,0.21,114332.06,0.36,1,1,123,4,0,621471.2261660428,16153.873018643048,5588.3852680687,13772.337396376884,792,0.1981430745065314,2.1460963645025712,2.945297532373089,0.3529438146876248,45,11928.389480030986,1,1,0,0
CUST_009924,32,Female,Married,0,Salaried,Data Scientist,Post-Graduate,tier1,2223285.74,108,766,0,44842.8,860462.29,0.58,53892.1,0.22,1,1,150,4,0,314646.19789255835,16215.196161626069,9434.537267501102,12295.905471135382,774,0.2420339796684181,1.6982675360029378,2.583824046694659,0.671656104337101,0,11311.620811501352,1,1,0,1
CUST_009926,29,Male,Married,0,Salaried,Data Scientist,Post-Graduate,tier1,2285891.14,132,729,0,44392.59,905003.19,0.26,42415.97,0.21,1,1,153,4,0,306548.06821854267,18328.5086820149,6218.628165460033,22485.361464177025,733,0.2330418427090484,1.6092443963406569,2.5258348693391137,0.6664079029461301,0,10732.781666559384,1,1,0,0
CUST_009943,45,Male,Married,1,Salaried,Govt. Employee,Graduate,tier2,1500616.31,85,738,2,29593.64,475624.45,0.32,48485.95,0.38,0,1,115,4,0,190887.44443437483,25789.766122969813,1799.791846269421,6654.8073065043445,745,0.2366499936283355,1.5264601620187332,3.155037876968106,0.761278686313138,45,10594.933405452744,1,1,0,1
CUST_009946,30,Male,Married,0,Salaried,Data Scientist,Post-Graduate,tier1,2662950.83,137,711,0,58245.64,1469151.96,0.37,49241.02,0.21,1,1,140,4,0,365225.80828123295,14811.287070629012,6460.445661479311,16872.62740895385,718,0.2624699346629633,1.645802055515283,1.812575614999272,0.5237657140142753,0,10622.77106717562,1,1,0,1
CUST_009950,56,Male,Married,1,Self-Employed,CXO,Post-Graduate,tier1,10577536.64,160,829,0,163215.48,5107958.47,0.4,427340.4,0.43,1,1,121,8,0,2209508.1349332603,15016.575849326611,8335.232528055987,35353.504171553795,838,0.1851644295535,2.5066391582387584,2.070794943093,0.1142853187802521,56,13554.01581841601,1,1,0,0
CUST_009951,50,Female,Married,3,Self-Employed,Trader,Graduate,tier2,3700450.58,318,740,3,74053.74,2802137.47,0.31,95727.78,0.28,1,1,133,4,0,633868.730029728,28278.998955839616,6544.364344191648,12444.36943922408,745,0.2401442686660001,2.0555334896419186,1.3205809133336657,0.3584470325973187,150,11267.35423701775,0,1,0,0
CUST_009952,31,Male,Married,1,Salaried,Product Manager,Post-Graduate,tier1,2472644.34,55,806,0,62700.32,1442507.22,0.47,56443.61,0.21,1,1,151,4,0,313922.4608416188,21439.42546069515,3627.582085767952,20960.2426886383,815,0.3042896935689818,1.5234909393431624,1.7141284227829217,0.6082224407544418,31,11997.451285538456,1,1,0,0
CUST_009959,33,Male,Single,0,Salaried,Teacher,Graduate,tier2,1132725.14,150,697,2,27141.19,938965.74,0.55,15577.48,0.14,0,0,133,4,0,109720.5482875776,5251.739462354828,12830.025544720696,2043.8619684737328,706,0.2875285611276064,1.1623584439466084,1.2063527830602392,1.1638844315615566,0,9841.737285758449,0,1,1,1
CUST_009973,47,Female,Married,1,Salaried,Govt. Employee,Graduate,tier2,1656318.43,174,744,2,27806.89,778796.43,0.66,53602.06,0.38,0,1,109,4,0,255150.16271365675,12718.98743080484,5328.765697959615,6637.294839015153,755,0.2014590047711675,1.8485453730170744,2.126764118880053,0.6541366766254875,47,10811.681908317729,1,1,0,1
CUST_009978,40,Male,Married,3,Self-Employed,Trader,Graduate,tier2,2646094.77,105,748,0,50802.61,1315473.89,0.19,77177.51,0.32,1,1,130,4,0,407110.6038226464,41318.61421088693,1570.4167910901135,13037.566008999898,755,0.230388027766544,1.8462320951137423,2.0115129449563267,0.4894403673706266,120,11165.389842029428,1,1,0,0
CUST_009981,34,Male,Married,0,Salaried,Gig Worker,Under-Graduate,tier2,708452.07,41,602,2,34795.17,259518.02,0.12,2985.17,0.08,0,0,211,1,104,12202.714827720803,3178.3280218757227,27446.504698920715,0.0,609,0.589362337034255,0.2066901966286725,2.7298656953929616,2.9368695395365765,0,8203.741010308619,0,0,0,0
CUST_009982,27,Female,Married,0,Salaried,Software Engineer,Post-Graduate,tier1,2576226.73,88,789,3,69047.52,1108631.31,0.42,52989.0,0.24,1,1,143,4,0,344049.63532927114,18997.516232769303,3423.336862947325,21879.70766232537,795,0.3216201318423623,1.6025671751123989,2.323788244995313,0.5529290929569813,0,11735.660229607622,1,1,0,0
CUST_009985,37,Female,Single,0,Salaried,HR Manager,Post-Graduate,tier2,1718779.63,57,779,2,19849.11,748872.35,0.77,36493.68,0.34,0,1,164,4,0,228861.54159224613,6015.834081174211,19821.171413325927,18697.94724161345,788,0.1385795205437438,1.5978309709984764,2.295153953602435,0.9486460689035304,0,11313.415021127355,1,1,0,0
CUST_009987,31,Male,Married,0,Salaried,Software Engineer,Post-Graduate,tier1,2031395.59,82,715,0,57521.31,1723803.66,0.7,36195.25,0.24,1,1,154,4,0,213438.18901925115,11712.89227640839,2164.35470504872,17425.287883432302,721,0.3397918386235821,1.2608293288059504,1.1784372308170927,0.7543858757919625,0,10471.97277877526,1,0,0,0
CUST_009990,30,Female,Single,0,Salaried,HR Manager,Post-Graduate,tier1,2037765.32,28,764,1,30683.04,1776488.35,0.31,47121.46,0.31,0,1,158,4,0,273988.00824375503,7463.66822086946,20681.35949107844,17436.66710794924,771,0.1806853361190613,1.6134521012948857,1.1470743238623975,0.7715727894053797,0,11200.598279888343,1,1,0,0
CUST_009992,26,Female,Single,1,Self-Employed,Sales Rep,Under-Graduate,tier3,518464.29,55,610,1,23599.78,322615.5,0.69,1772.49,0.08,0,0,206,0,124,6401.932926494433,1814.201725167376,27970.019894162266,0.0,621,0.5462108209422653,0.14817108631512,1.607060674206062,3.898087418546294,26,8171.5082123709135,0,1,0,0
CUST_009999,47,Female,Married,2,Salaried,Govt. Employee,Graduate,tier2,1382614.29,14,788,1,27561.76,933209.55,0.38,35290.29,0.28,0,1,113,4,0,180038.29760793276,12916.069564245912,2804.607067634787,1779.9041178204557,799,0.2392122313832178,1.5625766607513252,1.4815673590488234,0.8114235277594344,94,11297.450433644082,1,1,0,1
CUST_010000,36,Female,Single,0,Salaried,Gig Worker,Under-Graduate,tier1,685503.35,183,602,1,30531.49,487466.54,0.44,1250.98,0.07,0,0,208,1,106,10051.765191088876,6264.952704480686,26645.663916932408,0.0,612,0.5344561285170347,0.175956938517958,1.4062543528539355,2.9906398006566035,0,8224.000995702818,0,0,0,0
CUST_010002,49,Male,Married,1,Salaried,Govt. Employee,Graduate,tier3,1761197.31,236,813,0,36680.15,1074093.73,0.26,53471.99,0.28,0,1,104,4,0,259978.1455897497,17235.789231559826,5269.499248821921,4720.549024807137,821,0.2499202096541268,1.771361149048773,1.6397038927842054,0.5871734301583825,49,11807.2155994913,1,1,0,1
CUST_010007,29,Male,Married,1,Salaried,Data Scientist,Post-Graduate,tier1,2116360.28,127,766,0,49007.09,1147734.08,0.77,37883.48,0.27,1,1,150,4,0,261348.0582867205,14621.77536803307,2882.7017959143395,15112.65594243693,774,0.2778741176859489,1.4818643813651946,1.843944928476003,0.7054307842883522,29,11273.47160704088,1,0,0,1
CUST_010012,41,Female,Married,2,Self-Employed,Trader,Graduate,tier2,3313676.92,69,722,0,73467.96,1972406.66,0.49,96391.02,0.25,1,1,129,4,0,520377.37928188057,30774.667954340108,4576.9937615588005,5350.823141381172,730,0.2660525901145844,1.8844643242439807,1.6800162497847937,0.3881243667931479,82,10959.905577726626,1,1,0,0
CUST_010016,26,Male,Single,0,Salaried,Analyst,Graduate,tier1,1004172.91,75,656,3,22698.79,674222.85,0.12,14335.44,0.12,0,0,133,4,0,89996.4135471997,4363.803833481872,14559.726800842816,1403.1271786027398,663,0.2712503218157301,1.0754562748472254,1.48937613227417,1.311413455127686,0,9162.445043044949,0,1,0,1
CUST_010017,37,Male,Married,0,Self-Employed,Sales Rep,Under-Graduate,tier2,565106.28,171,607,1,28665.11,304441.23,0.62,2281.17,0.04,0,0,205,0,129,5878.211947777746,5008.823846939952,29427.10589664263,0.0,615,0.6086890694811713,0.1248208487846702,1.856202012447485,3.564558536902083,0,8145.534083949511,0,1,0,0
CUST_010020,33,Female,Single,0,Salaried,Teacher,Graduate,tier1,1206771.41,149,653,2,26003.38,469988.34,0.68,12877.34,0.17,0,0,134,4,0,120244.31558931376,6218.68570935614,16263.87363065881,1830.3806575517813,661,0.2585721326745783,1.1956841427508234,2.567656981326427,1.101275053791739,0,9256.287009691963,0,1,0,1
CUST_010027,33,Female,Married,1,Salaried,Data Scientist,Post-Graduate,tier1,2619887.83,45,821,2,54382.71,1440884.71,0.45,50429.73,0.29,1,1,150,4,0,353756.0701169327,15909.575470982953,4217.86172153574,24400.283137716116,829,0.2490906379424437,1.6203187590585064,1.818248187082097,0.5703665315641998,33,12251.49458569411,1,1,0,0
CUST_010031,36,Female,Single,0,Salaried,HR Manager,Post-Graduate,tier2,1734691.34,210,761,1,25400.17,556345.85,0.37,49617.45,0.26,0,1,153,4,0,240453.79886729247,5541.317090268417,11548.769696656387,10642.958588470769,773,0.1757084528355147,1.663365441152324,3.118003346293773,0.8769459473559374,0,11105.181306982757,1,1,0,1
CUST_010035,46,Male,Married,3,Self-Employed,Trader,Graduate,tier2,2832506.34,247,703,2,56401.95,1667836.57,0.72,78621.15,0.28,1,1,136,4,0,436816.3318232528,32335.773048631763,3634.468970003123,15731.521122840122,710,0.2389475790649249,1.8505779496132173,1.6983106694256802,0.4784509996906462,138,10548.237732894251,1,1,0,0
CUST_010038,45,Female,Married,2,Self-Employed,Trader,Graduate,tier2,3467201.72,229,748,0,57302.65,2071260.54,0.18,88153.87,0.35,1,1,127,4,0,615312.2860436691,31379.35365974907,5371.926874972885,15537.868942491465,755,0.198324030628259,2.129591086333157,1.6739565009255182,0.3652362164367041,90,11369.438314165256,1,1,0,0
CUST_010040,30,Female,Single,0,Salaried,Analyst,Graduate,tier2,888764.77,65,727,2,18393.73,401576.65,0.56,9820.95,0.15,0,0,146,2,0,54526.71210243212,3521.908415661391,13947.78045847845,2870.5845643234907,734,0.2483466798980355,0.7362034734877075,2.2131828551713477,1.6244517461448782,0,10054.030328910068,0,1,1,1
CUST_010041,33,Male,Married,1,Salaried,Sales Rep,Under-Graduate,tier2,738041.43,149,638,2,24791.86,427151.63,0.15,3516.98,0.04,0,0,209,1,95,13964.546466795897,5025.48623349734,29530.341250515023,0.0,647,0.4030904917005805,0.2270493582037153,1.7278166588837345,2.793962895878641,33,8742.1065170652,0,1,0,0
CUST_010042,27,Female,Married,1,Self-Employed,Gig Worker,Under-Graduate,tier3,580999.43,71,656,2,21338.4,491378.49,0.62,2874.45,0.1,0,0,209,0,108,9835.71678006638,3643.988620630757,27441.64474442359,0.0,665,0.4407155983144772,0.2031433380937042,1.1823843726159593,3.5363824293366912,27,8826.217005998134,0,1,0,0
CUST_010047,50,Female,Married,2,Self-Employed,Investor,Post-Graduate,tier1,7868158.19,18,812,2,114865.2,7071394.02,0.74,373855.89,0.48,1,1,118,8,0,1736657.9460424983,13175.828150943802,5045.08776831394,41576.00421833353,820,0.1751846193860735,2.6486330174957717,1.1126741141947971,0.1497812015881849,100,13020.234446516768,1,1,0,0
CUST_010048,33,Male,Married,0,Salaried,Product Manager,Post-Graduate,tier1,2285553.89,143,770,3,62810.81,1048525.1,0.3,52543.23,0.3,1,1,153,4,0,289027.0715829278,12206.216470102308,7630.250729995813,19445.16754944141,778,0.329778162728881,1.5174906460452702,2.1797777756795944,0.6665058078858692,0,11391.568887825651,1,1,0,0
CUST_010049,29,Male,Married,1,Salaried,Product Manager,Post-Graduate,tier1,2609255.72,54,745,0,69829.29,1458025.81,0.65,58013.87,0.28,1,1,155,4,0,348386.36853300344,21333.948530562306,4729.576453503069,13441.307877572832,752,0.321144309408005,1.6022259388530822,1.7895800695187492,0.5917711616183852,29,11110.481119763035,1,1,0,1
CUST_010061,34,Female,Single,0,Self-Employed,Sales Rep,Under-Graduate,tier3,510837.36,98,697,0,21229.92,247805.24,0.57,2137.44,0.08,0,0,211,0,136,6007.868386938123,5757.152636245708,31463.53100930046,0.0,706,0.498696993571647,0.1411265752456995,2.061438646581297,4.051168679604704,0,9279.528799733778,0,1,0,0
CUST_010069,48,Male,Married,2,Salaried,Govt. Employee,Graduate,tier3,1756433.44,147,810,0,43249.11,1482974.3,0.27,46740.29,0.31,0,1,105,4,0,243009.10946808703,19414.650610706653,2900.8935749882417,9009.62296052301,818,0.2954770516526833,1.66023335949282,1.1843983106124558,0.594418094802372,96,11761.855476277524,1,1,0,1
CUST_010072,47,Female,Married,2,Self-Employed,Business Owner,Graduate,tier2,2852241.67,235,702,3,48902.64,1496396.38,0.34,59564.5,0.25,1,1,124,4,0,445048.3066063804,27383.64073949609,2729.72270913228,20279.380628621373,709,0.2057431588824987,1.8724069795925848,1.9060723495786929,0.4332268700427382,94,10538.30384648904,1,0,0,0
CUST_010078,30,Male,Single,0,Salaried,HR Manager,Post-Graduate,tier1,2180050.19,90,764,2,21534.7,1808721.35,0.42,46698.98,0.33,0,1,166,4,0,286366.4976065156,14561.135997916195,14841.004087475754,27055.217306782964,770,0.11853625148189,1.5762843771342998,1.2052984196275345,0.757973496488681,0,11238.041365428538,1,1,0,0
CUST_010082,28,Female,Married,2,Self-Employed,Sales Rep,Under-Graduate,tier3,629570.06,22,605,0,33326.6,539031.01,0.13,2633.99,0.09,0,0,211,1,130,6719.772206466424,4662.519787579077,26901.582716255,0.0,612,0.6352137797573202,0.1280806293584621,1.167964143724971,3.2990912676556494,56,8171.90993371386,0,1,0,0
CUST_010092,36,Male,Single,0,Salaried,HR Manager,Post-Graduate,tier2,2065761.03,202,761,3,26205.72,1067059.84,0.78,50034.4,0.24,0,1,172,4,0,296030.9360524784,5579.707054751973,17197.87809584435,13035.50275014437,769,0.1522280693150496,1.719632883690877,1.935935564836209,0.828611759803584,0,11182.03648859678,1,1,0,1
CUST_010094,36,Male,Married,3,Self-Employed,Trader,Graduate,tier2,3497133.42,166,774,0,62732.42,1418189.14,0.53,111005.12,0.33,1,1,133,4,0,625692.2312007874,24808.62770326616,6888.1049250211245,11152.114200750824,785,0.2152581461711134,2.1469815728765003,2.465912941687777,0.3792270896839733,108,11827.951746365254,0,1,0,0
CUST_010119,37,Female,Single,0,Salaried,Gig Worker,Under-Graduate,tier2,690390.8,70,613,0,34059.77,405778.82,0.52,1286.33,0.07,0,0,202,1,115,8301.556145607454,2748.873612649195,29438.81365842428,0.0,621,0.5919982363918569,0.1442906572037214,1.701392641950504,2.8841041315791127,0,8349.354030276572,0,1,0,0
CUST_010122,48,Male,Married,2,Self-Employed,Trader,Graduate,tier2,2717908.71,292,777,2,34972.66,1139772.16,0.61,67094.94,0.34,1,1,129,4,0,461220.841122365,26814.50209228266,2991.6695696415845,10848.701385483391,784,0.1544091843650582,2.036354509204348,2.384604941916688,0.4728897251110724,96,11615.252944628255,1,1,0,0
CUST_010133,29,Female,Single,0,Salaried,HR Manager,Post-Graduate,tier1,1989538.08,37,788,2,35076.24,1336397.98,0.56,35831.31,0.21,0,1,168,4,0,232361.1469815735,13380.507404119307,14565.573724759894,14960.096351910506,800,0.2115628474152306,1.4014896090370754,1.4887306184564733,0.8401940512180693,0,11602.730841426088,1,1,0,1
CUST_010137,24,Female,Single,0,Salaried,Consultant,Graduate,tier1,837099.52,12,728,1,17233.97,368688.82,0.32,11739.43,0.18,0,0,169,2,0,50544.38005137579,2301.1538226370794,24882.29201400098,4248.924517381334,737,0.2470490909024881,0.7245540720984337,2.2704709340767804,1.995043038154478,0,10050.984485688205,1,1,1,1
CUST_010138,44,Female,Married,2,Salaried,Govt. Employee,Graduate,tier3,1844478.23,136,775,0,33245.76,840772.97,0.28,54479.39,0.26,0,1,104,4,0,284060.474544961,13770.679840684796,6322.040628794673,4492.458263916038,784,0.2162923465308894,1.848058416953248,2.1937860778444414,0.5608046420690525,88,11311.322707793792,1,1,0,1
CUST_010141,32,Male,Married,1,Salaried,Data Scientist,Post-Graduate,tier1,2745782.14,122,744,3,63676.39,1002361.8,0.51,58058.12,0.28,1,1,144,4,0,375359.24431432143,17890.90108950762,2536.410012028097,17955.91065223164,752,0.2782862228702986,1.6404401430370366,2.739309699043101,0.5225376778151266,32,11148.833820633135,1,1,0,1
CUST_010148,27,Female,Married,0,Salaried,Data Scientist,Post-Graduate,tier1,2626222.12,61,732,3,60618.66,954744.61,0.36,61464.65,0.27,1,1,150,4,0,349545.3055043317,13189.936120708586,4902.133617377334,24516.28814100155,740,0.276983652927333,1.59717050133062,2.750703530336212,0.5689960601650669,0,10937.9823990125,0,1,0,0
CUST_010151,36,Female,Single,2,Salaried,Gig Worker,Under-Graduate,tier1,547138.25,19,628,3,18771.44,257820.14,0.14,2915.36,0.08,0,0,202,0,92,10152.565617903898,5048.153249850299,31058.15113359561,0.0,634,0.4116918159134534,0.2226642269008316,2.1221620926817715,3.625671007151277,72,8376.69876469357,0,1,0,0
CUST_010156,37,Female,Married,1,Self-Employed,Trader,Graduate,tier2,2721573.1,105,750,2,59422.69,2207720.03,0.21,73605.29,0.37,1,1,132,4,0,414945.21026183525,23965.967256824224,1810.5431322587476,16002.019712769586,758,0.2620062404074743,1.829574435553025,1.2327522649000633,0.4832380286656066,37,11231.0745059611,1,0,0,0
CUST_010161,35,Female,Single,1,Salaried,Gig Worker,Under-Graduate,tier3,699559.55,74,607,2,24399.81,485080.05,0.78,2801.7,0.03,0,0,196,1,91,12950.403495648445,2943.7244948809,29797.146470073167,0.0,615,0.4185386326816749,0.2221428843808489,1.4421498221792008,2.762276964632496,35,8276.797693170345,0,1,0,0
CUST_010173,49,Female,Married,1,Salaried,Govt. Employee,Graduate,tier2,1536413.28,67,784,3,30948.28,816518.65,0.27,41124.19,0.31,0,1,116,4,0,209438.09492175232,17530.80319353669,3473.576809435089,3185.2441595092,789,0.2417165122406733,1.6357822093769687,1.8816611210765104,0.7501228908225619,49,11239.274915323693,1,1,0,1
CUST_010177,30,Female,Married,1,Salaried,Product Manager,Post-Graduate,tier1,1982734.66,125,766,3,38163.09,812417.35,0.46,34105.02,0.2,1,1,150,4,0,261576.41506780268,18292.861093410207,6711.5180463976985,12484.004007795673,773,0.230971051036848,1.583115505444166,2.4405340672081075,0.7527344358029082,30,11208.49079785253,1,1,0,1
CUST_010178,49,Male,Married,1,Self-Employed,Business Owner,Graduate,tier2,3346775.23,79,734,1,76436.69,2020523.87,0.79,85702.45,0.29,1,1,130,8,0,555955.6053324894,33168.12730161876,3755.4541993261737,15603.593757160685,742,0.2740659076794672,1.993394502102804,1.656389030242424,0.387276451631824,49,11147.443025835186,1,1,0,0
CUST_010182,49,Male,Married,1,Self-Employed,Trader,Graduate,tier2,3038631.7,254,712,1,43732.02,2210886.95,0.39,90582.08,0.33,1,1,124,4,0,533554.3044478487,25792.94967344973,4219.317904516258,25409.88264306536,717,0.172703446606787,2.1070754867950408,1.374394256389158,0.4067398498808497,49,10702.60035117014,0,0,0,0
CUST_010186,33,Female,Single,1,Salaried,Teacher,Graduate,tier2,857230.4,86,717,0,18451.23,539657.31,0.45,10666.13,0.13,0,0,117,1,0,62896.89087217229,3391.073405851783,15792.181564304929,1850.127913475831,722,0.2582872242436911,0.880454222126749,1.588468822058906,1.349122447737072,33,9863.576410762998,1,1,1,1
CUST_010188,33,Female,Single,1,Salaried,Teacher,Graduate,tier1,894278.54,143,751,1,20827.22,540603.67,0.39,9299.29,0.12,0,0,126,3,0,67804.33766406059,4842.365102250496,11364.060119804835,3354.1603282993933,758,0.2794691756439691,0.9098296533123642,1.6542190432798147,1.393375983466333,33,10387.460456901585,1,1,1,1
CUST_010199,50,Male,Married,2,Self-Employed,Trader,Graduate,tier2,3418757.34,199,733,3,70766.74,1706716.06,0.56,76352.74,0.3,1,1,124,4,0,573116.3646179556,36660.56076588764,5485.940820399266,8241.587158922632,743,0.2483937334011542,2.0116584921214566,2.0031189821234925,0.3616470566563921,100,11178.277472585714,1,1,0,0
CUST_010206,53,Female,Married,2,Salaried,Govt. Employee,Graduate,tier2,1808351.02,195,779,1,32815.14,1458309.32,0.51,43052.54,0.3,0,1,110,4,0,263061.1237445109,25448.51735278569,3206.6087038642613,4818.025781352311,787,0.2177558795689153,1.7456304127111222,1.2400316964087588,0.604943703334024,106,11339.038157317853,1,1,0,1
CUST_010210,33,Male,Married,0,Salaried,Software Engineer,Post-Graduate,tier1,2324175.07,16,821,2,54885.14,815277.24,0.36,51289.18,0.28,1,1,151,4,0,318948.880542017,18951.64287077413,6840.497200938458,9490.767771807414,830,0.2833772240200958,1.6467635569903605,2.850775300957376,0.6469094882415997,0,12166.86720923272,1,1,0,1
CUST_010211,45,Male,Married,2,Salaried,Govt. Employee,Graduate,tier3,1497400.64,84,743,2,30671.43,1304678.14,0.32,39675.4,0.32,0,1,96,4,0,203986.03952407336,20986.745579004,816.8648827503317,2850.096470832306,750,0.2457954141485008,1.634708034980178,1.1477156291469488,0.6368578959870947,90,10664.431443007394,1,1,0,1
CUST_010217,32,Male,Single,0,Salaried,HR Manager,Post-Graduate,tier2,1788911.7,92,796,2,24398.85,1294602.33,0.6,49241.77,0.32,0,1,166,4,0,259866.75803069983,8797.025217118346,18104.29958525708,19700.2631932914,807,0.1636661194661348,1.7431716603499623,1.3818222605684167,0.9227801453512144,0,11618.474680412735,1,1,0,0
CUST_010218,35,Female,Single,0,Salaried,Teacher,Graduate,tier1,1017488.87,165,705,1,14922.71,706362.2,0.76,9829.72,0.13,0,0,120,4,0,123007.33657465225,4855.485811393327,15250.743685353744,1610.2390548746337,714,0.1759924981685764,1.450699534926026,1.440461323579711,1.167895862463211,0,9876.654357699415,1,1,1,1
CUST_010226,32,Female,Married,1,Salaried,Product Manager,Post-Graduate,tier1,2104474.17,164,788,3,40334.14,1495187.53,0.56,35761.37,0.22,1,1,149,4,0,281129.4152495401,19625.125387302476,7358.9899264152355,16477.492391216896,798,0.229989480044908,1.6030292957422865,1.407497534775765,0.70466691962475,32,11618.542181539762,1,1,0,1
CUST_010228,31,Male,Single,0,Salaried,Architect,Post-Graduate,tier2,1547529.17,29,736,1,27615.23,1357976.11,0.57,30941.8,0.31,0,1,152,4,0,175902.51922042892,6368.265629016498,16724.13175629389,12445.075048981142,744,0.2141350203949663,1.363989709330413,1.1395841348165283,0.9759046759939656,0,10603.615059808182,0,1,0,1
CUST_010239,33,Female,Single,0,Salaried,Architect,Post-Graduate,tier2,1567470.75,108,754,2,27890.37,808005.09,0.37,30021.68,0.22,0,1,159,4,0,188738.7557854336,7277.733853254861,11938.697330052548,15206.142979804812,763,0.21351714396857,1.4449058973218063,1.9399244255696144,1.0079426195382704,0,10884.175565625674,1,1,0,0
CUST_010244,42,Male,Married,3,Self-Employed,Trader,Graduate,tier2,3725612.2,186,778,3,77850.72,1520802.41,0.8,110137.95,0.25,1,1,132,8,0,617644.1137720789,28221.89220315114,4649.886292760577,9671.113179533842,783,0.2507522470999624,1.9893926406385665,2.4497658116113774,0.3533557364439488,126,11847.37099672514,1,1,0,0
CUST_010245,49,Female,Married,1,Salaried,Govt. Employee,Graduate,tier3,1641422.75,68,786,1,30302.32,910778.28,0.37,43794.86,0.33,0,1,108,4,0,248512.5071068451,11014.214379682951,3341.698364192582,10280.237403322162,794,0.2215304872764513,1.8167947798608144,1.8022179314399864,0.653981544095841,49,11362.993203362226,1,1,0,1
CUST_010249,53,Male,Married,2,Salaried,Govt. Employee,Graduate,tier3,1683454.49,161,799,2,36189.86,1057777.37,0.53,52145.11,0.36,0,1,109,4,0,244671.69613077323,17311.427993230227,1155.886150406661,10862.985519546504,807,0.2579667148586961,1.7440563094126564,1.5915002024478906,0.6436547344121424,106,11569.44177616172,1,1,0,1
CUST_010253,23,Male,Single,0,Salaried,Junior Software Engineer,Graduate,tier2,949481.09,40,711,2,10273.69,553267.42,0.2,13438.52,0.11,0,0,166,2,0,70411.80369503166,1754.1690160778128,16708.03026912851,3171.607935967684,717,0.1298422087516192,0.8898870915852373,1.716131005633757,1.7301018407772892,0,9868.55278563859,0,1,1,1
CUST_010254,33,Male,Married,1,Salaried,Product Manager,Post-Graduate,tier1,2684552.5,129,700,0,74944.05,1017849.53,0.67,58627.79,0.28,1,1,155,4,0,343688.24154586234,15088.387069872397,2534.6511438273574,11735.414656005072,711,0.3349998109563022,1.536286015310993,2.637472222959888,0.5752346632696895,33,10524.950759265212,1,0,0,1
CUST_010262,33,Female,Single,0,Salaried,Architect,Post-Graduate,tier2,1621164.32,38,724,1,32178.42,1133080.19,0.27,44729.15,0.34,0,1,166,4,0,198687.40426753857,10230.8274499583,19296.394534494702,10526.958765470636,731,0.238185714432345,1.4706906471533354,1.4307574199515218,1.0176779737310586,0,10452.317376602294,1,1,0,1
CUST_010266,27,Male,Single,0,Salaried,Teacher,Graduate,tier1,864748.73,80,736,1,13426.82,368474.16,0.1,14202.87,0.17,0,0,123,2,0,88785.37235877007,6348.390426963476,14599.850467893784,1298.448400532661,746,0.1863195614814747,1.232045387057806,2.3468304620588265,1.4061180746155526,0,10197.965779269518,1,1,1,1
CUST_010269,30,Male,Married,0,Salaried,Data Scientist,Post-Graduate,tier1,2133191.03,68,764,1,44610.27,1835787.25,0.11,49638.66,0.24,1,1,155,4,0,278485.3791502134,16456.915900164113,2089.2930854082883,16507.284053782383,770,0.2509480965813179,1.566575943689036,1.1620027691102173,0.7232206454316861,0,11221.310116578556,1,0,0,1
CUST_010282,45,Female,Married,1,Self-Employed,Business Owner,Graduate,tier2,2654017.67,173,691,3,40450.47,969744.67,0.68,84310.64,0.3,1,1,127,4,0,479940.6380999994,20114.68031311616,3701.0963386734697,13381.167388611982,700,0.1828938257498832,2.1700163047536667,2.7368182731870303,0.4767235646751547,45,10354.109869959942,1,0,0,0
CUST_010285,33,Female,Married,0,Salaried,Data Scientist,Post-Graduate,tier1,2737085.9,27,774,2,76940.37,2423676.09,0.72,66104.08,0.27,1,1,150,8,0,363125.4546004304,13731.81676942702,6258.682977416786,17030.335800454526,781,0.337322402680591,1.5920166593986882,1.1293112895662183,0.546033161904402,0,11576.298100073514,1,1,0,1
CUST_010286,41,Male,Single,1,Salaried,Gig Worker,Under-Graduate,tier2,568549.5,73,610,3,28280.62,336544.25,0.42,4718.89,0.1,0,0,215,0,144,5238.949209063767,2050.379804097586,31964.16159243265,0.0,618,0.5968878300764298,0.1105727181822286,1.6893701515620856,3.71619023091369,41,8189.022468622255,0,1,0,0
CUST_010301,28,Female,Single,0,Salaried,HR Manager,Post-Graduate,tier2,1590101.91,106,754,3,32041.05,1261453.08,0.3,32945.54,0.21,0,1,165,4,0,186231.06791693412,6788.122965016681,17899.01092646223,14474.953029865042,759,0.2418019222283264,1.4054168075312352,1.2605309501238442,1.0311843200037178,0,10837.995755187649,1,1,0,0
CUST_010302,47,Male,Married,2,Self-Employed,Business Owner,Graduate,tier2,3043274.16,121,759,0,47035.23,2040250.14,0.36,98555.72,0.36,1,1,127,4,0,565527.6712202842,25171.119486159187,6765.17422346073,10697.80905663166,767,0.1854648989038875,2.2299355689388767,1.4916174290190571,0.4159469256439126,94,11450.117198964306,1,1,0,0
CUST_010309,40,Female,Married,1,Self-Employed,Business Owner,Graduate,tier2,3276036.76,209,780,0,49137.25,1517669.26,0.68,84911.58,0.33,1,1,135,4,0,576842.8982649348,24354.430414787028,3084.755441859195,14634.678613898868,790,0.1799872478088513,2.112946200220542,2.15859587312464,0.4108292446491074,40,11851.694747610756,1,1,0,0
CUST_010310,32,Male,Married,1,Salaried,Software Engineer,Post-Graduate,tier1,2300569.57,66,756,1,42704.08,1208352.14,0.63,39415.88,0.3,1,1,156,4,0,310340.6960963288,14163.179974199276,4456.19845910757,19545.470115587825,765,0.2227475724757718,1.618759535292611,1.9038884361238968,0.6751582035246834,32,11206.230808896087,1,1,0,0
CUST_010311,49,Male,Married,2,Salaried,Govt. Employee,Graduate,tier3,1381310.46,262,838,2,28644.21,524377.08,0.77,43636.39,0.35,0,1,110,4,0,184187.7445235093,18934.452080515824,2589.973450913594,3919.5911997356575,846,0.2488416209492459,1.6000991790737342,2.634188027081529,0.7906215267008055,98,11961.20817255126,1,1,0,1
CUST_010315,31,Female,Married,2,Salaried,Sales Rep,Under-Graduate,tier2,551380.21,94,575,1,23190.45,175142.19,0.61,3905.25,0.09,0,0,212,0,115,8253.329674539355,2822.557194499453,30568.43351099691,0.0,583,0.5046959223453665,0.1796179820793483,3.148168136026299,3.776406724419445,62,7707.365931155984,0,1,0,0
CUST_010335,29,Male,Single,2,Salaried,Gig Worker,Under-Graduate,tier3,744000.48,86,622,1,37704.67,224378.61,0.44,6022.82,0.07,0,0,200,1,107,10025.748844577322,5031.339245041055,25719.955856194632,0.0,633,0.60812963782543,0.1617029140894623,3.3158114500689257,2.6525182052934504,58,8558.032325837336,0,1,0,0
CUST_010344,43,Female,Married,2,Salaried,Govt. Employee,Graduate,tier2,1797362.88,48,791,3,35797.17,800423.33,0.59,37682.65,0.31,0,1,111,4,0,240421.7012409621,13311.967081585672,1939.4576121972036,8764.930010942635,797,0.2389963522801654,1.605152295714484,2.2455125520734733,0.6141544746122041,86,11478.259815733634,1,1,0,1
CUST_010346,44,Female,Single,0,Salaried,Sales Rep,Under-Graduate,tier1,622300.15,22,644,0,33593.33,445256.7,0.69,4966.52,0.04,0,0,209,1,136,6327.870743852956,5286.804047932808,27157.478709817573,0.0,651,0.6477777430506539,0.1220198720629759,1.397617941250651,3.305392225511887,0,8685.107801468817,0,0,0,0
CUST_010349,31,Female,Married,1,Salaried,Gig Worker,Under-Graduate,tier3,692898.88,109,641,0,26440.27,217045.39,0.18,2469.89,0.1,0,0,211,1,108,11185.016849385212,3461.528597147093,30599.711440074298,0.0,650,0.4578990591113246,0.1937048559442775,3.1923999288815628,3.001854263873631,31,8741.61651637969,0,1,0,0
CUST_010350,34,Male,Single,0,Salaried,HR Manager,Post-Graduate,tier2,2086350.27,147,822,2,23035.29,1646766.27,0.31,49283.97,0.31,0,1,162,4,0,299077.0357739792,9114.061493061005,27703.862942899857,16733.380935175548,831,0.1324906436311274,1.7201827702184005,1.266936930316814,0.7727716227498566,0,12091.820581664497,1,1,0,1
CUST_010353,27,Male,Married,1,Salaried,Product Manager,Post-Graduate,tier1,2505225.45,34,759,2,45301.03,2028977.61,0.58,42228.1,0.28,1,1,142,4,0,358035.11309086217,12690.587276015714,3213.9296034184986,21165.93950015744,769,0.2169903535491216,1.7149757030377883,1.234722454762596,0.5645617175191989,27,11330.361169777423,1,1,0,0
CUST_010355,29,Male,Married,1,Self-Employed,Sales Rep,Under-Graduate,tier1,566746.22,43,553,2,27490.95,475544.14,0.77,1095.42,0.08,0,0,208,0,137,5588.989883918642,4079.243614942344,30938.52377196876,0.0,561,0.5820672525931782,0.1183359609800166,1.1917821723506623,3.606438894389286,29,7431.942120053371,0,1,0,0
CUST_010363,30,Male,Single,0,Salaried,HR Manager,Post-Graduate,tier2,1892431.14,122,824,2,35735.62,1470528.97,0.37,47507.5,0.26,0,1,168,4,0,249498.2879476218,10977.53802675569,14567.203554671283,8935.624943554343,832,0.2265999072500535,1.5820710234768067,1.286904162857694,0.8830805828798619,0,12025.20667405764,1,1,0,1
CUST_010369,26,Female,Married,2,Salaried,Gig Worker,Under-Graduate,tier1,740310.28,13,646,1,28642.0,631068.73,0.36,4627.08,0.03,0,0,214,1,93,13553.051784059237,3661.492949508997,26434.78841078135,0.0,655,0.464262672197303,0.2196835429682203,1.173103770957292,2.852153378466306,52,8852.211046624661,0,1,0,0
CUST_010374,28,Male,Married,1,Salaried,Data Scientist,Post-Graduate,tier1,1934906.21,59,777,3,40700.58,703860.8,0.49,35893.58,0.24,1,1,141,4,0,245846.8665911056,6554.973266300183,5813.499031021564,16881.002726310435,786,0.252417367036925,1.5246961777744947,2.748985965710882,0.7249706915173045,28,11377.797964828964,1,1,0,0
CUST_010375,34,Female,Single,0,Salaried,HR Manager,Post-Graduate,tier1,1851638.55,66,797,3,26225.08,613961.6,0.22,33831.9,0.2,0,1,172,4,0,238232.52269704203,7961.181308997261,23783.20109679532,15618.511906266953,807,0.1699569932350356,1.5439145752229029,3.0158816677107043,0.9239172663243356,0,11646.286712587576,1,1,0,0
CUST_010384,30,Male,Married,0,Salaried,Data Scientist,Post-Graduate,tier1,2569417.32,61,751,2,66798.68,1262968.17,0.45,54822.61,0.23,1,1,133,4,0,329854.3640695896,17290.66585603949,777.6167437648962,20775.02143031264,756,0.3119697256354185,1.5405180979389912,2.034426002655314,0.5156203262215825,0,11157.94771304737,1,0,0,1
CUST_010394,28,Male,Single,0,Salaried,Consultant,Graduate,tier2,1114343.13,49,736,3,14510.59,934352.95,0.33,14557.52,0.11,0,0,169,4,0,97054.4430409098,2863.800290946921,17879.479244417267,3844.509111557677,744,0.1562581580254402,1.045136586297151,1.1926349002966166,1.5030998588482505,0,10359.289764798494,0,1,1,1
CUST_010396,25,Male,Single,2,Salaried,Sales Rep,Under-Graduate,tier2,740990.77,52,592,0,34375.05,305622.3,0.22,2252.86,0.05,0,0,203,1,105,11373.716343116228,6896.11432594853,27830.09938877261,0.0,601,0.5566788906875476,0.1841890498160954,2.424523162991827,2.7030958050256726,50,8122.96262335992,0,1,0,0
CUST_010402,47,Female,Married,2,Self-Employed,Surgeon,Post-Graduate,tier1,10465075.77,161,856,2,152925.78,3912279.26,0.3,433704.78,0.57,1,1,120,8,0,2166202.151366869,13372.012991053416,3941.3714033704464,37361.56367271073,866,0.1753553721031047,2.4839185669249697,2.6749299831602555,0.1145576439109614,94,13997.637980254782,1,1,0,0
CUST_010404,42,Male,Married,2,Salaried,Govt. Employee,Graduate,tier2,1683921.98,247,759,0,34993.39,1030079.41,0.48,45168.66,0.28,0,1,115,4,0,227122.50787482603,17122.812816403137,2786.8266415917087,7502.916180980921,768,0.2493688499593077,1.6185136275342056,1.634748087287671,0.678897855732411,84,11010.537013552455,1,1,0,1
CUST_010407,28,Female,Single,0,Salaried,HR Manager,Post-Graduate,tier2,1855451.9,59,780,0,30824.74,1085268.82,0.52,41064.74,0.25,0,1,166,4,0,235955.9067926049,7528.088108574219,15421.516019097797,15967.620704044974,785,0.1993554711573747,1.526017769201146,1.7096687531585462,0.8898648097010703,0,11330.406909506157,1,1,0,0
CUST_010411,29,Female,Single,0,Salaried,Architect,Post-Graduate,tier1,1789665.23,72,747,3,18331.4,575252.1,0.58,47682.33,0.26,0,1,175,4,0,235839.86914835687,9861.417180753935,23645.35724739671,18034.31035096797,754,0.1229142307409252,1.5813345458836074,3.111091848092605,0.97240307298708,0,10855.744931344429,1,1,0,0
CUST_010412,54,Male,Married,2,Salaried,Govt. Employee,Graduate,tier3,1721508.34,361,760,2,31791.19,580386.63,0.33,39120.86,0.37,0,1,105,4,0,231968.53781924583,19447.77258471992,8089.037587931387,11362.883555070426,770,0.2216031208786066,1.6169558901819017,2.9661354774222186,0.6064077057809609,108,11056.2082301802,1,1,0,1
CUST_010422,29,Male,Married,1,Salaried,Data Scientist,Post-Graduate,tier1,2641780.46,19,762,3,44232.59,2150802.02,0.55,62600.05,0.21,1,1,139,4,0,422479.0166958646,22440.161840862376,7499.984277541609,14745.170179708604,768,0.2009208096536091,1.9190562003308824,1.22827633931814,0.5241761227850664,29,11356.38838502781,1,1,0,1
CUST_010424,36,Female,Married,2,Self-Employed,Trader,Graduate,tier2,3300589.73,198,772,2,75073.79,1084701.67,0.62,81954.21,0.4,1,1,128,8,0,509486.9374155109,31708.36289157707,5611.802149378247,14637.376151824392,780,0.2729458303955988,1.8523420118870664,3.042852037969078,0.386638062820306,72,11707.497375215777,1,1,0,0
CUST_010430,27,Female,Single,0,Self-Employed,Gig Worker,Under-Graduate,tier3,712972.85,99,640,0,31596.0,289687.94,0.46,3111.67,0.02,0,0,194,1,99,10715.23352927856,3068.7951013440475,25827.30632195431,0.0,646,0.5317812853947738,0.1803443682587964,2.4611669675756347,2.6833649424041304,0,8706.271214668735,0,0,0,0
CUST_010437,54,Female,Married,1,Salaried,Govt. Employee,Graduate,tier3,1715623.02,352,781,3,39603.19,1369440.45,0.8,43982.22,0.26,0,1,108,4,0,224296.07140664212,18304.67570764332,4029.3371677636583,4688.96966176521,787,0.2770043012994687,1.5688376755562532,1.252790340178472,0.6258609137006066,54,11297.6112093456,1,1,0,1
CUST_010461,47,Male,Married,3,Self-Employed,Trader,Graduate,tier2,3622912.49,142,707,0,58528.67,1555219.35,0.71,75783.61,0.34,1,1,118,4,0,626471.7646032965,24739.98537749895,2049.189845462713,12584.348235197624,714,0.1938610760281122,2.0750256308100856,2.329517158131322,0.3248082642364996,141,10783.391411395598,1,0,0,0
CUST_010476,28,Male,Married,0,Salaried,Sales Rep,Under-Graduate,tier1,748029.24,44,602,3,27219.38,431381.17,0.19,5460.65,0.04,0,0,204,1,98,11575.04244274182,4737.047950999231,31244.99393983881,0.0,609,0.4366504713028923,0.1856856305314154,1.7340291092698616,2.6911890628387893,0,8236.845998523673,0,1,0,0
CUST_010478,38,Female,Married,1,Self-Employed,Trader,Graduate,tier2,3664594.07,136,686,1,58512.54,1250839.17,0.29,93629.6,0.32,1,1,140,4,0,626979.8907955323,28373.95442754137,5003.103357916822,11578.13845724948,694,0.1916032628303756,2.053087984309972,2.929706095064088,0.3809944645123754,38,10489.274510657371,1,0,0,0
CUST_010493,47,Female,Married,1,Salaried,Govt. Employee,Graduate,tier2,1714733.04,189,807,1,32899.17,940961.79,0.46,48374.4,0.26,0,1,114,4,0,232205.3353321531,14977.8307040247,3015.503777569525,9762.339976652464,817,0.2302325015035471,1.6250019443041148,1.8223175860120888,0.6609718568387836,47,11727.845903584486,1,1,0,1
CUST_010507,28,Male,Single,0,Salaried,Junior Software Engineer,Graduate,tier2,785296.75,41,722,3,7956.31,686535.6,0.77,6887.39,0.13,0,0,182,1,17,33551.802904096185,1973.9742340321905,20357.64576519756,3619.897614299536,728,0.1215773031944442,0.512692154326759,1.1438527093821365,2.288453963882035,0,9881.739667226178,0,1,1,0
CUST_010515,28,Female,Single,1,Salaried,Teacher,Graduate,tier2,964489.76,49,695,1,13708.07,389973.77,0.57,13124.7,0.13,0,0,130,4,0,107115.93040441822,5693.997475080525,14811.750820019552,2600.163656707109,705,0.1705511040228687,1.3326996571297274,2.473210664371954,1.334031462783149,28,9714.445649488049,0,1,1,1
CUST_010516,33,Female,Married,0,Salaried,Product Manager,Post-Graduate,tier1,1975754.08,98,744,1,55152.74,824421.94,0.58,33687.65,0.26,1,1,151,4,0,228984.60853087585,11754.231704797654,5068.357072312139,11289.016116871182,751,0.3349753225847464,1.39075942753836,2.396529722959917,0.7604164157124632,0,10886.842362881804,1,1,0,1
CUST_010518,28,Female,Married,0,Salaried,Gig Worker,Under-Graduate,tier2,550278.86,77,609,2,23375.19,261150.28,0.53,4472.35,0.06,0,0,202,0,127,6616.101529815751,6150.309897611999,25046.267225117805,0.0,619,0.5097345792732229,0.1442750082343527,2.1071267963917317,3.605347522838896,0,8182.0548215144,0,1,0,0
CUST_010536,29,Female,Married,1,Salaried,Data Scientist,Post-Graduate,tier1,2703946.15,44,759,2,75367.51,1525536.56,0.5,49075.81,0.27,1,1,144,8,0,350268.85535375954,14120.51847470598,4118.476202677566,15561.44486758507,770,0.3344763749394568,1.5544716415988593,1.772454655262634,0.5305926943318312,29,11403.871841543443,1,1,0,1
CUST_010551,39,Male,Married,2,Self-Employed,Trader,Graduate,tier2,2973649.89,172,785,0,68651.27,2311290.49,0.28,90472.13,0.32,1,1,123,4,0,444096.7601545733,22160.413972341,1296.1252893075143,17985.953579373934,795,0.2770372928981512,1.7921207316057304,1.2865750178485709,0.4122467599574828,78,11849.714304344992,1,1,0,0
CUST_010556,23,Male,Single,0,Salaried,Analyst,Graduate,tier1,925035.76,54,742,1,16454.47,811317.1,0.47,12773.44,0.13,0,0,172,2,1,45652.9186830004,1997.595340802274,25386.79139844357,2358.4022398535235,749,0.2134523735293408,0.5922235022719311,1.1401640860717888,1.8395018389457105,0,10289.453978427857,1,1,1,1
CUST_010559,42,Female,Married,1,Salaried,Govt. Employee,Graduate,tier2,1656426.27,125,817,0,40546.67,994372.32,0.13,51739.72,0.3,0,1,118,4,0,225543.0536424581,16122.844800716564,4648.749497331829,6481.704280468101,826,0.2937387096230275,1.6339375228933208,1.6657991889806538,0.7081021352357821,42,11828.46338858838,1,1,0,1
CUST_010566,39,Male,Married,1,Self-Employed,Trader,Graduate,tier2,3606605.39,147,756,3,63379.2,2257887.77,0.18,100772.34,0.38,1,1,130,4,0,625832.3266946592,28391.83213492123,4837.015399368571,12890.903815069814,760,0.2108763746630745,2.082280183409172,1.5973352797179643,0.3594530947707292,39,11474.6911508042,1,1,0,0
CUST_010575,26,Female,Single,2,Self-Employed,Sales Rep,Under-Graduate,tier2,617008.95,40,621,2,25755.52,319088.44,0.59,4482.01,0.03,0,0,206,1,107,9732.190002192756,2968.502655079943,27825.57143357397,0.0,630,0.500900723062969,0.1892744160896207,1.933655184577716,3.2854395459586345,52,8399.563470380657,0,1,0,0
CUST_010579,27,Female,Single,0,Salaried,Analyst,Graduate,tier1,1114579.61,25,734,3,11070.21,959850.3,0.59,14502.71,0.18,0,0,169,4,0,108965.2755783879,2995.322805206192,22546.55648844489,4004.2508146629216,742,0.1191849272936838,1.173150143253505,1.161200292170256,1.502783782466054,0,10331.599658132429,0,1,1,1
CUST_010584,26,Male,Single,2,Salaried,Sales Rep,Under-Graduate,tier3,738927.5,64,619,1,33611.04,554315.17,0.72,2664.32,0.07,0,0,209,1,110,10651.484273491862,2417.423411426156,28536.065071213656,0.0,625,0.5458261197296937,0.1729746633951796,1.333043378474779,2.790657306615126,52,8445.597776800914,0,1,0,0
CUST_010599,30,Female,Married,1,Salaried,Product Manager,Post-Graduate,tier1,2158032.13,67,720,3,46793.46,1867411.69,0.27,38549.74,0.27,1,1,143,4,0,281404.0106519505,21491.97272548661,5155.279600153292,11536.492838071155,726,0.2601992759063736,1.5647725089956366,1.155626788634493,0.659584320828308,30,10588.49784600059,1,1,0,1
CUST_010602,48,Female,Married,1,Salaried,Govt. Employee,Graduate,tier2,1701996.2,41,815,3,38071.03,946053.76,0.4,45934.28,0.35,0,1,112,4,0,246932.57004034676,13309.6584026768,3295.472450229496,3885.995313540792,825,0.268419599858567,1.740996806292802,1.799046177834357,0.6542070595717444,48,11836.533177967343,1,1,0,1
CUST_010609,35,Male,Single,1,Salaried,Analyst,Graduate,tier1,914577.65,35,704,2,12360.63,634439.46,0.45,10582.32,0.15,0,0,118,2,0,96128.65523500068,3186.6489673631577,12589.49969210162,1309.5960386018833,709,0.1621793555175263,1.261269316594615,1.441550007702851,1.2762584083662414,35,9731.889091194387,0,1,1,1
CUST_010617,54,Female,Married,1,Salaried,Govt. Employee,Graduate,tier3,1400254.03,279,724,2,33802.79,892603.15,0.15,41010.25,0.3,0,1,120,4,0,176904.83576356192,11725.022649592373,4123.36817844532,3352.193391830873,731,0.2896831539932451,1.5160390837752045,1.5687290161041711,0.8509105270913495,54,10345.232572807632,1,1,0,1
CUST_010624,30,Male,Married,1,Salaried,Data Scientist,Post-Graduate,tier1,2648578.43,65,713,0,57617.18,2160301.22,0.61,64065.06,0.28,1,1,131,4,0,376916.551412127,11126.825517392035,4371.85168047221,20041.390162207157,721,0.2610468391672018,1.7077002792559073,1.2260221766563757,0.4927445379145726,30,10663.254006846026,1,0,0,1
CUST_010632,28,Female,Married,1,Salaried,Product Manager,Post-Graduate,tier1,1895719.6,81,769,0,52798.58,1273011.69,0.79,38946.98,0.2,1,1,144,4,0,219086.339157485,13236.747886702631,2425.806954971865,17101.132024449624,777,0.3342155397947684,1.3868187194272754,1.489160017721426,0.7556200817790822,28,11231.620149929558,1,1,0,0
CUST_010633,35,Female,Single,0,Salaried,Architect,Post-Graduate,tier1,1768879.94,202,734,3,26413.72,648047.27,0.15,48952.09,0.28,0,1,169,4,0,227344.50402599163,10943.349584344907,15780.99067964218,13002.218677445737,743,0.1791882436866098,1.5422841761107804,2.729549667650528,0.950036009737678,0,10688.692246815492,1,1,0,1
CUST_010637,49,Male,Married,1,Salaried,Govt. Employee,Graduate,tier2,1386285.37,241,776,3,24287.87,918058.47,0.72,29127.95,0.36,0,1,116,4,0,180457.47380368016,11116.847231413176,1927.7666587972556,2988.7317366142474,784,0.2102394813026298,1.56206722490151,1.5100169600124054,0.8307757317546053,49,11087.437017984315,1,1,0,1
CUST_010639,28,Female,Married,0,Salaried,Software Engineer,Post-Graduate,tier1,2277190.51,51,778,1,52463.33,1290780.15,0.65,50725.18,0.29,1,1,152,4,0,299792.2175060955,23993.628274255192,3827.367431863581,10704.68484547325,788,0.2764619998596436,1.5797921327924171,1.7641956655471769,0.6645707882025097,0,11535.101316857996,1,1,0,1
CUST_010641,43,Male,Married,0,Self-Employed,Sales Rep,Under-Graduate,tier1,649134.46,176,629,2,27297.12,497544.43,0.67,2522.3,0.08,0,0,208,1,116,9778.929951185442,3448.6053045286085,34903.67303233205,0.0,639,0.5046094528498237,0.1807714693756865,1.3046737460738007,3.155653552084047,0,8551.990488115483,0,1,0,0
CUST_010654,28,Female,Married,0,Salaried,Software Engineer,Post-Graduate,tier1,2481022.08,98,788,1,62132.91,1975549.19,0.4,50230.37,0.22,1,1,154,4,0,337791.36243306985,21328.900203190493,5857.932028485463,10675.624819641396,795,0.3005178066719664,1.633793095335812,1.255863856336649,0.6182201323562736,0,11705.724344438297,1,1,0,1
CUST_010667,29,Male,Single,0,Salaried,HR Manager,Post-Graduate,tier2,2009405.44,71,743,3,35488.85,1303429.26,0.77,48725.62,0.31,0,1,164,4,0,240823.1485292156,8459.094714925695,21077.889197400167,14939.920173848615,752,0.2119351566889953,1.438166965620935,1.54162865606634,0.8121202248519248,0,10914.039149572392,1,1,0,1
CUST_010670,39,Male,Married,3,Self-Employed,Trader,Graduate,tier2,3737523.14,216,724,2,57338.39,1904835.82,0.12,104935.1,0.32,1,1,133,4,0,702759.6479232269,21444.70406480269,8337.057211359928,20723.1572406882,728,0.1840947721497542,2.2563308328062237,1.9621224772419088,0.3549010774086908,117,11017.503919620814,1,0,0,0
CUST_010677,31,Female,Married,0,Salaried,Product Manager,Post-Graduate,tier1,2120752.74,24,723,0,53104.05,1414078.02,0.4,40259.33,0.24,1,1,143,4,0,263089.13606780296,20510.33884100266,5851.709643124384,17799.520706571984,732,0.300480570984974,1.4886467948413906,1.4997413228010414,0.6711243276401934,0,10663.250512715093,1,1,0,0
CUST_010680,28,Male,Married,1,Salaried,Data Scientist,Post-Graduate,tier1,2512046.1,95,798,2,64656.94,1625636.99,0.29,45575.63,0.25,1,1,159,4,0,309345.3971959767,19402.862159426804,1488.7959971420062,15267.670481486,805,0.3088635887840333,1.4777304578869892,1.5452678366602397,0.6304404982922398,28,11862.96988789753,1,1,0,1
CUST_010683,32,Male,Married,1,Salaried,Product Manager,Post-Graduate,tier1,2373720.66,95,768,0,59269.8,2018467.69,0.59,49712.31,0.25,1,1,140,4,0,303223.9657193075,11206.90909855397,2611.874479146426,19907.668527658767,777,0.2996283498917692,1.5328969643244026,1.1760007335065477,0.5873171397524406,32,11406.336380848908,1,1,0,0
CUST_010685,27,Male,Single,1,Salaried,Teacher,Graduate,tier2,1209741.66,32,746,3,21895.47,365592.41,0.27,10803.71,0.17,0,0,131,4,0,127219.09098975096,5551.686913432784,15413.104337161803,2563.5835760012137,754,0.2171893739093957,1.2619338484803688,3.3089810344229127,1.0739979152634669,27,10560.462335819971,1,1,1,1
CUST_010692,33,Female,Single,0,Salaried,HR Manager,Post-Graduate,tier1,1673815.58,29,812,3,19120.39,637356.42,0.28,47905.81,0.28,0,1,172,4,0,218791.41305825044,7433.747623487321,12542.897191998389,17535.784265725753,822,0.1370778464529781,1.5685587859049408,2.626180424792105,1.0214895386583844,0,11779.76713629968,1,1,0,0
CUST_010694,33,Female,Single,0,Salaried,HR Manager,Post-Graduate,tier1,1540477.07,130,830,3,22528.5,1182215.11,0.34,31753.85,0.32,0,1,170,4,0,187254.34216301644,4772.217812331511,16251.901681023068,12638.75675339459,838,0.1754910211729058,1.458661505437489,1.3030418524748406,1.0964367244721651,0,11939.491616752432,1,1,0,1
CUST_010695,31,Male,Married,0,Salaried,Software Engineer,Post-Graduate,tier1,2513172.4,22,769,2,47434.87,799767.02,0.69,61563.63,0.27,1,1,137,4,0,403638.7617766365,14984.110133420292,8349.432717335452,21708.92110206822,776,0.2264929067680031,1.9273019287083104,3.142376710686681,0.5429672582024122,0,11435.956088703102,1,1,0,0
CUST_010707,28,Male,Single,0,Salaried,Junior Software Engineer,Graduate,tier2,878342.0,56,717,1,12944.11,366058.48,0.65,7528.6,0.2,0,0,165,2,0,51763.54172246475,4788.270205401473,20782.82305235105,4142.669753538932,726,0.1768413646434125,0.7071892433683652,2.399451586392463,1.8573927608961411,0,9935.88532372503,1,1,1,1
CUST_010711,41,Female,Single,2,Self-Employed,Gig Worker,Under-Graduate,tier2,703226.08,243,637,3,31188.09,360555.19,0.17,2351.7,0.07,0,0,208,1,100,10362.235699770634,2140.234334007506,24075.780830522785,0.0,644,0.5321911464180097,0.176820385490569,1.9503924755805744,2.9163263351222377,82,8670.452226477419,0,0,0,0
CUST_010713,37,Female,Married,2,Self-Employed,Trader,Graduate,tier2,2960974.86,152,769,3,72939.58,924187.41,0.14,64040.65,0.31,1,1,130,4,0,467258.89283950016,40169.5646867758,7306.081068865686,9735.878816929153,777,0.2956024465437851,1.893661464635477,3.2038649564973443,0.4375668126656581,74,11578.099886068305,1,1,0,0
CUST_010717,31,Male,Single,0,Salaried,HR Manager,Post-Graduate,tier2,1891877.47,144,746,3,28467.4,1404224.8,0.34,37352.42,0.29,0,1,176,4,0,234328.8928136592,4738.71155137488,15456.726866901252,17009.866390491265,755,0.1805648825774161,1.4863165942584955,1.3472743984621276,0.9254013614241932,0,10912.075998651331,1,1,0,0
CUST_010723,30,Female,Single,2,Salaried,Gig Worker,Under-Graduate,tier3,586982.06,18,601,0,30825.97,361135.07,0.78,4628.35,0.02,0,0,204,0,134,5356.060215772642,4680.051062791821,23246.503279105145,0.0,609,0.6301795285628614,0.109494672892042,1.6253764405200513,3.417188114497109,60,8089.195505032567,0,1,0,0
CUST_010726,38,Male,Married,2,Self-Employed,Business Owner,Graduate,tier2,2788315.05,92,706,1,50628.17,1385297.14,0.55,74554.54,0.36,1,1,127,4,0,435560.09394516447,28596.99648396676,4744.583179736077,16223.332498525137,713,0.2178862196240573,1.87450074313986,2.012790582394054,0.4538445376263119,76,10581.596212957393,1,1,0,0
CUST_010729,40,Female,Single,1,Salaried,Gig Worker,Under-Graduate,tier2,531638.82,97,632,1,22592.83,448440.64,0.65,1776.04,0.04,0,0,205,0,122,6569.401630790032,2851.555081813402,25138.36264960858,0.0,637,0.5099474124764823,0.1482793153022512,1.18552509976549,3.7848099587839736,40,8398.03060120767,0,1,0,0
CUST_010730,29,Female,Single,1,Salaried,Teacher,Graduate,tier2,1099796.32,104,643,0,23187.4,380093.5,0.19,17203.95,0.13,0,0,125,4,0,116129.22881311744,7085.6869585548975,13836.55401870988,3249.634890967367,653,0.2529975405168784,1.2670851096647542,2.893481278997723,1.1263328031219275,29,9083.645612458762,0,1,0,1
CUST_010739,50,Female,Married,2,Salaried,Govt. Employee,Graduate,tier2,1644975.99,13,803,0,35963.99,607407.27,0.7,52357.01,0.32,0,1,103,4,0,247645.38247158672,10265.466352570083,2388.1626325355983,4843.812702658508,813,0.2623532102504894,1.8065448548709715,2.7081883327008374,0.6223655244690287,100,11636.66164379861,1,1,0,1
CUST_010741,51,Female,Married,1,Salaried,Govt. Employee,Graduate,tier2,1459122.1,130,778,2,33297.86,609180.68,0.44,35020.19,0.29,0,1,120,4,0,187450.5654193037,11845.705256681187,2424.7255183461048,7131.632759066621,786,0.2738434527710647,1.541603876594786,2.395216645385659,0.8168143410272025,51,11155.97011068783,1,1,0,1
CUST_010746,29,Male,Married,0,Salaried,Product Manager,Post-Graduate,tier1,2186057.67,20,708,3,40665.21,1685988.18,0.32,49380.2,0.29,1,1,145,4,0,319037.95630990376,16948.23689825222,4204.172840270713,21779.70434966773,716,0.2232236816130384,1.7512961861452685,1.2966024313394466,0.6602740992680762,0,10451.889323014972,1,1,0,0
CUST_010748,47,Female,Married,1,Self-Employed,Business Owner,Graduate,tier2,3579216.09,74,716,0,83746.09,1800268.97,0.24,100424.0,0.26,1,1,135,8,0,566855.1236390149,22205.37093527933,8098.325620958662,11061.29009110233,725,0.2807736905082235,1.900482817139541,1.9881551931902743,0.3761266990196737,47,10940.724617274547,1,1,0,0
CUST_010753,34,Female,Single,1,Salaried,Teacher,Graduate,tier1,1070634.35,171,748,3,24387.99,580457.63,0.29,15377.03,0.2,0,0,120,4,0,99823.65845444964,3948.8844018174086,14031.90684184521,2240.189703770257,758,0.2733450499317538,1.1188418112604557,1.8444628000448544,1.1104588707549412,34,10523.892213970288,1,1,1,1
CUST_010756,26,Female,Married,1,Salaried,Gig Worker,Under-Graduate,tier2,743246.17,12,629,1,34832.27,472171.5,0.63,5471.42,0.03,0,0,221,1,113,10756.236140723422,4155.835142103837,32361.19270688423,0.0,637,0.5623715377390335,0.1736608340123339,1.5740988092275598,2.9339677890429896,26,8611.465365481106,0,1,0,0
CUST_010769,37,Female,Single,0,Self-Employed,Sales Rep,Under-Graduate,tier3,700718.05,213,691,0,23788.74,339059.02,0.74,3273.7,0.03,0,0,211,1,85,15700.782193738338,4519.149514266562,31788.02932836852,0.0,700,0.4073821009959541,0.2688758478744561,2.0666489962455614,2.9688284967576104,0,9421.903610761376,0,1,0,0
CUST_010770,35,Female,Married,1,Self-Employed,Trader,Graduate,tier2,3051826.71,95,744,2,63141.35,1604716.45,0.55,63613.94,0.4,1,1,126,4,0,451283.91939376417,28325.90035250644,5198.238277138891,14816.076394956994,750,0.248275309411748,1.7744735378643814,1.9017844605603311,0.4115190438063688,35,11198.438413714372,1,1,0,0
CUST_010779,33,Male,Married,1,Salaried,Software Engineer,Post-Graduate,tier1,2509980.48,164,801,0,50899.38,1816851.13,0.49,44133.27,0.28,1,1,145,4,0,343196.7977591974,21851.37368771212,3763.0607330594826,19448.08093480693,809,0.2433443784660263,1.6407864190534822,1.3814995940258497,0.5754012824734261,33,11921.250819469104,1,1,0,1
CUST_010780,32,Male,Married,0,Salaried,Software Engineer,Post-Graduate,tier1,2604612.25,106,751,0,65004.79,1092801.34,0.69,62302.82,0.25,1,1,146,4,0,360094.19461898395,15487.56389949361,2317.29626133868,17846.34165169058,760,0.2994894484300374,1.6590225386359692,2.3834248469855948,0.5584001987292762,0,11227.324015818787,1,0,0,1
CUST_010783,41,Male,Married,2,Self-Employed,Sales Rep,Under-Graduate,tier2,668190.47,85,640,0,31203.7,462978.88,0.77,3363.42,0.06,0,0,204,1,114,9029.977926249609,8067.125385901462,23332.373019479022,0.0,649,0.5603756597906621,0.1621660200013856,1.443238678104111,3.008004521207737,82,8704.6021980266,0,1,0,0
CUST_010784,28,Male,Single,0,Salaried,Junior Software Engineer,Graduate,tier2,902752.31,24,691,1,17692.65,637421.14,0.51,8232.56,0.18,0,0,167,1,10,41453.291739222055,3116.03688288549,20717.37126551757,2655.5670393317023,700,0.2351796561385994,0.551018128829954,1.41625502684924,1.8296310857871176,0,9599.243223995136,0,1,0,1
CUST_010788,30,Male,Married,0,Salaried,Software Engineer,Post-Graduate,tier1,2133250.26,46,747,1,53554.91,1086112.66,0.19,37126.45,0.28,1,1,143,4,0,264798.7253519237,11266.145962815184,4440.57043882275,9233.219854694187,756,0.3012564052954277,1.4895424551424283,1.964113277057946,0.6672109303745052,0,11017.307287007328,1,1,0,1
CUST_010791,28,Male,Single,0,Salaried,Architect,Post-Graduate,tier1,2081645.01,53,807,2,21489.58,1765934.63,0.79,54632.3,0.32,0,1,172,4,0,290189.5469716336,11373.930658395237,19040.791056112863,21860.962869916428,814,0.1238796587339813,1.672837814746245,1.178777399717565,0.8223192710889311,0,11842.61696460437,1,1,0,0
CUST_010792,50,Female,Married,2,Salaried,Govt. Employee,Graduate,tier3,1580921.47,239,797,3,33868.64,845773.78,0.74,36055.01,0.33,0,1,115,4,0,203395.62222894863,12692.815922980384,4166.787285893239,6643.431760348616,803,0.2570782943826219,1.5438647565272836,1.8691991146863,0.7228515182462149,100,11461.63581835402,1,1,0,1
CUST_010797,32,Female,Single,0,Salaried,HR Manager,Post-Graduate,tier2,2048394.01,77,791,2,26624.27,1722716.07,0.18,56395.2,0.25,0,1,169,4,0,272281.29657019186,14998.479663993176,20191.094821145023,15892.108245288742,798,0.1559706613045916,1.5950820017572114,1.1890484198894018,0.8210284288575053,0,11596.988563770894,1,1,0,1
CUST_010801,35,Female,Married,3,Self-Employed,Trader,Graduate,tier2,2753631.54,24,735,1,59418.82,1036641.83,0.49,80144.35,0.37,1,1,133,4,0,431874.4243304206,20771.135584088832,7028.271946530045,12666.99103431691,741,0.2589390491697411,1.88204937083652,2.6562972899740216,0.4812508399726832,105,10987.867757525606,1,1,0,0
CUST_010805,25,Female,Single,0,Salaried,Junior Software Engineer,Graduate,tier1,1104999.26,56,727,1,9359.21,538772.04,0.75,15261.64,0.11,0,0,159,4,0,112821.18380545004,3524.3666361188366,14950.88663010529,5269.725031695227,735,0.1016374439478562,1.2251949411496497,2.050954999530043,1.4260099150200332,0,10227.786754247638,1,1,1,1
CUST_010808,30,Male,Single,0,Salaried,Architect,Post-Graduate,tier2,1719775.66,61,738,1,26146.61,1525085.21,0.31,48238.25,0.22,0,1,165,4,0,236107.68227068565,7822.525912096601,15210.501271788193,12776.280496616208,744,0.1824407322471426,1.6474662850227846,1.1276579964617213,0.953880921182577,0,10682.132513691877,1,1,0,1
CUST_010827,45,Female,Married,1,Self-Employed,Trader,Graduate,tier2,3193322.93,68,777,1,55879.0,1466150.58,0.48,93848.82,0.29,1,1,116,4,0,593958.4764606055,25033.6311523378,1590.4357180724874,13651.65605706096,784,0.209983611083351,2.2319931588031907,2.1780305485194105,0.3621239648167473,45,11741.63316661298,1,0,0,0
CUST_010830,37,Male,Married,3,Self-Employed,Business Owner,Graduate,tier2,2888271.14,31,787,0,53216.46,1784016.23,0.67,93450.61,0.32,1,1,122,4,0,485453.5915187746,27433.422418181177,7273.840947902185,14272.803605116656,793,0.2210993483138914,2.0169224469541773,1.61897042888986,0.4209406025414172,111,11796.802021644842,1,1,0,0
CUST_010842,35,Female,Married,1,Self-Employed,Trader,Graduate,tier2,3130492.88,58,737,1,63950.34,2666615.38,0.35,80095.56,0.39,1,1,124,4,0,518461.1754109035,26155.52664266329,9015.410793875466,15373.699190478352,743,0.2451374808270543,1.9873900036631929,1.173956967893522,0.3948424809038255,35,11112.829095030294,1,1,0,0
CUST_010843,28,Male,Married,1,Self-Employed,Sales Rep,Under-Graduate,tier1,611984.57,92,575,3,33094.29,374736.81,0.8,3030.88,0.06,0,0,196,1,118,6468.95126866805,3480.33316948899,22316.07128500079,0.0,583,0.6489112839308887,0.1268428926391149,1.6331006737750855,3.1512035740693696,28,7768.162501963722,0,0,0,0
CUST_010853,32,Female,Single,0,Salaried,Sales Rep,Under-Graduate,tier2,668131.69,33,614,0,31845.92,265950.35,0.51,2120.84,0.07,0,0,209,1,108,9869.86825468541,3210.486239556234,24662.45911121353,0.0,624,0.5719593640104571,0.177264892011814,2.5122327448234425,3.081997244517507,0,8369.239052002904,0,1,0,0
CUST_010859,51,Male,Married,1,Self-Employed,Investor,Post-Graduate,tier1,9426992.54,50,839,0,111148.95,3078589.69,0.18,444034.23,0.43,1,1,125,8,0,2211166.0061066383,21509.499024475925,8573.109374759344,33994.99835635888,847,0.1414858128412442,2.814679038361815,3.062112989109312,0.1324574534420475,51,13602.04735399014,1,1,0,0
CUST_010868,28,Female,Married,0,Salaried,Software Engineer,Post-Graduate,tier1,2111006.52,104,804,3,38488.39,1818194.82,0.36,42673.0,0.2,1,1,145,4,0,295351.1142682034,17325.754885273927,6169.956535683062,16209.082987536534,811,0.2187857072897683,1.6789115479756382,1.1610446447951903,0.6836376910335947,0,11810.330146073777,1,1,0,1
CUST_010871,31,Female,Married,1,Salaried,Product Manager,Post-Graduate,tier1,2340336.46,47,768,0,41004.61,1447877.27,0.68,43764.09,0.23,1,1,158,4,0,331086.2422203516,18042.547972712386,5656.013402538009,16136.408030695093,778,0.210248742189443,1.6976253641494987,1.616390347511742,0.6722441773294024,31,11409.996827295596,1,1,0,1
CUST_010882,51,Male,Married,2,Self-Employed,CXO,Post-Graduate,tier1,8085369.71,282,875,0,129736.6,7068158.35,0.23,318311.76,0.42,1,1,133,8,0,1746554.2134464756,6087.917247431714,3098.134177884463,44358.80544520221,880,0.1925498703511426,2.5921658757849424,1.1439144633885483,0.1642914465483998,102,13996.898873336884,1,1,0,0
CUST_010883,33,Male,Single,0,Salaried,HR Manager,Post-Graduate,tier2,1955689.08,82,725,0,23096.78,747468.14,0.49,47309.53,0.2,0,1,164,4,0,287801.7579732342,6365.497442253338,24289.52460384848,14881.951946780784,735,0.141719694709173,1.7659248292069312,2.616414478328831,0.8343130237056615,0,10647.39644834322,1,1,0,1
CUST_010894,29,Male,Married,0,Salaried,Product Manager,Post-Graduate,tier1,2393657.72,57,716,1,41811.99,1378948.96,0.44,56126.43,0.24,1,1,150,4,0,342105.06864368246,21791.998042584357,4866.636963675964,23387.84038781479,721,0.2096128282894433,1.7150489850054125,1.735855389560329,0.6240489182461469,0,10590.288524552352,1,1,0,0
CUST_010897,28,Female,Married,1,Salaried,Software Engineer,Post-Graduate,tier1,2289182.06,113,761,1,64837.05,1888874.72,0.15,46762.03,0.3,1,1,146,4,0,278647.6585532238,15676.257934626396,3299.340746943326,17799.27948186408,765,0.3398770832036843,1.460676471718036,1.211928363397037,0.6350084342603126,28,11202.434760686358,1,1,0,1
CUST_010902,47,Female,Married,1,Self-Employed,Business Owner,Graduate,tier2,3051152.76,176,741,3,69651.31,1507609.79,0.6,75554.52,0.4,1,1,134,4,0,486663.1669600689,25897.38264445278,4679.671833573413,13768.114724788054,747,0.273933328988763,1.9140093908009173,2.023833193711753,0.4377435904244125,47,11153.479678188109,1,1,0,0
CUST_010908,52,Female,Married,2,Self-Employed,CXO,Post-Graduate,tier1,10440948.07,285,847,2,117995.57,7465367.79,0.3,501646.43,0.52,1,1,102,8,0,2430447.6166274087,9577.915738105266,14206.952857992548,40730.79475651522,859,0.1356146207347769,2.7933610706289103,1.3985843651804375,0.0975988009095523,104,13882.510351259203,1,1,0,0
CUST_010910,43,Female,Married,2,Self-Employed,Sales Rep,Under-Graduate,tier1,538905.94,278,683,1,25228.97,483817.22,0.34,1641.68,0.05,0,0,201,0,127,5698.591580439897,3793.535667259739,30775.730537892425,0.0,692,0.5617694597437228,0.1268896317782235,1.1138603668129736,3.661829565917979,86,9132.53034189117,0,0,0,0
CUST_010916,33,Male,Single,1,Self-Employed,Gig Worker,Under-Graduate,tier1,713166.66,56,596,0,25948.02,458480.63,0.71,5222.77,0.08,0,0,212,1,107,11790.147884285918,5175.201369049667,30635.760125562363,0.0,601,0.4366034171577708,0.1983819518820585,1.5554966946003923,2.9315510756538474,33,8099.960563230255,0,1,0,0
CUST_010928,36,Female,Single,0,Salaried,HR Manager,Post-Graduate,tier1,1957106.23,15,777,1,20676.55,1391473.09,0.16,54688.75,0.31,0,1,167,4,0,294612.8147500512,10724.679225908414,21834.868026660235,20024.726849140447,785,0.1267775222756982,1.806407871945792,1.4064985069179403,0.8489627934328692,0,11372.277759773258,1,1,0,0
CUST_010930,29,Female,Married,1,Salaried,Data Scientist,Post-Graduate,tier1,1912924.83,88,769,3,40616.61,1701379.06,0.45,39880.82,0.25,1,1,147,4,0,241921.05271650583,18765.227579543294,3538.8075204588904,12771.288909737836,776,0.2547911213565793,1.517589387725924,1.1243371630910026,0.7644604599546411,29,11224.176113459624,1,1,0,1
CUST_010931,35,Female,Single,0,Salaried,Architect,Post-Graduate,tier1,1999046.59,122,749,2,31229.51,1186901.44,0.54,34784.2,0.22,0,1,168,4,0,260667.29216030208,9636.210631184984,23353.719098903843,18030.353685063383,757,0.1874653008544386,1.56474028403721,1.6842551861297044,0.8362175413761808,0,10982.693335017677,1,1,0,0
CUST_010949,26,Male,Single,0,Salaried,Sales Rep,Under-Graduate,tier3,597818.84,80,610,3,30764.35,299920.93,0.73,1565.74,0.08,0,0,203,1,116,7541.324167007223,5633.969067357155,28756.93586367126,0.0,619,0.6175194976558921,0.1513737397757644,1.9932481762837413,3.339810921293588,0,8233.34667959927,0,1,0,0
CUST_010953,44,Male,Married,2,Self-Employed,Business Owner,Graduate,tier2,2574220.14,270,759,1,37088.69,845109.22,0.49,73780.76,0.26,1,1,140,4,0,403803.093472666,29241.94616087483,8159.593207338473,12378.915156949264,770,0.1728920531619188,1.8823621406855684,3.0460170508883446,0.5417495120984546,88,11366.014333846337,1,1,0,0
CUST_010955,36,Female,Married,1,Salaried,Gig Worker,Under-Graduate,tier3,748086.82,103,618,2,33922.46,615605.24,0.79,2671.04,0.1,0,0,213,1,101,12665.654914100956,4531.067971665418,30025.467548667588,0.0,624,0.5441387008203007,0.2031654841658638,1.2152034391334303,2.8097045665561104,36,8439.772009644852,0,1,0,0
CUST_010957,39,Female,Married,3,Self-Employed,Trader,Graduate,tier2,2904429.51,185,761,2,36610.55,2280226.96,0.53,84349.73,0.3,1,1,126,4,0,548296.3818851844,27247.47759155241,6441.841453913378,11688.47116338675,766,0.1512602675892757,2.265343116729596,1.273745239927678,0.4323316092143193,117,11399.4188846473,1,1,0,0
CUST_010959,32,Female,Single,0,Salaried,Architect,Post-Graduate,tier2,1961485.44,87,687,2,34127.88,1489202.99,0.4,50941.78,0.29,0,1,167,4,0,265617.74150195555,13346.626088519177,24268.85599436046,10282.741593905212,694,0.2087866910496706,1.624989578382252,1.3171368416760687,0.8470770141726232,0,10055.5139132826,1,1,0,1
CUST_010966,39,Male,Married,1,Self-Employed,Trader,Graduate,tier2,3554409.2,209,705,3,76907.25,2418360.25,0.14,93980.47,0.33,1,1,124,8,0,611223.3235136656,16640.30685632113,4823.49103087504,16108.583096066464,712,0.2596448051795325,2.0635370625642198,1.46975940835969,0.3478837390499384,39,10739.594186601043,1,1,0,0
CUST_010967,36,Male,Single,0,Self-Employed,Gig Worker,Under-Graduate,tier2,588989.35,49,629,2,26111.66,262875.6,0.64,4763.19,0.04,0,0,212,0,113,7739.384633149512,5925.290583232914,28959.18734210746,0.0,633,0.5319850625130146,0.1576781031109591,2.2405545035199026,3.539294980787221,0,8410.142494879337,0,1,0,0
CUST_010970,33,Male,Single,2,Salaried,Sales Rep,Under-Graduate,tier1,700265.56,146,640,3,33701.53,380202.07,0.31,3943.62,0.09,0,0,211,1,120,8745.758346010742,2219.890400704961,27583.880273056104,0.0,649,0.5775115227167924,0.1498678611836839,1.841819846431014,2.9707198530082186,66,8735.031405659216,0,1,0,0
CUST_010972,27,Male,Married,0,Salaried,Product Manager,Post-Graduate,tier1,2013726.6,108,763,0,38403.36,1613649.1,0.67,48953.3,0.21,1,1,133,4,0,295449.2632338558,8364.769830312009,4870.660385992964,24067.17062844676,771,0.2288481335164355,1.7606014796589136,1.2479326218242728,0.6572033989176206,0,11191.449027301873,1,1,0,0
CUST_010974,35,Female,Married,1,Self-Employed,Trader,Graduate,tier2,3027340.67,145,692,2,44377.49,1755738.55,0.17,96225.2,0.37,1,1,130,4,0,538777.008615101,26783.75481706689,5836.701742130967,8821.594243053682,702,0.1759061259288301,2.135636249932259,1.7242538450534988,0.4280059898582269,35,10476.083209948332,1,0,0,0
CUST_010976,28,Female,Married,1,Salaried,Product Manager,Post-Graduate,tier1,2432871.64,15,725,2,60919.54,1867947.62,0.63,47950.91,0.24,1,1,154,4,0,303136.9669974216,19363.707853796528,1696.831343322093,11939.82226053861,734,0.3004806592394201,1.495198349876305,1.3024296353504627,0.6304056155811772,28,10793.164122748029,1,0,0,1
CUST_010983,28,Female,Single,1,Salaried,Analyst,Graduate,tier2,991109.9,21,650,3,16013.99,481188.91,0.31,10423.77,0.16,0,0,126,4,0,97167.23763331489,5584.065799341526,14250.122237735755,2566.528281556936,655,0.1938892481338572,1.176451505712646,2.059706322603481,1.2586030764454532,28,9043.311022811127,0,1,0,1
CUST_010987,38,Male,Single,0,Salaried,HR Manager,Post-Graduate,tier1,2208288.42,180,773,2,36395.23,1321022.69,0.46,46253.14,0.2,0,1,171,4,0,297916.28837931994,6007.390731708617,21651.976152678115,13123.746848905048,783,0.1977732540575253,1.6188899971100124,1.6716493706483038,0.7708645929820074,0,11437.851615703485,1,1,0,1
CUST_010997,40,Female,Married,2,Salaried,Govt. Employee,Graduate,tier2,1609121.46,128,742,0,31644.67,985426.44,0.51,42785.94,0.27,0,1,110,4,0,229128.27508842445,16968.901263727177,1793.5254119284173,6281.732408649091,752,0.2359879086722862,1.7087080527559806,1.6329172445208142,0.6793807797470611,80,10746.98204841222,1,1,0,1
CUST_010999,53,Female,Married,1,Salaried,Govt. Employee,Graduate,tier2,1563623.89,100,759,3,32602.86,959204.51,0.2,51745.29,0.37,0,1,107,4,0,214661.1896880274,20299.14147745238,2084.489974939512,6690.022067680161,768,0.2502080711386076,1.6474003268474025,1.6301239658225064,0.6799591737260675,53,10953.613310336788,1,1,0,1
CUST_011003,24,Male,Single,0,Salaried,Junior Software Engineer,Graduate,tier2,927307.75,43,743,0,15697.47,686551.21,0.41,9841.61,0.17,0,0,169,3,0,60130.03721660652,4240.115232551422,19791.587817671403,2836.9479653831686,749,0.2031334283562924,0.7781139640337417,1.3506733158720734,1.8030364093330076,0,10291.291347702843,1,1,1,1
CUST_011013,41,Male,Single,2,Salaried,Sales Rep,Under-Graduate,tier2,664677.94,110,605,3,25466.39,342975.15,0.57,3196.22,0.1,0,0,212,1,107,10858.621909670266,4172.10227192231,29387.88157863779,0.0,610,0.4597582445734021,0.1960364601216067,1.937971313748784,3.142239984903019,82,8178.306237697524,0,1,0,0
CUST_011017,41,Female,Married,2,Self-Employed,Business Owner,Graduate,tier2,3141664.91,110,707,2,50215.01,2465784.85,0.8,89565.76,0.34,1,1,125,4,0,546959.2911819534,24674.44745137375,8144.748999739202,15746.635266751648,715,0.1918020653498707,2.089174565752352,1.2741029031373508,0.3966157683939819,82,10696.588589673704,1,1,0,0
CUST_011027,52,Female,Married,1,Salaried,Govt. Employee,Graduate,tier3,1532668.86,25,731,3,38140.22,1059025.35,0.2,34642.84,0.36,0,1,107,4,0,204379.5042235405,12614.13450345361,2644.417174723509,6558.751616532784,741,0.2986157470512158,1.6001726874063569,1.447243366513024,0.6936031625089003,52,10553.70863834982,1,1,0,1
CUST_011029,32,Female,Married,2,Self-Employed,Sales Rep,Under-Graduate,tier2,641144.5,14,620,2,24094.66,550731.36,0.29,1365.18,0.05,0,0,201,1,93,11116.70890754126,4471.0260354445845,26344.163061839117,0.0,629,0.4509599762304523,0.2080623169077988,1.164167110136764,3.0868724223271484,64,8410.366358812053,0,1,0,0
CUST_011045,29,Female,Married,1,Salaried,Software Engineer,Post-Graduate,tier1,2721624.55,88,797,0,60331.89,1644365.71,0.52,65521.74,0.21,1,1,137,4,0,401828.3973986519,27360.009592335697,4561.47735521965,16533.28811412536,806,0.2660100519299684,1.7717063539523024,1.6551201951783614,0.5015330529226647,29,11942.292350082438,1,1,0,1
CUST_011052,25,Male,Single,1,Self-Employed,Gig Worker,Under-Graduate,tier2,735296.52,49,584,3,29613.17,250350.85,0.11,3678.95,0.05,0,0,221,1,106,12707.840372731094,2675.427870028589,27225.59608250608,0.0,595,0.4832774683475719,0.2073878927348388,2.937052472350414,2.965262738647968,25,8037.278138816338,0,0,0,0
CUST_011056,39,Male,Married,1,Self-Employed,Business Owner,Graduate,tier2,3283203.01,230,753,1,67697.86,1194036.25,0.36,73830.19,0.32,1,1,128,4,0,498188.8544176349,14230.34639771823,985.8520318193482,20160.156295193767,760,0.2474325676282772,1.82085737144934,2.7496654815417187,0.3886793483770076,39,11403.291055274258,1,1,0,0
CUST_011062,37,Female,Married,2,Self-Employed,Trader,Graduate,tier2,3469594.44,188,781,2,49176.46,2217099.13,0.79,101591.97,0.32,1,1,132,4,0,614933.8845689825,33582.77195640431,7316.793050389855,14135.231740321346,792,0.1700819762139938,2.1268137301554555,1.5649245575570825,0.3793545548946215,74,11927.162457326074,1,1,0,0
CUST_011063,46,Male,Married,3,Self-Employed,Business Owner,Graduate,tier2,3401720.0,248,749,0,51564.55,2740141.32,0.56,106285.23,0.32,1,1,140,4,0,597736.9522261923,29202.55486889577,4489.25115753584,14766.478836870185,757,0.1818998674792723,2.108585693027642,1.2414391672911356,0.4103502045888877,138,11385.122572760612,1,1,0,0
CUST_011067,32,Male,Married,1,Salaried,Software Engineer,Post-Graduate,tier1,2324518.78,12,799,2,67515.65,1574881.8,0.47,55173.34,0.2,1,1,146,4,0,303398.1110420548,14002.008466487245,4108.933179593179,10728.547785195662,810,0.348538211225579,1.5662418255888433,1.4759947724363995,0.6253965538885063,32,11873.809463841071,1,1,0,1
CUST_011074,42,Male,Single,1,Self-Employed,Sales Rep,Under-Graduate,tier2,558007.34,137,651,2,28809.45,255142.05,0.67,3697.68,0.07,0,0,206,0,131,5947.36130686669,3252.5455704048954,26048.23260639692,0.0,659,0.6195365916887398,0.1278958103538137,2.18703719344893,3.6267136970448304,42,8719.973134554799,0,1,0,0
CUST_011077,23,Male,Single,0,Salaried,Consultant,Graduate,tier2,830771.61,27,724,1,11590.77,416566.23,0.13,8419.09,0.16,0,0,154,1,3,49598.32565497293,1970.44948421393,12435.089646173288,3347.968844419922,730,0.1674193355836666,0.716407859634683,1.994327806342328,1.8316508094273067,0,9949.981323618578,0,1,1,1
CUST_011081,34,Female,Single,0,Self-Employed,Sales Rep,Under-Graduate,tier1,517810.35,29,590,0,21425.34,413332.14,0.22,1795.51,0.06,0,0,209,0,131,5152.222382008072,5265.902043360356,26203.037641597057,0.0,600,0.4965102027751409,0.119397450851816,1.2527675617783756,3.9597556205557543,0,7894.419759431666,0,1,0,0
CUST_011090,44,Male,Married,3,Self-Employed,Trader,Graduate,tier2,3466065.18,14,722,3,44406.09,2302262.03,0.17,80687.89,0.26,1,1,136,4,0,606996.3996772505,36944.59774983572,5707.092878668023,13835.059948264065,729,0.153739530981823,2.1014987312333897,1.5055035566461754,0.3912469788613112,132,10977.668984643193,1,1,0,0
CUST_011094,41,Male,Married,3,Self-Employed,Business Owner,Graduate,tier2,3447904.57,169,721,0,67324.11,1436262.52,0.14,96485.11,0.4,1,1,116,4,0,598769.3308017706,24404.9655618861,5081.537717220024,9743.649328734864,729,0.2343123169015659,2.0839344061104264,2.400607215868018,0.3354632774032859,123,10973.839314631312,0,1,0,0
CUST_011114,42,Female,Married,2,Self-Employed,Trader,Graduate,tier2,3042675.61,191,691,2,71925.88,2614179.67,0.11,92879.37,0.34,1,1,135,4,0,463219.1961114955,33911.89908318913,4457.2776900885065,7615.088419902136,698,0.2836671622690836,1.8268817130845536,1.1639117544236144,0.4422350005279467,84,10419.917208572471,1,0,0,0
CUST_011121,46,Female,Married,1,Self-Employed,Trader,Graduate,tier2,3700725.04,229,707,3,78845.27,1787712.89,0.42,116757.59,0.35,1,1,137,8,0,634398.1377045279,29862.1843554878,7151.633549049502,18312.22171996132,716,0.2556634610277524,2.0570976997745114,2.0700879825909952,0.3692000849515921,46,10828.812343140296,1,0,0,0
CUST_011122,52,Female,Married,2,Salaried,Govt. Employee,Graduate,tier2,1451680.0,302,857,0,30052.63,1153137.74,0.3,36738.44,0.26,0,1,106,4,0,185771.351684472,16436.21641147595,3791.1713185495673,6325.002756286173,865,0.2484215384530603,1.5356261660280994,1.258894484804144,0.725192928684801,104,12272.821331570132,1,1,0,1
CUST_011127,30,Male,Married,0,Salaried,Product Manager,Post-Graduate,tier1,2261717.73,19,723,3,44788.23,998480.35,0.55,47734.96,0.24,1,1,140,4,0,311425.5152074484,14593.120548373145,3184.079408739234,13315.083078933963,730,0.2376317350703083,1.6523221731225068,2.2651577117589627,0.6162737480593594,0,10681.093975016858,1,1,0,1
CUST_011128,28,Female,Married,1,Salaried,Product Manager,Post-Graduate,tier1,2600570.8,80,784,2,44432.5,1563731.13,0.17,54562.58,0.27,1,1,150,4,0,388893.041129516,19888.049036009677,6650.22221514926,16847.59223974533,793,0.2050271193057187,1.794488717511395,1.6630538889035935,0.5745869830460066,28,11713.594828198056,1,1,0,1
CUST_011143,34,Female,Single,0,Salaried,Architect,Post-Graduate,tier1,1700583.07,82,740,1,28268.99,548005.31,0.16,42820.84,0.3,0,1,179,4,0,203225.85853469992,8717.578174468008,14918.308793312566,14337.672012501456,747,0.1994759869555543,1.4340335012357757,3.1032180450622917,1.04642681866365,0,10716.82229349404,1,1,0,0
CUST_011149,44,Male,Married,2,Self-Employed,Sales Rep,Under-Graduate,tier2,648726.62,95,566,2,29170.69,380527.81,0.71,1872.32,0.08,0,0,205,1,111,9496.717285615645,4783.049214429216,25006.37008505577,0.0,578,0.5395829217011929,0.1756649040369875,1.7048029030968772,3.1120649109337646,88,7735.24002870776,0,1,0,0
CUST_011151,47,Female,Married,3,Self-Employed,Business Owner,Graduate,tier2,2867938.96,44,722,1,62263.66,1837849.2,0.7,76997.29,0.3,1,1,124,4,0,451133.6215416113,26302.170873697163,4633.211943620845,11700.94379189732,730,0.2605218605272107,1.8876206511213625,1.5604857022623495,0.4308638985171527,141,10854.4463186044,1,1,0,0
CUST_011152,32,Male,Married,0,Salaried,Product Manager,Post-Graduate,tier1,2486871.13,114,733,0,63988.71,1851311.97,0.71,43942.53,0.24,1,1,140,4,0,313578.7444727847,15712.705295956452,1633.7685358189929,14511.486654559434,743,0.3087658244720169,1.5131169166254372,1.3433013057754355,0.5607017451477362,0,10941.816475435164,1,1,0,1
CUST_011154,29,Female,Single,0,Self-Employed,Sales Rep,Under-Graduate,tier1,566316.71,100,606,1,24705.95,412882.61,0.28,1552.59,0.06,0,0,211,0,126,6461.044447260364,4857.103267903692,27947.54964398696,0.0,613,0.5234970340811435,0.1369037663075996,1.3716134433139644,3.661181366752319,0,8120.356151696063,0,1,0,0
CUST_011172,28,Female,Single,0,Salaried,Architect,Post-Graduate,tier2,1887270.6,72,775,0,33066.04,798082.13,0.26,44779.23,0.31,0,1,165,4,0,244468.69115604524,7199.5810976914745,17244.895114181527,23147.74611011929,783,0.2102453972711876,1.5544170723942152,2.364754408478726,0.8696703569854505,0,11314.85327024399,1,1,0,0
CUST_011176,29,Female,Single,0,Salaried,HR Manager,Post-Graduate,tier2,2248860.23,103,763,0,37087.91,1949624.61,0.33,64762.14,0.32,0,1,170,4,0,336785.96855474333,7449.6620985587215,23028.808930635023,17629.26096522847,773,0.1979013809957536,1.797092591008125,1.153483119253855,0.7525919388115484,0,11305.847388643331,1,1,0,1
CUST_011182,41,Female,Single,1,Self-Employed,Sales Rep,Under-Graduate,tier3,593759.13,98,585,0,24207.24,531386.92,0.74,3151.42,0.03,0,0,216,0,120,8650.002005199689,4093.662230776756,28282.508700551127,0.0,596,0.4892236508703278,0.1748148719564662,1.1173741585996158,3.577585650754466,41,7923.361494361896,0,0,0,0
CUST_011183,52,Male,Married,1,Self-Employed,CXO,Post-Graduate,tier1,9698602.25,377,788,0,120671.8,4726913.79,0.22,424034.37,0.47,1,1,128,8,0,2188380.461402659,24762.65213900824,4065.020110411285,43745.42939780765,796,0.1493060310136574,2.7076616163831764,2.0517827548992056,0.1318418415998039,52,12805.643980854957,1,1,0,0
CUST_011184,59,Female,Married,2,Self-Employed,Surgeon,Post-Graduate,tier1,10028445.13,238,829,1,131354.35,3072838.72,0.52,464870.97,0.56,1,1,124,8,0,2127789.79310094,17247.398497186034,3300.127705513614,40486.36466944041,839,0.1571779367022133,2.5461022753767586,3.263575729228077,0.1235251061236811,118,13525.465493364924,1,1,0,0
CUST_011186,31,Female,Married,1,Salaried,Software Engineer,Post-Graduate,tier1,2417269.05,84,765,2,49625.27,2169837.15,0.45,46601.93,0.26,1,1,141,4,0,329762.79279140424,16378.950841860134,3475.358827674588,18262.199594991096,775,0.246352504190607,1.6370266558358413,1.1140319613239356,0.5808997564567472,31,11391.065771717263,1,1,0,1
CUST_011191,36,Female,Single,0,Salaried,Architect,Post-Graduate,tier2,1842367.37,36,753,2,32139.65,705720.84,0.21,32643.97,0.31,0,1,170,4,0,227569.18189890208,11820.522579292856,13917.745873541864,17229.17467691098,762,0.2093357135235399,1.4822301135443263,2.6106140770703656,0.9177445184644988,0,10993.0405941517,1,1,0,0
CUST_011198,34,Male,Married,2,Salaried,Sales Rep,Under-Graduate,tier2,692251.53,181,590,0,27163.3,288379.98,0.79,4757.86,0.07,0,0,208,1,105,11641.835448736256,2836.669832332504,33813.68815634918,0.0,598,0.4708605695290636,0.2018046875657815,2.4004756832437426,2.961901699238733,68,8041.728245273771,0,0,0,0
CUST_011210,30,Female,Married,0,Salaried,Data Scientist,Post-Graduate,tier1,2619402.31,138,778,0,43796.73,1011287.14,0.12,56754.73,0.3,1,1,145,4,0,368263.06595628144,24771.94370245576,6045.989110783617,18403.15883422362,786,0.2006405622789775,1.6870782046981248,2.5901641741788843,0.5514561216005017,0,11615.867284942497,1,1,0,1
CUST_011212,39,Female,Married,3,Self-Employed,Trader,Graduate,tier2,3654823.55,214,795,1,68585.04,2214670.89,0.45,99875.61,0.36,1,1,117,4,0,664687.8413777276,26230.97772080463,2125.015275775268,11917.908460333176,802,0.2251867337779397,2.182383854872138,1.6502776625751092,0.3192513866049568,117,12119.47003511685,1,0,0,0
CUST_011217,25,Female,Single,1,Self-Employed,Sales Rep,Under-Graduate,tier2,708909.75,28,621,1,33368.38,420499.83,0.74,3766.36,0.07,0,0,220,1,117,9546.77455689514,4488.71218248141,27819.59786164243,0.0,628,0.5648304061767042,0.1615993509618539,1.68587003740278,3.060189404859233,25,8460.092527290233,0,1,0,0
CUST_011220,28,Male,Single,0,Salaried,HR Manager,Post-Graduate,tier1,2103728.99,97,792,1,41873.95,1423259.81,0.37,49458.9,0.29,0,1,165,4,0,265762.3891783353,9418.55805150986,15018.447148494291,20692.273004103976,802,0.2388542137024197,1.5159416892571094,1.4781050494884351,0.7806109524002884,0,11676.496455310084,1,1,0,0
CUST_011225,30,Male,Single,0,Salaried,Teacher,Graduate,tier2,1058496.43,110,685,3,25235.48,371398.52,0.73,12365.83,0.13,0,0,119,4,0,104883.28429462064,4740.691884713777,12386.43956516881,1753.7175654945595,695,0.2860872444823136,1.1890310703859466,2.850020996257615,1.1137145306138272,0,9641.290854405055,0,1,0,1
CUST_011227,31,Male,Single,1,Salaried,Analyst,Graduate,tier2,1249245.68,43,689,0,26281.94,808092.52,0.15,14439.89,0.12,0,0,132,4,0,146788.93100567695,2358.469441463403,17673.733952128037,2368.4763395934897,698,0.2524565468350773,1.410011081195133,1.5459172101763663,1.0482465979156663,31,9798.559787582635,1,1,0,1
CUST_011233,31,Male,Single,2,Salaried,Gig Worker,Under-Graduate,tier2,590643.94,144,640,3,30957.49,254414.5,0.62,2064.08,0.07,0,0,205,1,132,6407.09902816905,6105.6531444833445,28415.068899196624,0.0,647,0.6289446272224064,0.1301691613192421,2.321572152640071,3.413003717310459,62,8597.963808366912,0,0,0,0
CUST_011239,32,Female,Single,0,Salaried,HR Manager,Post-Graduate,tier2,1710759.19,34,730,0,33921.3,770348.48,0.39,47599.34,0.33,0,1,182,4,0,199496.85595655945,8737.202432022315,19954.99929260516,17049.139379662636,735,0.2379369037656052,1.3993468474756774,2.220757246438331,1.0576726892273636,0,10549.049563157909,1,1,0,0
CUST_011240,32,Female,Single,1,Salaried,Teacher,Graduate,tier2,995908.56,19,713,2,17842.25,583312.18,0.16,8656.67,0.18,0,0,132,4,0,94649.46564352798,7537.612185967651,15994.55437898278,2370.0989431805483,721,0.2149840143876535,1.1404459686245816,1.707330802983056,1.3122465127446574,32,9958.027856775569,0,1,1,1
CUST_011249,28,Female,Single,0,Salaried,HR Manager,Post-Graduate,tier1,2054674.85,70,778,2,33766.28,1273884.09,0.61,39795.26,0.21,0,1,170,4,0,277783.0121886337,8777.624117520152,19077.67639692449,15903.212817603024,785,0.1972054086976806,1.6223378011416212,1.6129200868502198,0.8233741986056545,0,11410.46849515183,1,1,0,1
CUST_011250,45,Female,Married,1,Self-Employed,Sales Rep,Under-Graduate,tier2,597185.58,163,612,3,20410.87,373749.8,0.7,1058.78,0.07,0,0,201,1,110,10202.029725730355,3524.911250329862,28679.02746686221,0.0,619,0.410133008241594,0.2049980790423904,1.5978175297551205,3.310355295328325,45,8232.690636300871,0,1,0,0
CUST_011253,30,Female,Married,1,Salaried,Data Scientist,Post-Graduate,tier1,2154381.45,112,780,3,62716.09,1634689.0,0.79,41274.96,0.26,1,1,158,4,0,242928.5535392018,19896.170524866968,4209.88297599179,14383.066542181388,786,0.3493294504771168,1.353115255001551,1.317914375202638,0.7300007122127201,30,11462.249534020848,1,1,0,1
CUST_011260,30,Female,Single,0,Salaried,HR Manager,Post-Graduate,tier1,1901935.92,136,818,0,26627.06,1533367.96,0.67,53949.05,0.22,0,1,174,4,0,257103.44719216815,8610.915954646249,11997.184663386795,19365.836274423567,825,0.1679986694903822,1.6221481849545163,1.2403641717124625,0.910072341755052,0,11928.166269069698,1,1,0,0
CUST_011262,36,Female,Single,2,Salaried,Sales Rep,Under-Graduate,tier3,737547.25,54,595,1,27813.42,389454.67,0.53,3196.53,0.05,0,0,199,1,68,16166.0054464006,2723.755069087317,23216.47959984404,0.0,600,0.4525209872969527,0.2630189579437952,1.8937899915541092,2.6620390884990885,72,8106.652073270932,0,0,0,0
CUST_011265,29,Female,Single,0,Salaried,HR Manager,Post-Graduate,tier2,1886823.61,113,713,1,26464.88,1150665.64,0.47,37982.63,0.28,0,1,168,4,0,233864.90197836608,5670.181459088774,21775.973295573527,15676.752532156965,722,0.1683127869311307,1.487346756053853,1.639765631860154,0.8856912108975699,0,10433.193040706716,1,1,0,1
CUST_011272,29,Male,Married,0,Salaried,Software Engineer,Post-Graduate,tier1,2310050.94,43,750,1,53737.6,904079.33,0.42,46275.95,0.23,1,1,142,4,0,299804.0873238305,11700.486086977073,9817.935722219398,20935.25907717727,761,0.2791487577390424,1.5573813966670391,2.5551390328335093,0.6120555266773583,0,11150.766011558291,1,1,0,0
CUST_011280,25,Female,Single,0,Salaried,Analyst,Graduate,tier1,1072438.53,49,794,2,19099.46,788909.04,0.67,13485.19,0.11,0,0,160,4,0,89722.35795950782,3166.7080560871923,18293.53200992634,3032.1497366202907,802,0.2137101093138533,1.0039328299032066,1.3593926754944077,1.478143982919751,0,11136.128129820128,1,1,1,1
CUST_011298,28,Male,Married,0,Salaried,Sales Rep,Under-Graduate,tier2,558057.28,116,615,0,21624.76,316254.78,0.19,4016.64,0.1,0,0,196,0,94,9892.836917802551,1841.7697826175763,25245.67775137345,0.0,623,0.4649908699507702,0.2127227698568726,1.764575749413971,3.450356273930685,0,8243.672237860512,0,0,0,0
CUST_011306,40,Male,Single,2,Self-Employed,Gig Worker,Under-Graduate,tier3,665717.82,77,616,0,28478.94,496621.47,0.18,2268.32,0.06,0,0,220,1,114,9147.092097476638,6705.703908893328,24477.24198554737,0.0,622,0.5133423045403014,0.1648793577696725,1.340490735346711,3.255796924224968,80,8340.163299609278,0,1,0,0
CUST_011310,26,Male,Single,0,Salaried,Analyst,Graduate,tier2,1240533.71,29,714,0,26755.59,374407.46,0.37,19396.1,0.17,0,0,129,4,0,147611.34187720332,4113.80472616615,11858.954963174348,4450.223243749427,721,0.2588111646446305,1.427868468084453,3.313316451236171,1.031559557079033,0,10116.389257972738,1,1,1,1
CUST_011313,57,Male,Married,2,Self-Employed,Investor,Post-Graduate,tier1,8991416.42,94,889,0,139386.32,6581739.86,0.24,369042.99,0.46,1,1,122,8,0,1931708.928115593,18198.176249426982,4747.2438012503535,41255.123495842345,897,0.1860255970318896,2.578067249673675,1.3661152286691518,0.1355342251791968,114,14362.56761110315,1,1,0,0
CUST_011315,23,Male,Single,0,Salaried,Junior Software Engineer,Graduate,tier2,828243.95,33,749,3,6992.01,327215.11,0.66,8711.46,0.18,0,0,166,1,0,69031.19235717913,1143.384746663996,19760.6763079603,3258.9112963476205,756,0.1013021639023541,1.0001429006168316,2.531183290455962,1.9803304276756188,0,10302.060552550713,1,1,1,1
CUST_011320,34,Male,Single,0,Salaried,Analyst,Graduate,tier1,940181.8,112,721,3,15609.8,462411.29,0.1,9428.78,0.16,0,0,126,4,0,101427.90816537832,3860.802267237228,17516.338850409684,240.2646516757616,727,0.1992329666500672,1.2945574603709786,2.033211098260386,1.32606202307811,0,9999.034121689849,1,1,1,1
CUST_011321,34,Male,Single,1,Salaried,Teacher,Graduate,tier1,1011888.98,19,760,2,14625.68,418541.54,0.16,16554.03,0.19,0,0,116,4,0,115287.4853805257,5278.667648426562,17213.423424068467,1989.873054960802,767,0.1734440063493169,1.367179053988374,2.4176490638203707,1.135152665997044,34,10605.562422556011,1,1,1,1
CUST_011322,54,Male,Married,2,Salaried,Govt. Employee,Graduate,tier2,1360051.97,91,775,3,23728.77,448300.29,0.48,34154.0,0.35,0,1,106,4,0,186695.7028424344,13984.245437656413,3053.7147226208217,6763.635198832624,783,0.209361652305222,1.647237544355515,3.033789998685928,0.7736932782192196,108,11058.335782893324,1,1,0,1
CUST_011331,25,Male,Single,0,Salaried,Analyst,Graduate,tier1,796206.19,32,755,3,8485.2,690261.93,0.66,12938.21,0.19,0,0,162,1,0,53097.60182082438,3743.933886048642,22260.435742008387,1074.8138077991343,759,0.1278825343088432,0.8002470049696964,1.1534824708028286,2.009411512953033,0,10312.999572405584,0,1,1,0
CUST_011333,45,Female,Married,1,Salaried,Govt. Employee,Graduate,tier3,1373448.99,274,754,3,30828.27,811792.97,0.48,32043.56,0.29,0,1,119,4,0,160953.00491022,14578.126622984577,2392.2508251815584,4978.34495255695,764,0.2693481960488735,1.4062547629566386,1.691868923342705,0.8601690475049608,45,10797.48698914375,1,1,0,1
CUST_011335,47,Female,Married,1,Self-Employed,Investor,Post-Graduate,tier1,9515365.45,77,762,1,114025.62,5588556.0,0.32,468176.95,0.44,1,1,121,8,0,2214139.434113929,12939.299068767914,4275.7947621099,55667.7795047517,770,0.1437995967254036,2.7922878886288585,1.7026515878785882,0.1270292469461106,47,12372.6822995508,1,1,0,0
CUST_011337,56,Female,Married,2,Self-Employed,CXO,Post-Graduate,tier1,11182877.82,378,782,3,157593.34,4388573.16,0.7,459791.64,0.5,1,1,118,8,0,2588601.279306465,17472.528306272652,9529.96241372723,37022.83051303435,786,0.1691083530679013,2.777744916713986,2.5481802089451304,0.105424183036423,112,12756.69706903084,1,0,0,0
CUST_011346,27,Male,Single,0,Salaried,Analyst,Graduate,tier2,1177651.58,61,724,2,20608.09,921719.99,0.25,14830.59,0.15,0,0,126,4,0,132543.05583697002,5793.504352944458,15170.09108159376,3390.396606794692,730,0.2099895795367977,1.350569633853872,1.2776660104051665,1.060917209405809,0,10204.694583549955,1,1,1,1
CUST_011352,59,Male,Married,2,Self-Employed,Surgeon,Post-Graduate,tier1,10354891.83,324,824,3,155516.82,8704001.89,0.54,394094.31,0.44,1,1,119,8,0,2197301.42197257,13857.581338012866,4897.7862014030125,33404.69375667165,832,0.1802239664064557,2.546389372277815,1.189670081784635,0.114810653069787,118,13439.270793036354,1,1,0,0
CUST_011362,38,Female,Single,2,Self-Employed,Sales Rep,Under-Graduate,tier1,714910.13,195,634,2,27751.81,471151.34,0.34,4914.22,0.1,0,0,213,1,100,12677.497620057178,1564.803063846902,30728.98016385997,0.0,644,0.4658153748856536,0.2127923658492514,1.5173651265321106,2.938295261510554,76,8681.064307037617,0,1,0,0
CUST_011363,38,Male,Married,2,Self-Employed,Business Owner,Graduate,tier2,3442068.38,44,783,2,56279.47,1586624.51,0.77,76675.43,0.3,1,1,116,4,0,631441.1186408995,28195.072585634305,3019.4665199255764,12726.863973228865,791,0.1962050752574232,2.201370272384747,2.169427100664731,0.3360304235920147,76,11905.80247923688,1,1,0,0
CUST_011368,38,Female,Single,0,Salaried,HR Manager,Post-Graduate,tier1,2054053.14,47,810,1,21008.96,1578602.48,0.38,54264.6,0.34,0,1,171,4,0,302474.2821052948,10312.526995393626,23325.13925822972,23905.057085875687,817,0.1227358933709375,1.7670770583563566,1.3011837146083067,0.8284670422777972,0,11875.361364425413,1,1,0,0
CUST_011376,30,Male,Married,0,Salaried,Software Engineer,Post-Graduate,tier1,2050031.68,130,780,2,43542.17,1488807.31,0.5,45966.79,0.2,1,1,142,4,0,272713.5858790391,14059.029040034538,3391.6339319882177,24708.29091646154,791,0.2548755644074862,1.596338196339538,1.3769614706140376,0.6893097877019057,0,11495.892737328695,1,1,0,0
CUST_011378,47,Female,Married,2,Salaried,Govt. Employee,Graduate,tier3,1738714.42,115,786,1,38682.81,1000629.71,0.53,36713.46,0.33,0,1,112,4,0,237929.84850297103,19139.34536930362,3518.462738368678,4720.290177417463,797,0.2669734091922293,1.6420974278608207,1.7376184866442883,0.6404705006092418,94,11451.81973593473,1,1,0,1
CUST_011384,48,Female,Married,2,Self-Employed,Investor,Post-Graduate,tier1,7783576.31,165,802,2,73020.81,5992115.01,0.37,301965.51,0.43,1,1,120,4,0,1756767.5850677046,12700.174624039591,1293.0810173180637,50171.13204824587,811,0.1125765758800776,2.7084180433500413,1.2989695621730797,0.153972958275942,96,12868.56407175521,1,1,0,0
CUST_011386,50,Female,Married,1,Salaried,Govt. Employee,Graduate,tier2,1425134.6,356,771,0,23805.34,478179.98,0.6,39676.72,0.33,0,1,115,4,0,187878.25485760104,19799.67660535996,4122.705501030161,5945.097486120355,781,0.2004453997925546,1.581969923859912,2.9803247297707243,0.8013185662167158,50,11066.596247065923,1,1,0,1
CUST_011389,32,Male,Single,1,Salaried,Teacher,Graduate,tier1,1171156.09,36,761,1,15500.23,436964.13,0.71,10519.81,0.12,0,0,131,4,0,145572.82045580208,5468.129847682422,16448.67331355672,4933.517483802907,768,0.1588181590569121,1.4915654382878762,2.6802049170376594,1.1090828816706182,32,10731.650138020912,1,1,1,1
CUST_011391,53,Male,Married,2,Salaried,Govt. Employee,Graduate,tier2,1496059.56,245,776,2,36390.22,769789.0,0.6,48839.29,0.33,0,1,102,4,0,219482.24631703828,8003.753301264504,4204.6057165073535,6929.538602960788,784,0.2918861982778417,1.76046856729531,1.9434645292872084,0.6772640518944683,106,11147.18319969682,1,1,0,1
CUST_011395,44,Male,Single,1,Self-Employed,Gig Worker,Under-Graduate,tier2,515212.43,79,626,0,18636.01,306683.41,0.69,2317.31,0.06,0,0,217,0,132,7069.212790523853,3327.847158297296,26332.02448452288,0.0,633,0.4340479740062015,0.1646477700723279,1.6799433332786626,4.131661545024744,44,8325.429017779777,0,1,0,0
CUST_011402,32,Female,Married,1,Salaried,Sales Rep,Under-Graduate,tier2,742193.43,72,640,0,39053.4,384480.37,0.22,3573.71,0.09,0,0,196,1,104,10199.076857671473,4901.699723656368,28114.410079643072,0.0,646,0.6314165607761721,0.1648989853012226,1.9303755341903823,2.605712735353192,32,8732.218773770637,0,0,0,0
CUST_011405,28,Male,Married,0,Salaried,Data Scientist,Post-Graduate,tier1,2085018.99,96,822,1,57162.03,1138356.92,0.35,49654.46,0.24,1,1,144,4,0,252369.87077668263,11588.18295988117,1994.487182911933,18829.361530382583,830,0.3289852109104623,1.452466876437262,1.8316023048357235,0.6873446049288555,0,12076.739870580215,1,1,0,0
CUST_011412,38,Female,Married,2,Self-Employed,Business Owner,Graduate,tier2,2928815.25,230,708,1,58366.19,989822.05,0.56,67583.2,0.33,1,1,130,4,0,460033.5460156783,24763.763745239656,2977.9041402952357,10697.329217925557,716,0.2391381328482245,1.8848508570070628,2.9589281134643204,0.4423551293331556,76,10661.317964610076,0,0,0,0
CUST_011413,48,Male,Married,3,Self-Employed,Business Owner,Graduate,tier2,3727330.48,286,778,2,81422.3,2247447.89,0.79,85523.13,0.37,1,1,128,8,0,613422.5097984158,19284.949115201583,6056.243972672066,6799.652911741175,790,0.2621351821687177,1.9748842927846515,1.6584717439336294,0.3424904505635263,144,11953.650460591518,1,1,0,0
CUST_011418,30,Male,Single,0,Salaried,Architect,Post-Graduate,tier2,2098398.28,91,740,2,34111.25,1151264.09,0.5,60872.57,0.32,0,1,174,4,0,294028.895751445,8950.157224391309,18687.15446960296,13011.233262387455,747,0.1950690977362158,1.6814379831466228,1.8226890559150015,0.825271020425989,0,10873.843967218883,1,1,0,1
CUST_011428,48,Male,Married,1,Salaried,Govt. Employee,Graduate,tier2,1397483.4,201,839,2,28516.55,743513.63,0.72,39230.49,0.29,0,1,96,4,0,206360.7151728747,16810.531863320004,2281.628949439826,5098.239159515482,848,0.2448656360514675,1.7719761954669022,1.87956409142884,0.6820684350522359,48,11999.356304342316,1,1,0,1
CUST_011433,46,Male,Married,1,Salaried,Govt. Employee,Graduate,tier3,1450719.71,14,818,0,31336.26,608630.77,0.76,34804.12,0.35,0,1,108,4,0,195543.6931977959,13737.3390646235,2367.462464869616,9633.69909743455,828,0.2592037641474039,1.6174764101444716,2.38357539239202,0.7393615575982062,46,11747.308814737708,1,1,0,1
CUST_011435,41,Male,Married,0,Self-Employed,Gig Worker,Under-Graduate,tier2,535540.07,220,640,1,22286.42,322887.97,0.26,1572.73,0.05,0,0,206,0,128,6532.468872954092,2869.5828076342486,28702.53188697724,0.0,650,0.4993670176645942,0.1463716244723862,1.6585889260943163,3.776074597050223,0,8574.1713593945,0,1,0,0
CUST_011443,36,Female,Single,0,Salaried,Architect,Post-Graduate,tier2,1658524.69,178,798,3,19794.5,1405604.92,0.32,41645.98,0.33,0,1,168,4,0,204291.54993378455,6753.2503367997815,17300.438724757463,13002.932906724458,807,0.1432190203763294,1.478109356269601,1.179935760373007,1.0068775188457055,0,11557.40177910988,1,1,0,1
CUST_011453,30,Female,Single,2,Self-Employed,Sales Rep,Under-Graduate,tier2,521583.89,97,632,1,23331.37,300742.16,0.35,3786.43,0.04,0,0,204,0,122,6425.870222773877,3660.531026403981,25794.60662059999,0.0,639,0.5367688767639638,0.1478356025260983,1.7343167172945848,3.8375880804062734,60,8412.196857874073,0,1,0,0
CUST_011459,48,Female,Married,3,Self-Employed,Business Owner,Graduate,tier2,3110403.84,184,719,1,41117.72,2425938.93,0.44,86732.43,0.27,1,1,121,4,0,569606.4769802716,30423.684845997584,5373.192553462111,11143.704969932738,726,0.1586323711623073,2.1975446613476803,1.2821437998260738,0.3877703214209607,144,10853.891264204143,1,1,0,0
CUST_011460,30,Male,Single,0,Salaried,HR Manager,Post-Graduate,tier2,2144374.05,51,791,0,34635.25,1508168.93,0.19,50085.91,0.26,0,1,168,4,0,294607.7677265047,13374.310122152252,22292.125109693337,20910.619232526125,796,0.1938191120017778,1.6486272202330623,1.4218384860650284,0.7798088730227697,0,11604.373537865687,1,1,0,0
CUST_011465,54,Female,Married,1,Self-Employed,Surgeon,Post-Graduate,tier1,9026936.53,278,801,3,149896.09,5795646.02,0.68,448977.8,0.41,1,1,117,8,0,1921949.309916624,19798.64119679509,4591.750650451658,45370.41452264113,808,0.1992647985110423,2.554948844822924,1.5575373204836758,0.1294686530237255,54,12940.704768916275,1,1,0,0
CUST_011470,44,Female,Married,2,Self-Employed,Business Owner,Graduate,tier2,3179922.11,308,762,2,51650.57,2728861.49,0.5,95988.35,0.31,1,1,129,4,0,542219.0202776208,27027.51493368126,1214.0897452616562,11976.75468584664,768,0.1949118499188022,2.0461519070064784,1.165292176374926,0.4043985889047303,88,11498.778297768004,1,0,0,0
CUST_011473,29,Male,Married,0,Salaried,Software Engineer,Post-Graduate,tier1,2525313.57,106,760,1,46219.66,1707737.61,0.74,60293.32,0.2,1,1,145,4,0,375930.601332268,20005.030852675038,5631.235368863139,18941.79048146397,768,0.2196294713794071,1.786370545476723,1.4787471309792544,0.5719213659239792,0,11321.760917844556,1,1,0,1
CUST_011476,45,Female,Married,2,Salaried,Govt. Employee,Graduate,tier2,1671292.04,234,790,0,40193.52,1282521.78,0.2,50016.15,0.39,0,1,113,4,0,217059.4274417171,13233.758045741784,5779.51427354719,4432.513795950777,795,0.2885903632471324,1.5584914934452052,1.3031285417012242,0.6721021530560508,90,11391.640987395123,1,1,0,1
CUST_011477,26,Male,Single,1,Salaried,Teacher,Graduate,tier2,907502.49,33,669,3,17698.33,775178.03,0.55,12536.76,0.2,0,0,129,4,0,90049.38119658151,4581.086866632409,10339.263019637556,4169.794086029984,674,0.2340237674882745,1.1907166070251705,1.1707005154667305,1.4059907346954448,26,9246.237113628706,1,1,0,1
CUST_011478,32,Female,Single,2,Self-Employed,Gig Worker,Under-Graduate,tier3,591355.22,41,656,1,26659.02,403771.92,0.43,1296.6,0.08,0,0,212,0,123,7520.659648890104,5613.157014198371,22496.21895021173,0.0,662,0.5409637686715203,0.1526089251052522,1.4645737510083638,3.5253705788069825,64,8798.09509262534,0,1,0,0
CUST_011480,37,Female,Married,3,Self-Employed,Trader,Graduate,tier2,3698595.04,168,732,2,83483.38,2703934.45,0.75,101231.09,0.38,1,1,132,8,0,607925.9233724924,31399.78093739541,4868.625099809913,14582.663971877408,741,0.2708588798879267,1.9723942018100709,1.3678562629888225,0.3559299372842822,111,11206.4867180051,1,1,0,0
CUST_011487,40,Male,Married,1,Self-Employed,Trader,Graduate,tier2,3281372.49,119,730,0,51367.95,2763043.11,0.52,107107.48,0.3,1,1,124,4,0,574474.679601623,21254.79171370837,8307.833212136928,11606.04969997027,738,0.1878522318486365,2.1008498626808207,1.1875932338988249,0.3767425302871143,40,11072.784208070194,1,1,0,0
CUST_011489,27,Female,Married,1,Salaried,Software Engineer,Post-Graduate,tier1,2066553.69,102,760,1,51113.77,700465.5,0.34,49874.95,0.26,1,1,139,4,0,263564.977721451,12573.65854713574,1778.8654433480106,15573.387471706244,768,0.2968041340123091,1.5304520673898403,2.95025342396817,0.669378310175067,27,11167.790114013109,1,1,0,1
CUST_011493,36,Male,Married,1,Self-Employed,Trader,Graduate,tier2,3360882.96,125,776,0,46622.6,1853243.82,0.6,109832.94,0.29,1,1,114,4,0,640761.6791342159,30212.44200214948,2746.970294265097,15388.637359070872,783,0.166464946586727,2.287825189755585,1.813512669092473,0.3381903238788213,36,11766.700516666464,1,0,0,0
CUST_011502,36,Male,Single,0,Salaried,Architect,Post-Graduate,tier2,2175135.51,85,763,3,33206.08,705643.72,0.4,51996.82,0.32,0,1,182,4,0,290117.6964661967,11948.490986162926,17836.63830288454,14459.103319946857,771,0.1831935343088525,1.6005408100319414,3.082479679009006,0.8329002900145082,0,11250.896129474168,1,1,0,1
CUST_011507,50,Male,Married,2,Self-Employed,Business Owner,Graduate,tier2,2994899.2,324,709,0,51632.07,1721826.94,0.62,98965.69,0.36,1,1,141,4,0,539741.3401851628,22962.01047912957,4591.042934896535,24225.32010109171,717,0.2068792022948793,2.162633764307253,1.739371937477098,0.4692337100692095,100,10692.20619167611,1,0,0,0
CUST_011508,42,Male,Married,2,Salaried,Govt. Employee,Graduate,tier3,1470265.71,23,751,0,33984.17,507198.17,0.24,43169.08,0.26,0,1,103,4,0,208784.37849827053,18651.0240133112,3724.0412918468783,4897.064050598199,758,0.2773693957449711,1.7040403489346556,2.8987936040983664,0.6958210225649286,84,10764.32341827512,1,1,0,1
CUST_011519,33,Male,Married,1,Salaried,Software Engineer,Post-Graduate,tier1,2132374.0,80,788,0,50482.91,1651442.23,0.14,45119.62,0.21,1,1,156,4,0,243467.51383254843,13160.4236531202,2602.657523461023,15806.623032766409,798,0.284092523586255,1.3701131811926082,1.291218469556474,0.7281641767497178,33,11629.052058106292,1,0,0,1
CUST_011521,48,Male,Married,1,Salaried,Govt. Employee,Graduate,tier2,1665725.59,18,793,3,37328.11,984587.14,0.39,52851.02,0.33,0,1,103,4,0,230689.9248029582,14011.07074251754,4396.692532580332,7727.723584645601,799,0.2689122960838027,1.6618938746741605,1.6917993649608658,0.6146591101470259,48,11446.291809300586,1,1,0,1
CUST_011526,26,Male,Married,1,Salaried,Sales Rep,Under-Graduate,tier2,745125.48,39,647,0,28942.9,437633.7,0.69,3376.94,0.04,0,0,205,1,78,15621.453289083483,4781.453476520415,24273.918313869697,0.0,656,0.466108348220519,0.2515742993749312,1.7026197419902946,2.714780595140294,26,8869.978871125299,0,0,0,0
CUST_011541,30,Female,Married,1,Salaried,Data Scientist,Post-Graduate,tier1,2748135.47,63,772,0,49833.35,1267155.07,0.72,63045.94,0.23,1,1,136,4,0,394103.4646727911,18560.780365199043,3888.542262954632,20657.56518705898,778,0.2176012046398659,1.7208834779428677,2.1687426948126447,0.4930867300727617,30,11534.965335092074,1,1,0,1
CUST_011542,28,Male,Single,0,Salaried,Architect,Post-Graduate,tier1,1662854.97,52,724,3,32243.71,886025.33,0.2,44788.23,0.33,0,1,165,4,0,191807.7366044052,4355.982676825126,12628.99847270439,18087.031822406807,732,0.2326851918888015,1.3841713623386611,1.876755705442749,0.9863377457042796,0,10485.202510788218,1,1,0,0
CUST_011543,33,Male,Married,1,Salaried,Software Engineer,Post-Graduate,tier1,2738865.96,136,719,0,60339.52,1528215.63,0.47,55458.84,0.25,1,1,155,4,0,365991.4166043617,22184.208830590334,4575.714561185834,19822.248108258325,724,0.2643689315751769,1.6035387714947114,1.7921974582883582,0.5638688908643621,33,10731.891729205932,1,1,0,1
CUST_011549,40,Male,Married,0,Salaried,Gig Worker,Under-Graduate,tier3,726941.45,234,584,1,26553.26,417178.76,0.79,4754.08,0.03,0,0,209,1,74,15932.163260515596,5213.938288470496,26984.817361294172,0.0,592,0.4383212157532232,0.2629961507524136,1.742513706801116,2.8360462014994545,0,7989.988734728573,0,1,0,0
CUST_011556,48,Female,Married,2,Self-Employed,Trader,Graduate,tier2,3011093.69,317,752,2,44940.46,1811682.11,0.78,62757.93,0.38,1,1,120,4,0,522780.1046032688,26144.245520876037,4184.54758761246,11416.660986025146,761,0.1790988346211122,2.083407857808945,1.6620421493028104,0.3972071452044243,96,11352.456648049903,1,1,0,0
CUST_011559,25,Male,Married,1,Salaried,Sales Rep,Under-Graduate,tier2,664085.75,18,571,3,35100.42,301964.57,0.26,1646.28,0.03,0,0,203,1,118,8175.474529341131,3744.5569785014313,25962.577691887847,0.0,580,0.6342515691402357,0.1477277921090586,2.1992101616088218,3.011486298293652,25,7775.577479158862,0,1,0,0
CUST_011562,25,Female,Single,0,Salaried,Analyst,Graduate,tier1,1053111.62,22,717,0,14264.86,783664.42,0.74,12393.83,0.15,0,0,167,4,0,80451.01244944069,2023.3548577470533,21079.18820649724,5453.096531347552,722,0.1625434248640249,0.9167130344994904,1.343828109705287,1.5708604520755778,0,10012.16225208812,1,1,1,1
CUST_011564,25,Male,Single,0,Salaried,Junior Software Engineer,Graduate,tier2,1032116.96,12,763,0,15621.03,914956.43,0.74,12872.93,0.18,0,0,163,4,0,84263.31752669917,4049.417368996303,10610.753252111575,3376.514313300372,774,0.1816171886117797,0.979683595275139,1.1280491596204645,1.56412385803605,0,10717.673605112524,1,1,1,1
CUST_011567,27,Female,Married,1,Salaried,Product Manager,Post-Graduate,tier1,2107855.56,65,771,2,43431.37,731136.65,0.63,47970.87,0.28,1,1,144,4,0,298719.2846750886,17067.58790791255,7527.469232099045,24196.8962213408,782,0.2472529346198582,1.700596130480353,2.882980462023806,0.6799330545469304,27,11386.844434095738,1,1,0,0
CUST_011575,38,Female,Single,0,Salaried,Architect,Post-Graduate,tier2,1644479.5,157,769,3,25004.28,725264.73,0.19,43277.72,0.28,0,1,181,4,0,193656.75275709628,10469.49353649894,16511.38195291503,16362.613312525107,775,0.1824584438411508,1.413130461960524,2.267416523320356,1.093999653667513,0,11092.524692295912,1,1,0,0
CUST_011589,38,Male,Married,2,Self-Employed,Gig Worker,Under-Graduate,tier3,606067.65,210,626,3,25987.64,343881.42,0.38,1193.55,0.09,0,0,211,0,120,8230.673799552207,5219.398806477228,35013.162120221146,0.0,635,0.5145391038950078,0.1629622205507584,1.762426965588994,3.424948542582945,76,8454.865324464454,0,1,0,0
CUST_011590,43,Male,Married,3,Self-Employed,Business Owner,Graduate,tier2,3531395.87,123,744,2,77817.5,1255119.26,0.63,93560.2,0.26,1,1,132,8,0,593987.2690580207,24090.018503506555,8122.474345578867,14318.66474427988,752,0.2644299481611564,2.018415173520086,2.8135916394178837,0.372734381711469,129,11338.05745651634,1,1,0,0
CUST_011593,40,Male,Married,1,Salaried,Govt. Employee,Graduate,tier3,1463992.0,40,766,0,27622.11,885751.16,0.13,30970.97,0.29,0,1,102,4,0,183151.67866503293,10668.689289804755,4653.002590736468,4081.462451042804,772,0.2264101190980352,1.5012391659998163,1.652823516682138,0.6919983283491362,40,10959.835564278965,1,1,0,1
CUST_011595,27,Male,Married,2,Salaried,Gig Worker,Under-Graduate,tier1,578277.93,28,620,1,19557.62,382452.01,0.22,2208.95,0.08,0,0,214,0,112,9758.584866123874,3294.116267818858,30725.868927772623,0.0,628,0.405836982151842,0.2024988026222183,1.51202347708023,3.6377363332328314,54,8332.18569051853,0,1,0,0
CUST_011603,30,Male,Single,1,Salaried,Analyst,Graduate,tier1,1015247.46,133,723,1,20402.63,668357.19,0.7,9031.32,0.19,0,0,141,4,0,90124.1849315676,5869.029642840536,15007.975466029337,2147.548648973855,729,0.2411517150502591,1.065235303671843,1.519017010923439,1.3752777305100568,30,10082.53942400745,1,1,1,1
CUST_011605,25,Female,Single,0,Salaried,Junior Software Engineer,Graduate,tier1,837603.12,41,761,3,14362.62,664302.7,0.11,8463.37,0.13,0,0,163,3,1,47696.84480022112,2987.188250539064,20588.226188230343,2658.1127537692705,771,0.2057644804692637,0.6833235503230332,1.2608737840839963,1.9230698442922205,0,10515.129961010703,0,1,1,1
CUST_011610,29,Female,Married,1,Salaried,Sales Rep,Under-Graduate,tier1,511543.56,92,604,1,22350.83,312472.99,0.51,3037.43,0.04,0,0,205,0,119,6849.346688663003,3784.3703500768256,33988.73865392002,0.0,610,0.5243026974430696,0.1606710330036409,1.6370756490804244,3.930640040881724,29,8018.565885911407,0,0,0,0
CUST_011612,28,Female,Single,0,Salaried,Junior Software Engineer,Graduate,tier2,912803.63,52,728,1,17081.68,505515.36,0.5,10337.05,0.17,0,0,164,3,0,49094.47980849092,2366.390911765837,14686.720629543624,3294.940328486612,734,0.2245581180506298,0.6454027936637008,1.8056856359703175,1.7771928357065525,0,10073.619427969446,1,1,1,1
CUST_011618,58,Female,Married,1,Self-Employed,Surgeon,Post-Graduate,tier1,8069844.58,446,846,3,71269.66,3523071.38,0.19,296740.34,0.45,1,1,110,4,0,1809630.3489284688,14223.376880658634,7870.352575096792,42405.28936442634,854,0.105979073050639,2.6909479706195256,2.290570192599904,0.1361412325582134,58,13581.712748865644,1,1,0,0
CUST_011619,27,Male,Married,0,Salaried,Product Manager,Post-Graduate,tier1,2061615.75,80,764,2,45785.02,719675.44,0.11,46103.57,0.25,1,1,143,4,0,269083.6424810289,17988.07448603659,5799.146370823517,17120.35400881124,772,0.2664982754524913,1.5662399333596215,2.8646425468645327,0.6902824522356523,0,11224.108820670552,1,1,0,1
CUST_011621,30,Female,Married,1,Salaried,Data Scientist,Post-Graduate,tier1,2559146.36,20,772,2,74318.9,960808.82,0.32,61508.51,0.29,1,1,139,4,0,319057.79809507594,12326.078407662637,5117.094138728433,12089.827247733294,782,0.3484844134459893,1.4960752866973466,2.6635306037983666,0.5410357392017169,30,11538.554434209884,1,1,0,1
CUST_011622,26,Male,Married,2,Salaried,Gig Worker,Under-Graduate,tier3,573513.62,30,627,0,22712.34,390743.91,0.78,2849.31,0.1,0,0,206,0,114,8449.696707941184,6203.446237868563,25076.35922128544,0.0,634,0.4752151787046584,0.1767948230373635,1.4677443143149325,3.530337475241794,52,8406.54754075534,0,0,0,0
CUST_011623,31,Male,Married,1,Salaried,Software Engineer,Post-Graduate,tier1,2728421.27,32,745,0,45546.01,2291430.38,0.41,49619.19,0.23,1,1,152,4,0,385013.33932691615,22174.494634264476,6850.600872117891,21613.113018175485,752,0.2003172025533906,1.6933381229158644,1.1907060773515288,0.5550643418716945,31,11144.064025920776,1,1,0,1
CUST_011627,49,Male,Married,2,Self-Employed,Investor,Post-Graduate,tier1,10771902.82,288,814,2,134150.46,6541922.84,0.11,535875.37,0.43,1,1,132,8,0,2595641.876675365,24864.95993972424,10737.729626517124,37358.361547422304,821,0.1494446945506017,2.891565988089049,1.64659557088332,0.1224273694575926,98,13294.002931223338,1,1,0,0
CUST_011628,36,Female,Single,0,Salaried,HR Manager,Post-Graduate,tier2,1758324.42,209,741,1,15230.47,1565033.4,0.51,37034.11,0.33,0,1,160,4,0,251473.405723414,8184.820168669991,22141.879103298685,12856.575169759868,751,0.103942361610186,1.7162135950530832,1.123505285251238,0.9048113467776462,0,10799.28420857885,1,1,0,1
CUST_011637,33,Female,Married,0,Salaried,Data Scientist,Post-Graduate,tier1,2499279.39,87,765,0,63097.84,1316031.38,0.61,43033.65,0.26,1,1,153,4,0,323233.6093192405,20831.71260364428,3290.915544526914,17600.390961375364,774,0.3029555029195695,1.5519612188280638,1.8991017455056844,0.6097368057528261,0,11402.191375008228,1,1,0,1
CUST_011639,51,Male,Married,1,Salaried,Govt. Employee,Graduate,tier3,1632514.14,232,769,0,35058.44,592383.3,0.51,40903.9,0.4,0,1,110,4,0,229093.134669249,17609.68348196692,2049.3584725472483,7574.86913952476,775,0.2576995673710928,1.6839654500300911,2.7558362704750947,0.6697050413215926,51,11086.865121012104,1,1,0,1
CUST_011641,44,Male,Single,2,Self-Employed,Sales Rep,Under-Graduate,tier2,540997.26,213,571,1,24692.87,245659.11,0.63,2785.86,0.02,0,0,201,0,127,6353.86641001421,4621.775473630096,27951.293271451315,0.0,581,0.5477067804717427,0.1409336263859338,2.2022185856710723,3.647931026009095,88,7669.880549444775,0,1,0,0
CUST_011648,30,Female,Married,0,Salaried,Sales Rep,Under-Graduate,tier1,678465.68,57,586,2,27377.72,205040.86,0.23,3024.53,0.07,0,0,215,1,110,9923.965095725456,3485.6738340384486,26623.83419994053,0.0,597,0.484220262043108,0.1755217373528123,3.308913019029383,3.122886241765893,0,8016.271617288237,0,1,0,0
CUST_011650,24,Female,Single,0,Salaried,Analyst,Graduate,tier1,1004721.0,18,733,0,16094.32,587818.16,0.71,13823.31,0.2,0,0,178,4,1,57086.23745059541,5920.755533549147,24492.28608480155,2255.8937310292104,741,0.1922220530230419,0.6818078528396548,1.7092348605989638,1.7541767638592285,0,10240.78409022213,0,1,1,1
CUST_011654,35,Male,Married,1,Salaried,Sales Rep,Under-Graduate,tier1,632121.48,59,589,0,28341.06,196470.54,0.23,4009.92,0.1,0,0,210,1,110,9518.961485396212,4655.037750283291,30544.670482143665,0.0,596,0.5380077638033031,0.1807016104015793,3.217369192504929,3.270409206681577,35,7960.675717285343,0,1,0,0
CUST_011657,28,Female,Married,0,Salaried,Product Manager,Post-Graduate,tier1,2176448.68,112,793,3,46814.34,1616412.41,0.69,44989.75,0.27,1,1,153,4,0,285444.34943781304,15054.222148177349,2973.294886711212,12588.292409012502,799,0.258112671256712,1.573808442638052,1.3464678445101494,0.6997648808294918,0,11659.971210495703,1,1,0,1
CUST_011659,28,Male,Single,0,Salaried,Consultant,Graduate,tier2,766934.29,86,748,0,12972.08,535219.1,0.26,10211.08,0.11,0,0,169,1,13,33283.03190526005,4729.672737902532,17883.17235562617,3733.3451584530712,754,0.202967224732256,0.5207618682960454,1.4329325262634944,2.1752161305687765,0,10216.818912679504,0,1,1,0
CUST_011675,34,Male,Single,0,Salaried,Teacher,Graduate,tier2,943254.4,176,707,0,15811.41,336474.82,0.31,14241.69,0.18,0,0,119,2,0,91045.14225685716,7199.160670893066,13524.110374531065,2121.041360896989,715,0.2011488164955308,1.1582536037351543,2.803334872621753,1.2483551085628348,0,9836.321039328732,0,1,1,1
CUST_011682,49,Female,Married,1,Salaried,Govt. Employee,Graduate,tier3,1330573.05,19,737,0,25213.94,676338.8,0.15,39563.5,0.33,0,1,109,4,0,191517.77655858645,15906.26880975526,2742.3172056107387,4790.517485106212,745,0.2273941677008921,1.7272201568047356,1.967314432774768,0.8130851205758611,49,10505.33516259665,1,1,0,1
CUST_011694,46,Female,Married,1,Self-Employed,Trader,Graduate,tier2,2891886.64,245,739,0,49579.68,1694306.59,0.74,68216.15,0.37,1,1,123,4,0,485369.8333414011,33009.91525942404,3250.2626453367643,10249.719892388302,747,0.2057320238582082,2.014053300324804,1.7068250517605248,0.4238621809155163,46,11113.432747096876,1,1,0,0
CUST_011697,28,Female,Single,0,Salaried,Analyst,Graduate,tier1,860068.58,34,724,0,14033.88,753993.29,0.33,9610.39,0.19,0,0,161,2,0,55379.24815791718,3163.212833786185,18402.411825555093,4411.207045125337,733,0.1958032350875774,0.7726612986599536,1.140683147613757,1.8504288478041584,0,10016.27536322736,1,1,1,1
CUST_011702,24,Female,Single,0,Salaried,Analyst,Graduate,tier2,862680.98,19,758,3,10097.22,385314.39,0.15,7662.7,0.17,0,0,179,1,2,47303.09595231927,4601.821834711742,20470.73748634639,3137.8171244981622,764,0.1404516355285515,0.6579828103247475,2.238895726433351,2.05115046737927,0,10442.20026725946,0,1,1,1
CUST_011705,24,Female,Single,0,Salaried,Analyst,Graduate,tier1,1107307.88,18,749,3,14969.97,985619.78,0.5,11139.1,0.14,0,0,166,4,0,99143.35747060664,6913.502289608123,17976.203444929484,4147.847996754557,757,0.1622292196180926,1.074414278236637,1.12346239290937,1.4857140361347851,0,10535.50450025084,1,1,1,1
CUST_011720,29,Female,Single,0,Salaried,Architect,Post-Graduate,tier2,1886805.5,111,783,3,26302.13,875847.6,0.22,42710.21,0.25,0,1,171,4,0,238002.5166687185,8617.477223880982,17466.33961693034,18992.515165361478,791,0.1672793261669451,1.5136759119653187,2.154259880075164,0.9015157326357394,0,11430.26345381967,1,1,0,0
CUST_011726,28,Male,Married,0,Salaried,Product Manager,Post-Graduate,tier1,2553035.2,38,758,2,43633.44,1907264.19,0.35,63079.79,0.25,1,1,147,4,0,406527.1461852599,20612.18226918708,3656.327132995381,23431.395735344337,765,0.2050887582493578,1.9107855719326767,1.3385842794100389,0.573538748121758,0,11285.88731477271,1,1,0,0
CUST_011729,29,Male,Married,0,Salaried,Software Engineer,Post-Graduate,tier1,2432016.36,110,790,1,54937.87,1995947.99,0.14,44957.65,0.21,1,1,143,4,0,320711.2097616492,18189.97397008841,4460.891876597388,14721.976736088483,797,0.271071855428528,1.5824381740103517,1.2184762096550372,0.585581662524161,0,11719.272633179888,1,1,0,1
CUST_011730,29,Male,Married,0,Salaried,Data Scientist,Post-Graduate,tier1,2343462.47,36,779,3,59720.91,2081547.14,0.3,58434.97,0.26,1,1,152,4,0,304209.96917352406,20187.918210425152,5032.840542161294,9830.843537964134,789,0.3058070097089643,1.5577381690368013,1.1258266983919,0.6458569105629289,0,11572.3738611492,1,1,0,1
CUST_011736,23,Female,Single,0,Salaried,Analyst,Graduate,tier2,893195.65,40,738,0,12946.74,305977.59,0.42,13703.19,0.18,0,0,160,1,0,59769.04588330871,6019.090103801028,19644.97592194144,2600.807583464336,747,0.1739359039300659,0.8029807521237693,2.9191442773822835,1.771487716974722,0,10235.813850140848,1,1,1,1
CUST_011743,30,Male,Married,0,Salaried,Product Manager,Post-Graduate,tier1,2176261.88,120,812,0,48377.67,1878513.85,0.57,42245.62,0.21,1,1,147,4,0,278436.3200738411,11586.848918393953,3148.2060457430885,19851.40813776125,820,0.2667550464742057,1.5353011730702264,1.1585012915921318,0.6723805658634089,0,11966.358144557456,1,1,0,0
CUST_011752,28,Male,Single,0,Salaried,Analyst,Graduate,tier2,1027823.25,83,715,0,9060.02,810791.82,0.26,14014.38,0.15,0,0,171,4,0,85539.14447998846,3759.464304616672,21763.6317857984,2987.5052189531734,723,0.1057759402589082,0.9986714638944924,1.267676803058024,1.6476794097646204,0,10008.456282331435,1,1,1,1
CUST_011753,30,Female,Married,0,Salaried,Software Engineer,Post-Graduate,tier1,2731749.65,109,722,2,53138.26,1836383.81,0.42,57089.91,0.23,1,1,147,4,0,409113.884730315,27967.996719962437,2064.73081670614,20000.51088279097,734,0.2334241422563348,1.7971431060845957,1.4875692911008125,0.5361539847374468,0,10878.212667425743,1,1,0,1
CUST_011755,60,Female,Married,1,Self-Employed,Investor,Post-Graduate,tier1,9791477.66,23,877,1,137990.28,6770831.29,0.68,454350.14,0.54,1,1,112,8,0,2160473.937539615,16371.939976155336,5508.099833715912,36903.72485789564,884,0.1691145492155889,2.647777626359193,1.4461261541599932,0.1142684846970308,60,14229.768368151446,1,1,0,0
CUST_011763,30,Female,Married,0,Salaried,Software Engineer,Post-Graduate,tier1,1959745.15,139,759,0,44525.34,938031.49,0.36,43191.5,0.23,1,1,155,4,0,247878.6960915238,10305.747635664076,4851.870940187408,17259.2395451719,765,0.272637903119782,1.5178127315919148,2.089208178706049,0.7869038286501175,0,11083.56901324725,1,1,0,0
CUST_011770,42,Female,Married,2,Salaried,Govt. Employee,Graduate,tier3,1423212.45,227,766,1,33530.52,1069830.48,0.58,39950.8,0.27,0,1,105,4,0,198311.94566132675,14578.074025023489,5024.339240678496,2924.159814104114,774,0.2827145359960616,1.6720787419973857,1.330314611792878,0.7326199266549771,84,10966.36316814709,1,1,0,1
CUST_011771,48,Male,Married,2,Salaried,Govt. Employee,Graduate,tier3,1383163.2,58,745,0,29303.27,951701.86,0.6,38355.19,0.25,0,1,104,4,0,189068.52169297883,13817.29974407238,4358.351569675308,7282.635256046297,752,0.2542261023766187,1.6402999853639264,1.4533561452153247,0.7465026351543022,96,10633.193016914667,1,1,0,1
CUST_011772,32,Male,Married,0,Self-Employed,Sales Rep,Under-Graduate,tier3,677323.15,55,605,2,28632.06,522024.12,0.69,1815.23,0.03,0,0,207,1,112,10197.548359612509,4650.030997308016,30964.40545855149,0.0,613,0.5072595449977755,0.1806647422850417,1.2974914885321995,3.01168380549964,0,8230.079912640818,0,1,0,0
CUST_011775,28,Female,Single,0,Salaried,Architect,Post-Graduate,tier1,1636035.04,82,779,2,18204.0,1451627.07,0.49,43194.04,0.23,0,1,164,4,0,201487.95148538757,8351.412102920818,17196.42214375165,15944.854109160347,787,0.1335218332108592,1.4778642414980017,1.1270345853810886,0.9963335895935724,0,11260.228231465486,1,1,0,0
CUST_011777,25,Male,Married,2,Self-Employed,Sales Rep,Under-Graduate,tier2,666581.88,62,578,2,32591.85,398350.73,0.74,3305.33,0.09,0,0,212,1,123,8269.573711801493,4239.196725501866,28292.14859292197,0.0,589,0.5867173578011248,0.1488685802840222,1.673350031641635,3.1333975423639786,50,7898.442739793095,0,1,0,0
CUST_011778,44,Male,Married,1,Self-Employed,Business Owner,Graduate,tier2,3305729.49,199,736,2,47645.12,2290549.87,0.25,97696.51,0.25,1,1,132,4,0,588605.3175122977,27653.33209141081,5236.034348137141,9732.38108285912,744,0.172954068468312,2.136665505005224,1.4432028265759491,0.3981024398947575,44,11168.309016227577,1,1,0,0
CUST_011780,46,Female,Married,3,Self-Employed,Trader,Graduate,tier2,3727407.16,139,749,0,82439.52,1448369.95,0.45,97361.91,0.34,1,1,119,8,0,632736.2578737373,28972.938713301766,5722.720162812359,17283.11439323124,759,0.2654046130942783,2.03702207038203,2.5735169294855025,0.3184025579915676,138,11484.598778296262,1,1,0,0
CUST_011785,28,Male,Married,0,Salaried,Product Manager,Post-Graduate,tier1,2387157.43,54,751,0,41011.95,1646001.99,0.38,43707.27,0.21,1,1,146,4,0,325161.70520853315,21368.83785665465,3632.389562182156,14962.820878584902,758,0.2061619061534312,1.634546929709299,1.4502752695485688,0.6090547002580469,0,11131.69562055121,1,1,0,1
CUST_011791,39,Male,Married,2,Self-Employed,Trader,Graduate,tier2,2950598.67,102,750,2,68413.39,2496423.52,0.78,91570.66,0.36,1,1,123,4,0,479675.5582987813,27560.778766917545,6741.925229349004,13587.737797955097,756,0.2782341595748381,1.9508187773161465,1.1819298546226424,0.4154565130572054,78,11262.524353131696,1,1,0,0
CUST_011795,45,Female,Married,1,Self-Employed,Sales Rep,Under-Graduate,tier3,548919.24,109,609,0,19318.28,416988.75,0.8,1399.06,0.06,0,0,202,0,115,8000.803809839512,3222.297856581549,33830.18798145989,0.0,618,0.4223103789829852,0.1749028634589537,1.3163854507215105,3.6141178464352026,45,8167.307808260295,0,1,0,0
CUST_011796,33,Female,Married,1,Salaried,Software Engineer,Post-Graduate,tier1,2487017.26,39,752,0,60958.92,1174585.45,0.33,58682.63,0.25,1,1,149,4,0,316695.7191817503,20019.56883786107,6698.566557195112,16235.248006970143,760,0.2941288435022272,1.5280675186672328,2.117355653132215,0.5967119346223503,33,11192.21224935282,1,1,0,1
CUST_011798,49,Female,Married,2,Self-Employed,Business Owner,Graduate,tier2,3678525.02,47,749,1,70629.03,1234147.93,0.33,97249.77,0.26,1,1,120,4,0,644299.9114058273,24676.959758511064,2619.1687175560824,11484.43640397752,759,0.2304036510688697,2.1018135456660234,2.9806167882834047,0.3253332954211599,98,11474.57922312542,1,1,0,0
CUST_011807,27,Female,Married,1,Salaried,Product Manager,Post-Graduate,tier1,2303427.53,64,814,0,44457.88,1991748.55,0.24,57556.9,0.22,1,1,146,4,0,333679.45630379824,16224.937699700442,8060.071828039541,18628.761680558007,821,0.2316077991420074,1.7383367019170584,1.1564845238699817,0.6310982216071407,27,12027.57548290236,1,1,0,1
CUST_011811,48,Male,Married,2,Salaried,Govt. Employee,Graduate,tier3,1726044.18,166,786,0,33045.91,1377908.71,0.38,46242.61,0.32,0,1,113,4,0,245980.05453196657,12580.296315393429,2096.6232046346254,4561.144803137127,794,0.2297439240940582,1.7101185283456992,1.252654050895686,0.6509050939014698,96,11402.906601171684,1,1,0,1
CUST_011814,30,Male,Single,1,Salaried,Teacher,Graduate,tier1,1108205.62,55,731,3,25677.77,421081.45,0.7,13232.12,0.15,0,0,131,4,0,97338.60460218391,5701.562876558126,14196.572056292514,1768.4135368719203,738,0.2780439820114031,1.054001699798102,2.63180196657448,1.171519778267614,30,10271.6711634778,1,1,1,1
CUST_011815,23,Female,Single,0,Salaried,Analyst,Graduate,tier1,1119274.09,28,718,1,11633.95,416998.35,0.78,12959.56,0.12,0,0,168,4,0,115712.25738803056,2380.270154564276,16709.009550400606,3644.3630809689553,726,0.1247289689805758,1.240564946765636,2.6841147114497903,1.487681347581436,0,10111.867241463118,1,1,1,1
CUST_011819,41,Male,Married,1,Salaried,Govt. Employee,Graduate,tier2,1610247.69,151,773,2,37896.94,1166390.51,0.13,48130.38,0.36,0,1,117,4,0,219538.232464297,16886.51263701458,4188.021395970372,9364.69152864186,781,0.2824161114037451,1.6360459160295842,1.3805379036066543,0.7221118148917096,41,11161.973268069887,1,1,0,1
CUST_011825,32,Male,Married,0,Salaried,Data Scientist,Post-Graduate,tier1,2524752.69,61,768,1,45150.19,1437222.19,0.42,60716.94,0.27,1,1,160,4,0,367952.61420041,23456.32508497052,3872.518737761684,22425.74915832273,775,0.2145951589650915,1.7488486700932595,1.756687971337284,0.6312252892805885,0,11424.7819022494,1,1,0,0
CUST_011833,28,Male,Married,1,Salaried,Data Scientist,Post-Graduate,tier1,2020004.99,64,802,2,37695.77,1601514.52,0.39,40728.94,0.21,1,1,151,4,0,257226.2166343703,12020.369709424403,5787.33800503392,16698.53589594547,810,0.2239333838474299,1.5280636820843985,1.2613084074264855,0.7438405360767119,28,11760.074938122816,1,1,0,1
CUST_011835,33,Female,Married,0,Salaried,Data Scientist,Post-Graduate,tier1,2584653.45,126,742,2,47162.87,1455033.36,0.54,63296.0,0.24,1,1,160,4,0,362954.78842199646,21757.42566430584,2946.005293189348,22770.22714087003,750,0.2189662263640348,1.6851145903869136,1.7763521749410784,0.6166526786072336,0,11073.826786455757,1,1,0,0
CUST_011838,40,Female,Married,2,Self-Employed,Business Owner,Graduate,tier2,2581501.91,147,739,1,54579.24,2299091.95,0.47,68561.66,0.37,1,1,113,4,0,387526.62563131016,22480.01465583965,4135.253397239033,7398.256502664699,745,0.2537080576877464,1.8013923882268454,1.1228349467123546,0.436040581579197,80,10999.09232136184,1,1,0,0
CUST_011840,49,Female,Married,1,Self-Employed,Trader,Graduate,tier2,3238378.22,306,709,2,75916.5,1677776.93,0.17,94764.33,0.3,1,1,134,8,0,538560.9678740955,28835.29906563528,5012.094621809179,14625.925961642432,715,0.28131199086934,1.99566178732134,1.9301590288531212,0.4125135403721552,49,10718.267218133924,1,1,0,0
CUST_011844,53,Female,Married,1,Salaried,Govt. Employee,Graduate,tier3,1788333.63,217,804,3,37087.93,1308338.13,0.43,50585.82,0.25,0,1,105,4,0,266283.0190812948,18251.532053536783,2874.906636581394,5893.270240239628,813,0.2488641750979647,1.786788960350767,1.3668731516116923,0.5838738610476856,53,11704.5946361746,1,1,0,1
CUST_011852,27,Male,Single,1,Salaried,Sales Rep,Under-Graduate,tier3,551245.11,69,617,0,24268.05,417741.41,0.44,2939.29,0.04,0,0,197,0,121,7022.52720784189,4114.217989659241,27708.454007856057,0.0,624,0.5282772679340135,0.1528693688759909,1.3195813898809077,3.510052853734441,27,8249.240468994067,0,1,0,0
CUST_011853,28,Female,Single,1,Salaried,Analyst,Graduate,tier1,1193185.7,33,746,1,27001.36,970220.1,0.41,19081.43,0.13,0,0,121,4,0,125598.77538637932,8970.463191422728,13346.813674634375,1007.2804088029118,755,0.271552920358462,1.2631480136414543,1.2298080303551426,1.0056635480292029,28,10564.064329723164,1,1,1,1
CUST_011854,51,Female,Married,2,Self-Employed,Surgeon,Post-Graduate,tier1,10100015.24,291,759,2,143408.46,7301906.59,0.58,367074.01,0.46,1,1,108,8,0,2200642.2932058666,15902.470286061076,8201.609152095005,28102.879391045703,767,0.1703858295732675,2.614617455078309,1.383202281802638,0.1068247647864079,102,12370.212501323667,1,1,0,0
CUST_011855,30,Female,Single,0,Salaried,Architect,Post-Graduate,tier1,2018332.5,17,799,2,29975.58,1009841.43,0.73,34301.72,0.34,0,1,175,4,0,262415.4854504797,6034.147926566033,21296.848760260014,16432.40085323623,807,0.1782188124970737,1.560182528505791,1.9986608207777523,0.8627776757508939,0,11715.850662204224,1,1,0,1
CUST_011856,23,Female,Single,0,Salaried,Analyst,Graduate,tier1,803113.73,27,749,2,7908.09,402806.16,0.15,7898.5,0.12,0,0,164,1,0,51330.72728064416,3906.556787348317,20943.11523864576,5074.287628114064,756,0.1181596809256752,0.7669642552327764,1.9937920914811944,2.0169380241556123,0,10278.767161733103,1,1,1,1
CUST_011865,28,Female,Single,0,Salaried,Architect,Post-Graduate,tier1,1650827.27,34,784,1,16891.44,692544.81,0.16,32013.48,0.33,0,1,163,4,0,209144.1494815823,8972.253574632223,18652.052710484702,16579.123097503034,794,0.1227843822736298,1.5202750742529814,2.383708407679197,0.9814386055932234,0,11367.52943518491,1,1,0,0
CUST_011868,44,Female,Married,2,Salaried,Govt. Employee,Graduate,tier3,1436613.95,31,771,0,24666.17,1064460.25,0.47,44505.48,0.3,0,1,109,4,0,202479.8558398325,21070.68521205418,7806.593474601066,4140.05222017443,780,0.2060341733350981,1.6912949888438185,1.34961601467409,0.7534836782128362,88,11058.684136565578,1,1,0,1
CUST_011875,29,Male,Married,0,Salaried,Software Engineer,Post-Graduate,tier1,2350158.58,12,821,2,42617.81,1063450.78,0.19,39650.37,0.26,1,1,151,4,0,345355.9486175258,24097.93251772279,2846.470723983206,24851.639268923507,832,0.2176070640795784,1.7633917378926212,2.209934314088035,0.6397875180065231,0,12205.43483344456,1,1,0,0
CUST_011876,41,Female,Married,2,Salaried,Sales Rep,Under-Graduate,tier1,569546.34,91,587,2,20392.61,202479.62,0.41,1872.89,0.07,0,0,209,0,119,7975.10880454848,5040.529797044078,25148.209347459902,0.0,596,0.4296510169616689,0.1680272220306382,2.8128437180802783,3.606268999990579,82,7898.547921642164,0,1,0,0
CUST_011896,29,Male,Married,1,Salaried,Software Engineer,Post-Graduate,tier1,2613587.51,57,739,1,71439.72,2279230.06,0.4,56132.94,0.23,1,1,151,4,0,320487.9347793949,16779.90842148565,3619.357124976256,18197.4795964727,748,0.3280061221009335,1.4714783969915648,1.1466970400096248,0.5755477925720115,29,11052.623587782144,1,1,0,1
CUST_011901,33,Female,Single,0,Salaried,Architect,Post-Graduate,tier2,1839323.95,106,811,0,23819.1,760055.93,0.72,38339.82,0.35,0,1,176,4,0,231106.0782046034,7259.3378792012545,20746.732104930557,17223.695482531293,821,0.1553980391673418,1.5077576983450147,2.419981816362098,0.9516991330804968,0,11842.850442748728,1,1,0,0
CUST_011903,32,Female,Single,0,Salaried,HR Manager,Post-Graduate,tier1,1935888.06,25,751,1,33373.59,803285.69,0.69,47378.49,0.25,0,1,161,4,0,266535.7849736801,9574.503688165963,25826.76504989792,24160.645023873683,758,0.2068717741555315,1.652166599800695,2.409959089450368,0.8273857233082564,0,10972.86654902496,1,1,0,0
CUST_011914,34,Female,Single,0,Salaried,Architect,Post-Graduate,tier1,2124588.97,36,812,1,32696.93,1228320.15,0.26,57175.9,0.33,0,1,160,4,0,289757.70577146905,4851.875249691878,18934.53678072848,17662.121373835416,820,0.1846761653318834,1.636586125279623,1.7296689632023354,0.7495588249010768,0,11946.65329687118,1,1,0,1
CUST_011916,28,Female,Single,0,Salaried,Gig Worker,Under-Graduate,tier3,675634.09,112,630,0,33314.43,296622.93,0.32,3897.89,0.03,0,0,207,1,123,7069.458352341906,3394.99299296647,25752.6162533096,0.0,637,0.5916901850197935,0.1255590781678361,2.277746404344383,3.01910309039622,0,8550.711151809115,0,1,0,0
CUST_011923,24,Female,Single,0,Salaried,Consultant,Graduate,tier2,1001447.81,31,762,2,17875.96,750971.21,0.68,12300.67,0.12,0,0,171,4,0,71574.0853343018,2031.1968917468323,21053.45283814544,3473.3005803247293,770,0.2141988304053858,0.8576370368888008,1.333535111771979,1.6906458080125757,0,10639.057905977788,1,1,1,1
CUST_011927,31,Male,Single,0,Salaried,Teacher,Graduate,tier1,1136671.44,59,760,3,23167.12,557449.99,0.14,13022.78,0.13,0,0,133,4,0,116817.65289543624,3389.5674924739037,13682.355633807449,763.7518695545272,766,0.2445759568732698,1.2332473452285315,2.03905179179967,1.159878892597168,0,10680.809580054303,1,1,1,1
CUST_011928,37,Female,Married,0,Self-Employed,Sales Rep,Under-Graduate,tier2,548350.24,56,611,2,27181.84,317590.95,0.21,2716.48,0.06,0,0,213,0,141,5670.18118034727,5359.370623031884,31260.754890340308,0.0,618,0.5948295783458759,0.1240825301249175,1.7265873395090776,3.814809858414317,0,8166.666869280419,0,1,0,0
CUST_011931,28,Female,Married,0,Salaried,Software Engineer,Post-Graduate,tier1,2687415.23,14,779,1,59290.0,2284718.48,0.31,58267.51,0.22,1,1,140,4,0,337265.53734311817,17083.47515922885,3453.049487097358,14214.482868656462,788,0.2647439127123825,1.5059706186416135,1.1762561021276887,0.519015383478798,0,11665.62353519136,1,1,0,1
CUST_011938,28,Female,Married,1,Salaried,Data Scientist,Post-Graduate,tier1,2220551.7,48,750,3,47640.9,1985385.04,0.59,53734.4,0.24,1,1,144,4,0,307001.1908075086,11831.92603319119,6535.384683794294,18582.137504750703,760,0.2574530061893743,1.6590446334370426,1.1184483295752397,0.6455801943528141,28,11106.082681987791,1,1,0,0
CUST_011940,53,Male,Married,2,Salaried,Govt. Employee,Graduate,tier2,1838228.18,116,795,3,31286.33,1543679.18,0.73,48003.76,0.32,0,1,99,4,0,286099.05180426175,17638.998443914705,3144.702733381272,3214.8294627169435,803,0.2042366193954045,1.8676496461148733,1.190808953704387,0.5356481470810601,106,11582.723550995965,1,1,0,1
CUST_011943,44,Female,Single,0,Self-Employed,Gig Worker,Under-Graduate,tier1,622358.05,274,609,1,28176.78,434968.84,0.38,2248.02,0.09,0,0,211,1,115,8427.772636139836,4620.897059038394,29198.16596271941,0.0,617,0.543280255854214,0.1624970090281144,1.430807363563414,3.336717228475228,0,8231.56510533967,0,1,0,0
CUST_011946,58,Female,Married,1,Self-Employed,Surgeon,Post-Graduate,tier1,8361367.11,351,801,2,132735.84,4850770.12,0.57,378358.07,0.52,1,1,134,8,0,1818633.7649962672,15768.017605902696,5619.74740900714,56672.65675725712,809,0.1904984882332407,2.6100485210453765,1.7237191578727795,0.1600694345848607,58,12894.758290545376,1,1,0,0
CUST_011948,31,Female,Single,0,Salaried,HR Manager,Post-Graduate,tier2,1651262.46,95,784,2,19801.65,556112.31,0.35,44652.75,0.35,0,1,174,4,0,200946.799012128,7452.382927418725,19805.884572614028,14568.953853596013,792,0.1439008509827009,1.4603033272527792,2.9692913841605404,1.0473962073398082,0,11339.104618659236,1,1,0,0
CUST_011953,38,Male,Single,0,Salaried,Architect,Post-Graduate,tier1,1685944.17,120,739,2,33665.59,807454.95,0.54,31187.47,0.29,0,1,163,4,0,188976.57542528465,3040.1789022225303,19533.94045923207,13603.728392444753,744,0.2396189694539923,1.3450639734622611,2.0879704583265504,0.9611165443022808,0,10667.350650814416,1,1,0,1
CUST_011956,32,Female,Married,0,Salaried,Software Engineer,Post-Graduate,tier1,1950694.05,79,783,2,39802.93,1434626.5,0.35,47731.58,0.24,1,1,153,4,0,264683.40634653263,13570.167076148706,651.8173252222387,15888.361979434145,790,0.244852452269782,1.6282314171109438,1.359721635058578,0.7803359223740185,0,11442.120079314054,1,1,0,1
CUST_011967,34,Male,Single,1,Self-Employed,Gig Worker,Under-Graduate,tier3,676360.8,56,651,3,23720.36,396761.08,0.56,3469.73,0.1,0,0,202,1,83,13535.974916872612,4649.719974273791,25843.398825904864,0.0,662,0.4208393950791634,0.2401511400258427,1.7047012153984071,2.943058519659048,34,8887.008023347187,0,1,0,0
CUST_011970,33,Female,Married,1,Salaried,Software Engineer,Post-Graduate,tier1,2726240.15,13,722,3,74881.96,1645241.63,0.21,47394.28,0.21,1,1,153,4,0,364622.674417977,30824.68738021124,2447.721294779785,18472.996403412497,727,0.3296039656493256,1.6049403548441856,1.6570444384850398,0.5591614464103233,33,10773.001772650196,1,1,0,1
CUST_011979,51,Female,Married,1,Self-Employed,Surgeon,Post-Graduate,tier1,8620539.44,382,832,0,102878.37,7449932.77,0.49,346394.7,0.41,1,1,121,8,0,1954193.041000557,9310.880797057893,3267.201048379284,56040.36271983822,837,0.1432089871039618,2.720280327218451,1.1571296747246116,0.1401998111951157,51,13366.604027843214,1,1,0,0
CUST_011984,37,Male,Married,1,Self-Employed,Trader,Graduate,tier2,2649997.71,169,753,3,54724.47,895923.9,0.78,85595.59,0.4,1,1,121,4,0,418518.7850040649,27428.64302827064,4867.81385757948,17123.15967479916,761,0.2478080127487533,1.8951724595940365,2.957834646631654,0.454887609658882,37,11255.243050200244,1,1,0,0
CUST_011985,26,Female,Married,1,Salaried,Gig Worker,Under-Graduate,tier2,635816.66,86,696,1,23682.23,193566.31,0.77,1716.87,0.04,0,0,200,1,87,11986.812508463636,2509.2010682724394,28027.16593883435,0.0,705,0.4469549390868917,0.2262272199267702,3.2847316005992955,3.096854144332541,26,9420.68030768782,0,1,0,0
CUST_011991,38,Female,Single,2,Salaried,Sales Rep,Under-Graduate,tier2,566768.81,21,605,0,25659.75,495878.28,0.79,1329.74,0.07,0,0,212,1,126,7556.518195867632,3553.584353952934,25921.37825989949,0.0,613,0.5432735099129414,0.1599881590034983,1.1429572334621445,3.675649520645889,76,8120.845323644064,0,1,0,0
CUST_011994,49,Female,Married,2,Salaried,Govt. Employee,Graduate,tier3,1684994.65,366,788,0,39622.87,627530.84,0.48,53098.66,0.36,0,1,110,4,0,225398.72239776645,16771.379492521286,2231.1186050567694,9509.512104234542,797,0.2821795629115173,1.6052071181874548,2.685114192771477,0.6489695999925428,98,11426.807011509827,1,1,0,1
CUST_012000,29,Male,Married,2,Salaried,Sales Rep,Under-Graduate,tier3,578794.03,48,626,3,19772.27,461293.2,0.17,4175.67,0.1,0,0,201,1,101,10686.311045173385,2566.895668793641,29903.111845748957,0.0,634,0.4099253077926641,0.221552171013285,1.2547177701345475,3.4137574390827297,58,8412.358137539888,0,1,0,0
CUST_012001,50,Male,Married,2,Salaried,Govt. Employee,Graduate,tier2,1508275.52,27,768,2,35358.52,720146.6,0.3,35123.15,0.4,0,1,101,4,0,218290.03656132676,17375.725460545847,3842.272057799258,4598.583910930266,777,0.2813138969683976,1.7367248644581512,2.0943977595703998,0.6652284033401263,100,11053.973545425128,1,1,0,1
CUST_012003,29,Male,Single,0,Salaried,HR Manager,Post-Graduate,tier2,1631688.31,69,817,0,16941.23,959744.91,0.24,31170.82,0.31,0,1,178,4,0,198326.04972751,7559.164144516807,22614.260745407453,13936.535898606822,826,0.1245907466917132,1.45854761572615,1.7001253071242577,1.084249664907463,0,11816.03442507445,1,1,0,0
CUST_012014,32,Female,Single,0,Salaried,Architect,Post-Graduate,tier2,1544881.79,96,739,3,24680.52,1030564.15,0.76,33926.72,0.25,0,1,173,4,0,191984.12411104864,5915.691134044584,19128.98621886562,17383.013868501377,747,0.1917065379620692,1.491241342443731,1.499062713308324,1.1126247738742892,0,10645.09257521479,1,1,0,0
CUST_012020,36,Male,Single,0,Salaried,Architect,Post-Graduate,tier1,2124693.99,203,743,1,41051.37,800641.4,0.8,58534.75,0.3,0,1,165,4,0,292069.0127612384,12278.217218272934,23399.65162222081,19503.81941673632,753,0.231851579615493,1.649559124712055,2.6537365370607406,0.772944509952923,0,10970.561528388513,1,1,0,0
CUST_012032,25,Female,Single,0,Salaried,Junior Software Engineer,Graduate,tier1,1083498.42,42,733,0,21177.96,685093.9,0.33,18020.63,0.19,0,0,166,4,0,86028.59694280752,2490.173494473093,16815.085845470283,4994.519398983834,741,0.2345482934995678,0.9527764055224224,1.5815304127939065,1.5180634646001592,0,10296.718564410205,1,1,1,1
CUST_012034,31,Male,Single,0,Salaried,Analyst,Graduate,tier2,1122544.6,15,722,0,18275.08,804877.21,0.79,13908.66,0.13,0,0,119,4,0,139350.21503516447,4787.214129806705,13594.831614023327,4755.940636131885,730,0.1953584879372674,1.4896376542812837,1.3946763448845263,1.0507312471402892,0,10169.709950608456,0,1,1,1
CUST_012035,40,Male,Married,1,Self-Employed,Trader,Graduate,tier2,3269664.08,124,757,3,59526.91,2078649.24,0.36,102810.61,0.33,1,1,121,4,0,551096.635635742,21434.57179819968,4931.458255764188,14664.813853816577,768,0.2184690172734175,2.0225733270889954,1.572974624148409,0.3689402239024431,40,11520.152152788169,1,1,0,0
CUST_012041,30,Female,Married,1,Salaried,Software Engineer,Post-Graduate,tier1,2295128.22,122,734,1,41051.74,1680825.31,0.63,41900.76,0.27,1,1,139,4,0,324092.08635249024,22262.69034948356,5453.537707698237,8944.621555616053,740,0.214636507045308,1.694495613967273,1.365476138935498,0.6030033331508127,30,10838.26178162793,1,1,0,1
CUST_012042,33,Male,Single,1,Self-Employed,Sales Rep,Under-Graduate,tier3,625916.21,135,575,1,24522.23,414843.46,0.35,2837.56,0.02,0,0,199,1,106,8909.475069700238,7326.467269365164,26082.819245246297,0.0,584,0.4701286110750624,0.1708082478602504,1.508797321290008,3.129343093801619,33,7794.632459140931,0,1,0,0
CUST_012045,27,Male,Married,0,Salaried,Data Scientist,Post-Graduate,tier1,2064406.12,46,802,3,55220.73,753104.61,0.18,36064.49,0.25,1,1,145,4,0,237435.7605935729,15361.775787799144,3903.7658753456985,16624.861353530046,813,0.3209857313207462,1.380160879000071,2.741190734191981,0.6989952382130458,0,11821.307504600343,1,1,0,1
CUST_012048,31,Female,Married,1,Salaried,Software Engineer,Post-Graduate,tier1,2056695.37,55,743,2,45932.74,980966.7,0.24,41919.45,0.21,1,1,152,4,0,270643.4944183126,21149.088293476936,8049.865189365073,12973.899672412608,752,0.2679977171472867,1.579088002694205,2.0965984608871424,0.7354736561876557,31,10931.531885278671,1,1,0,1
CUST_012052,29,Male,Single,0,Salaried,Architect,Post-Graduate,tier1,1946893.44,44,784,0,16309.55,869708.61,0.14,52827.84,0.31,0,1,175,4,0,266879.09557576134,15644.914624073524,15931.41570726637,23756.339583285782,792,0.100525991647545,1.644943345018922,2.2385557404614627,0.8942745497680241,0,11469.54288438355,1,1,0,0
CUST_012055,37,Female,Married,1,Self-Employed,Trader,Graduate,tier2,2969804.59,146,763,0,49259.04,1449053.91,0.46,71628.08,0.29,1,1,125,4,0,491047.2362828625,27736.868689809544,6229.988469204045,11618.13116536447,768,0.199038715720825,1.9841517672289488,2.0494769173377976,0.4194905948513892,37,11446.277414956005,1,1,0,0
CUST_012061,36,Male,Married,2,Self-Employed,Business Owner,Graduate,tier2,3438159.2,14,762,2,79258.22,1693777.37,0.14,73096.17,0.3,1,1,127,8,0,525920.2623387617,27581.285017974355,3544.455753395257,7121.878786513405,773,0.2766292266074476,1.8355814126024728,2.0298754907349537,0.368312460747172,72,11633.995577919532,1,1,0,0
CUST_012063,33,Female,Single,1,Salaried,Gig Worker,Under-Graduate,tier3,608604.98,34,619,1,32528.39,363151.61,0.78,2604.21,0.04,0,0,190,1,118,6303.477218206504,3807.292991820248,26947.838449779505,0.0,625,0.6413568678284329,0.1242846143045138,1.6758931733961653,3.0714269387226723,33,8324.328963891567,0,0,0,0
CUST_012069,30,Female,Married,1,Salaried,Product Manager,Post-Graduate,tier1,1906262.56,101,768,1,55227.44,1216526.45,0.29,43149.8,0.27,1,1,142,4,0,236583.61946296407,13470.662430251445,1701.2539927907528,12457.104865968164,775,0.3476567824521563,1.4892940886519357,1.566970445262045,0.741025801808704,30,11207.008115385264,1,1,0,1
CUST_012071,30,Male,Married,0,Salaried,Data Scientist,Post-Graduate,tier1,1988466.73,24,766,0,34688.74,1424906.81,0.54,46046.48,0.21,1,1,147,4,0,290675.4469845157,23197.862304226463,5394.284353945234,17239.348596896132,773,0.2093383618943713,1.754157744405035,1.3955055309858957,0.7355639090374049,0,11210.722309438315,1,1,0,0
CUST_012076,25,Female,Single,0,Salaried,Junior Software Engineer,Graduate,tier2,855369.44,49,775,0,7971.7,375747.58,0.68,11991.52,0.17,0,0,164,2,0,70689.70630334629,4443.901791252042,19614.497914147712,3063.7903221044426,785,0.1118336165909795,0.9916938057951732,2.276440911632986,1.895144344362334,0,10722.542585037649,1,1,1,1
CUST_012077,47,Male,Married,1,Self-Employed,Trader,Graduate,tier2,2947428.61,80,739,0,73645.6,1083244.12,0.52,75999.34,0.37,1,1,127,4,0,404353.8540388448,16936.501881890897,8121.868645203226,10382.709738921025,746,0.2998354562265464,1.6462575130448984,2.720924890942504,0.4294271028912512,47,11112.747246270486,1,1,0,0
CUST_012078,25,Male,Married,1,Salaried,Sales Rep,Under-Graduate,tier1,629282.85,68,572,1,28495.91,303867.29,0.1,3780.9,0.1,0,0,211,1,122,8245.929403163911,2826.4151146805866,29993.81132103547,0.0,580,0.543387443898516,0.1572413199281178,2.070906608912697,3.3005734472620376,25,7744.355869335087,0,1,0,0
CUST_012093,28,Male,Single,0,Salaried,HR Manager,Post-Graduate,tier1,2004544.81,34,803,1,41756.62,613734.35,0.15,50883.82,0.22,0,1,160,4,0,280441.33583676623,7598.233814227032,9914.536763656104,24957.468983462648,811,0.2499701866768245,1.6788229763571505,3.2661387518251965,0.7942240808234987,0,11768.362660214618,1,1,0,0
CUST_012101,32,Female,Married,0,Salaried,Product Manager,Post-Graduate,tier1,2368321.24,162,745,1,68697.45,1152595.32,0.36,51399.3,0.25,1,1,152,4,0,292087.64065414324,13925.667248281494,3049.2045223650857,14152.191830537704,753,0.3480799855682471,1.4799655845094326,2.0547707804585045,0.6391062630378729,0,11052.30233714712,1,1,0,1
CUST_012107,44,Female,Married,2,Salaried,Govt. Employee,Graduate,tier2,1311182.4,138,758,1,30001.74,516977.17,0.74,41583.33,0.3,0,1,104,4,0,181615.51196989825,19963.70518502886,2765.020110818455,3965.2427139839288,767,0.274574754132568,1.662138080851153,2.536243261490132,0.7871736710994637,88,10804.299975614678,1,1,0,1
CUST_012109,32,Male,Single,1,Salaried,Teacher,Graduate,tier2,1050638.68,98,711,3,21506.99,925764.64,0.13,14903.09,0.11,0,0,118,4,0,123709.74409819406,5578.923912067103,14041.67838195192,486.57525811769216,718,0.245641948282944,1.4129500484198314,1.1348862331939646,1.1125372120126715,32,9955.005204580206,1,1,1,1
CUST_012116,28,Male,Single,0,Salaried,HR Manager,Post-Graduate,tier1,2247912.16,18,764,2,39548.53,1104670.44,0.2,49416.63,0.33,0,1,164,4,0,293971.08973213425,9823.472109357414,21046.03485587766,21116.68886003997,772,0.2111202719579294,1.569293635237948,2.0349147073088085,0.7263347215420461,0,11290.895927423084,1,1,0,0
CUST_012118,32,Female,Single,0,Salaried,Architect,Post-Graduate,tier1,2242975.73,19,690,1,37025.52,741060.94,0.73,59609.53,0.21,0,1,174,4,0,298937.13020027924,16261.475855222989,16477.11662700011,18139.354455643177,699,0.1980867902473991,1.5993157316127409,3.0267047987918527,0.7723119147848078,0,10221.696792826113,1,1,0,1
CUST_012119,49,Male,Married,1,Self-Employed,CXO,Post-Graduate,tier1,9507240.06,271,826,2,84698.05,7976564.62,0.51,361442.85,0.45,1,1,124,8,0,2117722.1184196686,11785.308692747672,2787.352703195344,40223.44595872464,834,0.1069054016434692,2.6729769296803543,1.1918964267230587,0.1302898731336614,49,13400.348612083,1,1,0,0
CUST_012122,29,Male,Married,1,Salaried,Product Manager,Post-Graduate,tier1,2654938.99,50,786,1,46325.57,1146441.86,0.11,50084.0,0.23,1,1,158,4,0,365404.9629613359,25709.51001744486,6233.41538143463,20005.503485178622,794,0.2093849724887011,1.651578342519999,2.3158057698575574,0.5928841170206302,29,11744.79449215436,1,1,0,1
CUST_012144,28,Male,Single,2,Salaried,Gig Worker,Under-Graduate,tier1,620868.37,43,681,1,28862.85,385944.53,0.69,4750.62,0.04,0,0,212,1,122,8353.799877805905,2365.617295048424,31306.460755842287,0.0,689,0.5578436953965866,0.1614571878535487,1.6086942890619822,3.3604474416747188,56,9190.485553334793,0,1,0,0
CUST_012145,55,Female,Married,1,Salaried,Govt. Employee,Graduate,tier3,1419079.36,218,821,0,29557.94,782752.55,0.11,30448.84,0.37,0,1,110,4,0,185479.53280681017,9586.779504135777,720.1813838175852,5402.026054983984,831,0.249945345308846,1.5684362941098604,1.8129325124108349,0.7697263222666654,55,11771.54677594046,1,1,0,1
CUST_012158,29,Male,Married,0,Salaried,Data Scientist,Post-Graduate,tier1,2072854.33,93,800,0,49015.93,1072657.6,0.73,43531.87,0.26,1,1,151,4,0,255555.0251447877,19609.61865004818,2424.7471173664635,13160.218142416905,812,0.2837573998319515,1.479429839423101,1.93244554231887,0.7249666855002769,0,11810.083332203154,1,0,0,1
CUST_012159,34,Female,Single,0,Salaried,HR Manager,Post-Graduate,tier2,2225528.17,134,769,1,20569.75,1911344.45,0.47,51442.67,0.29,0,1,166,4,0,327671.7170083829,12966.93067096178,34295.50864060313,18052.085667334,777,0.1109110513156902,1.7667893202307805,1.164377779014254,0.7425538278947297,0,11356.247598301325,1,1,0,1
CUST_012166,55,Male,Married,2,Self-Employed,Surgeon,Post-Graduate,tier1,8235189.69,436,815,3,134731.52,6413682.24,0.42,298821.96,0.57,1,1,120,8,0,1780646.1127592756,14048.857457644135,5344.229116866438,34296.637965163754,821,0.1963252754286823,2.5946848853815148,1.2840031822338642,0.145539404806586,110,13073.544130518365,1,1,0,0
CUST_012171,31,Male,Single,0,Salaried,Architect,Post-Graduate,tier2,1759469.6,114,778,1,26313.92,1463880.42,0.52,38821.86,0.26,0,1,172,4,0,224913.15042185175,3205.4927291445297,19316.511870604405,18909.771881788507,786,0.1794659517894361,1.5339505710444603,1.2019208495726383,0.9720426957320996,0,11303.091491681043,1,1,0,0
CUST_012181,42,Male,Married,3,Self-Employed,Business Owner,Graduate,tier2,2787244.99,207,732,1,69434.87,2091660.96,0.14,68400.63,0.37,1,1,129,4,0,379877.91262652446,28627.67806777068,5318.679912241528,12872.382314097144,741,0.2989385058462082,1.635491441181494,1.3325504040815468,0.4611680437758152,126,10996.858343357637,0,1,0,0
CUST_012192,45,Female,Married,1,Salaried,Govt. Employee,Graduate,tier2,1855142.38,91,734,3,43161.6,763886.47,0.3,54962.78,0.37,0,1,108,4,0,264307.2006237137,15854.72496460939,1353.44870351372,5601.971884188549,740,0.2791892715688707,1.709661708846336,2.428554535656934,0.5790442657787874,45,10680.769683179527,1,1,0,1
CUST_012197,38,Female,Single,0,Salaried,HR Manager,Post-Graduate,tier2,1996248.72,105,830,3,21219.48,749821.44,0.42,52304.11,0.31,0,1,160,4,0,300967.19418893603,6967.405094937617,18966.896453469028,23705.596110232484,840,0.1275553626081467,1.809185691069067,2.662295249526008,0.7975082969772561,0,12185.69590412862,1,1,0,0
CUST_012199,28,Female,Single,2,Self-Employed,Sales Rep,Under-Graduate,tier1,537648.73,20,626,1,19614.83,332778.07,0.22,1732.88,0.04,0,0,210,0,114,8106.9085944835215,5078.797239791845,20805.267983162383,0.0,635,0.4377815727773164,0.1809373415346928,1.6156326478104526,3.834574764740165,56,8378.801230447025,0,1,0,0
CUST_012206,56,Female,Married,1,Self-Employed,Investor,Post-Graduate,tier1,8138915.26,369,754,3,114345.28,4666665.0,0.49,333487.73,0.42,1,1,117,8,0,1759746.442210859,8463.920385471623,3721.627277418753,43718.33230453865,761,0.1685901982124361,2.5945627269963225,1.7440535191505029,0.1435773919190319,56,12109.159537148997,1,1,0,0
CUST_012217,49,Male,Married,3,Self-Employed,Trader,Graduate,tier2,2716342.22,278,810,0,54405.44,2264194.08,0.7,82202.91,0.3,1,1,134,4,0,406752.8256973157,26378.65770097807,7764.425823526131,16745.39646260981,818,0.2403461504368896,1.7969062622354857,1.199694427390064,0.4915010266025957,147,12118.504051798498,1,1,0,0
CUST_012218,29,Male,Married,1,Self-Employed,Sales Rep,Under-Graduate,tier1,590535.01,109,627,0,27135.24,465777.07,0.42,2071.76,0.03,0,0,217,0,124,7481.472546364337,2923.833466872123,24075.307248977635,0.0,634,0.5513919713182529,0.1520245959019791,1.2678463157357325,3.613444618324584,29,8425.09025741648,0,1,0,0
CUST_012222,28,Female,Single,0,Salaried,HR Manager,Post-Graduate,tier2,1777763.34,52,797,2,34163.25,1419172.87,0.55,39094.04,0.24,0,1,179,4,0,213653.00038390927,7530.32728022606,26967.81123029759,10655.932938302329,801,0.2306022537133404,1.4421597301529174,1.2526747973453034,1.0012510940066597,0,11527.084582415504,1,1,0,1
CUST_012231,27,Female,Married,1,Salaried,Software Engineer,Post-Graduate,tier1,2333413.76,33,786,2,52391.38,1753809.42,0.74,50696.98,0.24,1,1,162,4,0,303600.96485081763,17644.58621670729,6599.777882595707,18789.71115950211,795,0.269430710321806,1.5613145447617809,1.3304823220288542,0.6912991754388266,27,11656.96043533393,1,1,0,1
CUST_012238,28,Female,Single,0,Salaried,Analyst,Graduate,tier2,766904.54,91,721,2,10468.5,479169.25,0.67,11047.89,0.15,0,0,170,1,7,34826.13556035332,2535.8820402312526,18120.599427720783,6163.2009257662485,730,0.163801396172783,0.5449271269129753,1.60048446246402,2.1881710203418296,0,9891.586809859124,0,1,1,0
CUST_012247,36,Male,Single,0,Salaried,Architect,Post-Graduate,tier1,1712485.54,202,739,3,25609.77,985196.7,0.69,40290.9,0.32,0,1,165,4,0,219668.0676730606,4783.755396872624,22289.41741169048,19654.718306841303,746,0.1794555804150235,1.5392821014369034,1.738215121695879,0.9579180560203716,0,10707.678913968277,1,1,0,0
CUST_012253,37,Male,Single,0,Salaried,HR Manager,Post-Graduate,tier1,2249352.65,124,798,3,25576.51,995848.94,0.65,53310.2,0.31,0,1,167,4,0,340808.6790679168,15205.86974033373,24768.933962880103,25918.75482230621,806,0.1364465828161743,1.8181596962568969,2.258726500500668,0.7391497737194768,0,11788.67969379344,1,1,0,0
CUST_012254,53,Female,Married,2,Salaried,Govt. Employee,Graduate,tier3,1632543.89,24,794,0,39259.6,760994.33,0.29,40669.63,0.26,0,1,102,4,0,233579.11202432044,13347.753852676102,314.99037688104147,6918.268911352303,802,0.2885752352404915,1.71690865927527,2.145274518307491,0.6209879725040407,106,11473.131811240975,1,1,0,1
CUST_012261,38,Female,Married,3,Self-Employed,Business Owner,Graduate,tier2,2744902.01,92,711,3,50225.68,1587569.17,0.44,83627.39,0.26,1,1,130,4,0,483444.12251528975,26823.249163612483,3000.80100812142,11647.328557162453,719,0.2195726925522159,2.113483136101403,1.7289957079503453,0.4718861125663051,114,10659.359278958134,1,0,0,0
CUST_012278,36,Male,Single,2,Self-Employed,Sales Rep,Under-Graduate,tier2,516705.08,134,597,1,19057.67,272050.78,0.43,3544.24,0.04,0,0,207,0,121,7495.440132801617,5590.950033260935,27779.486483725414,0.0,605,0.4425865698110849,0.1740706569901258,1.899289466145011,3.930093098779302,72,7958.913836119236,0,1,0,0
CUST_012279,28,Female,Single,0,Salaried,Junior Software Engineer,Graduate,tier1,1115134.47,70,698,0,14552.64,766410.9,0.43,15470.57,0.18,0,0,163,4,0,108571.78604832868,1564.436132406306,19221.06886205831,3435.149696591098,703,0.1565997693558587,1.168332113879125,1.4550067268005624,1.448715725507903,0,9788.913976637525,1,1,1,1
CUST_012280,29,Male,Married,1,Salaried,Product Manager,Post-Graduate,tier1,2471983.34,32,750,2,57059.64,1529010.96,0.11,54893.83,0.28,1,1,136,4,0,333380.137316661,15254.048106810376,3074.4190749526183,20501.09399763922,759,0.2769890658450836,1.6183532319279907,1.6167194270998375,0.5479488834925057,29,11172.88360780444,1,1,0,1
CUST_012282,43,Male,Married,1,Salaried,Govt. Employee,Graduate,tier3,1852876.42,96,773,0,44887.74,851051.73,0.45,48753.75,0.33,0,1,114,4,0,251231.528382984,17708.66221599727,6453.911480245772,7513.652659087569,782,0.2907098313022001,1.6270695569438596,2.1771581885413847,0.6119568575568743,43,11286.019774398874,1,1,0,1
CUST_012289,28,Female,Married,1,Salaried,Product Manager,Post-Graduate,tier1,2093841.96,57,727,1,51850.94,1003533.96,0.46,38186.76,0.29,1,1,149,4,0,261608.1347566873,12471.938046240257,2841.035571309256,21406.70257767412,736,0.2971607819296051,1.4992915824369375,2.0864663847884284,0.7082281028371542,28,10712.120590868652,1,1,0,0
CUST_012298,28,Female,Single,0,Salaried,HR Manager,Post-Graduate,tier1,1916172.79,111,793,0,29787.08,855075.4,0.59,38839.41,0.3,0,1,166,4,0,245641.74487680072,7930.76139031678,17366.282516295854,17730.038375731765,802,0.1865399213402586,1.5383176789132162,2.240937523243537,0.8618126102798909,0,11601.60443226993,1,1,0,0
CUST_012301,37,Female,Single,0,Salaried,Architect,Post-Graduate,tier2,2227004.38,160,785,2,45936.09,1001246.76,0.55,37190.9,0.21,0,1,163,4,0,289496.50818898657,5088.863972144468,16569.791349418367,21710.102077509957,792,0.2475208916065538,1.5599158270528026,2.2242290759282195,0.7286530212336911,0,11576.005342737742,1,1,0,0
CUST_012302,27,Female,Married,1,Salaried,Data Scientist,Post-Graduate,tier1,1939081.36,35,777,0,40508.0,769779.55,0.77,38962.89,0.27,1,1,153,4,0,244136.37127782637,16985.663886580314,3566.1187825415413,16601.83053504952,784,0.2506821022789743,1.5108279548406665,2.519005397057642,0.7849851891251989,27,11350.536720519243,1,1,0,0
CUST_012304,48,Female,Married,3,Self-Employed,Business Owner,Graduate,tier2,2826362.88,65,744,1,60893.78,984204.19,0.48,74072.52,0.35,1,1,127,4,0,412452.2279060793,21563.61712131868,3574.7028177365946,11881.170799561296,752,0.2585380181414576,1.7511572049044506,2.87172117025719,0.4477565296581515,144,11170.58519976931,1,0,0,0
CUST_012310,34,Male,Single,0,Salaried,HR Manager,Post-Graduate,tier1,2120705.43,70,802,2,20185.59,981403.93,0.61,53656.76,0.35,0,1,174,4,0,288178.0747927074,9159.727111079004,19628.657962472207,26892.90950803463,810,0.114219403572309,1.6306448226402743,2.160887280238138,0.8166309502482471,0,11799.480448400634,1,1,0,0
CUST_012311,34,Female,Single,1,Salaried,Teacher,Graduate,tier2,890883.16,179,747,1,19791.39,670366.62,0.43,12920.73,0.12,0,0,126,2,0,64821.880722755406,3920.280226825686,16073.426263012298,1635.5776440578777,753,0.2665820745956235,0.8731246992890441,1.3289471827413144,1.3986275423330146,34,10316.07717414339,1,1,1,1
CUST_012312,28,Male,Single,0,Salaried,Architect,Post-Graduate,tier1,1947025.83,32,742,1,19823.53,843445.43,0.5,53369.19,0.35,0,1,172,4,0,277927.8585815586,7463.25170744679,16797.401111180585,20846.885952335462,751,0.1221765475404245,1.712927325597317,2.308416706440977,0.8788846696009117,0,10875.842362389949,1,1,0,0
CUST_012317,30,Female,Single,1,Salaried,Analyst,Graduate,tier1,1106199.87,70,686,1,23322.92,863558.24,0.71,11366.21,0.12,0,0,136,4,0,98788.08158579504,5718.49591625586,14029.603506524629,4699.835407995599,695,0.2530031069003083,1.0716364660140016,1.2809773999986382,1.2184197799628842,30,9671.927233797947,1,1,0,1
CUST_012324,28,Female,Married,0,Salaried,Data Scientist,Post-Graduate,tier1,2142294.4,64,763,1,51171.6,1819034.26,0.67,41750.05,0.24,1,1,139,4,0,288771.001408334,15080.778903492832,3898.9620539037824,14709.209475695588,771,0.2866346289214279,1.6175333355210106,1.1777091115869849,0.6458224302400267,0,11239.166478742083,1,1,0,1
CUST_012327,30,Female,Married,1,Salaried,Software Engineer,Post-Graduate,tier1,2561257.99,49,801,0,67793.82,1063815.57,0.5,47182.56,0.25,1,1,143,4,0,326368.973612738,17302.558674108186,1074.2261039312427,15220.826832768013,811,0.317625960237015,1.5290959948165617,2.407612423258269,0.556148004424869,30,11967.123695201048,1,1,0,1
CUST_012334,46,Female,Married,3,Self-Employed,Business Owner,Graduate,tier2,2761421.8,267,721,3,39246.51,1028614.36,0.66,81366.08,0.3,1,1,133,4,0,495457.93475125113,31831.91900264546,1731.523065633301,13498.778749175211,730,0.1705484013413611,2.1530464416764272,2.684600976598288,0.4798980797509783,138,10826.817326841392,1,1,0,0
CUST_012337,33,Female,Married,1,Salaried,Product Manager,Post-Graduate,tier1,2509368.15,71,815,1,61249.18,769218.55,0.7,46801.38,0.23,1,1,153,4,0,344871.2222477482,18665.05130638388,2468.64353710678,23221.06187202454,823,0.2928970965200311,1.6491939919796446,3.262226174568756,0.607295126756286,33,12127.351020617116,1,1,0,0
CUST_012339,48,Male,Married,1,Self-Employed,Trader,Graduate,tier2,3216413.81,62,699,2,64800.85,2030964.38,0.41,73771.89,0.32,1,1,136,4,0,523973.15731543815,33553.32759037038,5890.098693894431,16909.619656580333,709,0.2417622062297777,1.9548648901636745,1.5836871675281832,0.4215206356310506,48,10623.49851987818,1,1,0,0
CUST_012349,43,Male,Married,2,Self-Employed,Trader,Graduate,tier2,3365539.08,116,744,2,69633.18,2673900.97,0.72,106943.77,0.36,1,1,127,4,0,543638.3408937888,30075.806378583213,3835.9817373747937,12973.632357389366,752,0.2482797438332149,1.9383631196367,1.2586621042057125,0.3762362010633276,86,11301.882453594426,1,1,0,0
CUST_012355,35,Male,Single,0,Salaried,Teacher,Graduate,tier1,1065361.82,20,769,2,24613.39,931542.47,0.69,10449.66,0.19,0,0,133,4,0,106384.7522399757,3582.621598892424,13307.314880941574,2513.860705621814,779,0.2772366604615833,1.1982808314922817,1.1436522871015349,1.2367930265554712,0,10811.605434653604,1,1,1,1
CUST_012363,29,Female,Single,0,Salaried,Architect,Post-Graduate,tier1,2241024.49,107,764,1,20040.34,898400.3,0.67,56273.63,0.25,0,1,159,4,0,348958.8338686978,12119.839105281826,24243.352123384204,26930.835821573462,770,0.1073093102558093,1.868557707609827,2.494458200361019,0.7063450473610795,0,11259.281977870703,1,1,0,0
CUST_012367,35,Female,Single,1,Salaried,Analyst,Graduate,tier1,1087217.05,81,770,0,23881.82,530355.32,0.35,11694.4,0.17,0,0,125,4,0,99772.2522001122,2841.474522614237,18993.134860540296,1487.8784248128245,778,0.2635892041332044,1.1012095624204912,2.049974722654385,1.1392458766476514,35,10813.525274802703,1,1,1,1
CUST_012369,36,Male,Married,0,Self-Employed,Sales Rep,Under-Graduate,tier1,523750.96,16,610,3,24957.05,243974.46,0.2,1683.32,0.04,0,0,205,0,131,5674.637748985236,2408.8220536787826,36535.1957553902,0.0,617,0.5717941566543766,0.1300123494563701,2.1467362332260795,3.8407425065802223,0,8125.133244844686,0,1,0,0
CUST_012371,49,Male,Married,2,Self-Employed,Trader,Graduate,tier2,3236796.28,287,782,0,62018.8,2232250.63,0.7,103413.27,0.32,1,1,119,4,0,606575.7354306246,31220.56523069225,5827.45441194795,12769.729609410406,792,0.229925758840434,2.248792080193114,1.450014073906175,0.3665151421203427,98,11872.15516480683,1,1,0,0
CUST_012381,30,Male,Married,0,Salaried,Product Manager,Post-Graduate,tier1,2218268.03,99,768,1,60208.89,1657228.81,0.72,39568.9,0.24,1,1,149,4,0,275514.39943380246,16149.100578463993,3939.757067487847,14898.161666027032,774,0.3257058036987332,1.4904217449974653,1.3385397828439978,0.668680778048052,0,11309.87200572548,1,1,0,1
CUST_012382,33,Female,Single,0,Salaried,Teacher,Graduate,tier1,932502.02,169,734,0,15320.35,765847.32,0.5,14372.26,0.2,0,0,121,2,0,90668.64882069328,3196.323037451968,14464.451564393292,1853.254630763588,746,0.1971489929985181,1.1667639976590587,1.217606666552458,1.283816877124571,0,10254.238241149167,1,1,1,1
CUST_012392,42,Male,Married,1,Salaried,Sales Rep,Under-Graduate,tier1,675768.31,177,600,1,25045.58,510019.45,0.38,1150.95,0.03,0,0,203,1,98,11937.760948895091,4284.355753313959,33155.15036227323,0.0,610,0.4447406287999128,0.2119818072040913,1.3249827727496026,2.960183447380355,42,8188.400294026128,0,1,0,0
CUST_012394,48,Female,Married,2,Self-Employed,CXO,Post-Graduate,tier1,9506467.05,216,785,3,136554.57,6046895.43,0.62,398307.64,0.53,1,1,116,8,0,2099543.5614983942,13800.61511136593,6640.169140734355,43125.56223473913,790,0.1723724242573279,2.6502475422780982,1.5721233462568172,0.1218939753487613,96,12693.311548091537,1,1,0,0
CUST_012396,36,Female,Married,1,Salaried,Sales Rep,Under-Graduate,tier1,715842.35,113,614,0,36611.78,512949.64,0.46,3576.82,0.04,0,0,203,1,113,8872.113729904666,3434.670489201869,25879.35917546978,0.0,623,0.6137300974702465,0.1487248974024618,1.395538467404973,2.796750561606112,36,8398.797964906864,0,0,0,0
CUST_012398,29,Male,Single,2,Salaried,Sales Rep,Under-Graduate,tier3,688069.66,24,638,1,26732.22,464623.26,0.3,4680.89,0.06,0,0,203,1,83,14174.092050383306,3331.0745729759283,29678.39325406016,0.0,648,0.4662043165051078,0.2471931959421788,1.480916343025222,2.908019236934033,58,8710.187136204377,0,1,0,0
CUST_012400,33,Female,Married,2,Self-Employed,Gig Worker,Under-Graduate,tier3,652886.6,85,649,2,31182.76,287655.92,0.51,5324.69,0.09,0,0,201,1,106,9195.538826909036,4555.607950395711,30250.638015266795,0.0,657,0.573125934103703,0.1690101126314384,2.269671106817107,3.032192836602822,66,8796.678293977327,0,1,0,0
CUST_012406,27,Male,Married,1,Salaried,Data Scientist,Post-Graduate,tier1,2647785.21,90,737,2,74360.95,1845879.87,0.3,62867.36,0.27,1,1,150,4,0,342984.8580678107,14198.07898096147,7743.254998468039,13273.699382360152,744,0.337008966030295,1.5544310875732543,1.4344290864231124,0.5643796926689948,27,11003.190435542883,1,1,0,1
CUST_012410,33,Female,Married,0,Salaried,Software Engineer,Post-Graduate,tier1,2456046.8,143,750,2,64372.16,1657147.25,0.13,60862.2,0.22,1,1,154,4,0,329592.90340419026,15051.475889558991,4337.96455024098,18758.035862219695,760,0.3145144244917915,1.6103502248603672,1.4820923837079754,0.6244812547758624,0,11182.688663256376,1,1,0,1
CUST_012414,47,Female,Married,1,Salaried,Govt. Employee,Graduate,tier2,1426780.32,281,781,2,27191.84,838531.84,0.28,43755.0,0.4,0,1,106,4,0,207370.8314277312,21433.26136242568,3160.6239145332765,1519.8432909777814,790,0.2286962688445085,1.7440870281196734,1.7015199070796083,0.7377606619778868,47,11195.03599571597,1,1,0,1
CUST_012419,23,Female,Single,0,Salaried,Junior Software Engineer,Graduate,tier1,932749.06,21,780,1,16949.73,673745.52,0.28,12376.0,0.19,0,0,155,4,0,72400.11267225227,2302.381727193828,18228.132551920266,1815.461972074996,789,0.2180588027549091,0.9314296976194818,1.3844213399425054,1.6441278657970764,0,10845.509226217951,1,1,1,1
CUST_012422,29,Male,Married,1,Salaried,Product Manager,Post-Graduate,tier1,2160908.48,126,757,2,51135.88,1364570.39,0.17,47257.86,0.2,1,1,151,4,0,265022.3641404156,13860.83569977438,8401.73451518964,13672.656188834557,765,0.2839672101214941,1.4717192969937454,1.5835803797703836,0.6955613347643287,29,11158.32040614662,1,1,0,1
CUST_012425,28,Male,Single,0,Salaried,HR Manager,Post-Graduate,tier1,2201657.48,72,752,0,27164.43,1339761.04,0.54,57985.65,0.2,0,1,158,4,0,342585.8933264307,7453.974153700437,11908.088286011736,32745.442828652493,758,0.1480572642538515,1.8672333687058096,1.6433197943121305,0.7143963359100253,0,11070.378888562236,1,1,0,0
CUST_012436,38,Male,Single,1,Salaried,Gig Worker,Under-Graduate,tier2,603855.91,125,600,3,23412.33,414712.48,0.23,2988.19,0.04,0,0,215,1,117,9111.228786641906,3839.729964648227,29462.403430667648,0.0,605,0.4652473750426645,0.1810573862745958,1.4560797734377964,3.5024505995226143,38,8053.210989650744,0,0,0,0
CUST_012437,35,Female,Single,0,Salaried,HR Manager,Post-Graduate,tier1,2128348.96,92,808,3,26585.31,770889.33,0.29,42358.4,0.35,0,1,181,4,0,273613.95705074206,9115.151690329363,18031.676258887124,22839.403682785287,816,0.1498917364092226,1.5426741733737237,2.760897208296801,0.846447438588321,0,11889.819777780687,1,1,0,0
CUST_012440,39,Female,Married,2,Self-Employed,Business Owner,Graduate,tier2,3480704.11,143,751,3,67430.35,2612162.2,0.43,95973.61,0.33,1,1,131,4,0,588862.5330399303,27126.393545454703,7082.613242538788,11084.412546420806,760,0.2324706107675067,2.0301426985607174,1.332498716006718,0.3752824526854555,78,11447.686541272324,1,1,0,0
CUST_012445,48,Male,Married,2,Self-Employed,Surgeon,Post-Graduate,tier1,10484225.73,338,832,3,168070.73,7893595.92,0.57,454674.95,0.41,1,1,113,8,0,2269677.0331333964,7643.295431852564,6222.839529929977,29173.693071505608,840,0.1923696135036037,2.597816369583672,1.3281937038659937,0.1076782631775922,96,13578.921274362585,1,1,0,0
CUST_012455,30,Female,Married,1,Salaried,Gig Worker,Under-Graduate,tier1,703046.23,64,645,0,31993.39,496948.05,0.19,2767.01,0.07,0,0,209,1,112,9752.217055364365,2961.5631503767845,27844.86042206256,0.0,653,0.5460723786705406,0.1664536444788824,1.4147249702962508,2.9310862494848338,30,8791.456116879104,0,1,0,0
CUST_012460,51,Female,Married,1,Self-Employed,Investor,Post-Graduate,tier1,8365845.08,18,848,3,125613.67,3946649.77,0.59,303532.13,0.51,1,1,114,8,0,1804451.9807226332,8204.503628764343,4841.352421515947,35418.5547245002,854,0.1801804675343557,2.588309071217315,2.119732798146718,0.1361056692323635,51,13612.476499785986,1,1,0,0
CUST_012470,24,Female,Single,0,Salaried,Junior Software Engineer,Graduate,tier2,828386.77,37,708,3,9460.28,668914.61,0.32,10322.28,0.17,0,0,166,1,0,59449.4114567964,2400.3811779508314,20279.97832536626,4260.630632828236,717,0.137039508158613,0.8611709279596791,1.2384025093987567,1.9799930764651736,0,9770.728674461605,0,1,1,1
CUST_012471,25,Male,Married,0,Salaried,Gig Worker,Under-Graduate,tier1,523528.93,72,671,0,28059.17,173577.19,0.3,1848.33,0.08,0,0,197,0,125,5111.250936389361,4858.021715863309,31776.50509144101,0.0,681,0.6431398591892328,0.1171541855126252,3.0160985663002937,3.692395836904289,0,8967.64599624318,0,1,0,0
CUST_012473,54,Female,Married,1,Self-Employed,Investor,Post-Graduate,tier1,10676665.2,141,822,2,110728.65,8016261.04,0.21,367432.59,0.59,1,1,114,8,0,2435935.4543615333,14041.49109124543,6157.135929766718,33812.51213106742,828,0.1244529337273585,2.7378579407026,1.331875772863333,0.1066749990446037,54,13399.996944664395,1,1,0,0
CUST_012477,25,Male,Single,0,Salaried,Consultant,Graduate,tier1,816596.32,50,758,3,7899.62,533313.38,0.16,7569.26,0.2,0,0,163,1,0,56644.20144832044,1074.9362832717734,17391.07052071933,1900.5623095695184,763,0.1160843426136045,0.8323824295346945,1.5311725140432175,1.9719419994514376,0,10386.64374985875,1,1,1,1
CUST_012484,25,Male,Single,2,Self-Employed,Sales Rep,Under-Graduate,tier2,656662.72,34,595,2,33296.3,585129.11,0.26,3931.51,0.03,0,0,200,1,112,7827.118902554413,3549.171462274892,22889.07303760549,0.0,601,0.6084528425275759,0.1430318907824759,1.1222507759855325,3.0000177601051403,50,8050.351322160535,0,1,0,0
CUST_012496,29,Female,Married,1,Salaried,Product Manager,Post-Graduate,tier1,2510184.61,115,701,2,43999.75,806424.48,0.24,52825.55,0.24,1,1,148,4,0,358701.37511691544,21196.18174882177,4832.682991843445,20088.29809936345,708,0.2103408943732101,1.714772653367174,3.1127297837860977,0.5872585659508492,29,10432.99401765942,1,1,0,1
