[2025-12-02 02:21:12] Loading model from /home/crazy_warlord/TargettedCalling/Persistence/model_car.json...
[2025-12-02 02:21:12] ✓ Model loaded. Components: 8
[2025-12-02 02:21:12] Loading MASTERFILE from /home/crazy_warlord/TargettedCalling/MASTERFILE.csv...
[2025-12-02 02:21:12] ✓ MASTERFILE loaded. 12500 customers indexed.
[2025-12-02 02:21:12] ═══════════════════════════════════════════════
[2025-12-02 02:21:12]     CAR LOAN FEEDBACK NODE (PATHWAY)          
[2025-12-02 02:21:12] ═══════════════════════════════════════════════
[2025-12-02 02:21:12] Feedback Topic: feedback.carLoan
[2025-12-02 02:21:12] Model Path:     /home/crazy_warlord/TargettedCalling/Persistence/model_car.json
[2025-12-02 02:21:12] MASTERFILE:     /home/crazy_warlord/TargettedCalling/MASTERFILE.csv
[2025-12-02 02:21:12] Log File:       /home/crazy_warlord/TargettedCalling/carLoanPredictor/feedback_node.log
[2025-12-02 02:21:12] Batch Config:   Update every 5 feedbacks
[2025-12-02 02:21:12] Auto-save:      Every 30 seconds
[2025-12-02 02:21:12] ═══════════════════════════════════════════════

[2025-12-02 02:21:12] ✓ Listening for feedback on 'feedback.carLoan'...
[2025-12-02 02:21:12] ✓ LISTENING TO: feedback.carLoan

[2025-12-02 02:21:12] ✓ Car Loan Feedback Node is running.

[2025-12-02 02:22:09] 📥 RECEIVED FEEDBACK | Customer: CUST_005375 | Bought: False
[2025-12-02 02:22:09] Buffer size: 1/5
[2025-12-02 02:22:09] 
============================================================
[2025-12-02 02:22:09] 🔄 Processing batch of 1 feedback points
[2025-12-02 02:22:09] ============================================================
[2025-12-02 02:22:09] ✗ NEGATIVE | Customer: CUST_005375 | Cluster: 2 | Score: -1.14 | Update #1
[2025-12-02 02:22:09] 
💾 Saving model after 1 updates...
[2025-12-02 02:22:09] ✓ Model saved to /home/crazy_warlord/TargettedCalling/Persistence/model_car.json
[2025-12-02 02:22:09] ✓ Current state: Components=8, Positive=0, Negative=1

[2025-12-02 02:22:09] ✓ Batch complete: 1 updates, 0 errors
[2025-12-02 02:25:46] Loading model from /home/crazy_warlord/TargettedCalling/Persistence/model_car.json...
[2025-12-02 02:25:46] ✓ Model loaded. Components: 8
[2025-12-02 02:25:46] Loading MASTERFILE from /home/crazy_warlord/TargettedCalling/MASTERFILE.csv...
[2025-12-02 02:25:46] ✓ MASTERFILE loaded. 12500 customers indexed.
[2025-12-02 02:25:46] ═══════════════════════════════════════════════
[2025-12-02 02:25:46]     CAR LOAN FEEDBACK NODE (PATHWAY)          
[2025-12-02 02:25:46] ═══════════════════════════════════════════════
[2025-12-02 02:25:46] Feedback Topic: feedback.carLoan
[2025-12-02 02:25:46] Model Path:     /home/crazy_warlord/TargettedCalling/Persistence/model_car.json
[2025-12-02 02:25:46] MASTERFILE:     /home/crazy_warlord/TargettedCalling/MASTERFILE.csv
[2025-12-02 02:25:46] Log File:       /home/crazy_warlord/TargettedCalling/carLoanPredictor/feedback_node.log
[2025-12-02 02:25:46] Batch Config:   Update every 5 feedbacks
[2025-12-02 02:25:46] Auto-save:      Every 30 seconds
[2025-12-02 02:25:46] ═══════════════════════════════════════════════

[2025-12-02 02:25:46] ✓ Listening for feedback on 'feedback.carLoan'...
[2025-12-02 02:25:46] ✓ LISTENING TO: feedback.carLoan

[2025-12-02 02:25:46] ✓ Car Loan Feedback Node is running.

[2025-12-02 02:26:18] 📥 RECEIVED FEEDBACK | Customer: CUST_005375 | Bought: False
[2025-12-02 02:26:18] Buffer size: 1/5
[2025-12-02 02:26:18] 
============================================================
[2025-12-02 02:26:18] 🔄 Processing batch of 1 feedback points
[2025-12-02 02:26:18] ============================================================
[2025-12-02 02:26:18] ✗ NEGATIVE | Customer: CUST_005375 | Cluster: 2 | Score: -1.14 | Update #1
[2025-12-02 02:26:18] 
💾 Saving model after 1 updates...
[2025-12-02 02:26:18] ✓ Model saved to /home/crazy_warlord/TargettedCalling/Persistence/model_car.json
[2025-12-02 02:26:18] ✓ Current state: Components=8, Positive=0, Negative=1

[2025-12-02 02:26:18] ✓ Batch complete: 1 updates, 0 errors
[2025-12-02 02:33:06] Loading model from /home/crazy_warlord/TargettedCalling/Persistence/model_car.json...
[2025-12-02 02:33:06] ✓ Model loaded. Components: 8
[2025-12-02 02:33:06] Loading MASTERFILE from /home/crazy_warlord/TargettedCalling/MASTERFILE.csv...
[2025-12-02 02:33:06] ✓ MASTERFILE loaded. 12500 customers indexed.
[2025-12-02 02:33:06] ═══════════════════════════════════════════════
[2025-12-02 02:33:06]     CAR LOAN FEEDBACK NODE (PATHWAY)          
[2025-12-02 02:33:06] ═══════════════════════════════════════════════
[2025-12-02 02:33:06] Feedback Topic: feedback.carLoan
[2025-12-02 02:33:06] Model Path:     /home/crazy_warlord/TargettedCalling/Persistence/model_car.json
[2025-12-02 02:33:06] MASTERFILE:     /home/crazy_warlord/TargettedCalling/MASTERFILE.csv
[2025-12-02 02:33:06] Log File:       /home/crazy_warlord/TargettedCalling/carLoanPredictor/feedback_node.log
[2025-12-02 02:33:06] Batch Config:   Update every 5 feedbacks
[2025-12-02 02:33:06] Auto-save:      Every 30 seconds
[2025-12-02 02:33:06] ═══════════════════════════════════════════════

[2025-12-02 02:33:06] ✓ Listening for feedback on 'feedback.carLoan'...
[2025-12-02 02:33:06] ✓ LISTENING TO: feedback.carLoan

[2025-12-02 02:33:06] ✓ Car Loan Feedback Node is running.

[2025-12-02 02:36:12] Loading model from /home/crazy_warlord/TargettedCalling/Persistence/model_car.json...
[2025-12-02 02:36:12] ✓ Model loaded. Components: 8
[2025-12-02 02:36:12] Loading MASTERFILE from /home/crazy_warlord/TargettedCalling/MASTERFILE.csv...
[2025-12-02 02:36:12] ✓ MASTERFILE loaded. 12500 customers indexed.
[2025-12-02 02:36:12] ═══════════════════════════════════════════════
[2025-12-02 02:36:12]     CAR LOAN FEEDBACK NODE (PATHWAY)          
[2025-12-02 02:36:12] ═══════════════════════════════════════════════
[2025-12-02 02:36:12] Feedback Topic: feedback.carLoan
[2025-12-02 02:36:12] Model Path:     /home/crazy_warlord/TargettedCalling/Persistence/model_car.json
[2025-12-02 02:36:12] MASTERFILE:     /home/crazy_warlord/TargettedCalling/MASTERFILE.csv
[2025-12-02 02:36:12] Log File:       /home/crazy_warlord/TargettedCalling/carLoanPredictor/feedback_node.log
[2025-12-02 02:36:12] Batch Config:   Update every 5 feedbacks
[2025-12-02 02:36:12] Auto-save:      Every 30 seconds
[2025-12-02 02:36:12] ═══════════════════════════════════════════════

[2025-12-02 02:36:12] ✓ Listening for feedback on 'feedback.carLoan'...
[2025-12-02 02:36:12] ✓ LISTENING TO: feedback.carLoan

[2025-12-02 02:36:12] ✓ Car Loan Feedback Node is running.

[2025-12-02 02:36:51] 📥 RECEIVED FEEDBACK | Customer: CUST_011473 | Bought: False
[2025-12-02 02:36:51] Buffer size: 1/5
[2025-12-02 02:36:51] 
============================================================
[2025-12-02 02:36:51] 🔄 Processing batch of 1 feedback points
[2025-12-02 02:36:51] ============================================================
[2025-12-02 02:36:51] ✗ NEGATIVE | Customer: CUST_011473 | Cluster: 1 | Score: 0.71 | Update #1
[2025-12-02 02:36:51] 
💾 Saving model after 1 updates...
[2025-12-02 02:36:51] ✓ Model saved to /home/crazy_warlord/TargettedCalling/Persistence/model_car.json
[2025-12-02 02:36:51] ✓ Current state: Components=8, Positive=0, Negative=1

[2025-12-02 02:36:51] ✓ Batch complete: 1 updates, 0 errors
[2025-12-02 02:36:51] 📥 RECEIVED FEEDBACK | Customer: CUST_009504 | Bought: False
[2025-12-02 02:36:51] Buffer size: 1/5
[2025-12-02 02:36:51] 📥 RECEIVED FEEDBACK | Customer: CUST_002404 | Bought: False
[2025-12-02 02:36:51] Buffer size: 2/5
[2025-12-02 02:36:51] 📥 RECEIVED FEEDBACK | Customer: CUST_011521 | Bought: True
[2025-12-02 02:36:51] Buffer size: 3/5
[2025-12-02 02:36:51] 📥 RECEIVED FEEDBACK | Customer: CUST_002835 | Bought: True
[2025-12-02 02:36:51] Buffer size: 4/5
[2025-12-02 02:36:51] 📥 RECEIVED FEEDBACK | Customer: CUST_002051 | Bought: False
[2025-12-02 02:36:51] Buffer size: 5/5
[2025-12-02 02:36:51] 
============================================================
[2025-12-02 02:36:51] 🔄 Processing batch of 5 feedback points
[2025-12-02 02:36:51] ============================================================
[2025-12-02 02:36:51] ✗ NEGATIVE | Customer: CUST_009504 | Cluster: 5 | Score: 1.66 | Update #2
[2025-12-02 02:36:51] ✗ NEGATIVE | Customer: CUST_002404 | Cluster: 3 | Score: -0.55 | Update #3
[2025-12-02 02:36:51] ✓ POSITIVE | Customer: CUST_011521 | Cluster: 3 | Score: -0.28 | Update #4
[2025-12-02 02:36:51] ✓ POSITIVE | Customer: CUST_002835 | Cluster: 2 | Score: -0.63 | Update #5
[2025-12-02 02:36:51] ✗ NEGATIVE | Customer: CUST_002051 | Cluster: 4 | Score: 2.43 | Update #6
[2025-12-02 02:36:51] 
💾 Saving model after 6 updates...
[2025-12-02 02:36:51] ✓ Model saved to /home/crazy_warlord/TargettedCalling/Persistence/model_car.json
[2025-12-02 02:36:51] ✓ Current state: Components=8, Positive=2, Negative=4

[2025-12-02 02:36:51] ✓ Batch complete: 5 updates, 0 errors
[2025-12-02 02:36:51] 📥 RECEIVED FEEDBACK | Customer: CUST_002680 | Bought: False
[2025-12-02 02:36:51] Buffer size: 1/5
[2025-12-02 02:36:51] 📥 RECEIVED FEEDBACK | Customer: CUST_005662 | Bought: False
[2025-12-02 02:36:51] Buffer size: 2/5
[2025-12-02 02:36:51] 📥 RECEIVED FEEDBACK | Customer: CUST_008988 | Bought: False
[2025-12-02 02:36:51] Buffer size: 3/5
[2025-12-02 02:36:51] 📥 RECEIVED FEEDBACK | Customer: CUST_002680 | Bought: False
[2025-12-02 02:36:51] Buffer size: 4/5
[2025-12-02 02:36:51] 📥 RECEIVED FEEDBACK | Customer: CUST_002784 | Bought: False
[2025-12-02 02:36:51] Buffer size: 5/5
[2025-12-02 02:36:51] 
============================================================
[2025-12-02 02:36:51] 🔄 Processing batch of 5 feedback points
[2025-12-02 02:36:51] ============================================================
[2025-12-02 02:36:51] ✗ NEGATIVE | Customer: CUST_002680 | Cluster: 1 | Score: 3.15 | Update #7
[2025-12-02 02:36:51] ✗ NEGATIVE | Customer: CUST_005662 | Cluster: 5 | Score: -1.76 | Update #8
[2025-12-02 02:36:52] ✗ NEGATIVE | Customer: CUST_008988 | Cluster: 7 | Score: -0.50 | Update #9
[2025-12-02 02:36:52] ✗ NEGATIVE | Customer: CUST_002680 | Cluster: 1 | Score: 3.15 | Update #10
[2025-12-02 02:36:52] ✗ NEGATIVE | Customer: CUST_002784 | Cluster: 3 | Score: -2.44 | Update #11
[2025-12-02 02:36:52] 
💾 Saving model after 11 updates...
[2025-12-02 02:36:52] ✓ Model saved to /home/crazy_warlord/TargettedCalling/Persistence/model_car.json
[2025-12-02 02:36:52] ✓ Current state: Components=8, Positive=2, Negative=9

[2025-12-02 02:36:52] ✓ Batch complete: 5 updates, 0 errors
[2025-12-02 02:36:52] 📥 RECEIVED FEEDBACK | Customer: CUST_005243 | Bought: False
[2025-12-02 02:36:52] Buffer size: 1/5
[2025-12-02 02:36:52] 📥 RECEIVED FEEDBACK | Customer: CUST_005536 | Bought: False
[2025-12-02 02:36:52] Buffer size: 2/5
[2025-12-02 02:36:52] 📥 RECEIVED FEEDBACK | Customer: CUST_009224 | Bought: False
[2025-12-02 02:36:52] Buffer size: 3/5
[2025-12-02 02:36:52] 📥 RECEIVED FEEDBACK | Customer: CUST_011473 | Bought: False
[2025-12-02 02:36:52] Buffer size: 4/5
[2025-12-02 02:36:52] 📥 RECEIVED FEEDBACK | Customer: CUST_005832 | Bought: False
[2025-12-02 02:36:52] Buffer size: 5/5
[2025-12-02 02:36:52] 
============================================================
[2025-12-02 02:36:52] 🔄 Processing batch of 5 feedback points
[2025-12-02 02:36:52] ============================================================
[2025-12-02 02:36:52] ✗ NEGATIVE | Customer: CUST_005243 | Cluster: 1 | Score: 1.12 | Update #12
[2025-12-02 02:36:52] ✗ NEGATIVE | Customer: CUST_005536 | Cluster: 7 | Score: -2.16 | Update #13
[2025-12-02 02:36:52] ✗ NEGATIVE | Customer: CUST_009224 | Cluster: 7 | Score: -1.01 | Update #14
[2025-12-02 02:36:52] ✗ NEGATIVE | Customer: CUST_011473 | Cluster: 1 | Score: 0.71 | Update #15
[2025-12-02 02:36:52] ✗ NEGATIVE | Customer: CUST_005832 | Cluster: 7 | Score: 1.52 | Update #16
[2025-12-02 02:36:52] 
💾 Saving model after 16 updates...
[2025-12-02 02:36:52] ✓ Model saved to /home/crazy_warlord/TargettedCalling/Persistence/model_car.json
[2025-12-02 02:36:52] ✓ Current state: Components=8, Positive=2, Negative=14

[2025-12-02 02:36:52] ✓ Batch complete: 5 updates, 0 errors
[2025-12-02 02:36:52] 📥 RECEIVED FEEDBACK | Customer: CUST_005396 | Bought: False
[2025-12-02 02:36:52] Buffer size: 1/5
[2025-12-02 02:36:52] 📥 RECEIVED FEEDBACK | Customer: CUST_002574 | Bought: False
[2025-12-02 02:36:52] Buffer size: 2/5
[2025-12-02 02:36:52] 📥 RECEIVED FEEDBACK | Customer: CUST_002790 | Bought: True
[2025-12-02 02:36:52] Buffer size: 3/5
[2025-12-02 02:36:52] 📥 RECEIVED FEEDBACK | Customer: CUST_000632 | Bought: False
[2025-12-02 02:36:52] Buffer size: 4/5
[2025-12-02 02:36:52] 📥 RECEIVED FEEDBACK | Customer: CUST_002104 | Bought: True
[2025-12-02 02:36:52] Buffer size: 5/5
[2025-12-02 02:36:52] 
============================================================
[2025-12-02 02:36:52] 🔄 Processing batch of 5 feedback points
[2025-12-02 02:36:52] ============================================================
[2025-12-02 02:36:52] ✗ NEGATIVE | Customer: CUST_005396 | Cluster: 4 | Score: -0.61 | Update #17
[2025-12-02 02:36:52] ✗ NEGATIVE | Customer: CUST_002574 | Cluster: 7 | Score: -1.23 | Update #18
[2025-12-02 02:36:52] ✓ POSITIVE | Customer: CUST_002790 | Cluster: 5 | Score: -1.88 | Update #19
[2025-12-02 02:36:52] ✗ NEGATIVE | Customer: CUST_000632 | Cluster: 3 | Score: -0.03 | Update #20
[2025-12-02 02:36:52] ✓ POSITIVE | Customer: CUST_002104 | Cluster: 2 | Score: 0.03 | Update #21
[2025-12-02 02:36:52] 
💾 Saving model after 21 updates...
[2025-12-02 02:36:52] ✓ Model saved to /home/crazy_warlord/TargettedCalling/Persistence/model_car.json
[2025-12-02 02:36:52] ✓ Current state: Components=8, Positive=4, Negative=17

[2025-12-02 02:36:52] ✓ Batch complete: 5 updates, 0 errors
[2025-12-02 02:36:52] 📥 RECEIVED FEEDBACK | Customer: CUST_002963 | Bought: False
[2025-12-02 02:36:52] Buffer size: 1/5
[2025-12-02 02:36:52] 📥 RECEIVED FEEDBACK | Customer: CUST_009457 | Bought: True
[2025-12-02 02:36:52] Buffer size: 2/5
[2025-12-02 02:36:52] 📥 RECEIVED FEEDBACK | Customer: CUST_005833 | Bought: False
[2025-12-02 02:36:52] Buffer size: 3/5
[2025-12-02 02:36:52] 📥 RECEIVED FEEDBACK | Customer: CUST_005243 | Bought: False
[2025-12-02 02:36:52] Buffer size: 4/5
[2025-12-02 02:36:52] 📥 RECEIVED FEEDBACK | Customer: CUST_002567 | Bought: False
[2025-12-02 02:36:52] Buffer size: 5/5
[2025-12-02 02:36:52] 
============================================================
[2025-12-02 02:36:52] 🔄 Processing batch of 5 feedback points
[2025-12-02 02:36:52] ============================================================
[2025-12-02 02:36:52] ✗ NEGATIVE | Customer: CUST_002963 | Cluster: 7 | Score: 0.98 | Update #22
[2025-12-02 02:36:52] ✓ POSITIVE | Customer: CUST_009457 | Cluster: 4 | Score: 1.48 | Update #23
[2025-12-02 02:36:52] ✗ NEGATIVE | Customer: CUST_005833 | Cluster: 4 | Score: -0.62 | Update #24
[2025-12-02 02:36:52] ✗ NEGATIVE | Customer: CUST_005243 | Cluster: 1 | Score: 1.12 | Update #25
[2025-12-02 02:36:53] ✗ NEGATIVE | Customer: CUST_002567 | Cluster: 5 | Score: 1.79 | Update #26
[2025-12-02 02:36:53] 
💾 Saving model after 26 updates...
[2025-12-02 02:36:53] ✓ Model saved to /home/crazy_warlord/TargettedCalling/Persistence/model_car.json
[2025-12-02 02:36:53] ✓ Current state: Components=8, Positive=5, Negative=21

[2025-12-02 02:36:53] ✓ Batch complete: 5 updates, 0 errors
[2025-12-02 02:36:53] 📥 RECEIVED FEEDBACK | Customer: CUST_009054 | Bought: False
[2025-12-02 02:36:53] Buffer size: 1/5
[2025-12-02 02:36:53] 📥 RECEIVED FEEDBACK | Customer: CUST_002422 | Bought: False
[2025-12-02 02:36:53] Buffer size: 2/5
[2025-12-02 02:36:53] 📥 RECEIVED FEEDBACK | Customer: CUST_009109 | Bought: False
[2025-12-02 02:36:53] Buffer size: 3/5
[2025-12-02 02:36:53] 📥 RECEIVED FEEDBACK | Customer: CUST_005773 | Bought: False
[2025-12-02 02:36:53] Buffer size: 4/5
[2025-12-02 02:36:53] 📥 RECEIVED FEEDBACK | Customer: CUST_005447 | Bought: False
[2025-12-02 02:36:53] Buffer size: 5/5
[2025-12-02 02:36:53] 
============================================================
[2025-12-02 02:36:53] 🔄 Processing batch of 5 feedback points
[2025-12-02 02:36:53] ============================================================
[2025-12-02 02:36:53] ✗ NEGATIVE | Customer: CUST_009054 | Cluster: 4 | Score: 1.00 | Update #27
[2025-12-02 02:36:53] ✗ NEGATIVE | Customer: CUST_002422 | Cluster: 7 | Score: 0.95 | Update #28
[2025-12-02 02:36:53] ✗ NEGATIVE | Customer: CUST_009109 | Cluster: 7 | Score: 1.12 | Update #29
[2025-12-02 02:36:53] ✗ NEGATIVE | Customer: CUST_005773 | Cluster: 3 | Score: 1.43 | Update #30
[2025-12-02 02:36:53] ✗ NEGATIVE | Customer: CUST_005447 | Cluster: 4 | Score: -0.23 | Update #31
[2025-12-02 02:36:53] 
💾 Saving model after 31 updates...
[2025-12-02 02:36:53] ✓ Model saved to /home/crazy_warlord/TargettedCalling/Persistence/model_car.json
[2025-12-02 02:36:53] ✓ Current state: Components=8, Positive=5, Negative=26

[2025-12-02 02:36:53] ✓ Batch complete: 5 updates, 0 errors
[2025-12-02 02:36:53] 📥 RECEIVED FEEDBACK | Customer: CUST_000646 | Bought: True
[2025-12-02 02:36:53] Buffer size: 1/5
[2025-12-02 02:36:53] 📥 RECEIVED FEEDBACK | Customer: CUST_000137 | Bought: False
[2025-12-02 02:36:53] Buffer size: 2/5
[2025-12-02 02:36:53] 📥 RECEIVED FEEDBACK | Customer: CUST_005123 | Bought: False
[2025-12-02 02:36:53] Buffer size: 3/5
[2025-12-02 02:36:53] 📥 RECEIVED FEEDBACK | Customer: CUST_005120 | Bought: True
[2025-12-02 02:36:53] Buffer size: 4/5
[2025-12-02 02:36:53] 📥 RECEIVED FEEDBACK | Customer: CUST_011252 | Bought: False
[2025-12-02 02:36:53] Buffer size: 5/5
[2025-12-02 02:36:53] 
============================================================
[2025-12-02 02:36:53] 🔄 Processing batch of 5 feedback points
[2025-12-02 02:36:53] ============================================================
[2025-12-02 02:36:53] ✓ POSITIVE | Customer: CUST_000646 | Cluster: 7 | Score: 0.73 | Update #32
[2025-12-02 02:36:53] ✗ NEGATIVE | Customer: CUST_000137 | Cluster: 1 | Score: 0.67 | Update #33
[2025-12-02 02:36:53] ✗ NEGATIVE | Customer: CUST_005123 | Cluster: 7 | Score: -1.17 | Update #34
[2025-12-02 02:36:53] ✓ POSITIVE | Customer: CUST_005120 | Cluster: 5 | Score: 2.05 | Update #35
[2025-12-02 02:36:53] ✗ NEGATIVE | Customer: CUST_011252 | Cluster: 3 | Score: 0.49 | Update #36
[2025-12-02 02:36:53] 
💾 Saving model after 36 updates...
[2025-12-02 02:36:53] ✓ Model saved to /home/crazy_warlord/TargettedCalling/Persistence/model_car.json
[2025-12-02 02:36:53] ✓ Current state: Components=8, Positive=7, Negative=29

[2025-12-02 02:36:53] ✓ Batch complete: 5 updates, 0 errors
[2025-12-02 02:36:53] 📥 RECEIVED FEEDBACK | Customer: CUST_009364 | Bought: False
[2025-12-02 02:36:53] Buffer size: 1/5
[2025-12-02 02:36:53] 📥 RECEIVED FEEDBACK | Customer: CUST_011427 | Bought: False
[2025-12-02 02:36:53] Buffer size: 2/5
[2025-12-02 02:36:53] 📥 RECEIVED FEEDBACK | Customer: CUST_003005 | Bought: True
[2025-12-02 02:36:53] Buffer size: 3/5
[2025-12-02 02:36:53] 📥 RECEIVED FEEDBACK | Customer: CUST_011364 | Bought: False
[2025-12-02 02:36:53] Buffer size: 4/5
[2025-12-02 02:36:53] 📥 RECEIVED FEEDBACK | Customer: CUST_005120 | Bought: False
[2025-12-02 02:36:53] Buffer size: 5/5
[2025-12-02 02:36:53] 
============================================================
[2025-12-02 02:36:53] 🔄 Processing batch of 5 feedback points
[2025-12-02 02:36:53] ============================================================
[2025-12-02 02:36:53] ✗ NEGATIVE | Customer: CUST_009364 | Cluster: 7 | Score: 0.71 | Update #37
[2025-12-02 02:36:53] ✗ NEGATIVE | Customer: CUST_011427 | Cluster: 6 | Score: 5.53 | Update #38
[2025-12-02 02:36:53] ✓ POSITIVE | Customer: CUST_003005 | Cluster: 3 | Score: 1.87 | Update #39
[2025-12-02 02:36:53] ✗ NEGATIVE | Customer: CUST_011364 | Cluster: 5 | Score: 1.61 | Update #40
[2025-12-02 02:36:54] ✗ NEGATIVE | Customer: CUST_005120 | Cluster: 5 | Score: 2.45 | Update #41
[2025-12-02 02:36:54] 
💾 Saving model after 41 updates...
[2025-12-02 02:36:54] ✓ Model saved to /home/crazy_warlord/TargettedCalling/Persistence/model_car.json
[2025-12-02 02:36:54] ✓ Current state: Components=8, Positive=8, Negative=33

[2025-12-02 02:36:54] ✓ Batch complete: 5 updates, 0 errors
[2025-12-02 02:36:54] 📥 RECEIVED FEEDBACK | Customer: CUST_009275 | Bought: True
[2025-12-02 02:36:54] Buffer size: 1/5
[2025-12-02 02:36:54] 📥 RECEIVED FEEDBACK | Customer: CUST_002160 | Bought: False
[2025-12-02 02:36:54] Buffer size: 2/5
[2025-12-02 02:36:54] 📥 RECEIVED FEEDBACK | Customer: CUST_011217 | Bought: False
[2025-12-02 02:36:54] Buffer size: 3/5
[2025-12-02 02:36:54] 📥 RECEIVED FEEDBACK | Customer: CUST_009616 | Bought: True
[2025-12-02 02:36:54] Buffer size: 4/5
[2025-12-02 02:36:54] 📥 RECEIVED FEEDBACK | Customer: CUST_009223 | Bought: False
[2025-12-02 02:36:54] Buffer size: 5/5
[2025-12-02 02:36:54] 
============================================================
[2025-12-02 02:36:54] 🔄 Processing batch of 5 feedback points
[2025-12-02 02:36:54] ============================================================
[2025-12-02 02:36:54] ✓ POSITIVE | Customer: CUST_009275 | Cluster: 3 | Score: 0.64 | Update #42
[2025-12-02 02:36:54] ✗ NEGATIVE | Customer: CUST_002160 | Cluster: 2 | Score: 0.54 | Update #43
[2025-12-02 02:36:54] ✗ NEGATIVE | Customer: CUST_011217 | Cluster: 1 | Score: -0.41 | Update #44
[2025-12-02 02:36:54] ✓ POSITIVE | Customer: CUST_009616 | Cluster: 7 | Score: 0.29 | Update #45
[2025-12-02 02:36:54] ✗ NEGATIVE | Customer: CUST_009223 | Cluster: 4 | Score: 2.57 | Update #46
[2025-12-02 02:36:54] 
💾 Saving model after 46 updates...
[2025-12-02 02:36:54] ✓ Model saved to /home/crazy_warlord/TargettedCalling/Persistence/model_car.json
[2025-12-02 02:36:54] ✓ Current state: Components=8, Positive=10, Negative=36

[2025-12-02 02:36:54] ✓ Batch complete: 5 updates, 0 errors
[2025-12-02 02:36:54] 📥 RECEIVED FEEDBACK | Customer: CUST_002635 | Bought: False
[2025-12-02 02:36:54] Buffer size: 1/5
[2025-12-02 02:36:54] 📥 RECEIVED FEEDBACK | Customer: CUST_011667 | Bought: False
[2025-12-02 02:36:54] Buffer size: 2/5
[2025-12-02 02:36:54] 📥 RECEIVED FEEDBACK | Customer: CUST_011249 | Bought: False
[2025-12-02 02:36:54] Buffer size: 3/5
[2025-12-02 02:36:54] 📥 RECEIVED FEEDBACK | Customer: CUST_009652 | Bought: False
[2025-12-02 02:36:54] Buffer size: 4/5
[2025-12-02 02:36:54] 📥 RECEIVED FEEDBACK | Customer: CUST_006098 | Bought: False
[2025-12-02 02:36:54] Buffer size: 5/5
[2025-12-02 02:36:54] 
============================================================
[2025-12-02 02:36:54] 🔄 Processing batch of 5 feedback points
[2025-12-02 02:36:54] ============================================================
[2025-12-02 02:36:54] ✗ NEGATIVE | Customer: CUST_002635 | Cluster: 7 | Score: -1.15 | Update #47
[2025-12-02 02:36:54] ✗ NEGATIVE | Customer: CUST_011667 | Cluster: 5 | Score: 1.14 | Update #48
[2025-12-02 02:36:54] ✗ NEGATIVE | Customer: CUST_011249 | Cluster: 5 | Score: 2.13 | Update #49
[2025-12-02 02:36:54] ✗ NEGATIVE | Customer: CUST_009652 | Cluster: 7 | Score: 0.76 | Update #50
[2025-12-02 02:36:54] ✗ NEGATIVE | Customer: CUST_006098 | Cluster: 0 | Score: 4.58 | Update #51
[2025-12-02 02:36:54] 
💾 Saving model after 51 updates...
[2025-12-02 02:36:54] ✓ Model saved to /home/crazy_warlord/TargettedCalling/Persistence/model_car.json
[2025-12-02 02:36:54] ✓ Current state: Components=8, Positive=10, Negative=41

[2025-12-02 02:36:54] ✓ Batch complete: 5 updates, 0 errors
[2025-12-02 02:36:54] 📥 RECEIVED FEEDBACK | Customer: CUST_011702 | Bought: False
[2025-12-02 02:36:54] Buffer size: 1/5
[2025-12-02 02:36:54] 📥 RECEIVED FEEDBACK | Customer: CUST_005954 | Bought: False
[2025-12-02 02:36:54] Buffer size: 2/5
[2025-12-02 02:36:54] 📥 RECEIVED FEEDBACK | Customer: CUST_002774 | Bought: True
[2025-12-02 02:36:54] Buffer size: 3/5
[2025-12-02 02:36:54] 📥 RECEIVED FEEDBACK | Customer: CUST_002740 | Bought: True
[2025-12-02 02:36:54] Buffer size: 4/5
[2025-12-02 02:36:54] 📥 RECEIVED FEEDBACK | Customer: CUST_002512 | Bought: False
[2025-12-02 02:36:54] Buffer size: 5/5
[2025-12-02 02:36:54] 
============================================================
[2025-12-02 02:36:54] 🔄 Processing batch of 5 feedback points
[2025-12-02 02:36:54] ============================================================
[2025-12-02 02:36:54] ✗ NEGATIVE | Customer: CUST_011702 | Cluster: 5 | Score: 1.43 | Update #52
[2025-12-02 02:36:54] ✗ NEGATIVE | Customer: CUST_005954 | Cluster: 3 | Score: -2.58 | Update #53
[2025-12-02 02:36:54] ✓ POSITIVE | Customer: CUST_002774 | Cluster: 0 | Score: 5.05 | Update #54
[2025-12-02 02:36:54] ✓ POSITIVE | Customer: CUST_002740 | Cluster: 4 | Score: 1.56 | Update #55
[2025-12-02 02:36:54] ✗ NEGATIVE | Customer: CUST_002512 | Cluster: 1 | Score: 0.82 | Update #56
[2025-12-02 02:36:54] 
💾 Saving model after 56 updates...
[2025-12-02 02:36:54] ✓ Model saved to /home/crazy_warlord/TargettedCalling/Persistence/model_car.json
[2025-12-02 02:36:54] ✓ Current state: Components=8, Positive=12, Negative=44

[2025-12-02 02:36:54] ✓ Batch complete: 5 updates, 0 errors
[2025-12-02 02:36:55] 📥 RECEIVED FEEDBACK | Customer: CUST_011331 | Bought: False
[2025-12-02 02:36:55] Buffer size: 1/5
[2025-12-02 02:36:55] 📥 RECEIVED FEEDBACK | Customer: CUST_002790 | Bought: False
[2025-12-02 02:36:55] Buffer size: 2/5
[2025-12-02 02:36:55] 📥 RECEIVED FEEDBACK | Customer: CUST_011465 | Bought: True
[2025-12-02 02:36:55] Buffer size: 3/5
[2025-12-02 02:36:55] 📥 RECEIVED FEEDBACK | Customer: CUST_002694 | Bought: False
[2025-12-02 02:36:55] Buffer size: 4/5
[2025-12-02 02:36:55] 📥 RECEIVED FEEDBACK | Customer: CUST_002646 | Bought: False
[2025-12-02 02:36:55] Buffer size: 5/5
[2025-12-02 02:36:55] 
============================================================
[2025-12-02 02:36:55] 🔄 Processing batch of 5 feedback points
[2025-12-02 02:36:55] ============================================================
[2025-12-02 02:36:55] ✗ NEGATIVE | Customer: CUST_011331 | Cluster: 0 | Score: 1.72 | Update #57
[2025-12-02 02:36:55] ✗ NEGATIVE | Customer: CUST_002790 | Cluster: 5 | Score: 0.16 | Update #58
[2025-12-02 02:36:55] ✓ POSITIVE | Customer: CUST_011465 | Cluster: 5 | Score: 3.01 | Update #59
[2025-12-02 02:36:55] ✗ NEGATIVE | Customer: CUST_002694 | Cluster: 7 | Score: 0.65 | Update #60
[2025-12-02 02:36:55] ✗ NEGATIVE | Customer: CUST_002646 | Cluster: 0 | Score: 5.23 | Update #61
[2025-12-02 02:36:55] 
💾 Saving model after 61 updates...
[2025-12-02 02:36:55] ✓ Model saved to /home/crazy_warlord/TargettedCalling/Persistence/model_car.json
[2025-12-02 02:36:55] ✓ Current state: Components=8, Positive=13, Negative=48

[2025-12-02 02:36:55] ✓ Batch complete: 5 updates, 0 errors
[2025-12-02 02:36:55] 📥 RECEIVED FEEDBACK | Customer: CUST_011331 | Bought: True
[2025-12-02 02:36:55] Buffer size: 1/5
[2025-12-02 02:36:55] 📥 RECEIVED FEEDBACK | Customer: CUST_002279 | Bought: False
[2025-12-02 02:36:55] Buffer size: 2/5
[2025-12-02 02:36:55] 📥 RECEIVED FEEDBACK | Customer: CUST_011473 | Bought: True
[2025-12-02 02:36:55] Buffer size: 3/5
[2025-12-02 02:36:55] 📥 RECEIVED FEEDBACK | Customer: CUST_006165 | Bought: True
[2025-12-02 02:36:55] Buffer size: 4/5
[2025-12-02 02:36:55] 📥 RECEIVED FEEDBACK | Customer: CUST_002582 | Bought: False
[2025-12-02 02:36:55] Buffer size: 5/5
[2025-12-02 02:36:55] 
============================================================
[2025-12-02 02:36:55] 🔄 Processing batch of 5 feedback points
[2025-12-02 02:36:55] ============================================================
[2025-12-02 02:36:55] ✓ POSITIVE | Customer: CUST_011331 | Cluster: 0 | Score: 1.72 | Update #62
[2025-12-02 02:36:55] ✗ NEGATIVE | Customer: CUST_002279 | Cluster: 7 | Score: -3.96 | Update #63
[2025-12-02 02:36:55] ✓ POSITIVE | Customer: CUST_011473 | Cluster: 1 | Score: 0.71 | Update #64
[2025-12-02 02:36:55] ✓ POSITIVE | Customer: CUST_006165 | Cluster: 0 | Score: 3.15 | Update #65
[2025-12-02 02:36:55] ✗ NEGATIVE | Customer: CUST_002582 | Cluster: 2 | Score: -2.12 | Update #66
[2025-12-02 02:36:55] 
💾 Saving model after 66 updates...
[2025-12-02 02:36:55] ✓ Model saved to /home/crazy_warlord/TargettedCalling/Persistence/model_car.json
[2025-12-02 02:36:55] ✓ Current state: Components=8, Positive=16, Negative=50

[2025-12-02 02:36:55] ✓ Batch complete: 5 updates, 0 errors
[2025-12-02 02:36:55] 📥 RECEIVED FEEDBACK | Customer: CUST_009063 | Bought: True
[2025-12-02 02:36:55] Buffer size: 1/5
[2025-12-02 02:36:55] 📥 RECEIVED FEEDBACK | Customer: CUST_009591 | Bought: False
[2025-12-02 02:36:55] Buffer size: 2/5
[2025-12-02 02:36:55] 📥 RECEIVED FEEDBACK | Customer: CUST_009548 | Bought: False
[2025-12-02 02:36:55] Buffer size: 3/5
[2025-12-02 02:36:55] 📥 RECEIVED FEEDBACK | Customer: CUST_000632 | Bought: True
[2025-12-02 02:36:55] Buffer size: 4/5
[2025-12-02 02:36:55] 📥 RECEIVED FEEDBACK | Customer: CUST_000259 | Bought: True
[2025-12-02 02:36:55] Buffer size: 5/5
[2025-12-02 02:36:55] 
============================================================
[2025-12-02 02:36:55] 🔄 Processing batch of 5 feedback points
[2025-12-02 02:36:55] ============================================================
[2025-12-02 02:36:55] ✓ POSITIVE | Customer: CUST_009063 | Cluster: 6 | Score: 2.76 | Update #67
[2025-12-02 02:36:55] ✗ NEGATIVE | Customer: CUST_009591 | Cluster: 3 | Score: -0.53 | Update #68
[2025-12-02 02:36:55] ✗ NEGATIVE | Customer: CUST_009548 | Cluster: 4 | Score: 1.75 | Update #69
[2025-12-02 02:36:55] ✓ POSITIVE | Customer: CUST_000632 | Cluster: 3 | Score: -0.04 | Update #70
[2025-12-02 02:36:55] ✓ POSITIVE | Customer: CUST_000259 | Cluster: 4 | Score: -1.25 | Update #71
[2025-12-02 02:36:55] 
💾 Saving model after 71 updates...
[2025-12-02 02:36:55] ✓ Model saved to /home/crazy_warlord/TargettedCalling/Persistence/model_car.json
[2025-12-02 02:36:55] ✓ Current state: Components=8, Positive=19, Negative=52

[2025-12-02 02:36:55] ✓ Batch complete: 5 updates, 0 errors
[2025-12-02 02:36:56] 📥 RECEIVED FEEDBACK | Customer: CUST_006041 | Bought: False
[2025-12-02 02:36:56] Buffer size: 1/5
[2025-12-02 02:36:56] 📥 RECEIVED FEEDBACK | Customer: CUST_002646 | Bought: True
[2025-12-02 02:36:56] Buffer size: 2/5
[2025-12-02 02:36:56] 📥 RECEIVED FEEDBACK | Customer: CUST_005284 | Bought: False
[2025-12-02 02:36:56] Buffer size: 3/5
[2025-12-02 02:36:56] 📥 RECEIVED FEEDBACK | Customer: CUST_006066 | Bought: True
[2025-12-02 02:36:56] Buffer size: 4/5
[2025-12-02 02:36:56] 📥 RECEIVED FEEDBACK | Customer: CUST_005928 | Bought: False
[2025-12-02 02:36:56] Buffer size: 5/5
[2025-12-02 02:36:56] 
============================================================
[2025-12-02 02:36:56] 🔄 Processing batch of 5 feedback points
[2025-12-02 02:36:56] ============================================================
[2025-12-02 02:36:56] ✗ NEGATIVE | Customer: CUST_006041 | Cluster: 5 | Score: 1.71 | Update #72
[2025-12-02 02:36:56] ✓ POSITIVE | Customer: CUST_002646 | Cluster: 0 | Score: 5.16 | Update #73
[2025-12-02 02:36:56] ✗ NEGATIVE | Customer: CUST_005284 | Cluster: 4 | Score: 1.12 | Update #74
[2025-12-02 02:36:56] ✓ POSITIVE | Customer: CUST_006066 | Cluster: 7 | Score: -0.11 | Update #75
[2025-12-02 02:36:56] ✗ NEGATIVE | Customer: CUST_005928 | Cluster: 5 | Score: 1.55 | Update #76
[2025-12-02 02:36:56] 
💾 Saving model after 76 updates...
[2025-12-02 02:36:56] ✓ Model saved to /home/crazy_warlord/TargettedCalling/Persistence/model_car.json
[2025-12-02 02:36:56] ✓ Current state: Components=8, Positive=21, Negative=55

[2025-12-02 02:36:56] ✓ Batch complete: 5 updates, 0 errors
[2025-12-02 02:36:56] 📥 RECEIVED FEEDBACK | Customer: CUST_009068 | Bought: False
[2025-12-02 02:36:56] Buffer size: 1/5
[2025-12-02 02:36:56] 📥 RECEIVED FEEDBACK | Customer: CUST_009504 | Bought: False
[2025-12-02 02:36:56] Buffer size: 2/5
[2025-12-02 02:36:56] 📥 RECEIVED FEEDBACK | Customer: CUST_005537 | Bought: False
[2025-12-02 02:36:56] Buffer size: 3/5
[2025-12-02 02:36:56] 📥 RECEIVED FEEDBACK | Customer: CUST_002591 | Bought: False
[2025-12-02 02:36:56] Buffer size: 4/5
[2025-12-02 02:36:56] 📥 RECEIVED FEEDBACK | Customer: CUST_005204 | Bought: False
[2025-12-02 02:36:56] Buffer size: 5/5
[2025-12-02 02:36:56] 
============================================================
[2025-12-02 02:36:56] 🔄 Processing batch of 5 feedback points
[2025-12-02 02:36:56] ============================================================
[2025-12-02 02:36:56] ✗ NEGATIVE | Customer: CUST_009068 | Cluster: 3 | Score: 1.15 | Update #77
[2025-12-02 02:36:56] ✗ NEGATIVE | Customer: CUST_009504 | Cluster: 5 | Score: 1.44 | Update #78
[2025-12-02 02:36:56] ✗ NEGATIVE | Customer: CUST_005537 | Cluster: 4 | Score: 1.57 | Update #79
[2025-12-02 02:36:56] ✗ NEGATIVE | Customer: CUST_002591 | Cluster: 6 | Score: 3.51 | Update #80
[2025-12-02 02:36:56] ✗ NEGATIVE | Customer: CUST_005204 | Cluster: 1 | Score: 2.17 | Update #81
[2025-12-02 02:36:56] 
💾 Saving model after 81 updates...
[2025-12-02 02:36:56] ✓ Model saved to /home/crazy_warlord/TargettedCalling/Persistence/model_car.json
[2025-12-02 02:36:56] ✓ Current state: Components=8, Positive=21, Negative=60

[2025-12-02 02:36:56] ✓ Batch complete: 5 updates, 0 errors
[2025-12-02 02:36:56] 📥 RECEIVED FEEDBACK | Customer: CUST_009311 | Bought: True
[2025-12-02 02:36:56] Buffer size: 1/5
[2025-12-02 02:36:56] 📥 RECEIVED FEEDBACK | Customer: CUST_006037 | Bought: False
[2025-12-02 02:36:56] Buffer size: 2/5
[2025-12-02 02:36:56] 📥 RECEIVED FEEDBACK | Customer: CUST_011252 | Bought: True
[2025-12-02 02:36:56] Buffer size: 3/5
[2025-12-02 02:36:56] 📥 RECEIVED FEEDBACK | Customer: CUST_005396 | Bought: False
[2025-12-02 02:36:56] Buffer size: 4/5
[2025-12-02 02:36:56] 📥 RECEIVED FEEDBACK | Customer: CUST_002977 | Bought: False
[2025-12-02 02:36:56] Buffer size: 5/5
[2025-12-02 02:36:56] 
============================================================
[2025-12-02 02:36:56] 🔄 Processing batch of 5 feedback points
[2025-12-02 02:36:56] ============================================================
[2025-12-02 02:36:56] ✓ POSITIVE | Customer: CUST_009311 | Cluster: 3 | Score: -0.57 | Update #82
[2025-12-02 02:36:56] ✗ NEGATIVE | Customer: CUST_006037 | Cluster: 4 | Score: 2.28 | Update #83
[2025-12-02 02:36:56] ✓ POSITIVE | Customer: CUST_011252 | Cluster: 3 | Score: 0.87 | Update #84
[2025-12-02 02:36:56] ✗ NEGATIVE | Customer: CUST_005396 | Cluster: 4 | Score: -1.39 | Update #85
[2025-12-02 02:36:56] ✗ NEGATIVE | Customer: CUST_002977 | Cluster: 7 | Score: -0.49 | Update #86
[2025-12-02 02:36:56] 
💾 Saving model after 86 updates...
[2025-12-02 02:36:56] ✓ Model saved to /home/crazy_warlord/TargettedCalling/Persistence/model_car.json
[2025-12-02 02:36:56] ✓ Current state: Components=8, Positive=23, Negative=63

[2025-12-02 02:36:56] ✓ Batch complete: 5 updates, 0 errors
[2025-12-02 02:36:56] 📥 RECEIVED FEEDBACK | Customer: CUST_011217 | Bought: False
[2025-12-02 02:36:56] Buffer size: 1/5
[2025-12-02 02:36:56] 📥 RECEIVED FEEDBACK | Customer: CUST_002126 | Bought: False
[2025-12-02 02:36:56] Buffer size: 2/5
[2025-12-02 02:36:57] 📥 RECEIVED FEEDBACK | Customer: CUST_011152 | Bought: False
[2025-12-02 02:36:57] Buffer size: 3/5
[2025-12-02 02:36:57] 📥 RECEIVED FEEDBACK | Customer: CUST_006165 | Bought: False
[2025-12-02 02:36:57] Buffer size: 4/5
[2025-12-02 02:36:57] 📥 RECEIVED FEEDBACK | Customer: CUST_009364 | Bought: False
[2025-12-02 02:36:57] Buffer size: 5/5
[2025-12-02 02:36:57] 
============================================================
[2025-12-02 02:36:57] 🔄 Processing batch of 5 feedback points
[2025-12-02 02:36:57] ============================================================
[2025-12-02 02:36:57] ✗ NEGATIVE | Customer: CUST_011217 | Cluster: 1 | Score: -0.01 | Update #87
[2025-12-02 02:36:57] ✗ NEGATIVE | Customer: CUST_002126 | Cluster: 1 | Score: 2.28 | Update #88
[2025-12-02 02:36:57] ✗ NEGATIVE | Customer: CUST_011152 | Cluster: 1 | Score: -0.13 | Update #89
[2025-12-02 02:36:57] ✗ NEGATIVE | Customer: CUST_006165 | Cluster: 0 | Score: 4.05 | Update #90
[2025-12-02 02:36:57] ✗ NEGATIVE | Customer: CUST_009364 | Cluster: 7 | Score: 0.48 | Update #91
[2025-12-02 02:36:57] 
💾 Saving model after 91 updates...
[2025-12-02 02:36:57] ✓ Model saved to /home/crazy_warlord/TargettedCalling/Persistence/model_car.json
[2025-12-02 02:36:57] ✓ Current state: Components=8, Positive=23, Negative=68

[2025-12-02 02:36:57] ✓ Batch complete: 5 updates, 0 errors
[2025-12-02 02:36:57] 📥 RECEIVED FEEDBACK | Customer: CUST_011249 | Bought: False
[2025-12-02 02:36:57] Buffer size: 1/5
[2025-12-02 02:36:57] 📥 RECEIVED FEEDBACK | Customer: CUST_003009 | Bought: True
[2025-12-02 02:36:57] Buffer size: 2/5
[2025-12-02 02:36:57] 📥 RECEIVED FEEDBACK | Customer: CUST_009504 | Bought: False
[2025-12-02 02:36:57] Buffer size: 3/5
[2025-12-02 02:36:57] 📥 RECEIVED FEEDBACK | Customer: CUST_005832 | Bought: True
[2025-12-02 02:36:57] Buffer size: 4/5
[2025-12-02 02:36:57] 📥 RECEIVED FEEDBACK | Customer: CUST_009556 | Bought: False
[2025-12-02 02:36:57] Buffer size: 5/5
[2025-12-02 02:36:57] 
============================================================
[2025-12-02 02:36:57] 🔄 Processing batch of 5 feedback points
[2025-12-02 02:36:57] ============================================================
[2025-12-02 02:36:57] ✗ NEGATIVE | Customer: CUST_011249 | Cluster: 5 | Score: 2.15 | Update #92
[2025-12-02 02:36:57] ✓ POSITIVE | Customer: CUST_003009 | Cluster: 0 | Score: 1.50 | Update #93
[2025-12-02 02:36:57] ✗ NEGATIVE | Customer: CUST_009504 | Cluster: 5 | Score: 1.44 | Update #94
[2025-12-02 02:36:57] ✓ POSITIVE | Customer: CUST_005832 | Cluster: 7 | Score: 1.47 | Update #95
[2025-12-02 02:36:57] ✗ NEGATIVE | Customer: CUST_009556 | Cluster: 0 | Score: 1.95 | Update #96
[2025-12-02 02:36:57] 
💾 Saving model after 96 updates...
[2025-12-02 02:36:57] ✓ Model saved to /home/crazy_warlord/TargettedCalling/Persistence/model_car.json
[2025-12-02 02:36:57] ✓ Current state: Components=8, Positive=25, Negative=71

[2025-12-02 02:36:57] ✓ Batch complete: 5 updates, 0 errors
[2025-12-02 02:36:57] 📥 RECEIVED FEEDBACK | Customer: CUST_005204 | Bought: False
[2025-12-02 02:36:57] Buffer size: 1/5
[2025-12-02 02:36:57] 📥 RECEIVED FEEDBACK | Customer: CUST_009223 | Bought: False
[2025-12-02 02:36:57] Buffer size: 2/5
[2025-12-02 02:36:57] 📥 RECEIVED FEEDBACK | Customer: CUST_011465 | Bought: False
[2025-12-02 02:36:57] Buffer size: 3/5
[2025-12-02 02:36:57] 📥 RECEIVED FEEDBACK | Customer: CUST_011331 | Bought: False
[2025-12-02 02:36:57] Buffer size: 4/5
[2025-12-02 02:36:57] 📥 RECEIVED FEEDBACK | Customer: CUST_009616 | Bought: False
[2025-12-02 02:36:57] Buffer size: 5/5
[2025-12-02 02:36:57] 
============================================================
[2025-12-02 02:36:57] 🔄 Processing batch of 5 feedback points
[2025-12-02 02:36:57] ============================================================
[2025-12-02 02:36:57] ✗ NEGATIVE | Customer: CUST_005204 | Cluster: 1 | Score: 2.17 | Update #97
[2025-12-02 02:36:57] ✗ NEGATIVE | Customer: CUST_009223 | Cluster: 4 | Score: 2.54 | Update #98
[2025-12-02 02:36:57] ✗ NEGATIVE | Customer: CUST_011465 | Cluster: 5 | Score: 3.23 | Update #99
[2025-12-02 02:36:57] ✗ NEGATIVE | Customer: CUST_011331 | Cluster: 0 | Score: 3.14 | Update #100
[2025-12-02 02:36:57] ✗ NEGATIVE | Customer: CUST_009616 | Cluster: 7 | Score: 0.99 | Update #101
[2025-12-02 02:36:57] 
💾 Saving model after 101 updates...
[2025-12-02 02:36:57] ✓ Model saved to /home/crazy_warlord/TargettedCalling/Persistence/model_car.json
[2025-12-02 02:36:57] ✓ Current state: Components=8, Positive=25, Negative=76

[2025-12-02 02:36:57] ✓ Batch complete: 5 updates, 0 errors
[2025-12-02 02:36:57] 📥 RECEIVED FEEDBACK | Customer: CUST_009324 | Bought: False
[2025-12-02 02:36:57] Buffer size: 1/5
[2025-12-02 02:36:57] 📥 RECEIVED FEEDBACK | Customer: CUST_002591 | Bought: False
[2025-12-02 02:36:57] Buffer size: 2/5
[2025-12-02 02:36:57] 📥 RECEIVED FEEDBACK | Customer: CUST_005619 | Bought: False
[2025-12-02 02:36:57] Buffer size: 3/5
[2025-12-02 02:36:57] 📥 RECEIVED FEEDBACK | Customer: CUST_011182 | Bought: False
[2025-12-02 02:36:57] Buffer size: 4/5
[2025-12-02 02:36:57] 📥 RECEIVED FEEDBACK | Customer: CUST_002591 | Bought: False
[2025-12-02 02:36:57] Buffer size: 5/5
[2025-12-02 02:36:57] 
============================================================
[2025-12-02 02:36:58] 🔄 Processing batch of 5 feedback points
[2025-12-02 02:36:58] ============================================================
[2025-12-02 02:36:58] ✗ NEGATIVE | Customer: CUST_009324 | Cluster: 5 | Score: 0.12 | Update #102
[2025-12-02 02:36:58] ✗ NEGATIVE | Customer: CUST_002591 | Cluster: 6 | Score: 3.51 | Update #103
[2025-12-02 02:36:58] ✗ NEGATIVE | Customer: CUST_005619 | Cluster: 0 | Score: 3.98 | Update #104
[2025-12-02 02:36:58] ✗ NEGATIVE | Customer: CUST_011182 | Cluster: 0 | Score: 4.61 | Update #105
[2025-12-02 02:36:58] ✗ NEGATIVE | Customer: CUST_002591 | Cluster: 6 | Score: 3.51 | Update #106
[2025-12-02 02:36:58] 
💾 Saving model after 106 updates...
[2025-12-02 02:36:58] ✓ Model saved to /home/crazy_warlord/TargettedCalling/Persistence/model_car.json
[2025-12-02 02:36:58] ✓ Current state: Components=8, Positive=25, Negative=81

[2025-12-02 02:36:58] ✓ Batch complete: 5 updates, 0 errors
[2025-12-02 02:36:58] 📥 RECEIVED FEEDBACK | Customer: CUST_009068 | Bought: False
[2025-12-02 02:36:58] Buffer size: 1/5
[2025-12-02 02:36:58] 📥 RECEIVED FEEDBACK | Customer: CUST_002694 | Bought: False
[2025-12-02 02:36:58] Buffer size: 2/5
[2025-12-02 02:36:58] 📥 RECEIVED FEEDBACK | Customer: CUST_009068 | Bought: False
[2025-12-02 02:36:58] Buffer size: 3/5
[2025-12-02 02:36:58] 📥 RECEIVED FEEDBACK | Customer: CUST_002659 | Bought: False
[2025-12-02 02:36:58] Buffer size: 4/5
[2025-12-02 02:36:58] 📥 RECEIVED FEEDBACK | Customer: CUST_011191 | Bought: True
[2025-12-02 02:36:58] Buffer size: 5/5
[2025-12-02 02:36:58] 
============================================================
[2025-12-02 02:36:58] 🔄 Processing batch of 5 feedback points
[2025-12-02 02:36:58] ============================================================
[2025-12-02 02:36:58] ✗ NEGATIVE | Customer: CUST_009068 | Cluster: 3 | Score: 1.17 | Update #107
[2025-12-02 02:36:58] ✗ NEGATIVE | Customer: CUST_002694 | Cluster: 7 | Score: 0.66 | Update #108
[2025-12-02 02:36:58] ✗ NEGATIVE | Customer: CUST_009068 | Cluster: 3 | Score: 1.17 | Update #109
[2025-12-02 02:36:58] ✗ NEGATIVE | Customer: CUST_002659 | Cluster: 7 | Score: -2.16 | Update #110
[2025-12-02 02:36:58] ✓ POSITIVE | Customer: CUST_011191 | Cluster: 5 | Score: 0.71 | Update #111
[2025-12-02 02:36:58] 
💾 Saving model after 111 updates...
[2025-12-02 02:36:58] ✓ Model saved to /home/crazy_warlord/TargettedCalling/Persistence/model_car.json
[2025-12-02 02:36:58] ✓ Current state: Components=8, Positive=26, Negative=85

[2025-12-02 02:36:58] ✓ Batch complete: 5 updates, 0 errors
[2025-12-02 02:36:58] 📥 RECEIVED FEEDBACK | Customer: CUST_011186 | Bought: False
[2025-12-02 02:36:58] Buffer size: 1/5
[2025-12-02 02:36:58] 📥 RECEIVED FEEDBACK | Customer: CUST_000139 | Bought: True
[2025-12-02 02:36:58] Buffer size: 2/5
[2025-12-02 02:36:58] 📥 RECEIVED FEEDBACK | Customer: CUST_000646 | Bought: False
[2025-12-02 02:36:58] Buffer size: 3/5
[2025-12-02 02:36:58] 📥 RECEIVED FEEDBACK | Customer: CUST_011190 | Bought: True
[2025-12-02 02:36:58] Buffer size: 4/5
[2025-12-02 02:36:58] 📥 RECEIVED FEEDBACK | Customer: CUST_009063 | Bought: False
[2025-12-02 02:36:58] Buffer size: 5/5
[2025-12-02 02:36:58] 
============================================================
[2025-12-02 02:36:58] 🔄 Processing batch of 5 feedback points
[2025-12-02 02:36:58] ============================================================
[2025-12-02 02:36:58] ✗ NEGATIVE | Customer: CUST_011186 | Cluster: 0 | Score: 5.23 | Update #112
[2025-12-02 02:36:58] ✓ POSITIVE | Customer: CUST_000139 | Cluster: 0 | Score: 4.57 | Update #113
[2025-12-02 02:36:58] ✗ NEGATIVE | Customer: CUST_000646 | Cluster: 7 | Score: 1.10 | Update #114
[2025-12-02 02:36:58] ✓ POSITIVE | Customer: CUST_011190 | Cluster: 3 | Score: 0.90 | Update #115
[2025-12-02 02:36:58] ✗ NEGATIVE | Customer: CUST_009063 | Cluster: 6 | Score: 3.80 | Update #116
[2025-12-02 02:36:58] 
💾 Saving model after 116 updates...
[2025-12-02 02:36:58] ✓ Model saved to /home/crazy_warlord/TargettedCalling/Persistence/model_car.json
[2025-12-02 02:36:58] ✓ Current state: Components=8, Positive=28, Negative=88

[2025-12-02 02:36:58] ✓ Batch complete: 5 updates, 0 errors
[2025-12-02 02:36:58] 📥 RECEIVED FEEDBACK | Customer: CUST_011654 | Bought: True
[2025-12-02 02:36:58] Buffer size: 1/5
[2025-12-02 02:36:58] 📥 RECEIVED FEEDBACK | Customer: CUST_005833 | Bought: False
[2025-12-02 02:36:58] Buffer size: 2/5
[2025-12-02 02:36:58] 📥 RECEIVED FEEDBACK | Customer: CUST_005143 | Bought: True
[2025-12-02 02:36:58] Buffer size: 3/5
[2025-12-02 02:36:58] 📥 RECEIVED FEEDBACK | Customer: CUST_002258 | Bought: False
[2025-12-02 02:36:58] Buffer size: 4/5
[2025-12-02 02:36:58] 📥 RECEIVED FEEDBACK | Customer: CUST_006083 | Bought: True
[2025-12-02 02:36:58] Buffer size: 5/5
[2025-12-02 02:36:58] 
============================================================
[2025-12-02 02:36:58] 🔄 Processing batch of 5 feedback points
[2025-12-02 02:36:58] ============================================================
[2025-12-02 02:36:58] ✓ POSITIVE | Customer: CUST_011654 | Cluster: 6 | Score: 5.33 | Update #117
[2025-12-02 02:36:59] ✗ NEGATIVE | Customer: CUST_005833 | Cluster: 4 | Score: -0.31 | Update #118
[2025-12-02 02:36:59] ✓ POSITIVE | Customer: CUST_005143 | Cluster: 1 | Score: 2.72 | Update #119
[2025-12-02 02:36:59] ✗ NEGATIVE | Customer: CUST_002258 | Cluster: 7 | Score: 0.88 | Update #120
[2025-12-02 02:36:59] ✓ POSITIVE | Customer: CUST_006083 | Cluster: 6 | Score: 5.36 | Update #121
[2025-12-02 02:36:59] 
💾 Saving model after 121 updates...
[2025-12-02 02:36:59] ✓ Model saved to /home/crazy_warlord/TargettedCalling/Persistence/model_car.json
[2025-12-02 02:36:59] ✓ Current state: Components=8, Positive=31, Negative=90

[2025-12-02 02:36:59] ✓ Batch complete: 5 updates, 0 errors
[2025-12-02 02:36:59] 📥 RECEIVED FEEDBACK | Customer: CUST_009278 | Bought: False
[2025-12-02 02:36:59] Buffer size: 1/5
[2025-12-02 02:36:59] 📥 RECEIVED FEEDBACK | Customer: CUST_006041 | Bought: False
[2025-12-02 02:36:59] Buffer size: 2/5
[2025-12-02 02:36:59] 📥 RECEIVED FEEDBACK | Customer: CUST_011152 | Bought: True
[2025-12-02 02:36:59] Buffer size: 3/5
[2025-12-02 02:36:59] 📥 RECEIVED FEEDBACK | Customer: CUST_009401 | Bought: False
[2025-12-02 02:36:59] Buffer size: 4/5
[2025-12-02 02:36:59] 📥 RECEIVED FEEDBACK | Customer: CUST_005143 | Bought: True
[2025-12-02 02:36:59] Buffer size: 5/5
[2025-12-02 02:36:59] 
============================================================
[2025-12-02 02:36:59] 🔄 Processing batch of 5 feedback points
[2025-12-02 02:36:59] ============================================================
[2025-12-02 02:36:59] ✗ NEGATIVE | Customer: CUST_009278 | Cluster: 3 | Score: -2.96 | Update #122
[2025-12-02 02:36:59] ✗ NEGATIVE | Customer: CUST_006041 | Cluster: 5 | Score: 1.61 | Update #123
[2025-12-02 02:36:59] ✓ POSITIVE | Customer: CUST_011152 | Cluster: 1 | Score: -0.19 | Update #124
[2025-12-02 02:36:59] ✗ NEGATIVE | Customer: CUST_009401 | Cluster: 5 | Score: 1.72 | Update #125
[2025-12-02 02:36:59] ✓ POSITIVE | Customer: CUST_005143 | Cluster: 1 | Score: 3.01 | Update #126
[2025-12-02 02:36:59] 
💾 Saving model after 126 updates...
[2025-12-02 02:36:59] ✓ Model saved to /home/crazy_warlord/TargettedCalling/Persistence/model_car.json
[2025-12-02 02:36:59] ✓ Current state: Components=8, Positive=33, Negative=93

[2025-12-02 02:36:59] ✓ Batch complete: 5 updates, 0 errors
[2025-12-02 02:36:59] 📥 RECEIVED FEEDBACK | Customer: CUST_002582 | Bought: False
[2025-12-02 02:36:59] Buffer size: 1/5
[2025-12-02 02:36:59] 📥 RECEIVED FEEDBACK | Customer: CUST_009127 | Bought: False
[2025-12-02 02:36:59] Buffer size: 2/5
[2025-12-02 02:36:59] 📥 RECEIVED FEEDBACK | Customer: CUST_009548 | Bought: False
[2025-12-02 02:36:59] Buffer size: 3/5
[2025-12-02 02:36:59] 📥 RECEIVED FEEDBACK | Customer: CUST_011477 | Bought: False
[2025-12-02 02:36:59] Buffer size: 4/5
[2025-12-02 02:36:59] 📥 RECEIVED FEEDBACK | Customer: CUST_009275 | Bought: True
[2025-12-02 02:36:59] Buffer size: 5/5
[2025-12-02 02:36:59] 
============================================================
[2025-12-02 02:36:59] 🔄 Processing batch of 5 feedback points
[2025-12-02 02:36:59] ============================================================
[2025-12-02 02:36:59] ✗ NEGATIVE | Customer: CUST_002582 | Cluster: 2 | Score: -2.12 | Update #127
[2025-12-02 02:36:59] ✗ NEGATIVE | Customer: CUST_009127 | Cluster: 1 | Score: 1.74 | Update #128
[2025-12-02 02:36:59] ✗ NEGATIVE | Customer: CUST_009548 | Cluster: 4 | Score: 1.73 | Update #129
[2025-12-02 02:36:59] ✗ NEGATIVE | Customer: CUST_011477 | Cluster: 4 | Score: 0.14 | Update #130
[2025-12-02 02:36:59] ✓ POSITIVE | Customer: CUST_009275 | Cluster: 3 | Score: 1.11 | Update #131
[2025-12-02 02:36:59] 
💾 Saving model after 131 updates...
[2025-12-02 02:36:59] ✓ Model saved to /home/crazy_warlord/TargettedCalling/Persistence/model_car.json
[2025-12-02 02:36:59] ✓ Current state: Components=8, Positive=34, Negative=97

[2025-12-02 02:37:00] ✓ Batch complete: 5 updates, 0 errors
[2025-12-02 02:37:00] 📥 RECEIVED FEEDBACK | Customer: CUST_005928 | Bought: False
[2025-12-02 02:37:00] Buffer size: 1/5
[2025-12-02 02:37:00] 📥 RECEIVED FEEDBACK | Customer: CUST_011217 | Bought: False
[2025-12-02 02:37:00] Buffer size: 2/5
[2025-12-02 02:37:00] 📥 RECEIVED FEEDBACK | Customer: CUST_009223 | Bought: False
[2025-12-02 02:37:00] Buffer size: 3/5
[2025-12-02 02:37:00] 📥 RECEIVED FEEDBACK | Customer: CUST_009311 | Bought: True
[2025-12-02 02:37:00] Buffer size: 4/5
[2025-12-02 02:37:00] 📥 RECEIVED FEEDBACK | Customer: CUST_002536 | Bought: True
[2025-12-02 02:37:00] Buffer size: 5/5
[2025-12-02 02:37:00] 
============================================================
[2025-12-02 02:37:00] 🔄 Processing batch of 5 feedback points
[2025-12-02 02:37:00] ============================================================
[2025-12-02 02:37:00] ✗ NEGATIVE | Customer: CUST_005928 | Cluster: 5 | Score: 1.47 | Update #132
[2025-12-02 02:37:00] ✗ NEGATIVE | Customer: CUST_011217 | Cluster: 1 | Score: -0.12 | Update #133
[2025-12-02 02:37:00] ✗ NEGATIVE | Customer: CUST_009223 | Cluster: 4 | Score: 2.54 | Update #134
[2025-12-02 02:37:00] ✓ POSITIVE | Customer: CUST_009311 | Cluster: 3 | Score: 0.46 | Update #135
[2025-12-02 02:37:00] ✓ POSITIVE | Customer: CUST_002536 | Cluster: 7 | Score: 2.84 | Update #136
[2025-12-02 02:37:00] 
💾 Saving model after 136 updates...
[2025-12-02 02:37:00] ✓ Model saved to /home/crazy_warlord/TargettedCalling/Persistence/model_car.json
[2025-12-02 02:37:00] ✓ Current state: Components=8, Positive=36, Negative=100

[2025-12-02 02:37:00] ✓ Batch complete: 5 updates, 0 errors
[2025-12-02 02:37:00] 📥 RECEIVED FEEDBACK | Customer: CUST_002567 | Bought: True
[2025-12-02 02:37:00] Buffer size: 1/5
[2025-12-02 02:37:00] 📥 RECEIVED FEEDBACK | Customer: CUST_009548 | Bought: False
[2025-12-02 02:37:00] Buffer size: 2/5
[2025-12-02 02:37:00] 📥 RECEIVED FEEDBACK | Customer: CUST_005193 | Bought: False
[2025-12-02 02:37:00] Buffer size: 3/5
[2025-12-02 02:37:00] 📥 RECEIVED FEEDBACK | Customer: CUST_002680 | Bought: True
[2025-12-02 02:37:00] Buffer size: 4/5
[2025-12-02 02:37:00] 📥 RECEIVED FEEDBACK | Customer: CUST_009359 | Bought: False
[2025-12-02 02:37:00] Buffer size: 5/5
[2025-12-02 02:37:00] 
============================================================
[2025-12-02 02:37:00] 🔄 Processing batch of 5 feedback points
[2025-12-02 02:37:00] ============================================================
[2025-12-02 02:37:00] ✓ POSITIVE | Customer: CUST_002567 | Cluster: 5 | Score: 1.86 | Update #137
[2025-12-02 02:37:00] ✗ NEGATIVE | Customer: CUST_009548 | Cluster: 4 | Score: 1.73 | Update #138
[2025-12-02 02:37:00] ✗ NEGATIVE | Customer: CUST_005193 | Cluster: 3 | Score: -0.09 | Update #139
[2025-12-02 02:37:00] ✓ POSITIVE | Customer: CUST_002680 | Cluster: 1 | Score: 3.44 | Update #140
[2025-12-02 02:37:00] ✗ NEGATIVE | Customer: CUST_009359 | Cluster: 5 | Score: 1.86 | Update #141
[2025-12-02 02:37:00] 
💾 Saving model after 141 updates...
[2025-12-02 02:37:00] ✓ Model saved to /home/crazy_warlord/TargettedCalling/Persistence/model_car.json
[2025-12-02 02:37:00] ✓ Current state: Components=8, Positive=38, Negative=103

[2025-12-02 02:37:00] ✓ Batch complete: 5 updates, 0 errors
[2025-12-02 02:37:00] 📥 RECEIVED FEEDBACK | Customer: CUST_005098 | Bought: False
[2025-12-02 02:37:00] Buffer size: 1/5
[2025-12-02 02:37:00] 📥 RECEIVED FEEDBACK | Customer: CUST_002536 | Bought: False
[2025-12-02 02:37:00] Buffer size: 2/5
[2025-12-02 02:37:00] 📥 RECEIVED FEEDBACK | Customer: CUST_011427 | Bought: False
[2025-12-02 02:37:00] Buffer size: 3/5
[2025-12-02 02:37:00] 📥 RECEIVED FEEDBACK | Customer: CUST_009462 | Bought: True
[2025-12-02 02:37:00] Buffer size: 4/5
[2025-12-02 02:37:00] 📥 RECEIVED FEEDBACK | Customer: CUST_008979 | Bought: False
[2025-12-02 02:37:00] Buffer size: 5/5
[2025-12-02 02:37:00] 
============================================================
[2025-12-02 02:37:00] 🔄 Processing batch of 5 feedback points
[2025-12-02 02:37:00] ============================================================
[2025-12-02 02:37:00] ✗ NEGATIVE | Customer: CUST_005098 | Cluster: 4 | Score: 0.87 | Update #142
[2025-12-02 02:37:00] ✗ NEGATIVE | Customer: CUST_002536 | Cluster: 7 | Score: 3.06 | Update #143
[2025-12-02 02:37:00] ✗ NEGATIVE | Customer: CUST_011427 | Cluster: 6 | Score: 6.06 | Update #144
[2025-12-02 02:37:00] ✓ POSITIVE | Customer: CUST_009462 | Cluster: 7 | Score: 2.09 | Update #145
[2025-12-02 02:37:00] ✗ NEGATIVE | Customer: CUST_008979 | Cluster: 7 | Score: -2.18 | Update #146
[2025-12-02 02:37:00] 
💾 Saving model after 146 updates...
[2025-12-02 02:37:00] ✓ Model saved to /home/crazy_warlord/TargettedCalling/Persistence/model_car.json
[2025-12-02 02:37:00] ✓ Current state: Components=8, Positive=39, Negative=107

[2025-12-02 02:37:00] ✓ Batch complete: 5 updates, 0 errors
[2025-12-02 02:37:00] 📥 RECEIVED FEEDBACK | Customer: CUST_005833 | Bought: False
[2025-12-02 02:37:00] Buffer size: 1/5
[2025-12-02 02:37:00] 📥 RECEIVED FEEDBACK | Customer: CUST_002144 | Bought: True
[2025-12-02 02:37:00] Buffer size: 2/5
[2025-12-02 02:37:00] 📥 RECEIVED FEEDBACK | Customer: CUST_009275 | Bought: True
[2025-12-02 02:37:01] Buffer size: 3/5
[2025-12-02 02:37:01] 📥 RECEIVED FEEDBACK | Customer: CUST_002118 | Bought: False
[2025-12-02 02:37:01] Buffer size: 4/5
[2025-12-02 02:37:01] 📥 RECEIVED FEEDBACK | Customer: CUST_009251 | Bought: False
[2025-12-02 02:37:01] Buffer size: 5/5
[2025-12-02 02:37:01] 
============================================================
[2025-12-02 02:37:01] 🔄 Processing batch of 5 feedback points
[2025-12-02 02:37:01] ============================================================
[2025-12-02 02:37:01] ✗ NEGATIVE | Customer: CUST_005833 | Cluster: 4 | Score: -0.31 | Update #147
[2025-12-02 02:37:01] ✓ POSITIVE | Customer: CUST_002144 | Cluster: 5 | Score: 2.77 | Update #148
[2025-12-02 02:37:01] ✓ POSITIVE | Customer: CUST_009275 | Cluster: 3 | Score: 1.49 | Update #149
[2025-12-02 02:37:01] ✗ NEGATIVE | Customer: CUST_002118 | Cluster: 1 | Score: -3.54 | Update #150
[2025-12-02 02:37:01] ✗ NEGATIVE | Customer: CUST_009251 | Cluster: 7 | Score: 0.14 | Update #151
[2025-12-02 02:37:01] 
💾 Saving model after 151 updates...
[2025-12-02 02:37:01] ✓ Model saved to /home/crazy_warlord/TargettedCalling/Persistence/model_car.json
[2025-12-02 02:37:01] ✓ Current state: Components=8, Positive=41, Negative=110

[2025-12-02 02:37:01] ✓ Batch complete: 5 updates, 0 errors
[2025-12-02 02:37:01] 📥 RECEIVED FEEDBACK | Customer: CUST_002160 | Bought: False
[2025-12-02 02:37:01] Buffer size: 1/5
[2025-12-02 02:37:01] 📥 RECEIVED FEEDBACK | Customer: CUST_009236 | Bought: False
[2025-12-02 02:37:01] Buffer size: 2/5
[2025-12-02 02:37:01] 📥 RECEIVED FEEDBACK | Customer: CUST_005470 | Bought: False
[2025-12-02 02:37:01] Buffer size: 3/5
[2025-12-02 02:37:01] 📥 RECEIVED FEEDBACK | Customer: CUST_009652 | Bought: False
[2025-12-02 02:37:01] Buffer size: 4/5
[2025-12-02 02:37:01] 📥 RECEIVED FEEDBACK | Customer: CUST_009401 | Bought: False
[2025-12-02 02:37:01] Buffer size: 5/5
[2025-12-02 02:37:01] 
============================================================
[2025-12-02 02:37:01] 🔄 Processing batch of 5 feedback points
[2025-12-02 02:37:01] ============================================================
[2025-12-02 02:37:01] ✗ NEGATIVE | Customer: CUST_002160 | Cluster: 2 | Score: 0.54 | Update #152
[2025-12-02 02:37:01] ✗ NEGATIVE | Customer: CUST_009236 | Cluster: 5 | Score: 1.93 | Update #153
[2025-12-02 02:37:01] ✗ NEGATIVE | Customer: CUST_005470 | Cluster: 4 | Score: -0.29 | Update #154
[2025-12-02 02:37:01] ✗ NEGATIVE | Customer: CUST_009652 | Cluster: 7 | Score: 0.66 | Update #155
[2025-12-02 02:37:01] ✗ NEGATIVE | Customer: CUST_009401 | Cluster: 5 | Score: 1.59 | Update #156
[2025-12-02 02:37:01] 
💾 Saving model after 156 updates...
[2025-12-02 02:37:01] ✓ Model saved to /home/crazy_warlord/TargettedCalling/Persistence/model_car.json
[2025-12-02 02:37:01] ✓ Current state: Components=8, Positive=41, Negative=115

[2025-12-02 02:37:01] ✓ Batch complete: 5 updates, 0 errors
[2025-12-02 02:37:01] 📥 RECEIVED FEEDBACK | Customer: CUST_006003 | Bought: True
[2025-12-02 02:37:01] Buffer size: 1/5
[2025-12-02 02:37:01] 📥 RECEIVED FEEDBACK | Customer: CUST_005094 | Bought: True
[2025-12-02 02:37:01] Buffer size: 2/5
[2025-12-02 02:37:01] 📥 RECEIVED FEEDBACK | Customer: CUST_002835 | Bought: False
[2025-12-02 02:37:01] Buffer size: 3/5
[2025-12-02 02:37:01] 📥 RECEIVED FEEDBACK | Customer: CUST_006083 | Bought: False
[2025-12-02 02:37:01] Buffer size: 4/5
[2025-12-02 02:37:01] 📥 RECEIVED FEEDBACK | Customer: CUST_005089 | Bought: False
[2025-12-02 02:37:01] Buffer size: 5/5
[2025-12-02 02:37:01] 
============================================================
[2025-12-02 02:37:01] 🔄 Processing batch of 5 feedback points
[2025-12-02 02:37:01] ============================================================
[2025-12-02 02:37:01] ✓ POSITIVE | Customer: CUST_006003 | Cluster: 5 | Score: 2.05 | Update #157
[2025-12-02 02:37:01] ✓ POSITIVE | Customer: CUST_005094 | Cluster: 1 | Score: 0.75 | Update #158
[2025-12-02 02:37:01] ✗ NEGATIVE | Customer: CUST_002835 | Cluster: 2 | Score: -0.05 | Update #159
[2025-12-02 02:37:01] ✗ NEGATIVE | Customer: CUST_006083 | Cluster: 6 | Score: 5.73 | Update #160
[2025-12-02 02:37:01] ✗ NEGATIVE | Customer: CUST_005089 | Cluster: 6 | Score: 4.29 | Update #161
[2025-12-02 02:37:01] 
💾 Saving model after 161 updates...
[2025-12-02 02:37:01] ✓ Model saved to /home/crazy_warlord/TargettedCalling/Persistence/model_car.json
[2025-12-02 02:37:01] ✓ Current state: Components=8, Positive=43, Negative=118

[2025-12-02 02:37:01] ✓ Batch complete: 5 updates, 0 errors
[2025-12-02 02:37:01] 📥 RECEIVED FEEDBACK | Customer: CUST_005880 | Bought: False
[2025-12-02 02:37:01] Buffer size: 1/5
[2025-12-02 02:37:01] 📥 RECEIVED FEEDBACK | Customer: CUST_011190 | Bought: False
[2025-12-02 02:37:01] Buffer size: 2/5
[2025-12-02 02:37:01] 📥 RECEIVED FEEDBACK | Customer: CUST_002220 | Bought: True
[2025-12-02 02:37:01] Buffer size: 3/5
[2025-12-02 02:37:01] 📥 RECEIVED FEEDBACK | Customer: CUST_009251 | Bought: False
[2025-12-02 02:37:01] Buffer size: 4/5
[2025-12-02 02:37:01] 📥 RECEIVED FEEDBACK | Customer: CUST_005536 | Bought: True
[2025-12-02 02:37:01] Buffer size: 5/5
[2025-12-02 02:37:02] 
============================================================
[2025-12-02 02:37:02] 🔄 Processing batch of 5 feedback points
[2025-12-02 02:37:02] ============================================================
[2025-12-02 02:37:02] ✗ NEGATIVE | Customer: CUST_005880 | Cluster: 4 | Score: 2.55 | Update #162
[2025-12-02 02:37:02] ✗ NEGATIVE | Customer: CUST_011190 | Cluster: 3 | Score: 1.49 | Update #163
[2025-12-02 02:37:02] ✓ POSITIVE | Customer: CUST_002220 | Cluster: 3 | Score: 0.24 | Update #164
[2025-12-02 02:37:02] ✗ NEGATIVE | Customer: CUST_009251 | Cluster: 7 | Score: 0.14 | Update #165
[2025-12-02 02:37:02] ✓ POSITIVE | Customer: CUST_005536 | Cluster: 7 | Score: -2.44 | Update #166
[2025-12-02 02:37:02] 
💾 Saving model after 166 updates...
[2025-12-02 02:37:02] ✓ Model saved to /home/crazy_warlord/TargettedCalling/Persistence/model_car.json
[2025-12-02 02:37:02] ✓ Current state: Components=8, Positive=45, Negative=121

[2025-12-02 02:37:02] ✓ Batch complete: 5 updates, 0 errors
[2025-12-02 02:37:02] 📥 RECEIVED FEEDBACK | Customer: CUST_009311 | Bought: True
[2025-12-02 02:37:02] Buffer size: 1/5
[2025-12-02 02:37:02] 📥 RECEIVED FEEDBACK | Customer: CUST_009493 | Bought: False
[2025-12-02 02:37:02] Buffer size: 2/5
[2025-12-02 02:37:02] 📥 RECEIVED FEEDBACK | Customer: CUST_000139 | Bought: False
[2025-12-02 02:37:02] Buffer size: 3/5
[2025-12-02 02:37:02] 📥 RECEIVED FEEDBACK | Customer: CUST_009068 | Bought: True
[2025-12-02 02:37:02] Buffer size: 4/5
[2025-12-02 02:37:02] 📥 RECEIVED FEEDBACK | Customer: CUST_002694 | Bought: False
[2025-12-02 02:37:02] Buffer size: 5/5
[2025-12-02 02:37:02] 
============================================================
[2025-12-02 02:37:02] 🔄 Processing batch of 5 feedback points
[2025-12-02 02:37:02] ============================================================
[2025-12-02 02:37:02] ✓ POSITIVE | Customer: CUST_009311 | Cluster: 3 | Score: 1.04 | Update #167
[2025-12-02 02:37:02] ✗ NEGATIVE | Customer: CUST_009493 | Cluster: 3 | Score: 2.00 | Update #168
[2025-12-02 02:37:02] ✗ NEGATIVE | Customer: CUST_000139 | Cluster: 0 | Score: 5.12 | Update #169
[2025-12-02 02:37:02] ✓ POSITIVE | Customer: CUST_009068 | Cluster: 3 | Score: 1.42 | Update #170
[2025-12-02 02:37:02] ✗ NEGATIVE | Customer: CUST_002694 | Cluster: 7 | Score: 0.81 | Update #171
[2025-12-02 02:37:02] 
💾 Saving model after 171 updates...
[2025-12-02 02:37:02] ✓ Model saved to /home/crazy_warlord/TargettedCalling/Persistence/model_car.json
[2025-12-02 02:37:02] ✓ Current state: Components=8, Positive=47, Negative=124

[2025-12-02 02:37:02] ✓ Batch complete: 5 updates, 0 errors
[2025-12-02 02:37:02] 📥 RECEIVED FEEDBACK | Customer: CUST_000646 | Bought: False
[2025-12-02 02:37:02] Buffer size: 1/5
[2025-12-02 02:37:02] 📥 RECEIVED FEEDBACK | Customer: CUST_005725 | Bought: False
[2025-12-02 02:37:02] Buffer size: 2/5
[2025-12-02 02:37:02] 📥 RECEIVED FEEDBACK | Customer: CUST_009499 | Bought: False
[2025-12-02 02:37:02] Buffer size: 3/5
[2025-12-02 02:37:02] 📥 RECEIVED FEEDBACK | Customer: CUST_011331 | Bought: True
[2025-12-02 02:37:02] Buffer size: 4/5
[2025-12-02 02:37:02] 📥 RECEIVED FEEDBACK | Customer: CUST_009364 | Bought: False
[2025-12-02 02:37:02] Buffer size: 5/5
[2025-12-02 02:37:02] 
============================================================
[2025-12-02 02:37:02] 🔄 Processing batch of 5 feedback points
[2025-12-02 02:37:02] ============================================================
[2025-12-02 02:37:02] ✗ NEGATIVE | Customer: CUST_000646 | Cluster: 7 | Score: 1.04 | Update #172
[2025-12-02 02:37:02] ✗ NEGATIVE | Customer: CUST_005725 | Cluster: 0 | Score: -2.55 | Update #173
[2025-12-02 02:37:02] ✗ NEGATIVE | Customer: CUST_009499 | Cluster: 4 | Score: 0.31 | Update #174
[2025-12-02 02:37:02] ✓ POSITIVE | Customer: CUST_011331 | Cluster: 0 | Score: 2.97 | Update #175
[2025-12-02 02:37:02] ✗ NEGATIVE | Customer: CUST_009364 | Cluster: 7 | Score: 0.42 | Update #176
[2025-12-02 02:37:02] 
💾 Saving model after 176 updates...
[2025-12-02 02:37:02] ✓ Model saved to /home/crazy_warlord/TargettedCalling/Persistence/model_car.json
[2025-12-02 02:37:02] ✓ Current state: Components=8, Positive=48, Negative=128

[2025-12-02 02:37:02] ✓ Batch complete: 5 updates, 0 errors
[2025-12-02 02:37:02] 📥 RECEIVED FEEDBACK | Customer: CUST_002774 | Bought: True
[2025-12-02 02:37:02] Buffer size: 1/5
[2025-12-02 02:37:02] 📥 RECEIVED FEEDBACK | Customer: CUST_011662 | Bought: False
[2025-12-02 02:37:02] Buffer size: 2/5
[2025-12-02 02:37:02] 📥 RECEIVED FEEDBACK | Customer: CUST_000277 | Bought: False
[2025-12-02 02:37:02] Buffer size: 3/5
[2025-12-02 02:37:02] 📥 RECEIVED FEEDBACK | Customer: CUST_011364 | Bought: False
[2025-12-02 02:37:02] Buffer size: 4/5
[2025-12-02 02:37:02] 📥 RECEIVED FEEDBACK | Customer: CUST_005912 | Bought: True
[2025-12-02 02:37:02] Buffer size: 5/5
[2025-12-02 02:37:02] 
============================================================
[2025-12-02 02:37:02] 🔄 Processing batch of 5 feedback points
[2025-12-02 02:37:02] ============================================================
[2025-12-02 02:37:02] ✓ POSITIVE | Customer: CUST_002774 | Cluster: 0 | Score: 5.46 | Update #177
[2025-12-02 02:37:03] ✗ NEGATIVE | Customer: CUST_011662 | Cluster: 0 | Score: 5.16 | Update #178
[2025-12-02 02:37:03] ✗ NEGATIVE | Customer: CUST_000277 | Cluster: 7 | Score: 1.77 | Update #179
[2025-12-02 02:37:03] ✗ NEGATIVE | Customer: CUST_011364 | Cluster: 5 | Score: 2.24 | Update #180
[2025-12-02 02:37:03] ✓ POSITIVE | Customer: CUST_005912 | Cluster: 4 | Score: 0.67 | Update #181
[2025-12-02 02:37:03] 
💾 Saving model after 181 updates...
[2025-12-02 02:37:03] ✓ Model saved to /home/crazy_warlord/TargettedCalling/Persistence/model_car.json
[2025-12-02 02:37:03] ✓ Current state: Components=8, Positive=50, Negative=131

[2025-12-02 02:37:03] ✓ Batch complete: 5 updates, 0 errors
[2025-12-02 02:37:03] 📥 RECEIVED FEEDBACK | Customer: CUST_009359 | Bought: True
[2025-12-02 02:37:03] Buffer size: 1/5
[2025-12-02 02:37:03] 📥 RECEIVED FEEDBACK | Customer: CUST_002963 | Bought: True
[2025-12-02 02:37:03] Buffer size: 2/5
[2025-12-02 02:37:03] 📥 RECEIVED FEEDBACK | Customer: CUST_009462 | Bought: True
[2025-12-02 02:37:03] Buffer size: 3/5
[2025-12-02 02:37:03] 📥 RECEIVED FEEDBACK | Customer: CUST_011521 | Bought: False
[2025-12-02 02:37:03] Buffer size: 4/5
[2025-12-02 02:37:03] 📥 RECEIVED FEEDBACK | Customer: CUST_002740 | Bought: True
[2025-12-02 02:37:03] Buffer size: 5/5
[2025-12-02 02:37:03] 
============================================================
[2025-12-02 02:37:03] 🔄 Processing batch of 5 feedback points
[2025-12-02 02:37:03] ============================================================
[2025-12-02 02:37:03] ✓ POSITIVE | Customer: CUST_009359 | Cluster: 5 | Score: 1.77 | Update #182
[2025-12-02 02:37:03] ✓ POSITIVE | Customer: CUST_002963 | Cluster: 7 | Score: 0.52 | Update #183
[2025-12-02 02:37:03] ✓ POSITIVE | Customer: CUST_009462 | Cluster: 7 | Score: 2.29 | Update #184
[2025-12-02 02:37:03] ✗ NEGATIVE | Customer: CUST_011521 | Cluster: 3 | Score: 0.51 | Update #185
[2025-12-02 02:37:03] ✓ POSITIVE | Customer: CUST_002740 | Cluster: 4 | Score: 2.06 | Update #186
[2025-12-02 02:37:03] 
💾 Saving model after 186 updates...
[2025-12-02 02:37:03] ✓ Model saved to /home/crazy_warlord/TargettedCalling/Persistence/model_car.json
[2025-12-02 02:37:03] ✓ Current state: Components=8, Positive=54, Negative=132

[2025-12-02 02:37:03] ✓ Batch complete: 5 updates, 0 errors
[2025-12-02 02:37:03] 📥 RECEIVED FEEDBACK | Customer: CUST_005912 | Bought: False
[2025-12-02 02:37:03] Buffer size: 1/5
[2025-12-02 02:37:03] 📥 RECEIVED FEEDBACK | Customer: CUST_005833 | Bought: False
[2025-12-02 02:37:03] Buffer size: 2/5
[2025-12-02 02:37:03] 📥 RECEIVED FEEDBACK | Customer: CUST_006037 | Bought: True
[2025-12-02 02:37:03] Buffer size: 3/5
[2025-12-02 02:37:03] 📥 RECEIVED FEEDBACK | Customer: CUST_011252 | Bought: False
[2025-12-02 02:37:03] Buffer size: 4/5
[2025-12-02 02:37:03] 📥 RECEIVED FEEDBACK | Customer: CUST_011429 | Bought: False
[2025-12-02 02:37:03] Buffer size: 5/5
[2025-12-02 02:37:03] 
============================================================
[2025-12-02 02:37:03] 🔄 Processing batch of 5 feedback points
[2025-12-02 02:37:03] ============================================================
[2025-12-02 02:37:03] ✗ NEGATIVE | Customer: CUST_005912 | Cluster: 4 | Score: 1.53 | Update #187
[2025-12-02 02:37:03] ✗ NEGATIVE | Customer: CUST_005833 | Cluster: 4 | Score: -0.21 | Update #188
[2025-12-02 02:37:03] ✓ POSITIVE | Customer: CUST_006037 | Cluster: 4 | Score: 2.18 | Update #189
[2025-12-02 02:37:03] ✗ NEGATIVE | Customer: CUST_011252 | Cluster: 3 | Score: 1.75 | Update #190
[2025-12-02 02:37:03] ✗ NEGATIVE | Customer: CUST_011429 | Cluster: 7 | Score: -0.30 | Update #191
[2025-12-02 02:37:03] 
💾 Saving model after 191 updates...
[2025-12-02 02:37:03] ✓ Model saved to /home/crazy_warlord/TargettedCalling/Persistence/model_car.json
[2025-12-02 02:37:03] ✓ Current state: Components=8, Positive=55, Negative=136

[2025-12-02 02:37:03] ✓ Batch complete: 5 updates, 0 errors
[2025-12-02 02:37:03] 📥 RECEIVED FEEDBACK | Customer: CUST_009311 | Bought: True
[2025-12-02 02:37:03] Buffer size: 1/5
[2025-12-02 02:37:03] 📥 RECEIVED FEEDBACK | Customer: CUST_009548 | Bought: True
[2025-12-02 02:37:03] Buffer size: 2/5
[2025-12-02 02:37:03] 📥 RECEIVED FEEDBACK | Customer: CUST_005094 | Bought: False
[2025-12-02 02:37:03] Buffer size: 3/5
[2025-12-02 02:37:03] 📥 RECEIVED FEEDBACK | Customer: CUST_011186 | Bought: False
[2025-12-02 02:37:03] Buffer size: 4/5
[2025-12-02 02:37:03] 📥 RECEIVED FEEDBACK | Customer: CUST_000646 | Bought: True
[2025-12-02 02:37:03] Buffer size: 5/5
[2025-12-02 02:37:03] 
============================================================
[2025-12-02 02:37:03] 🔄 Processing batch of 5 feedback points
[2025-12-02 02:37:03] ============================================================
[2025-12-02 02:37:03] ✓ POSITIVE | Customer: CUST_009311 | Cluster: 3 | Score: 1.54 | Update #192
[2025-12-02 02:37:04] ✓ POSITIVE | Customer: CUST_009548 | Cluster: 4 | Score: 1.72 | Update #193
[2025-12-02 02:37:04] ✗ NEGATIVE | Customer: CUST_005094 | Cluster: 1 | Score: 1.86 | Update #194
[2025-12-02 02:37:04] ✗ NEGATIVE | Customer: CUST_011186 | Cluster: 0 | Score: 5.22 | Update #195
[2025-12-02 02:37:04] ✓ POSITIVE | Customer: CUST_000646 | Cluster: 7 | Score: 1.10 | Update #196
[2025-12-02 02:37:04] 
💾 Saving model after 196 updates...
[2025-12-02 02:37:04] ✓ Model saved to /home/crazy_warlord/TargettedCalling/Persistence/model_car.json
[2025-12-02 02:37:04] ✓ Current state: Components=8, Positive=58, Negative=138

[2025-12-02 02:37:04] ✓ Batch complete: 5 updates, 0 errors
[2025-12-02 02:37:04] 📥 RECEIVED FEEDBACK | Customer: CUST_006083 | Bought: True
[2025-12-02 02:37:04] Buffer size: 1/5
[2025-12-02 02:37:04] 📥 RECEIVED FEEDBACK | Customer: CUST_011429 | Bought: False
[2025-12-02 02:37:04] Buffer size: 2/5
[2025-12-02 02:37:04] 📥 RECEIVED FEEDBACK | Customer: CUST_005832 | Bought: False
[2025-12-02 02:37:04] Buffer size: 3/5
[2025-12-02 02:37:04] 📥 RECEIVED FEEDBACK | Customer: CUST_006041 | Bought: False
[2025-12-02 02:37:04] Buffer size: 4/5
[2025-12-02 02:37:04] 📥 RECEIVED FEEDBACK | Customer: CUST_009522 | Bought: True
[2025-12-02 02:37:04] Buffer size: 5/5
[2025-12-02 02:37:04] 
============================================================
[2025-12-02 02:37:04] 🔄 Processing batch of 5 feedback points
[2025-12-02 02:37:04] ============================================================
[2025-12-02 02:37:04] ✓ POSITIVE | Customer: CUST_006083 | Cluster: 6 | Score: 5.73 | Update #197
[2025-12-02 02:37:04] ✗ NEGATIVE | Customer: CUST_011429 | Cluster: 7 | Score: -0.40 | Update #198
[2025-12-02 02:37:04] ✗ NEGATIVE | Customer: CUST_005832 | Cluster: 7 | Score: 2.20 | Update #199
[2025-12-02 02:37:04] ✗ NEGATIVE | Customer: CUST_006041 | Cluster: 5 | Score: 1.90 | Update #200
[2025-12-02 02:37:04] ✓ POSITIVE | Customer: CUST_009522 | Cluster: 4 | Score: 3.16 | Update #201
[2025-12-02 02:37:04] 
💾 Saving model after 201 updates...
[2025-12-02 02:37:04] ✓ Model saved to /home/crazy_warlord/TargettedCalling/Persistence/model_car.json
[2025-12-02 02:37:04] ✓ Current state: Components=8, Positive=60, Negative=141

[2025-12-02 02:37:04] ✓ Batch complete: 5 updates, 0 errors
[2025-12-02 02:37:04] 📥 RECEIVED FEEDBACK | Customer: CUST_011262 | Bought: True
[2025-12-02 02:37:04] Buffer size: 1/5
[2025-12-02 02:37:04] 📥 RECEIVED FEEDBACK | Customer: CUST_006035 | Bought: False
[2025-12-02 02:37:04] Buffer size: 2/5
[2025-12-02 02:37:04] 📥 RECEIVED FEEDBACK | Customer: CUST_003009 | Bought: False
[2025-12-02 02:37:04] Buffer size: 3/5
[2025-12-02 02:37:04] 📥 RECEIVED FEEDBACK | Customer: CUST_009109 | Bought: True
[2025-12-02 02:37:04] Buffer size: 4/5
[2025-12-02 02:37:04] 📥 RECEIVED FEEDBACK | Customer: CUST_006092 | Bought: False
[2025-12-02 02:37:04] Buffer size: 5/5
[2025-12-02 02:37:04] 
============================================================
[2025-12-02 02:37:04] 🔄 Processing batch of 5 feedback points
[2025-12-02 02:37:04] ============================================================
[2025-12-02 02:37:04] ✓ POSITIVE | Customer: CUST_011262 | Cluster: 1 | Score: -0.93 | Update #202
[2025-12-02 02:37:04] ✗ NEGATIVE | Customer: CUST_006035 | Cluster: 5 | Score: 2.59 | Update #203
[2025-12-02 02:37:04] ✗ NEGATIVE | Customer: CUST_003009 | Cluster: 0 | Score: 3.04 | Update #204
[2025-12-02 02:37:04] ✓ POSITIVE | Customer: CUST_009109 | Cluster: 7 | Score: 1.41 | Update #205
[2025-12-02 02:37:04] ✗ NEGATIVE | Customer: CUST_006092 | Cluster: 6 | Score: 1.54 | Update #206
[2025-12-02 02:37:04] 
💾 Saving model after 206 updates...
[2025-12-02 02:37:04] ✓ Model saved to /home/crazy_warlord/TargettedCalling/Persistence/model_car.json
[2025-12-02 02:37:04] ✓ Current state: Components=8, Positive=62, Negative=144

[2025-12-02 02:37:04] ✓ Batch complete: 5 updates, 0 errors
[2025-12-02 02:37:04] 📥 RECEIVED FEEDBACK | Customer: CUST_005098 | Bought: True
[2025-12-02 02:37:04] Buffer size: 1/5
[2025-12-02 02:37:04] 📥 RECEIVED FEEDBACK | Customer: CUST_003009 | Bought: False
[2025-12-02 02:37:04] Buffer size: 2/5
[2025-12-02 02:37:04] 📥 RECEIVED FEEDBACK | Customer: CUST_000259 | Bought: False
[2025-12-02 02:37:04] Buffer size: 3/5
[2025-12-02 02:37:04] 📥 RECEIVED FEEDBACK | Customer: CUST_005193 | Bought: True
[2025-12-02 02:37:04] Buffer size: 4/5
[2025-12-02 02:37:04] 📥 RECEIVED FEEDBACK | Customer: CUST_002126 | Bought: True
[2025-12-02 02:37:04] Buffer size: 5/5
[2025-12-02 02:37:04] 
============================================================
[2025-12-02 02:37:04] 🔄 Processing batch of 5 feedback points
[2025-12-02 02:37:04] ============================================================
[2025-12-02 02:37:04] ✓ POSITIVE | Customer: CUST_005098 | Cluster: 4 | Score: 0.62 | Update #207
[2025-12-02 02:37:04] ✗ NEGATIVE | Customer: CUST_003009 | Cluster: 0 | Score: 3.04 | Update #208
[2025-12-02 02:37:05] ✗ NEGATIVE | Customer: CUST_000259 | Cluster: 4 | Score: 0.71 | Update #209
[2025-12-02 02:37:05] ✓ POSITIVE | Customer: CUST_005193 | Cluster: 3 | Score: -0.74 | Update #210
[2025-12-02 02:37:05] ✓ POSITIVE | Customer: CUST_002126 | Cluster: 1 | Score: 1.90 | Update #211
[2025-12-02 02:37:05] 
💾 Saving model after 211 updates...
[2025-12-02 02:37:05] ✓ Model saved to /home/crazy_warlord/TargettedCalling/Persistence/model_car.json
[2025-12-02 02:37:05] ✓ Current state: Components=8, Positive=65, Negative=146

[2025-12-02 02:37:05] ✓ Batch complete: 5 updates, 0 errors
[2025-12-02 02:37:05] 📥 RECEIVED FEEDBACK | Customer: CUST_002258 | Bought: False
[2025-12-02 02:37:05] Buffer size: 1/5
[2025-12-02 02:37:05] 📥 RECEIVED FEEDBACK | Customer: CUST_002646 | Bought: False
[2025-12-02 02:37:05] Buffer size: 2/5
[2025-12-02 02:37:05] 📥 RECEIVED FEEDBACK | Customer: CUST_011190 | Bought: False
[2025-12-02 02:37:05] Buffer size: 3/5
[2025-12-02 02:37:05] 📥 RECEIVED FEEDBACK | Customer: CUST_009109 | Bought: False
[2025-12-02 02:37:05] Buffer size: 4/5
[2025-12-02 02:37:05] 📥 RECEIVED FEEDBACK | Customer: CUST_002051 | Bought: False
[2025-12-02 02:37:05] Buffer size: 5/5
[2025-12-02 02:37:05] 
============================================================
[2025-12-02 02:37:05] 🔄 Processing batch of 5 feedback points
[2025-12-02 02:37:05] ============================================================
[2025-12-02 02:37:05] ✗ NEGATIVE | Customer: CUST_002258 | Cluster: 7 | Score: 0.78 | Update #212
[2025-12-02 02:37:05] ✗ NEGATIVE | Customer: CUST_002646 | Cluster: 0 | Score: 5.39 | Update #213
[2025-12-02 02:37:05] ✗ NEGATIVE | Customer: CUST_011190 | Cluster: 3 | Score: 1.43 | Update #214
[2025-12-02 02:37:05] ✗ NEGATIVE | Customer: CUST_009109 | Cluster: 7 | Score: 1.95 | Update #215
[2025-12-02 02:37:05] ✗ NEGATIVE | Customer: CUST_002051 | Cluster: 4 | Score: 2.46 | Update #216
[2025-12-02 02:37:05] 
💾 Saving model after 216 updates...
[2025-12-02 02:37:05] ✓ Model saved to /home/crazy_warlord/TargettedCalling/Persistence/model_car.json
[2025-12-02 02:37:05] ✓ Current state: Components=8, Positive=65, Negative=151

[2025-12-02 02:37:05] ✓ Batch complete: 5 updates, 0 errors
[2025-12-02 02:37:05] 📥 RECEIVED FEEDBACK | Customer: CUST_011191 | Bought: True
[2025-12-02 02:37:05] Buffer size: 1/5
[2025-12-02 02:37:05] 📥 RECEIVED FEEDBACK | Customer: CUST_011698 | Bought: True
[2025-12-02 02:37:05] Buffer size: 2/5
[2025-12-02 02:37:05] 📥 RECEIVED FEEDBACK | Customer: CUST_002635 | Bought: False
[2025-12-02 02:37:05] Buffer size: 3/5
[2025-12-02 02:37:05] 📥 RECEIVED FEEDBACK | Customer: CUST_002220 | Bought: False
[2025-12-02 02:37:05] Buffer size: 4/5
[2025-12-02 02:37:05] 📥 RECEIVED FEEDBACK | Customer: CUST_009324 | Bought: False
[2025-12-02 02:37:05] Buffer size: 5/5
[2025-12-02 02:37:05] 
============================================================
[2025-12-02 02:37:05] 🔄 Processing batch of 5 feedback points
[2025-12-02 02:37:05] ============================================================
[2025-12-02 02:37:05] ✓ POSITIVE | Customer: CUST_011191 | Cluster: 5 | Score: 1.54 | Update #217
[2025-12-02 02:37:05] ✓ POSITIVE | Customer: CUST_011698 | Cluster: 0 | Score: 4.41 | Update #218
[2025-12-02 02:37:05] ✗ NEGATIVE | Customer: CUST_002635 | Cluster: 7 | Score: -2.25 | Update #219
[2025-12-02 02:37:05] ✗ NEGATIVE | Customer: CUST_002220 | Cluster: 3 | Score: 0.91 | Update #220
[2025-12-02 02:37:05] ✗ NEGATIVE | Customer: CUST_009324 | Cluster: 5 | Score: -0.24 | Update #221
[2025-12-02 02:37:05] 
💾 Saving model after 221 updates...
[2025-12-02 02:37:05] ✓ Model saved to /home/crazy_warlord/TargettedCalling/Persistence/model_car.json
[2025-12-02 02:37:05] ✓ Current state: Components=8, Positive=67, Negative=154

[2025-12-02 02:37:05] ✓ Batch complete: 5 updates, 0 errors
[2025-12-02 02:37:05] 📥 RECEIVED FEEDBACK | Customer: CUST_011462 | Bought: True
[2025-12-02 02:37:05] Buffer size: 1/5
[2025-12-02 02:37:05] 📥 RECEIVED FEEDBACK | Customer: CUST_002279 | Bought: True
[2025-12-02 02:37:05] Buffer size: 2/5
[2025-12-02 02:37:05] 📥 RECEIVED FEEDBACK | Customer: CUST_005243 | Bought: False
[2025-12-02 02:37:05] Buffer size: 3/5
[2025-12-02 02:37:05] 📥 RECEIVED FEEDBACK | Customer: CUST_011465 | Bought: False
[2025-12-02 02:37:05] Buffer size: 4/5
[2025-12-02 02:37:05] 📥 RECEIVED FEEDBACK | Customer: CUST_005094 | Bought: False
[2025-12-02 02:37:05] Buffer size: 5/5
[2025-12-02 02:37:05] 
============================================================
[2025-12-02 02:37:05] 🔄 Processing batch of 5 feedback points
[2025-12-02 02:37:05] ============================================================
[2025-12-02 02:37:05] ✓ POSITIVE | Customer: CUST_011462 | Cluster: 1 | Score: 1.77 | Update #222
[2025-12-02 02:37:05] ✓ POSITIVE | Customer: CUST_002279 | Cluster: 7 | Score: -4.25 | Update #223
[2025-12-02 02:37:05] ✗ NEGATIVE | Customer: CUST_005243 | Cluster: 1 | Score: 0.18 | Update #224
[2025-12-02 02:37:06] ✗ NEGATIVE | Customer: CUST_011465 | Cluster: 5 | Score: 3.44 | Update #225
[2025-12-02 02:37:06] ✗ NEGATIVE | Customer: CUST_005094 | Cluster: 1 | Score: 1.71 | Update #226
[2025-12-02 02:37:06] 
💾 Saving model after 226 updates...
[2025-12-02 02:37:06] ✓ Model saved to /home/crazy_warlord/TargettedCalling/Persistence/model_car.json
[2025-12-02 02:37:06] ✓ Current state: Components=8, Positive=69, Negative=157

[2025-12-02 02:37:06] ✓ Batch complete: 5 updates, 0 errors
[2025-12-02 02:37:06] 📥 RECEIVED FEEDBACK | Customer: CUST_006091 | Bought: False
[2025-12-02 02:37:06] Buffer size: 1/5
[2025-12-02 02:37:06] 📥 RECEIVED FEEDBACK | Customer: CUST_005094 | Bought: False
[2025-12-02 02:37:06] Buffer size: 2/5
[2025-12-02 02:37:06] 📥 RECEIVED FEEDBACK | Customer: CUST_002574 | Bought: False
[2025-12-02 02:37:06] Buffer size: 3/5
[2025-12-02 02:37:06] 📥 RECEIVED FEEDBACK | Customer: CUST_003005 | Bought: True
[2025-12-02 02:37:06] Buffer size: 4/5
[2025-12-02 02:37:06] 📥 RECEIVED FEEDBACK | Customer: CUST_006066 | Bought: True
[2025-12-02 02:37:06] Buffer size: 5/5
[2025-12-02 02:37:06] 
============================================================
[2025-12-02 02:37:06] 🔄 Processing batch of 5 feedback points
[2025-12-02 02:37:06] ============================================================
[2025-12-02 02:37:06] ✗ NEGATIVE | Customer: CUST_006091 | Cluster: 5 | Score: 1.88 | Update #227
[2025-12-02 02:37:06] ✗ NEGATIVE | Customer: CUST_005094 | Cluster: 1 | Score: 1.71 | Update #228
[2025-12-02 02:37:06] ✗ NEGATIVE | Customer: CUST_002574 | Cluster: 7 | Score: -0.91 | Update #229
[2025-12-02 02:37:06] ✓ POSITIVE | Customer: CUST_003005 | Cluster: 3 | Score: 2.45 | Update #230
[2025-12-02 02:37:06] ✓ POSITIVE | Customer: CUST_006066 | Cluster: 7 | Score: 0.41 | Update #231
[2025-12-02 02:37:06] 
💾 Saving model after 231 updates...
[2025-12-02 02:37:06] ✓ Model saved to /home/crazy_warlord/TargettedCalling/Persistence/model_car.json
[2025-12-02 02:37:06] ✓ Current state: Components=8, Positive=71, Negative=160

[2025-12-02 02:37:06] ✓ Batch complete: 5 updates, 0 errors
[2025-12-02 02:37:06] 📥 RECEIVED FEEDBACK | Customer: CUST_002494 | Bought: False
[2025-12-02 02:37:06] Buffer size: 1/5
[2025-12-02 02:37:06] 📥 RECEIVED FEEDBACK | Customer: CUST_005193 | Bought: True
[2025-12-02 02:37:06] Buffer size: 2/5
[2025-12-02 02:37:06] 📥 RECEIVED FEEDBACK | Customer: CUST_009275 | Bought: False
[2025-12-02 02:37:06] Buffer size: 3/5
[2025-12-02 02:37:06] 📥 RECEIVED FEEDBACK | Customer: CUST_009359 | Bought: False
[2025-12-02 02:37:06] Buffer size: 4/5
[2025-12-02 02:37:06] 📥 RECEIVED FEEDBACK | Customer: CUST_009324 | Bought: True
[2025-12-02 02:37:06] Buffer size: 5/5
[2025-12-02 02:37:06] 
============================================================
[2025-12-02 02:37:06] 🔄 Processing batch of 5 feedback points
[2025-12-02 02:37:06] ============================================================
[2025-12-02 02:37:06] ✗ NEGATIVE | Customer: CUST_002494 | Cluster: 7 | Score: -2.13 | Update #232
[2025-12-02 02:37:06] ✓ POSITIVE | Customer: CUST_005193 | Cluster: 3 | Score: 0.82 | Update #233
[2025-12-02 02:37:06] ✗ NEGATIVE | Customer: CUST_009275 | Cluster: 3 | Score: 1.62 | Update #234
[2025-12-02 02:37:06] ✗ NEGATIVE | Customer: CUST_009359 | Cluster: 5 | Score: 2.32 | Update #235
[2025-12-02 02:37:06] ✓ POSITIVE | Customer: CUST_009324 | Cluster: 5 | Score: -0.24 | Update #236
[2025-12-02 02:37:06] 
💾 Saving model after 236 updates...
[2025-12-02 02:37:06] ✓ Model saved to /home/crazy_warlord/TargettedCalling/Persistence/model_car.json
[2025-12-02 02:37:06] ✓ Current state: Components=8, Positive=73, Negative=163

[2025-12-02 02:37:06] ✓ Batch complete: 5 updates, 0 errors
[2025-12-02 02:37:06] 📥 RECEIVED FEEDBACK | Customer: CUST_005470 | Bought: False
[2025-12-02 02:37:06] Buffer size: 1/5
[2025-12-02 02:37:06] 📥 RECEIVED FEEDBACK | Customer: CUST_005204 | Bought: False
[2025-12-02 02:37:06] Buffer size: 2/5
[2025-12-02 02:37:06] 📥 RECEIVED FEEDBACK | Customer: CUST_003009 | Bought: False
[2025-12-02 02:37:06] Buffer size: 3/5
[2025-12-02 02:37:06] 📥 RECEIVED FEEDBACK | Customer: CUST_011702 | Bought: False
[2025-12-02 02:37:06] Buffer size: 4/5
[2025-12-02 02:37:06] 📥 RECEIVED FEEDBACK | Customer: CUST_002126 | Bought: True
[2025-12-02 02:37:06] Buffer size: 5/5
[2025-12-02 02:37:06] 
============================================================
[2025-12-02 02:37:06] 🔄 Processing batch of 5 feedback points
[2025-12-02 02:37:06] ============================================================
[2025-12-02 02:37:06] ✗ NEGATIVE | Customer: CUST_005470 | Cluster: 4 | Score: -0.79 | Update #237
[2025-12-02 02:37:06] ✗ NEGATIVE | Customer: CUST_005204 | Cluster: 1 | Score: 2.80 | Update #238
[2025-12-02 02:37:06] ✗ NEGATIVE | Customer: CUST_003009 | Cluster: 0 | Score: 3.03 | Update #239
[2025-12-02 02:37:06] ✗ NEGATIVE | Customer: CUST_011702 | Cluster: 5 | Score: 1.02 | Update #240
[2025-12-02 02:37:06] ✓ POSITIVE | Customer: CUST_002126 | Cluster: 1 | Score: 2.47 | Update #241
[2025-12-02 02:37:06] 
💾 Saving model after 241 updates...
[2025-12-02 02:37:07] ✓ Model saved to /home/crazy_warlord/TargettedCalling/Persistence/model_car.json
[2025-12-02 02:37:07] ✓ Current state: Components=8, Positive=74, Negative=167

[2025-12-02 02:37:07] ✓ Batch complete: 5 updates, 0 errors
[2025-12-02 02:37:07] 📥 RECEIVED FEEDBACK | Customer: CUST_002220 | Bought: False
[2025-12-02 02:37:07] Buffer size: 1/5
[2025-12-02 02:37:07] 📥 RECEIVED FEEDBACK | Customer: CUST_011224 | Bought: False
[2025-12-02 02:37:07] Buffer size: 2/5
[2025-12-02 02:37:07] 📥 RECEIVED FEEDBACK | Customer: CUST_005832 | Bought: False
[2025-12-02 02:37:07] Buffer size: 3/5
[2025-12-02 02:37:07] 📥 RECEIVED FEEDBACK | Customer: CUST_011217 | Bought: False
[2025-12-02 02:37:07] Buffer size: 4/5
[2025-12-02 02:37:07] 📥 RECEIVED FEEDBACK | Customer: CUST_005954 | Bought: False
[2025-12-02 02:37:07] Buffer size: 5/5
[2025-12-02 02:37:07] 
============================================================
[2025-12-02 02:37:07] 🔄 Processing batch of 5 feedback points
[2025-12-02 02:37:07] ============================================================
[2025-12-02 02:37:07] ✗ NEGATIVE | Customer: CUST_002220 | Cluster: 3 | Score: 0.75 | Update #242
[2025-12-02 02:37:07] ✗ NEGATIVE | Customer: CUST_011224 | Cluster: 1 | Score: 1.38 | Update #243
[2025-12-02 02:37:07] ✗ NEGATIVE | Customer: CUST_005832 | Cluster: 7 | Score: 2.00 | Update #244
[2025-12-02 02:37:07] ✗ NEGATIVE | Customer: CUST_011217 | Cluster: 1 | Score: -0.28 | Update #245
[2025-12-02 02:37:07] ✗ NEGATIVE | Customer: CUST_005954 | Cluster: 3 | Score: -1.94 | Update #246
[2025-12-02 02:37:07] 
💾 Saving model after 246 updates...
[2025-12-02 02:37:07] ✓ Model saved to /home/crazy_warlord/TargettedCalling/Persistence/model_car.json
[2025-12-02 02:37:07] ✓ Current state: Components=8, Positive=74, Negative=172

[2025-12-02 02:37:07] ✓ Batch complete: 5 updates, 0 errors
[2025-12-02 02:37:07] 📥 RECEIVED FEEDBACK | Customer: CUST_002784 | Bought: True
[2025-12-02 02:37:07] Buffer size: 1/5
[2025-12-02 02:37:07] 📥 RECEIVED FEEDBACK | Customer: CUST_002774 | Bought: False
[2025-12-02 02:37:07] Buffer size: 2/5
[2025-12-02 02:37:07] 📥 RECEIVED FEEDBACK | Customer: CUST_009364 | Bought: False
[2025-12-02 02:37:07] Buffer size: 3/5
[2025-12-02 02:37:07] 📥 RECEIVED FEEDBACK | Customer: CUST_011654 | Bought: True
[2025-12-02 02:37:07] Buffer size: 4/5
[2025-12-02 02:37:07] 📥 RECEIVED FEEDBACK | Customer: CUST_009224 | Bought: False
[2025-12-02 02:37:07] Buffer size: 5/5
[2025-12-02 02:37:07] 
============================================================
[2025-12-02 02:37:07] 🔄 Processing batch of 5 feedback points
[2025-12-02 02:37:07] ============================================================
[2025-12-02 02:37:07] ✓ POSITIVE | Customer: CUST_002784 | Cluster: 3 | Score: -6.26 | Update #247
[2025-12-02 02:37:07] ✗ NEGATIVE | Customer: CUST_002774 | Cluster: 0 | Score: 5.96 | Update #248
[2025-12-02 02:37:07] ✗ NEGATIVE | Customer: CUST_009364 | Cluster: 7 | Score: 0.53 | Update #249
[2025-12-02 02:37:07] ✓ POSITIVE | Customer: CUST_011654 | Cluster: 6 | Score: 5.78 | Update #250
[2025-12-02 02:37:07] ✗ NEGATIVE | Customer: CUST_009224 | Cluster: 7 | Score: -1.89 | Update #251
[2025-12-02 02:37:07] 
💾 Saving model after 251 updates...
[2025-12-02 02:37:07] ✓ Model saved to /home/crazy_warlord/TargettedCalling/Persistence/model_car.json
[2025-12-02 02:37:07] ✓ Current state: Components=8, Positive=76, Negative=175

[2025-12-02 02:37:07] ✓ Batch complete: 5 updates, 0 errors
[2025-12-02 02:37:07] 📥 RECEIVED FEEDBACK | Customer: CUST_002422 | Bought: False
[2025-12-02 02:37:07] Buffer size: 1/5
[2025-12-02 02:37:07] 📥 RECEIVED FEEDBACK | Customer: CUST_009591 | Bought: True
[2025-12-02 02:37:07] Buffer size: 2/5
[2025-12-02 02:37:07] 📥 RECEIVED FEEDBACK | Customer: CUST_011182 | Bought: True
[2025-12-02 02:37:07] Buffer size: 3/5
[2025-12-02 02:37:07] 📥 RECEIVED FEEDBACK | Customer: CUST_006041 | Bought: False
[2025-12-02 02:37:07] Buffer size: 4/5
[2025-12-02 02:37:07] 📥 RECEIVED FEEDBACK | Customer: CUST_005143 | Bought: False
[2025-12-02 02:37:07] Buffer size: 5/5
[2025-12-02 02:37:07] 
============================================================
[2025-12-02 02:37:07] 🔄 Processing batch of 5 feedback points
[2025-12-02 02:37:07] ============================================================
[2025-12-02 02:37:07] ✗ NEGATIVE | Customer: CUST_002422 | Cluster: 7 | Score: 1.08 | Update #252
[2025-12-02 02:37:07] ✓ POSITIVE | Customer: CUST_009591 | Cluster: 3 | Score: -0.27 | Update #253
[2025-12-02 02:37:07] ✓ POSITIVE | Customer: CUST_011182 | Cluster: 0 | Score: 4.45 | Update #254
[2025-12-02 02:37:07] ✗ NEGATIVE | Customer: CUST_006041 | Cluster: 5 | Score: 1.62 | Update #255
[2025-12-02 02:37:07] ✗ NEGATIVE | Customer: CUST_005143 | Cluster: 1 | Score: 3.33 | Update #256
[2025-12-02 02:37:07] 
💾 Saving model after 256 updates...
[2025-12-02 02:37:07] ✓ Model saved to /home/crazy_warlord/TargettedCalling/Persistence/model_car.json
[2025-12-02 02:37:07] ✓ Current state: Components=8, Positive=78, Negative=178

[2025-12-02 02:37:07] ✓ Batch complete: 5 updates, 0 errors
[2025-12-02 02:37:07] 📥 RECEIVED FEEDBACK | Customer: CUST_011521 | Bought: False
[2025-12-02 02:37:08] Buffer size: 1/5
[2025-12-02 02:37:08] 📥 RECEIVED FEEDBACK | Customer: CUST_002104 | Bought: False
[2025-12-02 02:37:08] Buffer size: 2/5
[2025-12-02 02:37:08] 📥 RECEIVED FEEDBACK | Customer: CUST_006169 | Bought: False
[2025-12-02 02:37:08] Buffer size: 3/5
[2025-12-02 02:37:08] 📥 RECEIVED FEEDBACK | Customer: CUST_002659 | Bought: True
[2025-12-02 02:37:08] Buffer size: 4/5
[2025-12-02 02:37:08] 📥 RECEIVED FEEDBACK | Customer: CUST_011473 | Bought: False
[2025-12-02 02:37:08] Buffer size: 5/5
[2025-12-02 02:37:08] 
============================================================
[2025-12-02 02:37:08] 🔄 Processing batch of 5 feedback points
[2025-12-02 02:37:08] ============================================================
[2025-12-02 02:37:08] ✗ NEGATIVE | Customer: CUST_011521 | Cluster: 3 | Score: 0.17 | Update #257
[2025-12-02 02:37:08] ✗ NEGATIVE | Customer: CUST_002104 | Cluster: 2 | Score: 0.43 | Update #258
[2025-12-02 02:37:08] ✗ NEGATIVE | Customer: CUST_006169 | Cluster: 6 | Score: 1.76 | Update #259
[2025-12-02 02:37:08] ✓ POSITIVE | Customer: CUST_002659 | Cluster: 7 | Score: -3.26 | Update #260
[2025-12-02 02:37:08] ✗ NEGATIVE | Customer: CUST_011473 | Cluster: 1 | Score: 2.05 | Update #261
[2025-12-02 02:37:08] 
💾 Saving model after 261 updates...
[2025-12-02 02:37:08] ✓ Model saved to /home/crazy_warlord/TargettedCalling/Persistence/model_car.json
[2025-12-02 02:37:08] ✓ Current state: Components=8, Positive=79, Negative=182

[2025-12-02 02:37:08] ✓ Batch complete: 5 updates, 0 errors
[2025-12-02 02:37:08] 📥 RECEIVED FEEDBACK | Customer: CUST_011190 | Bought: True
[2025-12-02 02:37:08] Buffer size: 1/5
[2025-12-02 02:37:08] 📥 RECEIVED FEEDBACK | Customer: CUST_011249 | Bought: False
[2025-12-02 02:37:08] Buffer size: 2/5
[2025-12-02 02:37:08] 📥 RECEIVED FEEDBACK | Customer: CUST_011667 | Bought: False
[2025-12-02 02:37:08] Buffer size: 3/5
[2025-12-02 02:37:08] 📥 RECEIVED FEEDBACK | Customer: CUST_011662 | Bought: True
[2025-12-02 02:37:08] Buffer size: 4/5
[2025-12-02 02:37:08] 📥 RECEIVED FEEDBACK | Customer: CUST_005619 | Bought: False
[2025-12-02 02:37:08] Buffer size: 5/5
[2025-12-02 02:37:08] 
============================================================
[2025-12-02 02:37:08] 🔄 Processing batch of 5 feedback points
[2025-12-02 02:37:08] ============================================================
[2025-12-02 02:37:08] ✓ POSITIVE | Customer: CUST_011190 | Cluster: 3 | Score: 1.35 | Update #262
[2025-12-02 02:37:08] ✗ NEGATIVE | Customer: CUST_011249 | Cluster: 5 | Score: 1.97 | Update #263
[2025-12-02 02:37:08] ✗ NEGATIVE | Customer: CUST_011667 | Cluster: 5 | Score: 0.32 | Update #264
[2025-12-02 02:37:08] ✓ POSITIVE | Customer: CUST_011662 | Cluster: 0 | Score: 5.43 | Update #265
[2025-12-02 02:37:08] ✗ NEGATIVE | Customer: CUST_005619 | Cluster: 0 | Score: 4.17 | Update #266
[2025-12-02 02:37:08] 
💾 Saving model after 266 updates...
[2025-12-02 02:37:08] ✓ Model saved to /home/crazy_warlord/TargettedCalling/Persistence/model_car.json
[2025-12-02 02:37:08] ✓ Current state: Components=8, Positive=81, Negative=185

[2025-12-02 02:37:08] ✓ Batch complete: 5 updates, 0 errors
[2025-12-02 02:37:08] 📥 RECEIVED FEEDBACK | Customer: CUST_002740 | Bought: True
[2025-12-02 02:37:08] Buffer size: 1/5
[2025-12-02 02:37:08] 📥 RECEIVED FEEDBACK | Customer: CUST_002296 | Bought: False
[2025-12-02 02:37:08] Buffer size: 2/5
[2025-12-02 02:37:08] 📥 RECEIVED FEEDBACK | Customer: CUST_011702 | Bought: True
[2025-12-02 02:37:08] Buffer size: 3/5
[2025-12-02 02:37:08] 📥 RECEIVED FEEDBACK | Customer: CUST_011420 | Bought: True
[2025-12-02 02:37:08] Buffer size: 4/5
[2025-12-02 02:37:08] 📥 RECEIVED FEEDBACK | Customer: CUST_009556 | Bought: False
[2025-12-02 02:37:08] Buffer size: 5/5
[2025-12-02 02:37:08] 
============================================================
[2025-12-02 02:37:08] 🔄 Processing batch of 5 feedback points
[2025-12-02 02:37:08] ============================================================
[2025-12-02 02:37:08] ✓ POSITIVE | Customer: CUST_002740 | Cluster: 4 | Score: 2.69 | Update #267
[2025-12-02 02:37:08] ✗ NEGATIVE | Customer: CUST_002296 | Cluster: 4 | Score: 3.31 | Update #268
[2025-12-02 02:37:08] ✓ POSITIVE | Customer: CUST_011702 | Cluster: 5 | Score: 1.02 | Update #269
[2025-12-02 02:37:08] ✓ POSITIVE | Customer: CUST_011420 | Cluster: 3 | Score: -1.18 | Update #270
[2025-12-02 02:37:08] ✗ NEGATIVE | Customer: CUST_009556 | Cluster: 0 | Score: 1.49 | Update #271
[2025-12-02 02:37:08] 
💾 Saving model after 271 updates...
[2025-12-02 02:37:08] ✓ Model saved to /home/crazy_warlord/TargettedCalling/Persistence/model_car.json
[2025-12-02 02:37:08] ✓ Current state: Components=8, Positive=84, Negative=187

[2025-12-02 02:37:08] ✓ Batch complete: 5 updates, 0 errors
[2025-12-02 02:37:08] 📥 RECEIVED FEEDBACK | Customer: CUST_009522 | Bought: False
[2025-12-02 02:37:08] Buffer size: 1/5
[2025-12-02 02:37:08] 📥 RECEIVED FEEDBACK | Customer: CUST_005291 | Bought: False
[2025-12-02 02:37:08] Buffer size: 2/5
[2025-12-02 02:37:08] 📥 RECEIVED FEEDBACK | Customer: CUST_009236 | Bought: False
[2025-12-02 02:37:08] Buffer size: 3/5
[2025-12-02 02:37:08] 📥 RECEIVED FEEDBACK | Customer: CUST_006169 | Bought: False
[2025-12-02 02:37:08] Buffer size: 4/5
[2025-12-02 02:37:09] 📥 RECEIVED FEEDBACK | Customer: CUST_002118 | Bought: False
[2025-12-02 02:37:09] Buffer size: 5/5
[2025-12-02 02:37:09] 
============================================================
[2025-12-02 02:37:09] 🔄 Processing batch of 5 feedback points
[2025-12-02 02:37:09] ============================================================
[2025-12-02 02:37:09] ✗ NEGATIVE | Customer: CUST_009522 | Cluster: 4 | Score: 3.42 | Update #272
[2025-12-02 02:37:09] ✗ NEGATIVE | Customer: CUST_005291 | Cluster: 4 | Score: -5.07 | Update #273
[2025-12-02 02:37:09] ✗ NEGATIVE | Customer: CUST_009236 | Cluster: 5 | Score: 1.98 | Update #274
[2025-12-02 02:37:09] ✗ NEGATIVE | Customer: CUST_006169 | Cluster: 6 | Score: 1.76 | Update #275
[2025-12-02 02:37:09] ✗ NEGATIVE | Customer: CUST_002118 | Cluster: 1 | Score: -4.48 | Update #276
[2025-12-02 02:37:09] 
💾 Saving model after 276 updates...
[2025-12-02 02:37:09] ✓ Model saved to /home/crazy_warlord/TargettedCalling/Persistence/model_car.json
[2025-12-02 02:37:09] ✓ Current state: Components=8, Positive=84, Negative=192

[2025-12-02 02:37:09] ✓ Batch complete: 5 updates, 0 errors
[2025-12-02 02:37:09] 📥 RECEIVED FEEDBACK | Customer: CUST_005928 | Bought: False
[2025-12-02 02:37:09] Buffer size: 1/5
[2025-12-02 02:37:09] 📥 RECEIVED FEEDBACK | Customer: CUST_011252 | Bought: False
[2025-12-02 02:37:09] Buffer size: 2/5
[2025-12-02 02:37:09] 📥 RECEIVED FEEDBACK | Customer: CUST_009401 | Bought: False
[2025-12-02 02:37:09] Buffer size: 3/5
[2025-12-02 02:37:09] 📥 RECEIVED FEEDBACK | Customer: CUST_002740 | Bought: False
[2025-12-02 02:37:09] Buffer size: 4/5
[2025-12-02 02:37:09] 📥 RECEIVED FEEDBACK | Customer: CUST_002160 | Bought: True
[2025-12-02 02:37:09] Buffer size: 5/5
[2025-12-02 02:37:09] 
============================================================
[2025-12-02 02:37:09] 🔄 Processing batch of 5 feedback points
[2025-12-02 02:37:09] ============================================================
[2025-12-02 02:37:09] ✗ NEGATIVE | Customer: CUST_005928 | Cluster: 5 | Score: 1.60 | Update #277
[2025-12-02 02:37:09] ✗ NEGATIVE | Customer: CUST_011252 | Cluster: 3 | Score: 1.51 | Update #278
[2025-12-02 02:37:09] ✗ NEGATIVE | Customer: CUST_009401 | Cluster: 5 | Score: 2.09 | Update #279
[2025-12-02 02:37:09] ✗ NEGATIVE | Customer: CUST_002740 | Cluster: 4 | Score: 3.09 | Update #280
[2025-12-02 02:37:09] ✓ POSITIVE | Customer: CUST_002160 | Cluster: 2 | Score: 0.54 | Update #281
[2025-12-02 02:37:09] 
💾 Saving model after 281 updates...
[2025-12-02 02:37:09] ✓ Model saved to /home/crazy_warlord/TargettedCalling/Persistence/model_car.json
[2025-12-02 02:37:09] ✓ Current state: Components=8, Positive=85, Negative=196

[2025-12-02 02:37:09] ✓ Batch complete: 5 updates, 0 errors
[2025-12-02 02:37:09] 📥 RECEIVED FEEDBACK | Customer: CUST_008988 | Bought: False
[2025-12-02 02:37:09] Buffer size: 1/5
[2025-12-02 02:37:09] 📥 RECEIVED FEEDBACK | Customer: CUST_002835 | Bought: True
[2025-12-02 02:37:09] Buffer size: 2/5
[2025-12-02 02:37:09] 📥 RECEIVED FEEDBACK | Customer: CUST_009224 | Bought: True
[2025-12-02 02:37:09] Buffer size: 3/5
[2025-12-02 02:37:09] 📥 RECEIVED FEEDBACK | Customer: CUST_002774 | Bought: False
[2025-12-02 02:37:09] Buffer size: 4/5
[2025-12-02 02:37:09] 📥 RECEIVED FEEDBACK | Customer: CUST_002784 | Bought: False
[2025-12-02 02:37:09] Buffer size: 5/5
[2025-12-02 02:37:09] 
============================================================
[2025-12-02 02:37:09] 🔄 Processing batch of 5 feedback points
[2025-12-02 02:37:09] ============================================================
[2025-12-02 02:37:09] ✗ NEGATIVE | Customer: CUST_008988 | Cluster: 7 | Score: -0.12 | Update #282
[2025-12-02 02:37:09] ✓ POSITIVE | Customer: CUST_002835 | Cluster: 2 | Score: 0.10 | Update #283
[2025-12-02 02:37:09] ✓ POSITIVE | Customer: CUST_009224 | Cluster: 7 | Score: -1.89 | Update #284
[2025-12-02 02:37:09] ✗ NEGATIVE | Customer: CUST_002774 | Cluster: 0 | Score: 5.89 | Update #285
[2025-12-02 02:37:09] ✗ NEGATIVE | Customer: CUST_002784 | Cluster: 3 | Score: -6.84 | Update #286
[2025-12-02 02:37:09] 
💾 Saving model after 286 updates...
[2025-12-02 02:37:09] ✓ Model saved to /home/crazy_warlord/TargettedCalling/Persistence/model_car.json
[2025-12-02 02:37:09] ✓ Current state: Components=8, Positive=87, Negative=199

[2025-12-02 02:37:09] ✓ Batch complete: 5 updates, 0 errors
[2025-12-02 02:37:09] 📥 RECEIVED FEEDBACK | Customer: CUST_009522 | Bought: True
[2025-12-02 02:37:09] Buffer size: 1/5
[2025-12-02 02:37:09] 📥 RECEIVED FEEDBACK | Customer: CUST_005662 | Bought: False
[2025-12-02 02:37:09] Buffer size: 2/5
[2025-12-02 02:37:09] 📥 RECEIVED FEEDBACK | Customer: CUST_009499 | Bought: False
[2025-12-02 02:37:09] Buffer size: 3/5
[2025-12-02 02:37:09] 📥 RECEIVED FEEDBACK | Customer: CUST_002512 | Bought: False
[2025-12-02 02:37:09] Buffer size: 4/5
[2025-12-02 02:37:10] 📥 RECEIVED FEEDBACK | Customer: CUST_005619 | Bought: False
[2025-12-02 02:37:10] Buffer size: 5/5
[2025-12-02 02:37:10] 
============================================================
[2025-12-02 02:37:10] 🔄 Processing batch of 5 feedback points
[2025-12-02 02:37:10] ============================================================
[2025-12-02 02:37:10] ✓ POSITIVE | Customer: CUST_009522 | Cluster: 4 | Score: 3.42 | Update #287
[2025-12-02 02:37:10] ✗ NEGATIVE | Customer: CUST_005662 | Cluster: 5 | Score: -4.49 | Update #288
[2025-12-02 02:37:10] ✗ NEGATIVE | Customer: CUST_009499 | Cluster: 4 | Score: -0.24 | Update #289
[2025-12-02 02:37:10] ✗ NEGATIVE | Customer: CUST_002512 | Cluster: 1 | Score: 1.26 | Update #290
[2025-12-02 02:37:10] ✗ NEGATIVE | Customer: CUST_005619 | Cluster: 0 | Score: 4.17 | Update #291
[2025-12-02 02:37:10] 
💾 Saving model after 291 updates...
[2025-12-02 02:37:10] ✓ Model saved to /home/crazy_warlord/TargettedCalling/Persistence/model_car.json
[2025-12-02 02:37:10] ✓ Current state: Components=8, Positive=88, Negative=203

[2025-12-02 02:37:10] ✓ Batch complete: 5 updates, 0 errors
[2025-12-02 02:37:10] 📥 RECEIVED FEEDBACK | Customer: CUST_011521 | Bought: False
[2025-12-02 02:37:10] Buffer size: 1/5
[2025-12-02 02:37:10] 📥 RECEIVED FEEDBACK | Customer: CUST_002635 | Bought: True
[2025-12-02 02:37:10] Buffer size: 2/5
[2025-12-02 02:37:10] 📥 RECEIVED FEEDBACK | Customer: CUST_006165 | Bought: True
[2025-12-02 02:37:10] Buffer size: 3/5
[2025-12-02 02:37:10] 📥 RECEIVED FEEDBACK | Customer: CUST_006092 | Bought: True
[2025-12-02 02:37:10] Buffer size: 4/5
[2025-12-02 02:37:10] 📥 RECEIVED FEEDBACK | Customer: CUST_011702 | Bought: False
[2025-12-02 02:37:10] Buffer size: 5/5
[2025-12-02 02:37:10] 
============================================================
[2025-12-02 02:37:10] 🔄 Processing batch of 5 feedback points
[2025-12-02 02:37:10] ============================================================
[2025-12-02 02:37:10] ✗ NEGATIVE | Customer: CUST_011521 | Cluster: 3 | Score: 1.03 | Update #292
[2025-12-02 02:37:10] ✓ POSITIVE | Customer: CUST_002635 | Cluster: 7 | Score: -2.89 | Update #293
[2025-12-02 02:37:10] ✓ POSITIVE | Customer: CUST_006165 | Cluster: 0 | Score: 3.58 | Update #294
[2025-12-02 02:37:10] ✓ POSITIVE | Customer: CUST_006092 | Cluster: 6 | Score: 1.39 | Update #295
[2025-12-02 02:37:10] ✗ NEGATIVE | Customer: CUST_011702 | Cluster: 5 | Score: 1.94 | Update #296
[2025-12-02 02:37:10] 
💾 Saving model after 296 updates...
[2025-12-02 02:37:10] ✓ Model saved to /home/crazy_warlord/TargettedCalling/Persistence/model_car.json
[2025-12-02 02:37:10] ✓ Current state: Components=8, Positive=91, Negative=205

[2025-12-02 02:37:10] ✓ Batch complete: 5 updates, 0 errors
[2025-12-02 02:37:10] 📥 RECEIVED FEEDBACK | Customer: CUST_009127 | Bought: True
[2025-12-02 02:37:10] Buffer size: 1/5
[2025-12-02 02:37:10] 📥 RECEIVED FEEDBACK | Customer: CUST_009493 | Bought: False
[2025-12-02 02:37:10] Buffer size: 2/5
[2025-12-02 02:37:10] 📥 RECEIVED FEEDBACK | Customer: CUST_009054 | Bought: False
[2025-12-02 02:37:10] Buffer size: 3/5
[2025-12-02 02:37:10] 📥 RECEIVED FEEDBACK | Customer: CUST_005089 | Bought: False
[2025-12-02 02:37:10] Buffer size: 4/5
[2025-12-02 02:37:10] 📥 RECEIVED FEEDBACK | Customer: CUST_011364 | Bought: True
[2025-12-02 02:37:10] Buffer size: 5/5
[2025-12-02 02:37:10] 
============================================================
[2025-12-02 02:37:10] 🔄 Processing batch of 5 feedback points
[2025-12-02 02:37:10] ============================================================
[2025-12-02 02:37:10] ✓ POSITIVE | Customer: CUST_009127 | Cluster: 1 | Score: 1.09 | Update #297
[2025-12-02 02:37:10] ✗ NEGATIVE | Customer: CUST_009493 | Cluster: 3 | Score: 1.86 | Update #298
[2025-12-02 02:37:10] ✗ NEGATIVE | Customer: CUST_009054 | Cluster: 4 | Score: -0.34 | Update #299
[2025-12-02 02:37:10] ✗ NEGATIVE | Customer: CUST_005089 | Cluster: 6 | Score: 4.12 | Update #300
[2025-12-02 02:37:10] ✓ POSITIVE | Customer: CUST_011364 | Cluster: 5 | Score: 2.39 | Update #301
[2025-12-02 02:37:10] 
💾 Saving model after 301 updates...
[2025-12-02 02:37:10] ✓ Model saved to /home/crazy_warlord/TargettedCalling/Persistence/model_car.json
[2025-12-02 02:37:10] ✓ Current state: Components=8, Positive=93, Negative=208

[2025-12-02 02:37:10] ✓ Batch complete: 5 updates, 0 errors
[2025-12-02 02:37:10] 📥 RECEIVED FEEDBACK | Customer: CUST_005725 | Bought: False
[2025-12-02 02:37:10] Buffer size: 1/5
[2025-12-02 02:37:10] 📥 RECEIVED FEEDBACK | Customer: CUST_002404 | Bought: False
[2025-12-02 02:37:10] Buffer size: 2/5
[2025-12-02 02:37:10] 📥 RECEIVED FEEDBACK | Customer: CUST_006003 | Bought: True
[2025-12-02 02:37:10] Buffer size: 3/5
[2025-12-02 02:37:10] 📥 RECEIVED FEEDBACK | Customer: CUST_011427 | Bought: False
[2025-12-02 02:37:10] Buffer size: 4/5
[2025-12-02 02:37:10] 📥 RECEIVED FEEDBACK | Customer: CUST_000277 | Bought: False
[2025-12-02 02:37:10] Buffer size: 5/5
[2025-12-02 02:37:10] 
============================================================
[2025-12-02 02:37:11] 🔄 Processing batch of 5 feedback points
[2025-12-02 02:37:11] ============================================================
[2025-12-02 02:37:11] ✗ NEGATIVE | Customer: CUST_005725 | Cluster: 0 | Score: -3.94 | Update #302
[2025-12-02 02:37:11] ✗ NEGATIVE | Customer: CUST_002404 | Cluster: 3 | Score: -1.65 | Update #303
[2025-12-02 02:37:11] ✓ POSITIVE | Customer: CUST_006003 | Cluster: 5 | Score: 2.85 | Update #304
[2025-12-02 02:37:11] ✗ NEGATIVE | Customer: CUST_011427 | Cluster: 6 | Score: 6.36 | Update #305
[2025-12-02 02:37:11] ✗ NEGATIVE | Customer: CUST_000277 | Cluster: 7 | Score: 1.91 | Update #306
[2025-12-02 02:37:11] 
💾 Saving model after 306 updates...
[2025-12-02 02:37:11] ✓ Model saved to /home/crazy_warlord/TargettedCalling/Persistence/model_car.json
[2025-12-02 02:37:11] ✓ Current state: Components=8, Positive=94, Negative=212

[2025-12-02 02:37:11] ✓ Batch complete: 5 updates, 0 errors
[2025-12-02 02:37:11] 📥 RECEIVED FEEDBACK | Customer: CUST_011667 | Bought: False
[2025-12-02 02:37:11] Buffer size: 1/5
[2025-12-02 02:37:11] 📥 RECEIVED FEEDBACK | Customer: CUST_005470 | Bought: True
[2025-12-02 02:37:11] Buffer size: 2/5
[2025-12-02 02:37:11] 📥 RECEIVED FEEDBACK | Customer: CUST_002740 | Bought: True
[2025-12-02 02:37:11] Buffer size: 3/5
[2025-12-02 02:37:11] 📥 RECEIVED FEEDBACK | Customer: CUST_009616 | Bought: False
[2025-12-02 02:37:11] Buffer size: 4/5
[2025-12-02 02:37:11] 📥 RECEIVED FEEDBACK | Customer: CUST_002054 | Bought: False
[2025-12-02 02:37:11] Buffer size: 5/5
[2025-12-02 02:37:11] 
============================================================
[2025-12-02 02:37:11] 🔄 Processing batch of 5 feedback points
[2025-12-02 02:37:11] ============================================================
[2025-12-02 02:37:11] ✗ NEGATIVE | Customer: CUST_011667 | Cluster: 5 | Score: 0.25 | Update #307
[2025-12-02 02:37:11] ✓ POSITIVE | Customer: CUST_005470 | Cluster: 4 | Score: -1.23 | Update #308
[2025-12-02 02:37:11] ✓ POSITIVE | Customer: CUST_002740 | Cluster: 4 | Score: 2.96 | Update #309
[2025-12-02 02:37:11] ✗ NEGATIVE | Customer: CUST_009616 | Cluster: 7 | Score: 0.31 | Update #310
[2025-12-02 02:37:11] ✗ NEGATIVE | Customer: CUST_002054 | Cluster: 2 | Score: 0.67 | Update #311
[2025-12-02 02:37:11] 
💾 Saving model after 311 updates...
[2025-12-02 02:37:11] ✓ Model saved to /home/crazy_warlord/TargettedCalling/Persistence/model_car.json
[2025-12-02 02:37:11] ✓ Current state: Components=8, Positive=96, Negative=215

[2025-12-02 02:37:11] ✓ Batch complete: 5 updates, 0 errors
[2025-12-02 02:37:11] 📥 RECEIVED FEEDBACK | Customer: CUST_008979 | Bought: False
[2025-12-02 02:37:11] Buffer size: 1/5
[2025-12-02 02:37:11] 📥 RECEIVED FEEDBACK | Customer: CUST_011477 | Bought: True
[2025-12-02 02:37:11] Buffer size: 2/5
[2025-12-02 02:37:11] 📥 RECEIVED FEEDBACK | Customer: CUST_006169 | Bought: False
[2025-12-02 02:37:11] Buffer size: 3/5
[2025-12-02 02:37:11] 📥 RECEIVED FEEDBACK | Customer: CUST_002963 | Bought: False
[2025-12-02 02:37:11] Buffer size: 4/5
[2025-12-02 02:37:11] 📥 RECEIVED FEEDBACK | Customer: CUST_002054 | Bought: False
[2025-12-02 02:37:11] Buffer size: 5/5
[2025-12-02 02:37:11] 
============================================================
[2025-12-02 02:37:11] 🔄 Processing batch of 5 feedback points
[2025-12-02 02:37:11] ============================================================
[2025-12-02 02:37:11] ✗ NEGATIVE | Customer: CUST_008979 | Cluster: 7 | Score: -0.87 | Update #312
[2025-12-02 02:37:11] ✓ POSITIVE | Customer: CUST_011477 | Cluster: 4 | Score: -0.68 | Update #313
[2025-12-02 02:37:11] ✗ NEGATIVE | Customer: CUST_006169 | Cluster: 6 | Score: 1.72 | Update #314
[2025-12-02 02:37:11] ✗ NEGATIVE | Customer: CUST_002963 | Cluster: 7 | Score: 1.72 | Update #315
[2025-12-02 02:37:11] ✗ NEGATIVE | Customer: CUST_002054 | Cluster: 2 | Score: 0.67 | Update #316
[2025-12-02 02:37:11] 
💾 Saving model after 316 updates...
[2025-12-02 02:37:11] ✓ Model saved to /home/crazy_warlord/TargettedCalling/Persistence/model_car.json
[2025-12-02 02:37:11] ✓ Current state: Components=8, Positive=97, Negative=219

[2025-12-02 02:37:11] ✓ Batch complete: 5 updates, 0 errors
[2025-12-02 02:37:11] 📥 RECEIVED FEEDBACK | Customer: CUST_005619 | Bought: False
[2025-12-02 02:37:11] Buffer size: 1/5
[2025-12-02 02:37:11] 📥 RECEIVED FEEDBACK | Customer: CUST_009401 | Bought: False
[2025-12-02 02:37:11] Buffer size: 2/5
[2025-12-02 02:37:11] 📥 RECEIVED FEEDBACK | Customer: CUST_009224 | Bought: False
[2025-12-02 02:37:11] Buffer size: 3/5
[2025-12-02 02:37:11] 📥 RECEIVED FEEDBACK | Customer: CUST_005662 | Bought: False
[2025-12-02 02:37:11] Buffer size: 4/5
[2025-12-02 02:37:11] 📥 RECEIVED FEEDBACK | Customer: CUST_011224 | Bought: False
[2025-12-02 02:37:11] Buffer size: 5/5
[2025-12-02 02:37:11] 
============================================================
[2025-12-02 02:37:11] 🔄 Processing batch of 5 feedback points
[2025-12-02 02:37:11] ============================================================
[2025-12-02 02:37:11] ✗ NEGATIVE | Customer: CUST_005619 | Cluster: 0 | Score: 4.34 | Update #317
[2025-12-02 02:37:12] ✗ NEGATIVE | Customer: CUST_009401 | Cluster: 5 | Score: 2.56 | Update #318
[2025-12-02 02:37:12] ✗ NEGATIVE | Customer: CUST_009224 | Cluster: 7 | Score: 0.17 | Update #319
[2025-12-02 02:37:12] ✗ NEGATIVE | Customer: CUST_005662 | Cluster: 5 | Score: -5.23 | Update #320
[2025-12-02 02:37:12] ✗ NEGATIVE | Customer: CUST_011224 | Cluster: 1 | Score: 1.28 | Update #321
[2025-12-02 02:37:12] 
💾 Saving model after 321 updates...
[2025-12-02 02:37:12] ✓ Model saved to /home/crazy_warlord/TargettedCalling/Persistence/model_car.json
[2025-12-02 02:37:12] ✓ Current state: Components=8, Positive=97, Negative=224

[2025-12-02 02:37:12] ✓ Batch complete: 5 updates, 0 errors
[2025-12-02 02:37:12] 📥 RECEIVED FEEDBACK | Customer: CUST_005396 | Bought: False
[2025-12-02 02:37:12] Buffer size: 1/5
[2025-12-02 02:37:12] 📥 RECEIVED FEEDBACK | Customer: CUST_009652 | Bought: False
[2025-12-02 02:37:12] Buffer size: 2/5
[2025-12-02 02:37:12] 📥 RECEIVED FEEDBACK | Customer: CUST_009278 | Bought: True
[2025-12-02 02:37:12] Buffer size: 3/5
[2025-12-02 02:37:12] 📥 RECEIVED FEEDBACK | Customer: CUST_006098 | Bought: False
[2025-12-02 02:37:12] Buffer size: 4/5
[2025-12-02 02:37:12] 📥 RECEIVED FEEDBACK | Customer: CUST_002536 | Bought: True
[2025-12-02 02:37:12] Buffer size: 5/5
[2025-12-02 02:37:12] 
============================================================
[2025-12-02 02:37:12] 🔄 Processing batch of 5 feedback points
[2025-12-02 02:37:12] ============================================================
[2025-12-02 02:37:12] ✗ NEGATIVE | Customer: CUST_005396 | Cluster: 4 | Score: -1.92 | Update #322
[2025-12-02 02:37:12] ✗ NEGATIVE | Customer: CUST_009652 | Cluster: 7 | Score: 1.43 | Update #323
[2025-12-02 02:37:12] ✓ POSITIVE | Customer: CUST_009278 | Cluster: 3 | Score: -3.69 | Update #324
[2025-12-02 02:37:12] ✗ NEGATIVE | Customer: CUST_006098 | Cluster: 0 | Score: 4.45 | Update #325
[2025-12-02 02:37:12] ✓ POSITIVE | Customer: CUST_002536 | Cluster: 7 | Score: 2.96 | Update #326
[2025-12-02 02:37:12] 
💾 Saving model after 326 updates...
[2025-12-02 02:37:12] ✓ Model saved to /home/crazy_warlord/TargettedCalling/Persistence/model_car.json
[2025-12-02 02:37:12] ✓ Current state: Components=8, Positive=99, Negative=227

[2025-12-02 02:37:12] ✓ Batch complete: 5 updates, 0 errors
[2025-12-02 02:37:12] 📥 RECEIVED FEEDBACK | Customer: CUST_000139 | Bought: False
[2025-12-02 02:37:12] Buffer size: 1/5
[2025-12-02 02:37:12] 📥 RECEIVED FEEDBACK | Customer: CUST_006092 | Bought: False
[2025-12-02 02:37:12] Buffer size: 2/5
[2025-12-02 02:37:12] 📥 RECEIVED FEEDBACK | Customer: CUST_005954 | Bought: False
[2025-12-02 02:37:12] Buffer size: 3/5
[2025-12-02 02:37:12] 📥 RECEIVED FEEDBACK | Customer: CUST_005587 | Bought: True
[2025-12-02 02:37:12] Buffer size: 4/5
[2025-12-02 02:37:12] 📥 RECEIVED FEEDBACK | Customer: CUST_005537 | Bought: True
[2025-12-02 02:37:12] Buffer size: 5/5
[2025-12-02 02:37:12] 
============================================================
[2025-12-02 02:37:12] 🔄 Processing batch of 5 feedback points
[2025-12-02 02:37:12] ============================================================
[2025-12-02 02:37:12] ✗ NEGATIVE | Customer: CUST_000139 | Cluster: 0 | Score: 5.07 | Update #327
[2025-12-02 02:37:12] ✗ NEGATIVE | Customer: CUST_006092 | Cluster: 6 | Score: 3.44 | Update #328
[2025-12-02 02:37:12] ✗ NEGATIVE | Customer: CUST_005954 | Cluster: 3 | Score: -2.83 | Update #329
[2025-12-02 02:37:12] ✓ POSITIVE | Customer: CUST_005587 | Cluster: 5 | Score: -1.69 | Update #330
[2025-12-02 02:37:12] ✓ POSITIVE | Customer: CUST_005537 | Cluster: 4 | Score: 1.65 | Update #331
[2025-12-02 02:37:12] 
💾 Saving model after 331 updates...
[2025-12-02 02:37:12] ✓ Model saved to /home/crazy_warlord/TargettedCalling/Persistence/model_car.json
[2025-12-02 02:37:12] ✓ Current state: Components=8, Positive=101, Negative=230

[2025-12-02 02:37:12] ✓ Batch complete: 5 updates, 0 errors
[2025-12-02 02:37:12] 📥 RECEIVED FEEDBACK | Customer: CUST_009223 | Bought: True
[2025-12-02 02:37:12] Buffer size: 1/5
[2025-12-02 02:37:12] 📥 RECEIVED FEEDBACK | Customer: CUST_005291 | Bought: False
[2025-12-02 02:37:12] Buffer size: 2/5
[2025-12-02 02:37:12] 📥 RECEIVED FEEDBACK | Customer: CUST_006091 | Bought: False
[2025-12-02 02:37:12] Buffer size: 3/5
[2025-12-02 02:37:12] 📥 RECEIVED FEEDBACK | Customer: CUST_009457 | Bought: True
[2025-12-02 02:37:12] Buffer size: 4/5
[2025-12-02 02:37:12] 📥 RECEIVED FEEDBACK | Customer: CUST_002582 | Bought: False
[2025-12-02 02:37:12] Buffer size: 5/5
[2025-12-02 02:37:12] 
============================================================
[2025-12-02 02:37:12] 🔄 Processing batch of 5 feedback points
[2025-12-02 02:37:12] ============================================================
[2025-12-02 02:37:12] ✓ POSITIVE | Customer: CUST_009223 | Cluster: 4 | Score: 2.69 | Update #332
[2025-12-02 02:37:12] ✗ NEGATIVE | Customer: CUST_005291 | Cluster: 4 | Score: -4.86 | Update #333
[2025-12-02 02:37:12] ✗ NEGATIVE | Customer: CUST_006091 | Cluster: 5 | Score: 1.45 | Update #334
[2025-12-02 02:37:12] ✓ POSITIVE | Customer: CUST_009457 | Cluster: 4 | Score: 2.59 | Update #335
[2025-12-02 02:37:13] ✗ NEGATIVE | Customer: CUST_002582 | Cluster: 2 | Score: -2.16 | Update #336
[2025-12-02 02:37:13] 
💾 Saving model after 336 updates...
[2025-12-02 02:37:13] ✓ Model saved to /home/crazy_warlord/TargettedCalling/Persistence/model_car.json
[2025-12-02 02:37:13] ✓ Current state: Components=8, Positive=103, Negative=233

[2025-12-02 02:37:13] ✓ Batch complete: 5 updates, 0 errors
[2025-12-02 02:37:13] 📥 RECEIVED FEEDBACK | Customer: CUST_005587 | Bought: True
[2025-12-02 02:37:13] Buffer size: 1/5
[2025-12-02 02:37:13] 📥 RECEIVED FEEDBACK | Customer: CUST_011662 | Bought: False
[2025-12-02 02:37:13] Buffer size: 2/5
[2025-12-02 02:37:13] 📥 RECEIVED FEEDBACK | Customer: CUST_002054 | Bought: False
[2025-12-02 02:37:13] Buffer size: 3/5
[2025-12-02 02:37:13] 📥 RECEIVED FEEDBACK | Customer: CUST_009462 | Bought: False
[2025-12-02 02:37:13] Buffer size: 4/5
[2025-12-02 02:37:13] 📥 RECEIVED FEEDBACK | Customer: CUST_002054 | Bought: True
[2025-12-02 02:37:13] Buffer size: 5/5
[2025-12-02 02:37:13] 
============================================================
[2025-12-02 02:37:13] 🔄 Processing batch of 5 feedback points
[2025-12-02 02:37:13] ============================================================
[2025-12-02 02:37:13] ✓ POSITIVE | Customer: CUST_005587 | Cluster: 5 | Score: 0.71 | Update #337
[2025-12-02 02:37:13] ✗ NEGATIVE | Customer: CUST_011662 | Cluster: 0 | Score: 5.68 | Update #338
[2025-12-02 02:37:13] ✗ NEGATIVE | Customer: CUST_002054 | Cluster: 2 | Score: 0.67 | Update #339
[2025-12-02 02:37:13] ✗ NEGATIVE | Customer: CUST_009462 | Cluster: 7 | Score: 2.72 | Update #340
[2025-12-02 02:37:13] ✓ POSITIVE | Customer: CUST_002054 | Cluster: 2 | Score: 0.67 | Update #341
[2025-12-02 02:37:13] 
💾 Saving model after 341 updates...
[2025-12-02 02:37:13] ✓ Model saved to /home/crazy_warlord/TargettedCalling/Persistence/model_car.json
[2025-12-02 02:37:13] ✓ Current state: Components=8, Positive=105, Negative=236

[2025-12-02 02:37:13] ✓ Batch complete: 5 updates, 0 errors
[2025-12-02 02:37:13] 📥 RECEIVED FEEDBACK | Customer: CUST_006165 | Bought: False
[2025-12-02 02:37:13] Buffer size: 1/5
[2025-12-02 02:37:13] 📥 RECEIVED FEEDBACK | Customer: CUST_002494 | Bought: False
[2025-12-02 02:37:13] Buffer size: 2/5
[2025-12-02 02:37:13] 📥 RECEIVED FEEDBACK | Customer: CUST_011186 | Bought: False
[2025-12-02 02:37:13] Buffer size: 3/5
[2025-12-02 02:37:13] 📥 RECEIVED FEEDBACK | Customer: CUST_002694 | Bought: True
[2025-12-02 02:37:13] Buffer size: 4/5
[2025-12-02 02:37:13] 📥 RECEIVED FEEDBACK | Customer: CUST_005587 | Bought: False
[2025-12-02 02:37:13] Buffer size: 5/5
[2025-12-02 02:37:13] 
============================================================
[2025-12-02 02:37:13] 🔄 Processing batch of 5 feedback points
[2025-12-02 02:37:13] ============================================================
[2025-12-02 02:37:13] ✗ NEGATIVE | Customer: CUST_006165 | Cluster: 0 | Score: 4.59 | Update #342
[2025-12-02 02:37:13] ✗ NEGATIVE | Customer: CUST_002494 | Cluster: 7 | Score: -1.94 | Update #343
[2025-12-02 02:37:13] ✗ NEGATIVE | Customer: CUST_011186 | Cluster: 0 | Score: 5.61 | Update #344
[2025-12-02 02:37:13] ✓ POSITIVE | Customer: CUST_002694 | Cluster: 7 | Score: 1.06 | Update #345
[2025-12-02 02:37:13] ✗ NEGATIVE | Customer: CUST_005587 | Cluster: 5 | Score: 1.81 | Update #346
[2025-12-02 02:37:13] 
💾 Saving model after 346 updates...
[2025-12-02 02:37:13] ✓ Model saved to /home/crazy_warlord/TargettedCalling/Persistence/model_car.json
[2025-12-02 02:37:13] ✓ Current state: Components=8, Positive=106, Negative=240

[2025-12-02 02:37:13] ✓ Batch complete: 5 updates, 0 errors
[2025-12-02 02:37:13] 📥 RECEIVED FEEDBACK | Customer: CUST_000236 | Bought: False
[2025-12-02 02:37:13] Buffer size: 1/5
[2025-12-02 02:37:13] 📥 RECEIVED FEEDBACK | Customer: CUST_000632 | Bought: False
[2025-12-02 02:37:13] Buffer size: 2/5
[2025-12-02 02:37:13] 📥 RECEIVED FEEDBACK | Customer: CUST_002422 | Bought: False
[2025-12-02 02:37:13] Buffer size: 3/5
[2025-12-02 02:37:13] 📥 RECEIVED FEEDBACK | Customer: CUST_000259 | Bought: True
[2025-12-02 02:37:13] Buffer size: 4/5
[2025-12-02 02:37:13] 📥 RECEIVED FEEDBACK | Customer: CUST_011182 | Bought: False
[2025-12-02 02:37:13] Buffer size: 5/5
[2025-12-02 02:37:13] 
============================================================
[2025-12-02 02:37:13] 🔄 Processing batch of 5 feedback points
[2025-12-02 02:37:13] ============================================================
[2025-12-02 02:37:13] ✗ NEGATIVE | Customer: CUST_000236 | Cluster: 1 | Score: 2.91 | Update #347
[2025-12-02 02:37:13] ✗ NEGATIVE | Customer: CUST_000632 | Cluster: 3 | Score: 0.48 | Update #348
[2025-12-02 02:37:13] ✗ NEGATIVE | Customer: CUST_002422 | Cluster: 7 | Score: 1.26 | Update #349
[2025-12-02 02:37:13] ✓ POSITIVE | Customer: CUST_000259 | Cluster: 4 | Score: -0.15 | Update #350
[2025-12-02 02:37:13] ✗ NEGATIVE | Customer: CUST_011182 | Cluster: 0 | Score: 5.04 | Update #351
[2025-12-02 02:37:14] 
💾 Saving model after 351 updates...
[2025-12-02 02:37:14] ✓ Model saved to /home/crazy_warlord/TargettedCalling/Persistence/model_car.json
[2025-12-02 02:37:14] ✓ Current state: Components=8, Positive=107, Negative=244

[2025-12-02 02:37:14] ✓ Batch complete: 5 updates, 0 errors
[2025-12-02 02:37:14] 📥 RECEIVED FEEDBACK | Customer: CUST_011191 | Bought: False
[2025-12-02 02:37:14] Buffer size: 1/5
[2025-12-02 02:37:14] 📥 RECEIVED FEEDBACK | Customer: CUST_011654 | Bought: True
[2025-12-02 02:37:14] Buffer size: 2/5
[2025-12-02 02:37:14] 📥 RECEIVED FEEDBACK | Customer: CUST_009054 | Bought: False
[2025-12-02 02:37:14] Buffer size: 3/5
[2025-12-02 02:37:14] 📥 RECEIVED FEEDBACK | Customer: CUST_002494 | Bought: False
[2025-12-02 02:37:14] Buffer size: 4/5
[2025-12-02 02:37:14] 📥 RECEIVED FEEDBACK | Customer: CUST_002680 | Bought: False
[2025-12-02 02:37:14] Buffer size: 5/5
[2025-12-02 02:37:14] 
============================================================
[2025-12-02 02:37:14] 🔄 Processing batch of 5 feedback points
[2025-12-02 02:37:14] ============================================================
[2025-12-02 02:37:14] ✗ NEGATIVE | Customer: CUST_011191 | Cluster: 5 | Score: 1.96 | Update #352
[2025-12-02 02:37:14] ✓ POSITIVE | Customer: CUST_011654 | Cluster: 6 | Score: 6.04 | Update #353
[2025-12-02 02:37:14] ✗ NEGATIVE | Customer: CUST_009054 | Cluster: 4 | Score: -0.66 | Update #354
[2025-12-02 02:37:14] ✗ NEGATIVE | Customer: CUST_002494 | Cluster: 7 | Score: -1.60 | Update #355
[2025-12-02 02:37:14] ✗ NEGATIVE | Customer: CUST_002680 | Cluster: 1 | Score: 3.49 | Update #356
[2025-12-02 02:37:14] 
💾 Saving model after 356 updates...
[2025-12-02 02:37:14] ✓ Model saved to /home/crazy_warlord/TargettedCalling/Persistence/model_car.json
[2025-12-02 02:37:14] ✓ Current state: Components=8, Positive=108, Negative=248

[2025-12-02 02:37:14] ✓ Batch complete: 5 updates, 0 errors
[2025-12-02 02:37:14] 📥 RECEIVED FEEDBACK | Customer: CUST_009063 | Bought: False
[2025-12-02 02:37:14] Buffer size: 1/5
[2025-12-02 02:37:14] 📥 RECEIVED FEEDBACK | Customer: CUST_005123 | Bought: False
[2025-12-02 02:37:14] Buffer size: 2/5
[2025-12-02 02:37:14] 📥 RECEIVED FEEDBACK | Customer: CUST_009457 | Bought: True
[2025-12-02 02:37:14] Buffer size: 3/5
[2025-12-02 02:37:14] 📥 RECEIVED FEEDBACK | Customer: CUST_009457 | Bought: False
[2025-12-02 02:37:14] Buffer size: 4/5
[2025-12-02 02:37:14] 📥 RECEIVED FEEDBACK | Customer: CUST_005123 | Bought: True
[2025-12-02 02:37:14] Buffer size: 5/5
[2025-12-02 02:37:14] 
============================================================
[2025-12-02 02:37:14] 🔄 Processing batch of 5 feedback points
[2025-12-02 02:37:14] ============================================================
[2025-12-02 02:37:14] ✗ NEGATIVE | Customer: CUST_009063 | Cluster: 6 | Score: 3.93 | Update #357
[2025-12-02 02:37:14] ✗ NEGATIVE | Customer: CUST_005123 | Cluster: 7 | Score: -2.52 | Update #358
[2025-12-02 02:37:14] ✓ POSITIVE | Customer: CUST_009457 | Cluster: 4 | Score: 3.17 | Update #359
[2025-12-02 02:37:14] ✗ NEGATIVE | Customer: CUST_009457 | Cluster: 4 | Score: 3.55 | Update #360
[2025-12-02 02:37:14] ✓ POSITIVE | Customer: CUST_005123 | Cluster: 7 | Score: -2.52 | Update #361
[2025-12-02 02:37:14] 
💾 Saving model after 361 updates...
[2025-12-02 02:37:14] ✓ Model saved to /home/crazy_warlord/TargettedCalling/Persistence/model_car.json
[2025-12-02 02:37:14] ✓ Current state: Components=8, Positive=110, Negative=251

[2025-12-02 02:37:14] ✓ Batch complete: 5 updates, 0 errors
[2025-12-02 02:37:14] 📥 RECEIVED FEEDBACK | Customer: CUST_011262 | Bought: False
[2025-12-02 02:37:14] Buffer size: 1/5
[2025-12-02 02:37:14] 📥 RECEIVED FEEDBACK | Customer: CUST_009616 | Bought: True
[2025-12-02 02:37:14] Buffer size: 2/5
[2025-12-02 02:37:14] 📥 RECEIVED FEEDBACK | Customer: CUST_002635 | Bought: True
[2025-12-02 02:37:14] Buffer size: 3/5
[2025-12-02 02:37:14] 📥 RECEIVED FEEDBACK | Customer: CUST_002512 | Bought: False
[2025-12-02 02:37:14] Buffer size: 4/5
[2025-12-02 02:37:14] 📥 RECEIVED FEEDBACK | Customer: CUST_002574 | Bought: False
[2025-12-02 02:37:14] Buffer size: 5/5
[2025-12-02 02:37:14] 
============================================================
[2025-12-02 02:37:14] 🔄 Processing batch of 5 feedback points
[2025-12-02 02:37:14] ============================================================
[2025-12-02 02:37:14] ✗ NEGATIVE | Customer: CUST_011262 | Cluster: 1 | Score: 0.42 | Update #362
[2025-12-02 02:37:14] ✓ POSITIVE | Customer: CUST_009616 | Cluster: 7 | Score: 0.42 | Update #363
[2025-12-02 02:37:14] ✓ POSITIVE | Customer: CUST_002635 | Cluster: 7 | Score: -3.03 | Update #364
[2025-12-02 02:37:14] ✗ NEGATIVE | Customer: CUST_002512 | Cluster: 1 | Score: 1.39 | Update #365
[2025-12-02 02:37:14] ✗ NEGATIVE | Customer: CUST_002574 | Cluster: 7 | Score: -1.45 | Update #366
[2025-12-02 02:37:14] 
💾 Saving model after 366 updates...
[2025-12-02 02:37:14] ✓ Model saved to /home/crazy_warlord/TargettedCalling/Persistence/model_car.json
[2025-12-02 02:37:14] ✓ Current state: Components=8, Positive=112, Negative=254

[2025-12-02 02:37:15] ✓ Batch complete: 5 updates, 0 errors
[2025-12-02 02:37:15] 📥 RECEIVED FEEDBACK | Customer: CUST_002051 | Bought: True
[2025-12-02 02:37:15] Buffer size: 1/5
[2025-12-02 02:37:15] 📥 RECEIVED FEEDBACK | Customer: CUST_002784 | Bought: False
[2025-12-02 02:37:15] Buffer size: 2/5
[2025-12-02 02:37:15] 📥 RECEIVED FEEDBACK | Customer: CUST_002118 | Bought: False
[2025-12-02 02:37:15] Buffer size: 3/5
[2025-12-02 02:37:15] 📥 RECEIVED FEEDBACK | Customer: CUST_002144 | Bought: False
[2025-12-02 02:37:15] Buffer size: 4/5
[2025-12-02 02:37:15] 📥 RECEIVED FEEDBACK | Customer: CUST_002740 | Bought: False
[2025-12-02 02:37:15] Buffer size: 5/5
[2025-12-02 02:37:15] 
============================================================
[2025-12-02 02:37:15] 🔄 Processing batch of 5 feedback points
[2025-12-02 02:37:15] ============================================================
[2025-12-02 02:37:15] ✓ POSITIVE | Customer: CUST_002051 | Cluster: 4 | Score: 2.55 | Update #367
[2025-12-02 02:37:15] ✗ NEGATIVE | Customer: CUST_002784 | Cluster: 3 | Score: -6.84 | Update #368
[2025-12-02 02:37:15] ✗ NEGATIVE | Customer: CUST_002118 | Cluster: 1 | Score: -3.93 | Update #369
[2025-12-02 02:37:15] ✗ NEGATIVE | Customer: CUST_002144 | Cluster: 5 | Score: 2.47 | Update #370
[2025-12-02 02:37:15] ✗ NEGATIVE | Customer: CUST_002740 | Cluster: 4 | Score: 3.10 | Update #371
[2025-12-02 02:37:15] 
💾 Saving model after 371 updates...
[2025-12-02 02:37:15] ✓ Model saved to /home/crazy_warlord/TargettedCalling/Persistence/model_car.json
[2025-12-02 02:37:15] ✓ Current state: Components=8, Positive=113, Negative=258

[2025-12-02 02:37:15] ✓ Batch complete: 5 updates, 0 errors
[2025-12-02 02:37:15] 📥 RECEIVED FEEDBACK | Customer: CUST_009652 | Bought: False
[2025-12-02 02:37:15] Buffer size: 1/5
[2025-12-02 02:37:15] 📥 RECEIVED FEEDBACK | Customer: CUST_003005 | Bought: True
[2025-12-02 02:37:15] Buffer size: 2/5
[2025-12-02 02:37:15] 📥 RECEIVED FEEDBACK | Customer: CUST_002567 | Bought: False
[2025-12-02 02:37:15] Buffer size: 3/5
[2025-12-02 02:37:15] 📥 RECEIVED FEEDBACK | Customer: CUST_000137 | Bought: False
[2025-12-02 02:37:15] Buffer size: 4/5
[2025-12-02 02:37:15] 📥 RECEIVED FEEDBACK | Customer: CUST_002835 | Bought: False
[2025-12-02 02:37:15] Buffer size: 5/5
[2025-12-02 02:37:15] 
============================================================
[2025-12-02 02:37:15] 🔄 Processing batch of 5 feedback points
[2025-12-02 02:37:15] ============================================================
[2025-12-02 02:37:15] ✗ NEGATIVE | Customer: CUST_009652 | Cluster: 7 | Score: 1.51 | Update #372
[2025-12-02 02:37:15] ✓ POSITIVE | Customer: CUST_003005 | Cluster: 3 | Score: 3.00 | Update #373
[2025-12-02 02:37:15] ✗ NEGATIVE | Customer: CUST_002567 | Cluster: 5 | Score: 2.40 | Update #374
[2025-12-02 02:37:15] ✗ NEGATIVE | Customer: CUST_000137 | Cluster: 1 | Score: -0.27 | Update #375
[2025-12-02 02:37:15] ✗ NEGATIVE | Customer: CUST_002835 | Cluster: 2 | Score: 0.53 | Update #376
[2025-12-02 02:37:15] 
💾 Saving model after 376 updates...
[2025-12-02 02:37:15] ✓ Model saved to /home/crazy_warlord/TargettedCalling/Persistence/model_car.json
[2025-12-02 02:37:15] ✓ Current state: Components=8, Positive=114, Negative=262

[2025-12-02 02:37:15] ✓ Batch complete: 5 updates, 0 errors
[2025-12-02 02:37:15] 📥 RECEIVED FEEDBACK | Customer: CUST_002567 | Bought: True
[2025-12-02 02:37:15] Buffer size: 1/5
[2025-12-02 02:37:15] 📥 RECEIVED FEEDBACK | Customer: CUST_002126 | Bought: False
[2025-12-02 02:37:15] Buffer size: 2/5
[2025-12-02 02:37:15] 📥 RECEIVED FEEDBACK | Customer: CUST_005447 | Bought: False
[2025-12-02 02:37:15] Buffer size: 3/5
[2025-12-02 02:37:15] 📥 RECEIVED FEEDBACK | Customer: CUST_000139 | Bought: True
[2025-12-02 02:37:15] Buffer size: 4/5
[2025-12-02 02:37:15] 📥 RECEIVED FEEDBACK | Customer: CUST_005773 | Bought: False
[2025-12-02 02:37:15] Buffer size: 5/5
[2025-12-02 02:37:15] 
============================================================
[2025-12-02 02:37:15] 🔄 Processing batch of 5 feedback points
[2025-12-02 02:37:15] ============================================================
[2025-12-02 02:37:15] ✓ POSITIVE | Customer: CUST_002567 | Cluster: 5 | Score: 2.40 | Update #377
[2025-12-02 02:37:15] ✗ NEGATIVE | Customer: CUST_002126 | Cluster: 1 | Score: 2.80 | Update #378
[2025-12-02 02:37:15] ✗ NEGATIVE | Customer: CUST_005447 | Cluster: 4 | Score: -2.13 | Update #379
[2025-12-02 02:37:15] ✓ POSITIVE | Customer: CUST_000139 | Cluster: 0 | Score: 5.07 | Update #380
[2025-12-02 02:37:15] ✗ NEGATIVE | Customer: CUST_005773 | Cluster: 3 | Score: 0.79 | Update #381
[2025-12-02 02:37:15] 
💾 Saving model after 381 updates...
[2025-12-02 02:37:15] ✓ Model saved to /home/crazy_warlord/TargettedCalling/Persistence/model_car.json
[2025-12-02 02:37:15] ✓ Current state: Components=8, Positive=116, Negative=265

[2025-12-02 02:37:15] ✓ Batch complete: 5 updates, 0 errors
[2025-12-02 02:37:15] 📥 RECEIVED FEEDBACK | Customer: CUST_011477 | Bought: False
[2025-12-02 02:37:15] Buffer size: 1/5
[2025-12-02 02:37:15] 📥 RECEIVED FEEDBACK | Customer: CUST_002963 | Bought: False
[2025-12-02 02:37:15] Buffer size: 2/5
[2025-12-02 02:37:15] 📥 RECEIVED FEEDBACK | Customer: CUST_006066 | Bought: True
[2025-12-02 02:37:15] Buffer size: 3/5
[2025-12-02 02:37:16] 📥 RECEIVED FEEDBACK | Customer: CUST_005912 | Bought: True
[2025-12-02 02:37:16] Buffer size: 4/5
[2025-12-02 02:37:16] 📥 RECEIVED FEEDBACK | Customer: CUST_009455 | Bought: False
[2025-12-02 02:37:16] Buffer size: 5/5
[2025-12-02 02:37:16] 
============================================================
[2025-12-02 02:37:16] 🔄 Processing batch of 5 feedback points
[2025-12-02 02:37:16] ============================================================
[2025-12-02 02:37:16] ✗ NEGATIVE | Customer: CUST_011477 | Cluster: 4 | Score: 0.79 | Update #382
[2025-12-02 02:37:16] ✗ NEGATIVE | Customer: CUST_002963 | Cluster: 7 | Score: 1.53 | Update #383
[2025-12-02 02:37:16] ✓ POSITIVE | Customer: CUST_006066 | Cluster: 7 | Score: 1.11 | Update #384
[2025-12-02 02:37:16] ✓ POSITIVE | Customer: CUST_005912 | Cluster: 4 | Score: 0.90 | Update #385
[2025-12-02 02:37:16] ✗ NEGATIVE | Customer: CUST_009455 | Cluster: 2 | Score: -2.74 | Update #386
[2025-12-02 02:37:16] 
💾 Saving model after 386 updates...
[2025-12-02 02:37:16] ✓ Model saved to /home/crazy_warlord/TargettedCalling/Persistence/model_car.json
[2025-12-02 02:37:16] ✓ Current state: Components=8, Positive=118, Negative=268

[2025-12-02 02:37:16] ✓ Batch complete: 5 updates, 0 errors
[2025-12-02 02:37:16] 📥 RECEIVED FEEDBACK | Customer: CUST_005537 | Bought: True
[2025-12-02 02:37:16] Buffer size: 1/5
[2025-12-02 02:37:16] 📥 RECEIVED FEEDBACK | Customer: CUST_005089 | Bought: False
[2025-12-02 02:37:16] Buffer size: 2/5
[2025-12-02 02:37:16] 📥 RECEIVED FEEDBACK | Customer: CUST_009359 | Bought: True
[2025-12-02 02:37:16] Buffer size: 3/5
[2025-12-02 02:37:16] 📥 RECEIVED FEEDBACK | Customer: CUST_006092 | Bought: False
[2025-12-02 02:37:16] Buffer size: 4/5
[2025-12-02 02:37:16] 📥 RECEIVED FEEDBACK | Customer: CUST_002536 | Bought: True
[2025-12-02 02:37:16] Buffer size: 5/5
[2025-12-02 02:37:16] 
============================================================
[2025-12-02 02:37:16] 🔄 Processing batch of 5 feedback points
[2025-12-02 02:37:16] ============================================================
[2025-12-02 02:37:16] ✓ POSITIVE | Customer: CUST_005537 | Cluster: 4 | Score: 2.26 | Update #387
[2025-12-02 02:37:16] ✗ NEGATIVE | Customer: CUST_005089 | Cluster: 6 | Score: 4.12 | Update #388
[2025-12-02 02:37:16] ✓ POSITIVE | Customer: CUST_009359 | Cluster: 5 | Score: 2.06 | Update #389
[2025-12-02 02:37:16] ✗ NEGATIVE | Customer: CUST_006092 | Cluster: 6 | Score: 3.37 | Update #390
[2025-12-02 02:37:16] ✓ POSITIVE | Customer: CUST_002536 | Cluster: 7 | Score: 3.40 | Update #391
[2025-12-02 02:37:16] 
💾 Saving model after 391 updates...
[2025-12-02 02:37:16] ✓ Model saved to /home/crazy_warlord/TargettedCalling/Persistence/model_car.json
[2025-12-02 02:37:16] ✓ Current state: Components=8, Positive=121, Negative=270

[2025-12-02 02:37:16] ✓ Batch complete: 5 updates, 0 errors
[2025-12-02 02:37:16] 📥 RECEIVED FEEDBACK | Customer: CUST_009278 | Bought: False
[2025-12-02 02:37:16] Buffer size: 1/5
[2025-12-02 02:37:16] 📥 RECEIVED FEEDBACK | Customer: CUST_002118 | Bought: False
[2025-12-02 02:37:16] Buffer size: 2/5
[2025-12-02 02:37:16] 📥 RECEIVED FEEDBACK | Customer: CUST_002790 | Bought: False
[2025-12-02 02:37:16] Buffer size: 3/5
[2025-12-02 02:37:16] 📥 RECEIVED FEEDBACK | Customer: CUST_006098 | Bought: True
[2025-12-02 02:37:16] Buffer size: 4/5
[2025-12-02 02:37:16] 📥 RECEIVED FEEDBACK | Customer: CUST_011262 | Bought: True
[2025-12-02 02:37:16] Buffer size: 5/5
[2025-12-02 02:37:16] 
============================================================
[2025-12-02 02:37:16] 🔄 Processing batch of 5 feedback points
[2025-12-02 02:37:16] ============================================================
[2025-12-02 02:37:16] ✗ NEGATIVE | Customer: CUST_009278 | Cluster: 3 | Score: -3.98 | Update #392
[2025-12-02 02:37:16] ✗ NEGATIVE | Customer: CUST_002118 | Cluster: 1 | Score: -3.93 | Update #393
[2025-12-02 02:37:16] ✗ NEGATIVE | Customer: CUST_002790 | Cluster: 5 | Score: -1.84 | Update #394
[2025-12-02 02:37:16] ✓ POSITIVE | Customer: CUST_006098 | Cluster: 0 | Score: 4.43 | Update #395
[2025-12-02 02:37:16] ✓ POSITIVE | Customer: CUST_011262 | Cluster: 1 | Score: 0.42 | Update #396
[2025-12-02 02:37:16] 
💾 Saving model after 396 updates...
[2025-12-02 02:37:16] ✓ Model saved to /home/crazy_warlord/TargettedCalling/Persistence/model_car.json
[2025-12-02 02:37:16] ✓ Current state: Components=8, Positive=123, Negative=273

[2025-12-02 02:37:16] ✓ Batch complete: 5 updates, 0 errors
[2025-12-02 02:37:16] 📥 RECEIVED FEEDBACK | Customer: CUST_009455 | Bought: True
[2025-12-02 02:37:16] Buffer size: 1/5
[2025-12-02 02:37:16] 📥 RECEIVED FEEDBACK | Customer: CUST_011698 | Bought: False
[2025-12-02 02:37:16] Buffer size: 2/5
[2025-12-02 02:37:16] 📥 RECEIVED FEEDBACK | Customer: CUST_011191 | Bought: False
[2025-12-02 02:37:16] Buffer size: 3/5
[2025-12-02 02:37:16] 📥 RECEIVED FEEDBACK | Customer: CUST_011698 | Bought: False
[2025-12-02 02:37:16] Buffer size: 4/5
[2025-12-02 02:37:16] 📥 RECEIVED FEEDBACK | Customer: CUST_009499 | Bought: False
[2025-12-02 02:37:16] Buffer size: 5/5
[2025-12-02 02:37:16] 
============================================================
[2025-12-02 02:37:17] 🔄 Processing batch of 5 feedback points
[2025-12-02 02:37:17] ============================================================
[2025-12-02 02:37:17] ✓ POSITIVE | Customer: CUST_009455 | Cluster: 2 | Score: -2.74 | Update #397
[2025-12-02 02:37:17] ✗ NEGATIVE | Customer: CUST_011698 | Cluster: 0 | Score: 5.01 | Update #398
[2025-12-02 02:37:17] ✗ NEGATIVE | Customer: CUST_011191 | Cluster: 5 | Score: 1.86 | Update #399
[2025-12-02 02:37:17] ✗ NEGATIVE | Customer: CUST_011698 | Cluster: 0 | Score: 5.01 | Update #400
[2025-12-02 02:37:17] ✗ NEGATIVE | Customer: CUST_009499 | Cluster: 4 | Score: -0.51 | Update #401
[2025-12-02 02:37:17] 
💾 Saving model after 401 updates...
[2025-12-02 02:37:17] ✓ Model saved to /home/crazy_warlord/TargettedCalling/Persistence/model_car.json
[2025-12-02 02:37:17] ✓ Current state: Components=8, Positive=124, Negative=277

[2025-12-02 02:37:17] ✓ Batch complete: 5 updates, 0 errors
[2025-12-02 02:37:17] 📥 RECEIVED FEEDBACK | Customer: CUST_011429 | Bought: False
[2025-12-02 02:37:17] Buffer size: 1/5
[2025-12-02 02:37:17] 📥 RECEIVED FEEDBACK | Customer: CUST_002144 | Bought: False
[2025-12-02 02:37:17] Buffer size: 2/5
[2025-12-02 02:37:17] 📥 RECEIVED FEEDBACK | Customer: CUST_011364 | Bought: False
[2025-12-02 02:37:17] Buffer size: 3/5
[2025-12-02 02:37:17] 📥 RECEIVED FEEDBACK | Customer: CUST_005193 | Bought: False
[2025-12-02 02:37:17] Buffer size: 4/5
[2025-12-02 02:37:17] 📥 RECEIVED FEEDBACK | Customer: CUST_009591 | Bought: True
[2025-12-02 02:37:17] Buffer size: 5/5
[2025-12-02 02:37:17] 
============================================================
[2025-12-02 02:37:17] 🔄 Processing batch of 5 feedback points
[2025-12-02 02:37:17] ============================================================
[2025-12-02 02:37:17] ✗ NEGATIVE | Customer: CUST_011429 | Cluster: 7 | Score: -0.23 | Update #402
[2025-12-02 02:37:17] ✗ NEGATIVE | Customer: CUST_002144 | Cluster: 5 | Score: 2.39 | Update #403
[2025-12-02 02:37:17] ✗ NEGATIVE | Customer: CUST_011364 | Cluster: 5 | Score: 2.84 | Update #404
[2025-12-02 02:37:17] ✗ NEGATIVE | Customer: CUST_005193 | Cluster: 3 | Score: 1.40 | Update #405
[2025-12-02 02:37:17] ✓ POSITIVE | Customer: CUST_009591 | Cluster: 3 | Score: 0.98 | Update #406
[2025-12-02 02:37:17] 
💾 Saving model after 406 updates...
[2025-12-02 02:37:17] ✓ Model saved to /home/crazy_warlord/TargettedCalling/Persistence/model_car.json
[2025-12-02 02:37:17] ✓ Current state: Components=8, Positive=125, Negative=281

[2025-12-02 02:37:17] ✓ Batch complete: 5 updates, 0 errors
[2025-12-02 02:37:17] 📥 RECEIVED FEEDBACK | Customer: CUST_009236 | Bought: False
[2025-12-02 02:37:17] Buffer size: 1/5
[2025-12-02 02:37:17] 📥 RECEIVED FEEDBACK | Customer: CUST_009556 | Bought: False
[2025-12-02 02:37:17] Buffer size: 2/5
[2025-12-02 02:37:17] 📥 RECEIVED FEEDBACK | Customer: CUST_005928 | Bought: False
[2025-12-02 02:37:17] Buffer size: 3/5
[2025-12-02 02:37:17] 📥 RECEIVED FEEDBACK | Customer: CUST_011420 | Bought: False
[2025-12-02 02:37:17] Buffer size: 4/5
[2025-12-02 02:37:17] 📥 RECEIVED FEEDBACK | Customer: CUST_002144 | Bought: False
[2025-12-02 02:37:17] Buffer size: 5/5
[2025-12-02 02:37:17] 
============================================================
[2025-12-02 02:37:17] 🔄 Processing batch of 5 feedback points
[2025-12-02 02:37:17] ============================================================
[2025-12-02 02:37:17] ✗ NEGATIVE | Customer: CUST_009236 | Cluster: 5 | Score: 1.86 | Update #407
[2025-12-02 02:37:17] ✗ NEGATIVE | Customer: CUST_009556 | Cluster: 0 | Score: 1.41 | Update #408
[2025-12-02 02:37:17] ✗ NEGATIVE | Customer: CUST_005928 | Cluster: 5 | Score: 1.77 | Update #409
[2025-12-02 02:37:17] ✗ NEGATIVE | Customer: CUST_011420 | Cluster: 3 | Score: 0.35 | Update #410
[2025-12-02 02:37:17] ✗ NEGATIVE | Customer: CUST_002144 | Cluster: 5 | Score: 2.39 | Update #411
[2025-12-02 02:37:17] 
💾 Saving model after 411 updates...
[2025-12-02 02:37:17] ✓ Model saved to /home/crazy_warlord/TargettedCalling/Persistence/model_car.json
[2025-12-02 02:37:17] ✓ Current state: Components=8, Positive=125, Negative=286

[2025-12-02 02:37:17] ✓ Batch complete: 5 updates, 0 errors
[2025-12-02 02:37:17] 📥 RECEIVED FEEDBACK | Customer: CUST_002279 | Bought: False
[2025-12-02 02:37:17] Buffer size: 1/5
[2025-12-02 02:37:17] 📥 RECEIVED FEEDBACK | Customer: CUST_008979 | Bought: False
[2025-12-02 02:37:17] Buffer size: 2/5
[2025-12-02 02:37:17] 📥 RECEIVED FEEDBACK | Customer: CUST_009251 | Bought: True
[2025-12-02 02:37:17] Buffer size: 3/5
[2025-12-02 02:37:17] 📥 RECEIVED FEEDBACK | Customer: CUST_005725 | Bought: False
[2025-12-02 02:37:17] Buffer size: 4/5
[2025-12-02 02:37:17] 📥 RECEIVED FEEDBACK | Customer: CUST_005725 | Bought: False
[2025-12-02 02:37:17] Buffer size: 5/5
[2025-12-02 02:37:17] 
============================================================
[2025-12-02 02:37:17] 🔄 Processing batch of 5 feedback points
[2025-12-02 02:37:17] ============================================================
[2025-12-02 02:37:17] ✗ NEGATIVE | Customer: CUST_002279 | Cluster: 7 | Score: -5.96 | Update #412
[2025-12-02 02:37:18] ✗ NEGATIVE | Customer: CUST_008979 | Cluster: 7 | Score: -1.33 | Update #413
[2025-12-02 02:37:18] ✓ POSITIVE | Customer: CUST_009251 | Cluster: 7 | Score: -0.41 | Update #414
[2025-12-02 02:37:18] ✗ NEGATIVE | Customer: CUST_005725 | Cluster: 0 | Score: -4.40 | Update #415
[2025-12-02 02:37:18] ✗ NEGATIVE | Customer: CUST_005725 | Cluster: 0 | Score: -4.40 | Update #416
[2025-12-02 02:37:18] 
💾 Saving model after 416 updates...
[2025-12-02 02:37:18] ✓ Model saved to /home/crazy_warlord/TargettedCalling/Persistence/model_car.json
[2025-12-02 02:37:18] ✓ Current state: Components=8, Positive=126, Negative=290

[2025-12-02 02:37:18] ✓ Batch complete: 5 updates, 0 errors
[2025-12-02 02:37:18] 📥 RECEIVED FEEDBACK | Customer: CUST_005773 | Bought: False
[2025-12-02 02:37:18] Buffer size: 1/5
[2025-12-02 02:37:18] 📥 RECEIVED FEEDBACK | Customer: CUST_005284 | Bought: False
[2025-12-02 02:37:18] Buffer size: 2/5
[2025-12-02 02:37:18] 📥 RECEIVED FEEDBACK | Customer: CUST_002512 | Bought: False
[2025-12-02 02:37:18] Buffer size: 3/5
[2025-12-02 02:37:18] 📥 RECEIVED FEEDBACK | Customer: CUST_009109 | Bought: True
[2025-12-02 02:37:18] Buffer size: 4/5
[2025-12-02 02:37:18] 📥 RECEIVED FEEDBACK | Customer: CUST_006066 | Bought: True
[2025-12-02 02:37:18] Buffer size: 5/5
[2025-12-02 02:37:18] 
============================================================
[2025-12-02 02:37:18] 🔄 Processing batch of 5 feedback points
[2025-12-02 02:37:18] ============================================================
[2025-12-02 02:37:18] ✗ NEGATIVE | Customer: CUST_005773 | Cluster: 3 | Score: 0.65 | Update #417
[2025-12-02 02:37:18] ✗ NEGATIVE | Customer: CUST_005284 | Cluster: 4 | Score: 1.18 | Update #418
[2025-12-02 02:37:18] ✗ NEGATIVE | Customer: CUST_002512 | Cluster: 1 | Score: 1.18 | Update #419
[2025-12-02 02:37:18] ✓ POSITIVE | Customer: CUST_009109 | Cluster: 7 | Score: 2.31 | Update #420
[2025-12-02 02:37:18] ✓ POSITIVE | Customer: CUST_006066 | Cluster: 7 | Score: 1.76 | Update #421
[2025-12-02 02:37:18] 
💾 Saving model after 421 updates...
[2025-12-02 02:37:18] ✓ Model saved to /home/crazy_warlord/TargettedCalling/Persistence/model_car.json
[2025-12-02 02:37:18] ✓ Current state: Components=8, Positive=128, Negative=293

[2025-12-02 02:37:18] ✓ Batch complete: 5 updates, 0 errors
[2025-12-02 02:37:18] 📥 RECEIVED FEEDBACK | Customer: CUST_002659 | Bought: False
[2025-12-02 02:37:18] Buffer size: 1/5
[2025-12-02 02:37:18] 📥 RECEIVED FEEDBACK | Customer: CUST_006037 | Bought: False
[2025-12-02 02:37:18] Buffer size: 2/5
[2025-12-02 02:37:18] 📥 RECEIVED FEEDBACK | Customer: CUST_000137 | Bought: False
[2025-12-02 02:37:18] Buffer size: 3/5
[2025-12-02 02:37:18] 📥 RECEIVED FEEDBACK | Customer: CUST_002220 | Bought: True
[2025-12-02 02:37:18] Buffer size: 4/5
[2025-12-02 02:37:18] 📥 RECEIVED FEEDBACK | Customer: CUST_006035 | Bought: True
[2025-12-02 02:37:18] Buffer size: 5/5
[2025-12-02 02:37:18] 
============================================================
[2025-12-02 02:37:18] 🔄 Processing batch of 5 feedback points
[2025-12-02 02:37:18] ============================================================
[2025-12-02 02:37:18] ✗ NEGATIVE | Customer: CUST_002659 | Cluster: 7 | Score: -6.39 | Update #422
[2025-12-02 02:37:18] ✗ NEGATIVE | Customer: CUST_006037 | Cluster: 4 | Score: 3.47 | Update #423
[2025-12-02 02:37:18] ✗ NEGATIVE | Customer: CUST_000137 | Cluster: 1 | Score: -0.58 | Update #424
[2025-12-02 02:37:18] ✓ POSITIVE | Customer: CUST_002220 | Cluster: 3 | Score: 0.98 | Update #425
[2025-12-02 02:37:18] ✓ POSITIVE | Customer: CUST_006035 | Cluster: 5 | Score: 2.42 | Update #426
[2025-12-02 02:37:18] 
💾 Saving model after 426 updates...
[2025-12-02 02:37:18] ✓ Model saved to /home/crazy_warlord/TargettedCalling/Persistence/model_car.json
[2025-12-02 02:37:18] ✓ Current state: Components=8, Positive=130, Negative=296

[2025-12-02 02:37:18] ✓ Batch complete: 5 updates, 0 errors
[2025-12-02 02:37:18] 📥 RECEIVED FEEDBACK | Customer: CUST_005291 | Bought: False
[2025-12-02 02:37:18] Buffer size: 1/5
[2025-12-02 02:37:18] 📥 RECEIVED FEEDBACK | Customer: CUST_009504 | Bought: True
[2025-12-02 02:37:18] Buffer size: 2/5
[2025-12-02 02:37:18] 📥 RECEIVED FEEDBACK | Customer: CUST_011152 | Bought: False
[2025-12-02 02:37:18] Buffer size: 3/5
[2025-12-02 02:37:18] 📥 RECEIVED FEEDBACK | Customer: CUST_011465 | Bought: False
[2025-12-02 02:37:18] Buffer size: 4/5
[2025-12-02 02:37:18] 📥 RECEIVED FEEDBACK | Customer: CUST_005284 | Bought: False
[2025-12-02 02:37:18] Buffer size: 5/5
[2025-12-02 02:37:18] 
============================================================
[2025-12-02 02:37:18] 🔄 Processing batch of 5 feedback points
[2025-12-02 02:37:18] ============================================================
[2025-12-02 02:37:18] ✗ NEGATIVE | Customer: CUST_005291 | Cluster: 4 | Score: -7.20 | Update #427
[2025-12-02 02:37:18] ✓ POSITIVE | Customer: CUST_009504 | Cluster: 5 | Score: 0.70 | Update #428
[2025-12-02 02:37:18] ✗ NEGATIVE | Customer: CUST_011152 | Cluster: 1 | Score: 1.20 | Update #429
[2025-12-02 02:37:19] ✗ NEGATIVE | Customer: CUST_011465 | Cluster: 5 | Score: 3.33 | Update #430
[2025-12-02 02:37:19] ✗ NEGATIVE | Customer: CUST_005284 | Cluster: 4 | Score: 1.18 | Update #431
[2025-12-02 02:37:19] 
💾 Saving model after 431 updates...
[2025-12-02 02:37:19] ✓ Model saved to /home/crazy_warlord/TargettedCalling/Persistence/model_car.json
[2025-12-02 02:37:19] ✓ Current state: Components=8, Positive=131, Negative=300

[2025-12-02 02:37:19] ✓ Batch complete: 5 updates, 0 errors
[2025-12-02 02:37:19] 📥 RECEIVED FEEDBACK | Customer: CUST_002404 | Bought: True
[2025-12-02 02:37:19] Buffer size: 1/5
[2025-12-02 02:37:19] 📥 RECEIVED FEEDBACK | Customer: CUST_008988 | Bought: False
[2025-12-02 02:37:19] Buffer size: 2/5
[2025-12-02 02:37:19] 📥 RECEIVED FEEDBACK | Customer: CUST_005880 | Bought: True
[2025-12-02 02:37:19] Buffer size: 3/5
[2025-12-02 02:37:19] 📥 RECEIVED FEEDBACK | Customer: CUST_009591 | Bought: False
[2025-12-02 02:37:19] Buffer size: 4/5
[2025-12-02 02:37:19] 📥 RECEIVED FEEDBACK | Customer: CUST_002646 | Bought: False
[2025-12-02 02:37:19] Buffer size: 5/5
[2025-12-02 02:37:19] 
============================================================
[2025-12-02 02:37:19] 🔄 Processing batch of 5 feedback points
[2025-12-02 02:37:19] ============================================================
[2025-12-02 02:37:19] ✓ POSITIVE | Customer: CUST_002404 | Cluster: 3 | Score: -2.04 | Update #432
[2025-12-02 02:37:19] ✗ NEGATIVE | Customer: CUST_008988 | Cluster: 7 | Score: -1.55 | Update #433
[2025-12-02 02:37:19] ✓ POSITIVE | Customer: CUST_005880 | Cluster: 4 | Score: 2.25 | Update #434
[2025-12-02 02:37:19] ✗ NEGATIVE | Customer: CUST_009591 | Cluster: 3 | Score: 1.61 | Update #435
[2025-12-02 02:37:19] ✗ NEGATIVE | Customer: CUST_002646 | Cluster: 0 | Score: 5.47 | Update #436
[2025-12-02 02:37:19] 
💾 Saving model after 436 updates...
[2025-12-02 02:37:19] ✓ Model saved to /home/crazy_warlord/TargettedCalling/Persistence/model_car.json
[2025-12-02 02:37:19] ✓ Current state: Components=8, Positive=133, Negative=303

[2025-12-02 02:37:19] ✓ Batch complete: 5 updates, 0 errors
[2025-12-02 02:37:19] 📥 RECEIVED FEEDBACK | Customer: CUST_005291 | Bought: False
[2025-12-02 02:37:19] Buffer size: 1/5
[2025-12-02 02:37:19] 📥 RECEIVED FEEDBACK | Customer: CUST_005284 | Bought: False
[2025-12-02 02:37:19] Buffer size: 2/5
[2025-12-02 02:37:19] 📥 RECEIVED FEEDBACK | Customer: CUST_000632 | Bought: True
[2025-12-02 02:37:19] Buffer size: 3/5
[2025-12-02 02:37:19] 📥 RECEIVED FEEDBACK | Customer: CUST_006098 | Bought: False
[2025-12-02 02:37:19] Buffer size: 4/5
[2025-12-02 02:37:19] 📥 RECEIVED FEEDBACK | Customer: CUST_009522 | Bought: False
[2025-12-02 02:37:19] Buffer size: 5/5
[2025-12-02 02:37:19] 
============================================================
[2025-12-02 02:37:19] 🔄 Processing batch of 5 feedback points
[2025-12-02 02:37:19] ============================================================
[2025-12-02 02:37:19] ✗ NEGATIVE | Customer: CUST_005291 | Cluster: 4 | Score: -7.70 | Update #437
[2025-12-02 02:37:19] ✗ NEGATIVE | Customer: CUST_005284 | Cluster: 4 | Score: 1.04 | Update #438
[2025-12-02 02:37:19] ✓ POSITIVE | Customer: CUST_000632 | Cluster: 3 | Score: 0.74 | Update #439
[2025-12-02 02:37:19] ✗ NEGATIVE | Customer: CUST_006098 | Cluster: 0 | Score: 5.09 | Update #440
[2025-12-02 02:37:19] ✗ NEGATIVE | Customer: CUST_009522 | Cluster: 4 | Score: 3.67 | Update #441
[2025-12-02 02:37:19] 
💾 Saving model after 441 updates...
[2025-12-02 02:37:19] ✓ Model saved to /home/crazy_warlord/TargettedCalling/Persistence/model_car.json
[2025-12-02 02:37:19] ✓ Current state: Components=8, Positive=134, Negative=307

[2025-12-02 02:37:19] ✓ Batch complete: 5 updates, 0 errors
[2025-12-02 02:37:19] 📥 RECEIVED FEEDBACK | Customer: CUST_005536 | Bought: True
[2025-12-02 02:37:19] Buffer size: 1/5
[2025-12-02 02:37:19] 📥 RECEIVED FEEDBACK | Customer: CUST_000277 | Bought: False
[2025-12-02 02:37:19] Buffer size: 2/5
[2025-12-02 02:37:19] 📥 RECEIVED FEEDBACK | Customer: CUST_003005 | Bought: False
[2025-12-02 02:37:19] Buffer size: 3/5
[2025-12-02 02:37:19] 📥 RECEIVED FEEDBACK | Customer: CUST_006091 | Bought: False
[2025-12-02 02:37:19] Buffer size: 4/5
[2025-12-02 02:37:19] 📥 RECEIVED FEEDBACK | Customer: CUST_009054 | Bought: True
[2025-12-02 02:37:19] Buffer size: 5/5
[2025-12-02 02:37:19] 
============================================================
[2025-12-02 02:37:19] 🔄 Processing batch of 5 feedback points
[2025-12-02 02:37:19] ============================================================
[2025-12-02 02:37:19] ✓ POSITIVE | Customer: CUST_005536 | Cluster: 7 | Score: -2.18 | Update #442
[2025-12-02 02:37:19] ✗ NEGATIVE | Customer: CUST_000277 | Cluster: 7 | Score: 2.46 | Update #443
[2025-12-02 02:37:19] ✗ NEGATIVE | Customer: CUST_003005 | Cluster: 3 | Score: 3.16 | Update #444
[2025-12-02 02:37:19] ✗ NEGATIVE | Customer: CUST_006091 | Cluster: 5 | Score: 1.15 | Update #445
[2025-12-02 02:37:19] ✓ POSITIVE | Customer: CUST_009054 | Cluster: 4 | Score: -0.23 | Update #446
[2025-12-02 02:37:19] 
💾 Saving model after 446 updates...
[2025-12-02 02:37:20] ✓ Model saved to /home/crazy_warlord/TargettedCalling/Persistence/model_car.json
[2025-12-02 02:37:20] ✓ Current state: Components=8, Positive=136, Negative=310

[2025-12-02 02:37:20] ✓ Batch complete: 5 updates, 0 errors
[2025-12-02 02:37:20] 📥 RECEIVED FEEDBACK | Customer: CUST_009324 | Bought: False
[2025-12-02 02:37:20] Buffer size: 1/5
[2025-12-02 02:37:20] 📥 RECEIVED FEEDBACK | Customer: CUST_002258 | Bought: False
[2025-12-02 02:37:20] Buffer size: 2/5
[2025-12-02 02:37:20] 📥 RECEIVED FEEDBACK | Customer: CUST_009499 | Bought: False
[2025-12-02 02:37:20] Buffer size: 3/5
[2025-12-02 02:37:20] 📥 RECEIVED FEEDBACK | Customer: CUST_005880 | Bought: False
[2025-12-02 02:37:20] Buffer size: 4/5
[2025-12-02 02:37:20] 📥 RECEIVED FEEDBACK | Customer: CUST_011420 | Bought: False
[2025-12-02 02:37:20] Buffer size: 5/5
[2025-12-02 02:37:20] 
============================================================
[2025-12-02 02:37:20] 🔄 Processing batch of 5 feedback points
[2025-12-02 02:37:20] ============================================================
[2025-12-02 02:37:20] ✗ NEGATIVE | Customer: CUST_009324 | Cluster: 5 | Score: 0.87 | Update #447
[2025-12-02 02:37:20] ✗ NEGATIVE | Customer: CUST_002258 | Cluster: 7 | Score: 0.28 | Update #448
[2025-12-02 02:37:20] ✗ NEGATIVE | Customer: CUST_009499 | Cluster: 4 | Score: -0.52 | Update #449
[2025-12-02 02:37:20] ✗ NEGATIVE | Customer: CUST_005880 | Cluster: 4 | Score: 2.81 | Update #450
[2025-12-02 02:37:20] ✗ NEGATIVE | Customer: CUST_011420 | Cluster: 3 | Score: 0.19 | Update #451
[2025-12-02 02:37:20] 
💾 Saving model after 451 updates...
[2025-12-02 02:37:20] ✓ Model saved to /home/crazy_warlord/TargettedCalling/Persistence/model_car.json
[2025-12-02 02:37:20] ✓ Current state: Components=8, Positive=136, Negative=315

[2025-12-02 02:37:20] ✓ Batch complete: 5 updates, 0 errors
[2025-12-02 02:37:20] 📥 RECEIVED FEEDBACK | Customer: CUST_005587 | Bought: False
[2025-12-02 02:37:20] Buffer size: 1/5
[2025-12-02 02:37:20] 📥 RECEIVED FEEDBACK | Customer: CUST_005120 | Bought: False
[2025-12-02 02:37:20] Buffer size: 2/5
[2025-12-02 02:37:20] 📥 RECEIVED FEEDBACK | Customer: CUST_011186 | Bought: False
[2025-12-02 02:37:20] Buffer size: 3/5
[2025-12-02 02:37:20] 📥 RECEIVED FEEDBACK | Customer: CUST_006003 | Bought: False
[2025-12-02 02:37:20] Buffer size: 4/5
[2025-12-02 02:37:20] 📥 RECEIVED FEEDBACK | Customer: CUST_011420 | Bought: False
[2025-12-02 02:37:20] Buffer size: 5/5
[2025-12-02 02:37:20] 
============================================================
[2025-12-02 02:37:20] 🔄 Processing batch of 5 feedback points
[2025-12-02 02:37:20] ============================================================
[2025-12-02 02:37:20] ✗ NEGATIVE | Customer: CUST_005587 | Cluster: 5 | Score: 1.40 | Update #452
[2025-12-02 02:37:20] ✗ NEGATIVE | Customer: CUST_005120 | Cluster: 5 | Score: 1.53 | Update #453
[2025-12-02 02:37:20] ✗ NEGATIVE | Customer: CUST_011186 | Cluster: 0 | Score: 5.59 | Update #454
[2025-12-02 02:37:20] ✗ NEGATIVE | Customer: CUST_006003 | Cluster: 5 | Score: 2.80 | Update #455
[2025-12-02 02:37:20] ✗ NEGATIVE | Customer: CUST_011420 | Cluster: 3 | Score: 0.19 | Update #456
[2025-12-02 02:37:20] 
💾 Saving model after 456 updates...
[2025-12-02 02:37:20] ✓ Model saved to /home/crazy_warlord/TargettedCalling/Persistence/model_car.json
[2025-12-02 02:37:20] ✓ Current state: Components=8, Positive=136, Negative=320

[2025-12-02 02:37:20] ✓ Batch complete: 5 updates, 0 errors
[2025-12-02 02:37:20] 📥 RECEIVED FEEDBACK | Customer: CUST_005470 | Bought: False
[2025-12-02 02:37:20] Buffer size: 1/5
[2025-12-02 02:37:20] 📥 RECEIVED FEEDBACK | Customer: CUST_005954 | Bought: True
[2025-12-02 02:37:20] Buffer size: 2/5
[2025-12-02 02:37:20] 📥 RECEIVED FEEDBACK | Customer: CUST_011462 | Bought: False
[2025-12-02 02:37:20] Buffer size: 3/5
[2025-12-02 02:37:20] 📥 RECEIVED FEEDBACK | Customer: CUST_005880 | Bought: False
[2025-12-02 02:37:20] Buffer size: 4/5
[2025-12-02 02:37:20] 📥 RECEIVED FEEDBACK | Customer: CUST_000259 | Bought: False
[2025-12-02 02:37:20] Buffer size: 5/5
[2025-12-02 02:37:20] 
============================================================
[2025-12-02 02:37:20] 🔄 Processing batch of 5 feedback points
[2025-12-02 02:37:20] ============================================================
[2025-12-02 02:37:20] ✗ NEGATIVE | Customer: CUST_005470 | Cluster: 4 | Score: -0.23 | Update #457
[2025-12-02 02:37:20] ✓ POSITIVE | Customer: CUST_005954 | Cluster: 3 | Score: -3.89 | Update #458
[2025-12-02 02:37:20] ✗ NEGATIVE | Customer: CUST_011462 | Cluster: 1 | Score: 2.17 | Update #459
[2025-12-02 02:37:20] ✗ NEGATIVE | Customer: CUST_005880 | Cluster: 4 | Score: 2.81 | Update #460
[2025-12-02 02:37:20] ✗ NEGATIVE | Customer: CUST_000259 | Cluster: 4 | Score: 0.94 | Update #461
[2025-12-02 02:37:20] 
💾 Saving model after 461 updates...
[2025-12-02 02:37:20] ✓ Model saved to /home/crazy_warlord/TargettedCalling/Persistence/model_car.json
[2025-12-02 02:37:20] ✓ Current state: Components=8, Positive=137, Negative=324

[2025-12-02 02:37:20] ✓ Batch complete: 5 updates, 0 errors
[2025-12-02 02:37:20] 📥 RECEIVED FEEDBACK | Customer: CUST_000277 | Bought: False
[2025-12-02 02:37:20] Buffer size: 1/5
[2025-12-02 02:37:20] 📥 RECEIVED FEEDBACK | Customer: CUST_006091 | Bought: False
[2025-12-02 02:37:20] Buffer size: 2/5
[2025-12-02 02:37:21] 📥 RECEIVED FEEDBACK | Customer: CUST_011182 | Bought: False
[2025-12-02 02:37:21] Buffer size: 3/5
[2025-12-02 02:37:21] 📥 RECEIVED FEEDBACK | Customer: CUST_002790 | Bought: False
[2025-12-02 02:37:21] Buffer size: 4/5
[2025-12-02 02:37:21] 📥 RECEIVED FEEDBACK | Customer: CUST_000236 | Bought: False
[2025-12-02 02:37:21] Buffer size: 5/5
[2025-12-02 02:37:21] 
============================================================
[2025-12-02 02:37:21] 🔄 Processing batch of 5 feedback points
[2025-12-02 02:37:21] ============================================================
[2025-12-02 02:37:21] ✗ NEGATIVE | Customer: CUST_000277 | Cluster: 7 | Score: 2.46 | Update #462
[2025-12-02 02:37:21] ✗ NEGATIVE | Customer: CUST_006091 | Cluster: 5 | Score: 1.15 | Update #463
[2025-12-02 02:37:21] ✗ NEGATIVE | Customer: CUST_011182 | Cluster: 0 | Score: 4.86 | Update #464
[2025-12-02 02:37:21] ✗ NEGATIVE | Customer: CUST_002790 | Cluster: 5 | Score: -1.97 | Update #465
[2025-12-02 02:37:21] ✗ NEGATIVE | Customer: CUST_000236 | Cluster: 1 | Score: 2.89 | Update #466
[2025-12-02 02:37:21] 
💾 Saving model after 466 updates...
[2025-12-02 02:37:21] ✓ Model saved to /home/crazy_warlord/TargettedCalling/Persistence/model_car.json
[2025-12-02 02:37:21] ✓ Current state: Components=8, Positive=137, Negative=329

[2025-12-02 02:37:21] ✓ Batch complete: 5 updates, 0 errors
[2025-12-02 02:37:21] 📥 RECEIVED FEEDBACK | Customer: CUST_009493 | Bought: False
[2025-12-02 02:37:21] Buffer size: 1/5
[2025-12-02 02:37:21] 📥 RECEIVED FEEDBACK | Customer: CUST_005536 | Bought: False
[2025-12-02 02:37:21] Buffer size: 2/5
[2025-12-02 02:37:21] 📥 RECEIVED FEEDBACK | Customer: CUST_011224 | Bought: False
[2025-12-02 02:37:21] Buffer size: 3/5
[2025-12-02 02:37:21] 📥 RECEIVED FEEDBACK | Customer: CUST_002582 | Bought: True
[2025-12-02 02:37:21] Buffer size: 4/5
[2025-12-02 02:37:21] 📥 RECEIVED FEEDBACK | Customer: CUST_005662 | Bought: True
[2025-12-02 02:37:21] Buffer size: 5/5
[2025-12-02 02:37:21] 
============================================================
[2025-12-02 02:37:21] 🔄 Processing batch of 5 feedback points
[2025-12-02 02:37:21] ============================================================
[2025-12-02 02:37:21] ✗ NEGATIVE | Customer: CUST_009493 | Cluster: 3 | Score: 1.82 | Update #467
[2025-12-02 02:37:21] ✗ NEGATIVE | Customer: CUST_005536 | Cluster: 7 | Score: -2.18 | Update #468
[2025-12-02 02:37:21] ✗ NEGATIVE | Customer: CUST_011224 | Cluster: 1 | Score: 1.17 | Update #469
[2025-12-02 02:37:21] ✓ POSITIVE | Customer: CUST_002582 | Cluster: 2 | Score: -1.98 | Update #470
[2025-12-02 02:37:21] ✓ POSITIVE | Customer: CUST_005662 | Cluster: 5 | Score: -3.69 | Update #471
[2025-12-02 02:37:21] 
💾 Saving model after 471 updates...
[2025-12-02 02:37:21] ✓ Model saved to /home/crazy_warlord/TargettedCalling/Persistence/model_car.json
[2025-12-02 02:37:21] ✓ Current state: Components=8, Positive=139, Negative=332

[2025-12-02 02:37:21] ✓ Batch complete: 5 updates, 0 errors
[2025-12-02 02:37:21] 📥 RECEIVED FEEDBACK | Customer: CUST_000236 | Bought: False
[2025-12-02 02:37:21] Buffer size: 1/5
[2025-12-02 02:37:21] 📥 RECEIVED FEEDBACK | Customer: CUST_011224 | Bought: False
[2025-12-02 02:37:21] Buffer size: 2/5
[2025-12-02 02:37:21] 📥 RECEIVED FEEDBACK | Customer: CUST_005143 | Bought: False
[2025-12-02 02:37:21] Buffer size: 3/5
[2025-12-02 02:37:21] 📥 RECEIVED FEEDBACK | Customer: CUST_011429 | Bought: False
[2025-12-02 02:37:21] Buffer size: 4/5
[2025-12-02 02:37:21] 📥 RECEIVED FEEDBACK | Customer: CUST_011462 | Bought: False
[2025-12-02 02:37:21] Buffer size: 5/5
[2025-12-02 02:37:21] 
============================================================
[2025-12-02 02:37:21] 🔄 Processing batch of 5 feedback points
[2025-12-02 02:37:21] ============================================================
[2025-12-02 02:37:21] ✗ NEGATIVE | Customer: CUST_000236 | Cluster: 1 | Score: 2.89 | Update #472
[2025-12-02 02:37:21] ✗ NEGATIVE | Customer: CUST_011224 | Cluster: 1 | Score: 1.17 | Update #473
[2025-12-02 02:37:21] ✗ NEGATIVE | Customer: CUST_005143 | Cluster: 1 | Score: 3.32 | Update #474
[2025-12-02 02:37:21] ✗ NEGATIVE | Customer: CUST_011429 | Cluster: 7 | Score: 0.42 | Update #475
[2025-12-02 02:37:21] ✗ NEGATIVE | Customer: CUST_011462 | Cluster: 1 | Score: 2.17 | Update #476
[2025-12-02 02:37:21] 
💾 Saving model after 476 updates...
[2025-12-02 02:37:21] ✓ Model saved to /home/crazy_warlord/TargettedCalling/Persistence/model_car.json
[2025-12-02 02:37:21] ✓ Current state: Components=8, Positive=139, Negative=337

[2025-12-02 02:37:21] ✓ Batch complete: 5 updates, 0 errors
[2025-12-02 02:37:21] 📥 RECEIVED FEEDBACK | Customer: CUST_005098 | Bought: True
[2025-12-02 02:37:21] Buffer size: 1/5
[2025-12-02 02:37:21] 📥 RECEIVED FEEDBACK | Customer: CUST_002494 | Bought: False
[2025-12-02 02:37:21] Buffer size: 2/5
[2025-12-02 02:37:21] 📥 RECEIVED FEEDBACK | Customer: CUST_011662 | Bought: True
[2025-12-02 02:37:21] Buffer size: 3/5
[2025-12-02 02:37:21] 📥 RECEIVED FEEDBACK | Customer: CUST_009462 | Bought: True
[2025-12-02 02:37:21] Buffer size: 4/5
[2025-12-02 02:37:21] 📥 RECEIVED FEEDBACK | Customer: CUST_002296 | Bought: False
[2025-12-02 02:37:21] Buffer size: 5/5
[2025-12-02 02:37:21] 
============================================================
[2025-12-02 02:37:21] 🔄 Processing batch of 5 feedback points
[2025-12-02 02:37:22] ============================================================
[2025-12-02 02:37:22] ✓ POSITIVE | Customer: CUST_005098 | Cluster: 4 | Score: 1.06 | Update #477
[2025-12-02 02:37:22] ✗ NEGATIVE | Customer: CUST_002494 | Cluster: 7 | Score: -2.71 | Update #478
[2025-12-02 02:37:22] ✓ POSITIVE | Customer: CUST_011662 | Cluster: 0 | Score: 5.43 | Update #479
[2025-12-02 02:37:22] ✓ POSITIVE | Customer: CUST_009462 | Cluster: 7 | Score: 2.62 | Update #480
[2025-12-02 02:37:22] ✗ NEGATIVE | Customer: CUST_002296 | Cluster: 4 | Score: 2.90 | Update #481
[2025-12-02 02:37:22] 
💾 Saving model after 481 updates...
[2025-12-02 02:37:22] ✓ Model saved to /home/crazy_warlord/TargettedCalling/Persistence/model_car.json
[2025-12-02 02:37:22] ✓ Current state: Components=8, Positive=142, Negative=339

[2025-12-02 02:37:22] ✓ Batch complete: 5 updates, 0 errors
[2025-12-02 02:37:22] 📥 RECEIVED FEEDBACK | Customer: CUST_002296 | Bought: True
[2025-12-02 02:37:22] Buffer size: 1/5
[2025-12-02 02:37:22] 📥 RECEIVED FEEDBACK | Customer: CUST_005089 | Bought: True
[2025-12-02 02:37:22] Buffer size: 2/5
[2025-12-02 02:37:22] 📥 RECEIVED FEEDBACK | Customer: CUST_011262 | Bought: False
[2025-12-02 02:37:22] Buffer size: 3/5
[2025-12-02 02:37:22] 📥 RECEIVED FEEDBACK | Customer: CUST_002104 | Bought: True
[2025-12-02 02:37:22] Buffer size: 4/5
[2025-12-02 02:37:22] 📥 RECEIVED FEEDBACK | Customer: CUST_008979 | Bought: True
[2025-12-02 02:37:22] Buffer size: 5/5
[2025-12-02 02:37:22] 
============================================================
[2025-12-02 02:37:22] 🔄 Processing batch of 5 feedback points
[2025-12-02 02:37:22] ============================================================
[2025-12-02 02:37:22] ✓ POSITIVE | Customer: CUST_002296 | Cluster: 4 | Score: 2.90 | Update #482
[2025-12-02 02:37:22] ✓ POSITIVE | Customer: CUST_005089 | Cluster: 6 | Score: 4.12 | Update #483
[2025-12-02 02:37:22] ✗ NEGATIVE | Customer: CUST_011262 | Cluster: 1 | Score: 1.68 | Update #484
[2025-12-02 02:37:22] ✓ POSITIVE | Customer: CUST_002104 | Cluster: 2 | Score: 0.17 | Update #485
[2025-12-02 02:37:22] ✓ POSITIVE | Customer: CUST_008979 | Cluster: 7 | Score: -1.10 | Update #486
[2025-12-02 02:37:22] 
💾 Saving model after 486 updates...
[2025-12-02 02:37:22] ✓ Model saved to /home/crazy_warlord/TargettedCalling/Persistence/model_car.json
[2025-12-02 02:37:22] ✓ Current state: Components=8, Positive=146, Negative=340

[2025-12-02 02:37:22] ✓ Batch complete: 5 updates, 0 errors
[2025-12-02 02:37:22] 📥 RECEIVED FEEDBACK | Customer: CUST_000236 | Bought: True
[2025-12-02 02:37:22] Buffer size: 1/5
[2025-12-02 02:37:22] 📥 RECEIVED FEEDBACK | Customer: CUST_006035 | Bought: False
[2025-12-02 02:37:22] Buffer size: 2/5
[2025-12-02 02:37:22] 📥 RECEIVED FEEDBACK | Customer: CUST_009278 | Bought: False
[2025-12-02 02:37:22] Buffer size: 3/5
[2025-12-02 02:37:22] 📥 RECEIVED FEEDBACK | Customer: CUST_011667 | Bought: True
[2025-12-02 02:37:22] Buffer size: 4/5
[2025-12-02 02:37:22] 📥 RECEIVED FEEDBACK | Customer: CUST_009455 | Bought: False
[2025-12-02 02:37:22] Buffer size: 5/5
[2025-12-02 02:37:22] 
============================================================
[2025-12-02 02:37:22] 🔄 Processing batch of 5 feedback points
[2025-12-02 02:37:22] ============================================================
[2025-12-02 02:37:22] ✓ POSITIVE | Customer: CUST_000236 | Cluster: 1 | Score: 2.89 | Update #487
[2025-12-02 02:37:22] ✗ NEGATIVE | Customer: CUST_006035 | Cluster: 5 | Score: 2.96 | Update #488
[2025-12-02 02:37:22] ✗ NEGATIVE | Customer: CUST_009278 | Cluster: 3 | Score: -3.98 | Update #489
[2025-12-02 02:37:22] ✓ POSITIVE | Customer: CUST_011667 | Cluster: 5 | Score: -0.28 | Update #490
[2025-12-02 02:37:22] ✗ NEGATIVE | Customer: CUST_009455 | Cluster: 2 | Score: -1.10 | Update #491
[2025-12-02 02:37:22] 
💾 Saving model after 491 updates...
[2025-12-02 02:37:22] ✓ Model saved to /home/crazy_warlord/TargettedCalling/Persistence/model_car.json
[2025-12-02 02:37:22] ✓ Current state: Components=8, Positive=148, Negative=343

[2025-12-02 02:37:22] ✓ Batch complete: 5 updates, 0 errors
[2025-12-02 02:37:22] 📥 RECEIVED FEEDBACK | Customer: CUST_002422 | Bought: True
[2025-12-02 02:37:22] Buffer size: 1/5
[2025-12-02 02:37:22] 📥 RECEIVED FEEDBACK | Customer: CUST_002104 | Bought: True
[2025-12-02 02:37:22] Buffer size: 2/5
[2025-12-02 02:37:22] 📥 RECEIVED FEEDBACK | Customer: CUST_005396 | Bought: False
[2025-12-02 02:37:22] Buffer size: 3/5
[2025-12-02 02:37:22] 📥 RECEIVED FEEDBACK | Customer: CUST_011698 | Bought: False
[2025-12-02 02:37:22] Buffer size: 4/5
[2025-12-02 02:37:22] 📥 RECEIVED FEEDBACK | Customer: CUST_009556 | Bought: False
[2025-12-02 02:37:22] Buffer size: 5/5
[2025-12-02 02:37:22] 
============================================================
[2025-12-02 02:37:22] 🔄 Processing batch of 5 feedback points
[2025-12-02 02:37:22] ============================================================
[2025-12-02 02:37:22] ✓ POSITIVE | Customer: CUST_002422 | Cluster: 7 | Score: 1.77 | Update #492
[2025-12-02 02:37:23] ✓ POSITIVE | Customer: CUST_002104 | Cluster: 2 | Score: 0.62 | Update #493
[2025-12-02 02:37:23] ✗ NEGATIVE | Customer: CUST_005396 | Cluster: 4 | Score: -3.14 | Update #494
[2025-12-02 02:37:23] ✗ NEGATIVE | Customer: CUST_011698 | Cluster: 0 | Score: 4.97 | Update #495
[2025-12-02 02:37:23] ✗ NEGATIVE | Customer: CUST_009556 | Cluster: 0 | Score: 1.34 | Update #496
[2025-12-02 02:37:23] 
💾 Saving model after 496 updates...
[2025-12-02 02:37:23] ✓ Model saved to /home/crazy_warlord/TargettedCalling/Persistence/model_car.json
[2025-12-02 02:37:23] ✓ Current state: Components=8, Positive=150, Negative=346

[2025-12-02 02:37:23] ✓ Batch complete: 5 updates, 0 errors
[2025-12-02 02:37:23] 📥 RECEIVED FEEDBACK | Customer: CUST_011654 | Bought: False
[2025-12-02 02:37:23] Buffer size: 1/5
[2025-12-02 02:37:23] 📥 RECEIVED FEEDBACK | Customer: CUST_005204 | Bought: True
[2025-12-02 02:37:23] Buffer size: 2/5
[2025-12-02 02:37:23] 📥 RECEIVED FEEDBACK | Customer: CUST_002591 | Bought: False
[2025-12-02 02:37:23] Buffer size: 3/5
[2025-12-02 02:37:23] 📥 RECEIVED FEEDBACK | Customer: CUST_005773 | Bought: False
[2025-12-02 02:37:23] Buffer size: 4/5
[2025-12-02 02:37:23] 📥 RECEIVED FEEDBACK | Customer: CUST_002659 | Bought: False
[2025-12-02 02:37:23] Buffer size: 5/5
[2025-12-02 02:37:23] 
============================================================
[2025-12-02 02:37:23] 🔄 Processing batch of 5 feedback points
[2025-12-02 02:37:23] ============================================================
[2025-12-02 02:37:23] ✗ NEGATIVE | Customer: CUST_011654 | Cluster: 6 | Score: 6.38 | Update #497
[2025-12-02 02:37:23] ✓ POSITIVE | Customer: CUST_005204 | Cluster: 1 | Score: 2.79 | Update #498
[2025-12-02 02:37:23] ✗ NEGATIVE | Customer: CUST_002591 | Cluster: 6 | Score: 3.12 | Update #499
[2025-12-02 02:37:23] ✗ NEGATIVE | Customer: CUST_005773 | Cluster: 3 | Score: 0.36 | Update #500
[2025-12-02 02:37:23] ✗ NEGATIVE | Customer: CUST_002659 | Cluster: 7 | Score: -7.74 | Update #501
[2025-12-02 02:37:23] 
💾 Saving model after 501 updates...
[2025-12-02 02:37:23] ✓ Model saved to /home/crazy_warlord/TargettedCalling/Persistence/model_car.json
[2025-12-02 02:37:23] ✓ Current state: Components=8, Positive=151, Negative=350

[2025-12-02 02:37:23] ✓ Batch complete: 5 updates, 0 errors
[2025-12-02 02:37:23] 📥 RECEIVED FEEDBACK | Customer: CUST_002296 | Bought: False
[2025-12-02 02:37:23] Buffer size: 1/5
[2025-12-02 02:37:23] 📥 RECEIVED FEEDBACK | Customer: CUST_002258 | Bought: False
[2025-12-02 02:37:23] Buffer size: 2/5
[2025-12-02 02:37:23] 📥 RECEIVED FEEDBACK | Customer: CUST_005537 | Bought: False
[2025-12-02 02:37:23] Buffer size: 3/5
[2025-12-02 02:37:23] 📥 RECEIVED FEEDBACK | Customer: CUST_009251 | Bought: False
[2025-12-02 02:37:23] Buffer size: 4/5
[2025-12-02 02:37:23] 📥 RECEIVED FEEDBACK | Customer: CUST_002977 | Bought: True
[2025-12-02 02:37:23] Buffer size: 5/5
[2025-12-02 02:37:23] 
============================================================
[2025-12-02 02:37:23] 🔄 Processing batch of 5 feedback points
[2025-12-02 02:37:23] ============================================================
[2025-12-02 02:37:23] ✗ NEGATIVE | Customer: CUST_002296 | Cluster: 4 | Score: 3.38 | Update #502
[2025-12-02 02:37:23] ✗ NEGATIVE | Customer: CUST_002258 | Cluster: 7 | Score: 0.01 | Update #503
[2025-12-02 02:37:23] ✗ NEGATIVE | Customer: CUST_005537 | Cluster: 4 | Score: 2.70 | Update #504
[2025-12-02 02:37:23] ✗ NEGATIVE | Customer: CUST_009251 | Cluster: 7 | Score: 0.77 | Update #505
[2025-12-02 02:37:23] ✓ POSITIVE | Customer: CUST_002977 | Cluster: 7 | Score: -0.64 | Update #506
[2025-12-02 02:37:23] 
💾 Saving model after 506 updates...
[2025-12-02 02:37:23] ✓ Model saved to /home/crazy_warlord/TargettedCalling/Persistence/model_car.json
[2025-12-02 02:37:23] ✓ Current state: Components=8, Positive=152, Negative=354

[2025-12-02 02:37:23] ✓ Batch complete: 5 updates, 0 errors
[2025-12-02 02:37:23] 📥 RECEIVED FEEDBACK | Customer: CUST_002279 | Bought: False
[2025-12-02 02:37:23] Buffer size: 1/5
[2025-12-02 02:37:23] 📥 RECEIVED FEEDBACK | Customer: CUST_002977 | Bought: True
[2025-12-02 02:37:23] Buffer size: 2/5
[2025-12-02 02:37:23] 📥 RECEIVED FEEDBACK | Customer: CUST_000137 | Bought: False
[2025-12-02 02:37:23] Buffer size: 3/5
[2025-12-02 02:37:23] 📥 RECEIVED FEEDBACK | Customer: CUST_011462 | Bought: True
[2025-12-02 02:37:23] Buffer size: 4/5
[2025-12-02 02:37:23] 📥 RECEIVED FEEDBACK | Customer: CUST_005912 | Bought: True
[2025-12-02 02:37:23] Buffer size: 5/5
[2025-12-02 02:37:23] 
============================================================
[2025-12-02 02:37:23] 🔄 Processing batch of 5 feedback points
[2025-12-02 02:37:23] ============================================================
[2025-12-02 02:37:24] ✗ NEGATIVE | Customer: CUST_002279 | Cluster: 7 | Score: -8.51 | Update #507
[2025-12-02 02:37:24] ✓ POSITIVE | Customer: CUST_002977 | Cluster: 7 | Score: 1.10 | Update #508
[2025-12-02 02:37:24] ✗ NEGATIVE | Customer: CUST_000137 | Cluster: 1 | Score: -0.89 | Update #509
[2025-12-02 02:37:24] ✓ POSITIVE | Customer: CUST_011462 | Cluster: 1 | Score: 2.71 | Update #510
[2025-12-02 02:37:24] ✓ POSITIVE | Customer: CUST_005912 | Cluster: 4 | Score: 1.71 | Update #511
[2025-12-02 02:37:24] 
💾 Saving model after 511 updates...
[2025-12-02 02:37:24] ✓ Model saved to /home/crazy_warlord/TargettedCalling/Persistence/model_car.json
[2025-12-02 02:37:24] ✓ Current state: Components=8, Positive=155, Negative=356

[2025-12-02 02:37:24] ✓ Batch complete: 5 updates, 0 errors
[2025-12-02 02:37:24] 📥 RECEIVED FEEDBACK | Customer: CUST_009493 | Bought: True
[2025-12-02 02:37:24] Buffer size: 1/5
[2025-12-02 02:37:24] 📥 RECEIVED FEEDBACK | Customer: CUST_009127 | Bought: True
[2025-12-02 02:37:24] Buffer size: 2/5
[2025-12-02 02:37:24] 📥 RECEIVED FEEDBACK | Customer: CUST_011427 | Bought: False
[2025-12-02 02:37:24] Buffer size: 3/5
[2025-12-02 02:37:24] 📥 RECEIVED FEEDBACK | Customer: CUST_011477 | Bought: False
[2025-12-02 02:37:24] Buffer size: 4/5
[2025-12-02 02:37:24] 📥 RECEIVED FEEDBACK | Customer: CUST_005123 | Bought: False
[2025-12-02 02:37:24] Buffer size: 5/5
[2025-12-02 02:37:24] 
============================================================
[2025-12-02 02:37:24] 🔄 Processing batch of 5 feedback points
[2025-12-02 02:37:24] ============================================================
[2025-12-02 02:37:24] ✓ POSITIVE | Customer: CUST_009493 | Cluster: 3 | Score: 1.82 | Update #512
[2025-12-02 02:37:24] ✓ POSITIVE | Customer: CUST_009127 | Cluster: 1 | Score: 1.57 | Update #513
[2025-12-02 02:37:24] ✗ NEGATIVE | Customer: CUST_011427 | Cluster: 6 | Score: 6.58 | Update #514
[2025-12-02 02:37:24] ✗ NEGATIVE | Customer: CUST_011477 | Cluster: 4 | Score: -0.38 | Update #515
[2025-12-02 02:37:24] ✗ NEGATIVE | Customer: CUST_005123 | Cluster: 7 | Score: -2.82 | Update #516
[2025-12-02 02:37:24] 
💾 Saving model after 516 updates...
[2025-12-02 02:37:24] ✓ Model saved to /home/crazy_warlord/TargettedCalling/Persistence/model_car.json
[2025-12-02 02:37:24] ✓ Current state: Components=8, Positive=157, Negative=359

[2025-12-02 02:37:24] ✓ Batch complete: 5 updates, 0 errors
[2025-12-02 02:37:24] 📥 RECEIVED FEEDBACK | Customer: CUST_011337 | Bought: False
[2025-12-02 02:37:24] Buffer size: 1/5
[2025-12-02 02:37:24] 📥 RECEIVED FEEDBACK | Customer: CUST_006037 | Bought: False
[2025-12-02 02:37:24] Buffer size: 2/5
[2025-12-02 02:37:24] 📥 RECEIVED FEEDBACK | Customer: CUST_002160 | Bought: False
[2025-12-02 02:37:24] Buffer size: 3/5
[2025-12-02 02:37:24] 📥 RECEIVED FEEDBACK | Customer: CUST_002574 | Bought: False
[2025-12-02 02:37:24] Buffer size: 4/5
[2025-12-02 02:37:24] 📥 RECEIVED FEEDBACK | Customer: CUST_006003 | Bought: True
[2025-12-02 02:37:24] Buffer size: 5/5
[2025-12-02 02:37:24] 
============================================================
[2025-12-02 02:37:24] 🔄 Processing batch of 5 feedback points
[2025-12-02 02:37:24] ============================================================
[2025-12-02 02:37:24] ✗ NEGATIVE | Customer: CUST_011337 | Cluster: 5 | Score: -10.23 | Update #517
[2025-12-02 02:37:24] ✗ NEGATIVE | Customer: CUST_006037 | Cluster: 4 | Score: 3.16 | Update #518
[2025-12-02 02:37:24] ✗ NEGATIVE | Customer: CUST_002160 | Cluster: 2 | Score: 0.93 | Update #519
[2025-12-02 02:37:24] ✗ NEGATIVE | Customer: CUST_002574 | Cluster: 7 | Score: -3.66 | Update #520
[2025-12-02 02:37:24] ✓ POSITIVE | Customer: CUST_006003 | Cluster: 5 | Score: 2.66 | Update #521
[2025-12-02 02:37:24] 
💾 Saving model after 521 updates...
[2025-12-02 02:37:24] ✓ Model saved to /home/crazy_warlord/TargettedCalling/Persistence/model_car.json
[2025-12-02 02:37:24] ✓ Current state: Components=8, Positive=158, Negative=363

[2025-12-02 02:37:24] ✓ Batch complete: 5 updates, 0 errors
[2025-12-02 02:37:24] 📥 RECEIVED FEEDBACK | Customer: CUST_008988 | Bought: True
[2025-12-02 02:37:24] Buffer size: 1/5
[2025-12-02 02:37:25] 📥 RECEIVED FEEDBACK | Customer: CUST_009236 | Bought: False
[2025-12-02 02:37:25] Buffer size: 2/5
[2025-12-02 02:37:25] 📥 RECEIVED FEEDBACK | Customer: CUST_005243 | Bought: False
[2025-12-02 02:37:25] Buffer size: 3/5
[2025-12-02 02:37:25] 📥 RECEIVED FEEDBACK | Customer: CUST_009063 | Bought: False
[2025-12-02 02:37:25] Buffer size: 4/5
[2025-12-02 02:37:25] 📥 RECEIVED FEEDBACK | Customer: CUST_011152 | Bought: True
[2025-12-02 02:37:25] Buffer size: 5/5
[2025-12-02 02:37:25] 
============================================================
[2025-12-02 02:37:25] 🔄 Processing batch of 5 feedback points
[2025-12-02 02:37:25] ============================================================
[2025-12-02 02:37:25] ✓ POSITIVE | Customer: CUST_008988 | Cluster: 7 | Score: -0.40 | Update #522
[2025-12-02 02:37:25] ✗ NEGATIVE | Customer: CUST_009236 | Cluster: 5 | Score: 1.56 | Update #523
[2025-12-02 02:37:25] ✗ NEGATIVE | Customer: CUST_005243 | Cluster: 1 | Score: -0.05 | Update #524
[2025-12-02 02:37:25] ✗ NEGATIVE | Customer: CUST_009063 | Cluster: 6 | Score: 3.86 | Update #525
[2025-12-02 02:37:25] ✓ POSITIVE | Customer: CUST_011152 | Cluster: 1 | Score: 0.94 | Update #526
[2025-12-02 02:37:25] 
💾 Saving model after 526 updates...
[2025-12-02 02:37:25] ✓ Model saved to /home/crazy_warlord/TargettedCalling/Persistence/model_car.json
[2025-12-02 02:37:25] ✓ Current state: Components=8, Positive=160, Negative=366

[2025-12-02 02:37:25] ✓ Batch complete: 5 updates, 0 errors
[2025-12-02 02:37:25] 📥 RECEIVED FEEDBACK | Customer: CUST_011337 | Bought: False
[2025-12-02 02:37:25] Buffer size: 1/5
[2025-12-02 02:37:25] 📥 RECEIVED FEEDBACK | Customer: CUST_006035 | Bought: False
[2025-12-02 02:37:25] Buffer size: 2/5
[2025-12-02 02:37:25] 📥 RECEIVED FEEDBACK | Customer: CUST_002404 | Bought: False
[2025-12-02 02:37:25] Buffer size: 3/5
[2025-12-02 02:37:25] 📥 RECEIVED FEEDBACK | Customer: CUST_002051 | Bought: False
[2025-12-02 02:37:25] Buffer size: 4/5
[2025-12-02 02:37:25] 📥 RECEIVED FEEDBACK | Customer: CUST_002977 | Bought: False
[2025-12-02 02:37:25] Buffer size: 5/5
[2025-12-02 02:37:25] 
============================================================
[2025-12-02 02:37:25] 🔄 Processing batch of 5 feedback points
[2025-12-02 02:37:25] ============================================================
[2025-12-02 02:37:25] ✗ NEGATIVE | Customer: CUST_011337 | Cluster: 5 | Score: -10.76 | Update #527
[2025-12-02 02:37:25] ✗ NEGATIVE | Customer: CUST_006035 | Cluster: 5 | Score: 3.00 | Update #528
[2025-12-02 02:37:25] ✗ NEGATIVE | Customer: CUST_002404 | Cluster: 3 | Score: 0.18 | Update #529
[2025-12-02 02:37:25] ✗ NEGATIVE | Customer: CUST_002051 | Cluster: 4 | Score: 3.42 | Update #530
[2025-12-02 02:37:25] ✗ NEGATIVE | Customer: CUST_002977 | Cluster: 7 | Score: 2.11 | Update #531
[2025-12-02 02:37:25] 
💾 Saving model after 531 updates...
[2025-12-02 02:37:25] ✓ Model saved to /home/crazy_warlord/TargettedCalling/Persistence/model_car.json
[2025-12-02 02:37:25] ✓ Current state: Components=8, Positive=160, Negative=371

[2025-12-02 02:37:25] ✓ Batch complete: 5 updates, 0 errors
[2025-12-02 02:37:25] 📥 RECEIVED FEEDBACK | Customer: CUST_005120 | Bought: False
[2025-12-02 02:37:25] Buffer size: 1/5
[2025-12-02 02:37:25] 📥 RECEIVED FEEDBACK | Customer: CUST_005098 | Bought: False
[2025-12-02 02:37:25] Buffer size: 2/5
[2025-12-02 02:37:25] 📥 RECEIVED FEEDBACK | Customer: CUST_009127 | Bought: False
[2025-12-02 02:37:25] Buffer size: 3/5
[2025-12-02 02:37:25] 📥 RECEIVED FEEDBACK | Customer: CUST_009455 | Bought: False
[2025-12-02 02:37:25] Buffer size: 4/5
[2025-12-02 02:37:25] 📥 RECEIVED FEEDBACK | Customer: CUST_011249 | Bought: False
[2025-12-02 02:37:25] Buffer size: 5/5
[2025-12-02 02:37:25] 
============================================================
[2025-12-02 02:37:25] 🔄 Processing batch of 5 feedback points
[2025-12-02 02:37:25] ============================================================
[2025-12-02 02:37:25] ✗ NEGATIVE | Customer: CUST_005120 | Cluster: 5 | Score: 1.34 | Update #532
[2025-12-02 02:37:25] ✗ NEGATIVE | Customer: CUST_005098 | Cluster: 4 | Score: 2.05 | Update #533
[2025-12-02 02:37:25] ✗ NEGATIVE | Customer: CUST_009127 | Cluster: 1 | Score: 2.35 | Update #534
[2025-12-02 02:37:25] ✗ NEGATIVE | Customer: CUST_009455 | Cluster: 2 | Score: -1.20 | Update #535
[2025-12-02 02:37:25] ✗ NEGATIVE | Customer: CUST_011249 | Cluster: 5 | Score: 1.14 | Update #536
[2025-12-02 02:37:25] 
💾 Saving model after 536 updates...
[2025-12-02 02:37:25] ✓ Model saved to /home/crazy_warlord/TargettedCalling/Persistence/model_car.json
[2025-12-02 02:37:25] ✓ Current state: Components=8, Positive=160, Negative=376

[2025-12-02 02:37:25] ✓ Batch complete: 5 updates, 0 errors
[2025-12-02 02:37:25] 📥 RECEIVED FEEDBACK | Customer: CUST_002422 | Bought: True
[2025-12-02 02:37:25] Buffer size: 1/5
[2025-12-02 02:37:25] 📥 RECEIVED FEEDBACK | Customer: CUST_005089 | Bought: False
[2025-12-02 02:37:25] Buffer size: 2/5
[2025-12-02 02:37:25] 📥 RECEIVED FEEDBACK | Customer: CUST_011429 | Bought: False
[2025-12-02 02:37:25] Buffer size: 3/5
[2025-12-02 02:37:25] 📥 RECEIVED FEEDBACK | Customer: CUST_005833 | Bought: True
[2025-12-02 02:37:25] Buffer size: 4/5
[2025-12-02 02:37:25] 📥 RECEIVED FEEDBACK | Customer: CUST_011331 | Bought: False
[2025-12-02 02:37:25] Buffer size: 5/5
[2025-12-02 02:37:25] 
============================================================
[2025-12-02 02:37:26] 🔄 Processing batch of 5 feedback points
[2025-12-02 02:37:26] ============================================================
[2025-12-02 02:37:26] ✓ POSITIVE | Customer: CUST_002422 | Cluster: 7 | Score: 2.17 | Update #537
[2025-12-02 02:37:26] ✗ NEGATIVE | Customer: CUST_005089 | Cluster: 6 | Score: 4.77 | Update #538
[2025-12-02 02:37:26] ✗ NEGATIVE | Customer: CUST_011429 | Cluster: 7 | Score: -0.30 | Update #539
[2025-12-02 02:37:26] ✓ POSITIVE | Customer: CUST_005833 | Cluster: 4 | Score: -0.79 | Update #540
[2025-12-02 02:37:26] ✗ NEGATIVE | Customer: CUST_011331 | Cluster: 0 | Score: 3.44 | Update #541
[2025-12-02 02:37:26] 
💾 Saving model after 541 updates...
[2025-12-02 02:37:26] ✓ Model saved to /home/crazy_warlord/TargettedCalling/Persistence/model_car.json
[2025-12-02 02:37:26] ✓ Current state: Components=8, Positive=162, Negative=379

[2025-12-02 02:37:26] ✓ Batch complete: 5 updates, 0 errors
[2025-12-02 02:37:26] 📥 RECEIVED FEEDBACK | Customer: CUST_005284 | Bought: False
[2025-12-02 02:37:26] Buffer size: 1/5
[2025-12-02 02:37:26] 📥 RECEIVED FEEDBACK | Customer: CUST_002646 | Bought: True
[2025-12-02 02:37:26] Buffer size: 2/5
[2025-12-02 02:37:26] 📥 RECEIVED FEEDBACK | Customer: CUST_009063 | Bought: False
[2025-12-02 02:37:26] Buffer size: 3/5
[2025-12-02 02:37:26] 📥 RECEIVED FEEDBACK | Customer: CUST_009401 | Bought: False
[2025-12-02 02:37:26] Buffer size: 4/5
[2025-12-02 02:37:26] 📥 RECEIVED FEEDBACK | Customer: CUST_011477 | Bought: True
[2025-12-02 02:37:26] Buffer size: 5/5
[2025-12-02 02:37:26] 
============================================================
[2025-12-02 02:37:26] 🔄 Processing batch of 5 feedback points
[2025-12-02 02:37:26] ============================================================
[2025-12-02 02:37:26] ✗ NEGATIVE | Customer: CUST_005284 | Cluster: 4 | Score: 0.99 | Update #542
[2025-12-02 02:37:26] ✓ POSITIVE | Customer: CUST_002646 | Cluster: 0 | Score: 5.64 | Update #543
[2025-12-02 02:37:26] ✗ NEGATIVE | Customer: CUST_009063 | Cluster: 6 | Score: 3.86 | Update #544
[2025-12-02 02:37:26] ✗ NEGATIVE | Customer: CUST_009401 | Cluster: 5 | Score: 2.12 | Update #545
[2025-12-02 02:37:26] ✓ POSITIVE | Customer: CUST_011477 | Cluster: 4 | Score: -0.46 | Update #546
[2025-12-02 02:37:26] 
💾 Saving model after 546 updates...
[2025-12-02 02:37:26] ✓ Model saved to /home/crazy_warlord/TargettedCalling/Persistence/model_car.json
[2025-12-02 02:37:26] ✓ Current state: Components=8, Positive=164, Negative=382

[2025-12-02 02:37:26] ✓ Batch complete: 5 updates, 0 errors
[2025-12-02 02:37:26] 📥 RECEIVED FEEDBACK | Customer: CUST_000277 | Bought: False
[2025-12-02 02:37:26] Buffer size: 1/5
[2025-12-02 02:37:26] 📥 RECEIVED FEEDBACK | Customer: CUST_002054 | Bought: False
[2025-12-02 02:37:26] Buffer size: 2/5
[2025-12-02 02:37:26] 📥 RECEIVED FEEDBACK | Customer: CUST_011662 | Bought: False
[2025-12-02 02:37:26] Buffer size: 3/5
[2025-12-02 02:37:26] 📥 RECEIVED FEEDBACK | Customer: CUST_002680 | Bought: False
[2025-12-02 02:37:26] Buffer size: 4/5
[2025-12-02 02:37:26] 📥 RECEIVED FEEDBACK | Customer: CUST_011249 | Bought: False
[2025-12-02 02:37:26] Buffer size: 5/5
[2025-12-02 02:37:26] 
============================================================
[2025-12-02 02:37:26] 🔄 Processing batch of 5 feedback points
[2025-12-02 02:37:26] ============================================================
[2025-12-02 02:37:26] ✗ NEGATIVE | Customer: CUST_000277 | Cluster: 7 | Score: 2.11 | Update #547
[2025-12-02 02:37:26] ✗ NEGATIVE | Customer: CUST_002054 | Cluster: 2 | Score: 0.78 | Update #548
[2025-12-02 02:37:26] ✗ NEGATIVE | Customer: CUST_011662 | Cluster: 0 | Score: 6.00 | Update #549
[2025-12-02 02:37:26] ✗ NEGATIVE | Customer: CUST_002680 | Cluster: 1 | Score: 3.26 | Update #550
[2025-12-02 02:37:26] ✗ NEGATIVE | Customer: CUST_011249 | Cluster: 5 | Score: 1.14 | Update #551
[2025-12-02 02:37:26] 
💾 Saving model after 551 updates...
[2025-12-02 02:37:26] ✓ Model saved to /home/crazy_warlord/TargettedCalling/Persistence/model_car.json
[2025-12-02 02:37:26] ✓ Current state: Components=8, Positive=164, Negative=387

[2025-12-02 02:37:26] ✓ Batch complete: 5 updates, 0 errors
[2025-12-02 02:37:26] 📥 RECEIVED FEEDBACK | Customer: CUST_011521 | Bought: False
[2025-12-02 02:37:26] Buffer size: 1/5
[2025-12-02 02:37:26] 📥 RECEIVED FEEDBACK | Customer: CUST_002646 | Bought: False
[2025-12-02 02:37:26] Buffer size: 2/5
[2025-12-02 02:37:26] 📥 RECEIVED FEEDBACK | Customer: CUST_009311 | Bought: False
[2025-12-02 02:37:26] Buffer size: 3/5
[2025-12-02 02:37:26] 📥 RECEIVED FEEDBACK | Customer: CUST_003009 | Bought: False
[2025-12-02 02:37:26] Buffer size: 4/5
[2025-12-02 02:37:26] 📥 RECEIVED FEEDBACK | Customer: CUST_011217 | Bought: False
[2025-12-02 02:37:26] Buffer size: 5/5
[2025-12-02 02:37:26] 
============================================================
[2025-12-02 02:37:27] 🔄 Processing batch of 5 feedback points
[2025-12-02 02:37:27] ============================================================
[2025-12-02 02:37:27] ✗ NEGATIVE | Customer: CUST_011521 | Cluster: 3 | Score: 0.62 | Update #552
[2025-12-02 02:37:27] ✗ NEGATIVE | Customer: CUST_002646 | Cluster: 0 | Score: 6.08 | Update #553
[2025-12-02 02:37:27] ✗ NEGATIVE | Customer: CUST_009311 | Cluster: 3 | Score: 1.34 | Update #554
[2025-12-02 02:37:27] ✗ NEGATIVE | Customer: CUST_003009 | Cluster: 0 | Score: 2.42 | Update #555
[2025-12-02 02:37:27] ✗ NEGATIVE | Customer: CUST_011217 | Cluster: 1 | Score: -0.94 | Update #556
[2025-12-02 02:37:27] 
💾 Saving model after 556 updates...
[2025-12-02 02:37:27] ✓ Model saved to /home/crazy_warlord/TargettedCalling/Persistence/model_car.json
[2025-12-02 02:37:27] ✓ Current state: Components=8, Positive=164, Negative=392

[2025-12-02 02:37:27] ✓ Batch complete: 5 updates, 0 errors
[2025-12-02 02:37:27] 📥 RECEIVED FEEDBACK | Customer: CUST_002422 | Bought: False
[2025-12-02 02:37:27] Buffer size: 1/5
[2025-12-02 02:37:27] 📥 RECEIVED FEEDBACK | Customer: CUST_006083 | Bought: False
[2025-12-02 02:37:27] Buffer size: 2/5
[2025-12-02 02:37:27] 📥 RECEIVED FEEDBACK | Customer: CUST_009462 | Bought: False
[2025-12-02 02:37:27] Buffer size: 3/5
[2025-12-02 02:37:27] 📥 RECEIVED FEEDBACK | Customer: CUST_006041 | Bought: False
[2025-12-02 02:37:27] Buffer size: 4/5
[2025-12-02 02:37:27] 📥 RECEIVED FEEDBACK | Customer: CUST_006035 | Bought: True
[2025-12-02 02:37:27] Buffer size: 5/5
[2025-12-02 02:37:27] 
============================================================
[2025-12-02 02:37:27] 🔄 Processing batch of 5 feedback points
[2025-12-02 02:37:27] ============================================================
[2025-12-02 02:37:27] ✗ NEGATIVE | Customer: CUST_002422 | Cluster: 7 | Score: 2.62 | Update #557
[2025-12-02 02:37:27] ✗ NEGATIVE | Customer: CUST_006083 | Cluster: 6 | Score: 5.94 | Update #558
[2025-12-02 02:37:27] ✗ NEGATIVE | Customer: CUST_009462 | Cluster: 7 | Score: 3.08 | Update #559
[2025-12-02 02:37:27] ✗ NEGATIVE | Customer: CUST_006041 | Cluster: 5 | Score: 1.82 | Update #560
[2025-12-02 02:37:27] ✓ POSITIVE | Customer: CUST_006035 | Cluster: 5 | Score: 3.00 | Update #561
[2025-12-02 02:37:27] 
💾 Saving model after 561 updates...
[2025-12-02 02:37:27] ✓ Model saved to /home/crazy_warlord/TargettedCalling/Persistence/model_car.json
[2025-12-02 02:37:27] ✓ Current state: Components=8, Positive=165, Negative=396

[2025-12-02 02:37:27] ✓ Batch complete: 5 updates, 0 errors
[2025-12-02 02:37:27] 📥 RECEIVED FEEDBACK | Customer: CUST_011364 | Bought: False
[2025-12-02 02:37:27] Buffer size: 1/5
[2025-12-02 02:37:27] 📥 RECEIVED FEEDBACK | Customer: CUST_002574 | Bought: False
[2025-12-02 02:37:27] Buffer size: 2/5
[2025-12-02 02:37:27] 📥 RECEIVED FEEDBACK | Customer: CUST_002591 | Bought: False
[2025-12-02 02:37:27] Buffer size: 3/5
[2025-12-02 02:37:27] 📥 RECEIVED FEEDBACK | Customer: CUST_002422 | Bought: False
[2025-12-02 02:37:27] Buffer size: 4/5
[2025-12-02 02:37:27] 📥 RECEIVED FEEDBACK | Customer: CUST_009127 | Bought: False
[2025-12-02 02:37:27] Buffer size: 5/5
[2025-12-02 02:37:27] 
============================================================
[2025-12-02 02:37:27] 🔄 Processing batch of 5 feedback points
[2025-12-02 02:37:27] ============================================================
[2025-12-02 02:37:27] ✗ NEGATIVE | Customer: CUST_011364 | Cluster: 5 | Score: 3.00 | Update #562
[2025-12-02 02:37:27] ✗ NEGATIVE | Customer: CUST_002574 | Cluster: 7 | Score: -3.13 | Update #563
[2025-12-02 02:37:27] ✗ NEGATIVE | Customer: CUST_002591 | Cluster: 6 | Score: 3.12 | Update #564
[2025-12-02 02:37:27] ✗ NEGATIVE | Customer: CUST_002422 | Cluster: 7 | Score: 2.62 | Update #565
[2025-12-02 02:37:27] ✗ NEGATIVE | Customer: CUST_009127 | Cluster: 1 | Score: 2.35 | Update #566
[2025-12-02 02:37:27] 
💾 Saving model after 566 updates...
[2025-12-02 02:37:27] ✓ Model saved to /home/crazy_warlord/TargettedCalling/Persistence/model_car.json
[2025-12-02 02:37:27] ✓ Current state: Components=8, Positive=165, Negative=401

[2025-12-02 02:37:27] ✓ Batch complete: 5 updates, 0 errors
[2025-12-02 02:37:27] 📥 RECEIVED FEEDBACK | Customer: CUST_011252 | Bought: False
[2025-12-02 02:37:27] Buffer size: 1/5
[2025-12-02 02:37:27] 📥 RECEIVED FEEDBACK | Customer: CUST_011191 | Bought: False
[2025-12-02 02:37:27] Buffer size: 2/5
[2025-12-02 02:37:27] 📥 RECEIVED FEEDBACK | Customer: CUST_011427 | Bought: True
[2025-12-02 02:37:27] Buffer size: 3/5
[2025-12-02 02:37:27] 📥 RECEIVED FEEDBACK | Customer: CUST_005662 | Bought: False
[2025-12-02 02:37:27] Buffer size: 4/5
[2025-12-02 02:37:27] 📥 RECEIVED FEEDBACK | Customer: CUST_009359 | Bought: True
[2025-12-02 02:37:27] Buffer size: 5/5
[2025-12-02 02:37:27] 
============================================================
[2025-12-02 02:37:27] 🔄 Processing batch of 5 feedback points
[2025-12-02 02:37:27] ============================================================
[2025-12-02 02:37:27] ✗ NEGATIVE | Customer: CUST_011252 | Cluster: 3 | Score: 1.95 | Update #567
[2025-12-02 02:37:28] ✗ NEGATIVE | Customer: CUST_011191 | Cluster: 5 | Score: 1.94 | Update #568
[2025-12-02 02:37:28] ✓ POSITIVE | Customer: CUST_011427 | Cluster: 6 | Score: 6.58 | Update #569
[2025-12-02 02:37:28] ✗ NEGATIVE | Customer: CUST_005662 | Cluster: 5 | Score: -4.56 | Update #570
[2025-12-02 02:37:28] ✓ POSITIVE | Customer: CUST_009359 | Cluster: 5 | Score: 2.41 | Update #571
[2025-12-02 02:37:28] 
💾 Saving model after 571 updates...
[2025-12-02 02:37:28] ✓ Model saved to /home/crazy_warlord/TargettedCalling/Persistence/model_car.json
[2025-12-02 02:37:28] ✓ Current state: Components=8, Positive=167, Negative=404

[2025-12-02 02:37:28] ✓ Batch complete: 5 updates, 0 errors
[2025-12-02 02:37:28] 📥 RECEIVED FEEDBACK | Customer: CUST_009223 | Bought: True
[2025-12-02 02:37:28] Buffer size: 1/5
[2025-12-02 02:37:28] 📥 RECEIVED FEEDBACK | Customer: CUST_005773 | Bought: False
[2025-12-02 02:37:28] Buffer size: 2/5
[2025-12-02 02:37:28] 📥 RECEIVED FEEDBACK | Customer: CUST_002784 | Bought: False
[2025-12-02 02:37:28] Buffer size: 3/5
[2025-12-02 02:37:28] 📥 RECEIVED FEEDBACK | Customer: CUST_005832 | Bought: False
[2025-12-02 02:37:28] Buffer size: 4/5
[2025-12-02 02:37:28] 📥 RECEIVED FEEDBACK | Customer: CUST_009223 | Bought: False
[2025-12-02 02:37:28] Buffer size: 5/5
[2025-12-02 02:37:28] 
============================================================
[2025-12-02 02:37:28] 🔄 Processing batch of 5 feedback points
[2025-12-02 02:37:28] ============================================================
[2025-12-02 02:37:28] ✓ POSITIVE | Customer: CUST_009223 | Cluster: 4 | Score: 2.91 | Update #572
[2025-12-02 02:37:28] ✗ NEGATIVE | Customer: CUST_005773 | Cluster: 3 | Score: 0.87 | Update #573
[2025-12-02 02:37:28] ✗ NEGATIVE | Customer: CUST_002784 | Cluster: 3 | Score: -8.97 | Update #574
[2025-12-02 02:37:28] ✗ NEGATIVE | Customer: CUST_005832 | Cluster: 7 | Score: 1.08 | Update #575
[2025-12-02 02:37:28] ✗ NEGATIVE | Customer: CUST_009223 | Cluster: 4 | Score: 3.35 | Update #576
[2025-12-02 02:37:28] 
💾 Saving model after 576 updates...
[2025-12-02 02:37:28] ✓ Model saved to /home/crazy_warlord/TargettedCalling/Persistence/model_car.json
[2025-12-02 02:37:28] ✓ Current state: Components=8, Positive=168, Negative=408

[2025-12-02 02:37:28] ✓ Batch complete: 5 updates, 0 errors
[2025-12-02 02:37:28] 📥 RECEIVED FEEDBACK | Customer: CUST_005243 | Bought: False
[2025-12-02 02:37:28] Buffer size: 1/5
[2025-12-02 02:37:28] 📥 RECEIVED FEEDBACK | Customer: CUST_005789 | Bought: False
[2025-12-02 02:37:28] Buffer size: 2/5
[2025-12-02 02:37:28] 📥 RECEIVED FEEDBACK | Customer: CUST_006091 | Bought: False
[2025-12-02 02:37:28] Buffer size: 3/5
[2025-12-02 02:37:28] 📥 RECEIVED FEEDBACK | Customer: CUST_002784 | Bought: False
[2025-12-02 02:37:28] Buffer size: 4/5
[2025-12-02 02:37:28] 📥 RECEIVED FEEDBACK | Customer: CUST_011420 | Bought: False
[2025-12-02 02:37:28] Buffer size: 5/5
[2025-12-02 02:37:28] 
============================================================
[2025-12-02 02:37:28] 🔄 Processing batch of 5 feedback points
[2025-12-02 02:37:28] ============================================================
[2025-12-02 02:37:28] ✗ NEGATIVE | Customer: CUST_005243 | Cluster: 1 | Score: 0.12 | Update #577
[2025-12-02 02:37:28] ✗ NEGATIVE | Customer: CUST_005789 | Cluster: 5 | Score: -3.67 | Update #578
[2025-12-02 02:37:28] ✗ NEGATIVE | Customer: CUST_006091 | Cluster: 5 | Score: 0.90 | Update #579
[2025-12-02 02:37:28] ✗ NEGATIVE | Customer: CUST_002784 | Cluster: 3 | Score: -8.97 | Update #580
[2025-12-02 02:37:28] ✗ NEGATIVE | Customer: CUST_011420 | Cluster: 3 | Score: 0.08 | Update #581
[2025-12-02 02:37:28] 
💾 Saving model after 581 updates...
[2025-12-02 02:37:28] ✓ Model saved to /home/crazy_warlord/TargettedCalling/Persistence/model_car.json
[2025-12-02 02:37:28] ✓ Current state: Components=8, Positive=168, Negative=413

[2025-12-02 02:37:28] ✓ Batch complete: 5 updates, 0 errors
[2025-12-02 02:37:28] 📥 RECEIVED FEEDBACK | Customer: CUST_009127 | Bought: False
[2025-12-02 02:37:28] Buffer size: 1/5
[2025-12-02 02:37:28] 📥 RECEIVED FEEDBACK | Customer: CUST_000646 | Bought: True
[2025-12-02 02:37:28] Buffer size: 2/5
[2025-12-02 02:37:28] 📥 RECEIVED FEEDBACK | Customer: CUST_011702 | Bought: True
[2025-12-02 02:37:28] Buffer size: 3/5
[2025-12-02 02:37:28] 📥 RECEIVED FEEDBACK | Customer: CUST_009556 | Bought: False
[2025-12-02 02:37:28] Buffer size: 4/5
[2025-12-02 02:37:28] 📥 RECEIVED FEEDBACK | Customer: CUST_002494 | Bought: True
[2025-12-02 02:37:28] Buffer size: 5/5
[2025-12-02 02:37:28] 
============================================================
[2025-12-02 02:37:28] 🔄 Processing batch of 5 feedback points
[2025-12-02 02:37:28] ============================================================
[2025-12-02 02:37:28] ✗ NEGATIVE | Customer: CUST_009127 | Cluster: 1 | Score: 2.35 | Update #582
[2025-12-02 02:37:29] ✓ POSITIVE | Customer: CUST_000646 | Cluster: 7 | Score: -0.78 | Update #583
[2025-12-02 02:37:29] ✓ POSITIVE | Customer: CUST_011702 | Cluster: 5 | Score: 2.31 | Update #584
[2025-12-02 02:37:29] ✗ NEGATIVE | Customer: CUST_009556 | Cluster: 0 | Score: 1.13 | Update #585
[2025-12-02 02:37:29] ✓ POSITIVE | Customer: CUST_002494 | Cluster: 7 | Score: -3.94 | Update #586
[2025-12-02 02:37:29] 
💾 Saving model after 586 updates...
[2025-12-02 02:37:29] ✓ Model saved to /home/crazy_warlord/TargettedCalling/Persistence/model_car.json
[2025-12-02 02:37:29] ✓ Current state: Components=8, Positive=171, Negative=415

[2025-12-02 02:37:29] ✓ Batch complete: 5 updates, 0 errors
[2025-12-02 02:37:29] 📥 RECEIVED FEEDBACK | Customer: CUST_000236 | Bought: True
[2025-12-02 02:37:29] Buffer size: 1/5
[2025-12-02 02:37:29] 📥 RECEIVED FEEDBACK | Customer: CUST_009068 | Bought: True
[2025-12-02 02:37:29] Buffer size: 2/5
[2025-12-02 02:37:29] 📥 RECEIVED FEEDBACK | Customer: CUST_009652 | Bought: False
[2025-12-02 02:37:29] Buffer size: 3/5
[2025-12-02 02:37:29] 📥 RECEIVED FEEDBACK | Customer: CUST_009236 | Bought: True
[2025-12-02 02:37:29] Buffer size: 4/5
[2025-12-02 02:37:29] 📥 RECEIVED FEEDBACK | Customer: CUST_002118 | Bought: True
[2025-12-02 02:37:29] Buffer size: 5/5
[2025-12-02 02:37:29] 
============================================================
[2025-12-02 02:37:29] 🔄 Processing batch of 5 feedback points
[2025-12-02 02:37:29] ============================================================
[2025-12-02 02:37:29] ✓ POSITIVE | Customer: CUST_000236 | Cluster: 1 | Score: 3.29 | Update #587
[2025-12-02 02:37:29] ✓ POSITIVE | Customer: CUST_009068 | Cluster: 3 | Score: 1.48 | Update #588
[2025-12-02 02:37:29] ✗ NEGATIVE | Customer: CUST_009652 | Cluster: 7 | Score: 1.32 | Update #589
[2025-12-02 02:37:29] ✓ POSITIVE | Customer: CUST_009236 | Cluster: 5 | Score: 1.60 | Update #590
[2025-12-02 02:37:29] ✓ POSITIVE | Customer: CUST_002118 | Cluster: 1 | Score: -4.87 | Update #591
[2025-12-02 02:37:29] 
💾 Saving model after 591 updates...
[2025-12-02 02:37:29] ✓ Model saved to /home/crazy_warlord/TargettedCalling/Persistence/model_car.json
[2025-12-02 02:37:29] ✓ Current state: Components=8, Positive=175, Negative=416

[2025-12-02 02:37:29] ✓ Batch complete: 5 updates, 0 errors
[2025-12-02 02:37:29] 📥 RECEIVED FEEDBACK | Customer: CUST_011262 | Bought: True
[2025-12-02 02:37:29] Buffer size: 1/5
[2025-12-02 02:37:29] 📥 RECEIVED FEEDBACK | Customer: CUST_002220 | Bought: False
[2025-12-02 02:37:29] Buffer size: 2/5
[2025-12-02 02:37:29] 📥 RECEIVED FEEDBACK | Customer: CUST_005619 | Bought: False
[2025-12-02 02:37:29] Buffer size: 3/5
[2025-12-02 02:37:29] 📥 RECEIVED FEEDBACK | Customer: CUST_005204 | Bought: True
[2025-12-02 02:37:29] Buffer size: 4/5
[2025-12-02 02:37:29] 📥 RECEIVED FEEDBACK | Customer: CUST_009401 | Bought: False
[2025-12-02 02:37:29] Buffer size: 5/5
[2025-12-02 02:37:29] 
============================================================
[2025-12-02 02:37:29] 🔄 Processing batch of 5 feedback points
[2025-12-02 02:37:29] ============================================================
[2025-12-02 02:37:29] ✓ POSITIVE | Customer: CUST_011262 | Cluster: 1 | Score: 1.46 | Update #592
[2025-12-02 02:37:29] ✗ NEGATIVE | Customer: CUST_002220 | Cluster: 3 | Score: 1.84 | Update #593
[2025-12-02 02:37:29] ✗ NEGATIVE | Customer: CUST_005619 | Cluster: 0 | Score: 4.18 | Update #594
[2025-12-02 02:37:29] ✓ POSITIVE | Customer: CUST_005204 | Cluster: 1 | Score: 3.47 | Update #595
[2025-12-02 02:37:29] ✗ NEGATIVE | Customer: CUST_009401 | Cluster: 5 | Score: 2.24 | Update #596
[2025-12-02 02:37:29] 
💾 Saving model after 596 updates...
[2025-12-02 02:37:29] ✓ Model saved to /home/crazy_warlord/TargettedCalling/Persistence/model_car.json
[2025-12-02 02:37:29] ✓ Current state: Components=8, Positive=177, Negative=419

[2025-12-02 02:37:29] ✓ Batch complete: 5 updates, 0 errors
[2025-12-02 02:37:29] 📥 RECEIVED FEEDBACK | Customer: CUST_002395 | Bought: False
[2025-12-02 02:37:29] Buffer size: 1/5
[2025-12-02 02:37:29] 📥 RECEIVED FEEDBACK | Customer: CUST_006041 | Bought: True
[2025-12-02 02:37:29] Buffer size: 2/5
[2025-12-02 02:37:29] 📥 RECEIVED FEEDBACK | Customer: CUST_006165 | Bought: False
[2025-12-02 02:37:29] Buffer size: 3/5
[2025-12-02 02:37:29] 📥 RECEIVED FEEDBACK | Customer: CUST_005284 | Bought: False
[2025-12-02 02:37:29] Buffer size: 4/5
[2025-12-02 02:37:29] 📥 RECEIVED FEEDBACK | Customer: CUST_003009 | Bought: False
[2025-12-02 02:37:29] Buffer size: 5/5
[2025-12-02 02:37:29] 
============================================================
[2025-12-02 02:37:29] 🔄 Processing batch of 5 feedback points
[2025-12-02 02:37:29] ============================================================
[2025-12-02 02:37:29] ✗ NEGATIVE | Customer: CUST_002395 | Cluster: 4 | Score: 0.49 | Update #597
[2025-12-02 02:37:29] ✓ POSITIVE | Customer: CUST_006041 | Cluster: 5 | Score: 1.67 | Update #598
[2025-12-02 02:37:30] ✗ NEGATIVE | Customer: CUST_006165 | Cluster: 0 | Score: 4.30 | Update #599
[2025-12-02 02:37:30] ✗ NEGATIVE | Customer: CUST_005284 | Cluster: 4 | Score: 1.44 | Update #600
[2025-12-02 02:37:30] ✗ NEGATIVE | Customer: CUST_003009 | Cluster: 0 | Score: 2.42 | Update #601
[2025-12-02 02:37:30] 
💾 Saving model after 601 updates...
[2025-12-02 02:37:30] ✓ Model saved to /home/crazy_warlord/TargettedCalling/Persistence/model_car.json
[2025-12-02 02:37:30] ✓ Current state: Components=8, Positive=178, Negative=423

[2025-12-02 02:37:30] ✓ Batch complete: 5 updates, 0 errors
[2025-12-02 02:37:30] 📥 RECEIVED FEEDBACK | Customer: CUST_005833 | Bought: False
[2025-12-02 02:37:30] Buffer size: 1/5
[2025-12-02 02:37:30] 📥 RECEIVED FEEDBACK | Customer: CUST_009275 | Bought: False
[2025-12-02 02:37:30] Buffer size: 2/5
[2025-12-02 02:37:30] 📥 RECEIVED FEEDBACK | Customer: CUST_005725 | Bought: False
[2025-12-02 02:37:30] Buffer size: 3/5
[2025-12-02 02:37:30] 📥 RECEIVED FEEDBACK | Customer: CUST_000259 | Bought: False
[2025-12-02 02:37:30] Buffer size: 4/5
[2025-12-02 02:37:30] 📥 RECEIVED FEEDBACK | Customer: CUST_002963 | Bought: False
[2025-12-02 02:37:30] Buffer size: 5/5
[2025-12-02 02:37:30] 
============================================================
[2025-12-02 02:37:30] 🔄 Processing batch of 5 feedback points
[2025-12-02 02:37:30] ============================================================
[2025-12-02 02:37:30] ✗ NEGATIVE | Customer: CUST_005833 | Cluster: 4 | Score: 1.28 | Update #602
[2025-12-02 02:37:30] ✗ NEGATIVE | Customer: CUST_009275 | Cluster: 3 | Score: 1.61 | Update #603
[2025-12-02 02:37:30] ✗ NEGATIVE | Customer: CUST_005725 | Cluster: 0 | Score: -4.92 | Update #604
[2025-12-02 02:37:30] ✗ NEGATIVE | Customer: CUST_000259 | Cluster: 4 | Score: -0.05 | Update #605
[2025-12-02 02:37:30] ✗ NEGATIVE | Customer: CUST_002963 | Cluster: 7 | Score: 0.85 | Update #606
[2025-12-02 02:37:30] 
💾 Saving model after 606 updates...
[2025-12-02 02:37:30] ✓ Model saved to /home/crazy_warlord/TargettedCalling/Persistence/model_car.json
[2025-12-02 02:37:30] ✓ Current state: Components=8, Positive=178, Negative=428

[2025-12-02 02:37:30] ✓ Batch complete: 5 updates, 0 errors
[2025-12-02 02:37:30] 📥 RECEIVED FEEDBACK | Customer: CUST_011191 | Bought: False
[2025-12-02 02:37:30] Buffer size: 1/5
[2025-12-02 02:37:30] 📥 RECEIVED FEEDBACK | Customer: CUST_011662 | Bought: False
[2025-12-02 02:37:30] Buffer size: 2/5
[2025-12-02 02:37:30] 📥 RECEIVED FEEDBACK | Customer: CUST_009462 | Bought: True
[2025-12-02 02:37:30] Buffer size: 3/5
[2025-12-02 02:37:30] 📥 RECEIVED FEEDBACK | Customer: CUST_005880 | Bought: True
[2025-12-02 02:37:30] Buffer size: 4/5
[2025-12-02 02:37:30] 📥 RECEIVED FEEDBACK | Customer: CUST_011477 | Bought: False
[2025-12-02 02:37:30] Buffer size: 5/5
[2025-12-02 02:37:30] 
============================================================
[2025-12-02 02:37:30] 🔄 Processing batch of 5 feedback points
[2025-12-02 02:37:30] ============================================================
[2025-12-02 02:37:30] ✗ NEGATIVE | Customer: CUST_011191 | Cluster: 5 | Score: 2.09 | Update #607
[2025-12-02 02:37:30] ✗ NEGATIVE | Customer: CUST_011662 | Cluster: 0 | Score: 6.00 | Update #608
[2025-12-02 02:37:30] ✓ POSITIVE | Customer: CUST_009462 | Cluster: 7 | Score: 3.22 | Update #609
[2025-12-02 02:37:30] ✓ POSITIVE | Customer: CUST_005880 | Cluster: 4 | Score: 2.64 | Update #610
[2025-12-02 02:37:30] ✗ NEGATIVE | Customer: CUST_011477 | Cluster: 4 | Score: 1.28 | Update #611
[2025-12-02 02:37:30] 
💾 Saving model after 611 updates...
[2025-12-02 02:37:30] ✓ Model saved to /home/crazy_warlord/TargettedCalling/Persistence/model_car.json
[2025-12-02 02:37:30] ✓ Current state: Components=8, Positive=180, Negative=431

[2025-12-02 02:37:30] ✓ Batch complete: 5 updates, 0 errors
[2025-12-02 02:37:30] 📥 RECEIVED FEEDBACK | Customer: CUST_009251 | Bought: True
[2025-12-02 02:37:30] Buffer size: 1/5
[2025-12-02 02:37:30] 📥 RECEIVED FEEDBACK | Customer: CUST_005954 | Bought: False
[2025-12-02 02:37:30] Buffer size: 2/5
[2025-12-02 02:37:30] 📥 RECEIVED FEEDBACK | Customer: CUST_003009 | Bought: True
[2025-12-02 02:37:30] Buffer size: 3/5
[2025-12-02 02:37:30] 📥 RECEIVED FEEDBACK | Customer: CUST_002494 | Bought: False
[2025-12-02 02:37:30] Buffer size: 4/5
[2025-12-02 02:37:30] 📥 RECEIVED FEEDBACK | Customer: CUST_011217 | Bought: False
[2025-12-02 02:37:30] Buffer size: 5/5
[2025-12-02 02:37:30] 
============================================================
[2025-12-02 02:37:30] 🔄 Processing batch of 5 feedback points
[2025-12-02 02:37:30] ============================================================
[2025-12-02 02:37:30] ✓ POSITIVE | Customer: CUST_009251 | Cluster: 7 | Score: -0.30 | Update #612
[2025-12-02 02:37:30] ✗ NEGATIVE | Customer: CUST_005954 | Cluster: 3 | Score: -4.39 | Update #613
[2025-12-02 02:37:30] ✓ POSITIVE | Customer: CUST_003009 | Cluster: 0 | Score: 2.42 | Update #614
[2025-12-02 02:37:30] ✗ NEGATIVE | Customer: CUST_002494 | Cluster: 7 | Score: -4.53 | Update #615
[2025-12-02 02:37:31] ✗ NEGATIVE | Customer: CUST_011217 | Cluster: 1 | Score: -1.67 | Update #616
[2025-12-02 02:37:31] 
💾 Saving model after 616 updates...
[2025-12-02 02:37:31] ✓ Model saved to /home/crazy_warlord/TargettedCalling/Persistence/model_car.json
[2025-12-02 02:37:31] ✓ Current state: Components=8, Positive=182, Negative=434

[2025-12-02 02:37:31] ✓ Batch complete: 5 updates, 0 errors
[2025-12-02 02:37:31] 📥 RECEIVED FEEDBACK | Customer: CUST_000137 | Bought: False
[2025-12-02 02:37:31] Buffer size: 1/5
[2025-12-02 02:37:31] 📥 RECEIVED FEEDBACK | Customer: CUST_009275 | Bought: False
[2025-12-02 02:37:31] Buffer size: 2/5
[2025-12-02 02:37:31] 📥 RECEIVED FEEDBACK | Customer: CUST_005120 | Bought: False
[2025-12-02 02:37:31] Buffer size: 3/5
[2025-12-02 02:37:31] 📥 RECEIVED FEEDBACK | Customer: CUST_011262 | Bought: True
[2025-12-02 02:37:31] Buffer size: 4/5
[2025-12-02 02:37:31] 📥 RECEIVED FEEDBACK | Customer: CUST_002279 | Bought: False
[2025-12-02 02:37:31] Buffer size: 5/5
[2025-12-02 02:37:31] 
============================================================
[2025-12-02 02:37:31] 🔄 Processing batch of 5 feedback points
[2025-12-02 02:37:31] ============================================================
[2025-12-02 02:37:31] ✗ NEGATIVE | Customer: CUST_000137 | Cluster: 1 | Score: -1.26 | Update #617
[2025-12-02 02:37:31] ✗ NEGATIVE | Customer: CUST_009275 | Cluster: 3 | Score: 1.61 | Update #618
[2025-12-02 02:37:31] ✗ NEGATIVE | Customer: CUST_005120 | Cluster: 5 | Score: 0.90 | Update #619
[2025-12-02 02:37:31] ✓ POSITIVE | Customer: CUST_011262 | Cluster: 1 | Score: 2.45 | Update #620
[2025-12-02 02:37:31] ✗ NEGATIVE | Customer: CUST_002279 | Cluster: 7 | Score: -11.64 | Update #621
[2025-12-02 02:37:31] 
💾 Saving model after 621 updates...
[2025-12-02 02:37:31] ✓ Model saved to /home/crazy_warlord/TargettedCalling/Persistence/model_car.json
[2025-12-02 02:37:31] ✓ Current state: Components=8, Positive=183, Negative=438

[2025-12-02 02:37:31] ✓ Batch complete: 5 updates, 0 errors
[2025-12-02 02:37:31] 📥 RECEIVED FEEDBACK | Customer: CUST_002835 | Bought: True
[2025-12-02 02:37:31] Buffer size: 1/5
[2025-12-02 02:37:31] 📥 RECEIVED FEEDBACK | Customer: CUST_005396 | Bought: False
[2025-12-02 02:37:31] Buffer size: 2/5
[2025-12-02 02:37:31] 📥 RECEIVED FEEDBACK | Customer: CUST_005536 | Bought: True
[2025-12-02 02:37:31] Buffer size: 3/5
[2025-12-02 02:37:31] 📥 RECEIVED FEEDBACK | Customer: CUST_005089 | Bought: True
[2025-12-02 02:37:31] Buffer size: 4/5
[2025-12-02 02:37:31] 📥 RECEIVED FEEDBACK | Customer: CUST_011429 | Bought: False
[2025-12-02 02:37:31] Buffer size: 5/5
[2025-12-02 02:37:31] 
============================================================
[2025-12-02 02:37:31] 🔄 Processing batch of 5 feedback points
[2025-12-02 02:37:31] ============================================================
[2025-12-02 02:37:31] ✓ POSITIVE | Customer: CUST_002835 | Cluster: 2 | Score: 0.26 | Update #622
[2025-12-02 02:37:31] ✗ NEGATIVE | Customer: CUST_005396 | Cluster: 4 | Score: -1.99 | Update #623
[2025-12-02 02:37:31] ✓ POSITIVE | Customer: CUST_005536 | Cluster: 7 | Score: -2.93 | Update #624
[2025-12-02 02:37:31] ✓ POSITIVE | Customer: CUST_005089 | Cluster: 6 | Score: 4.75 | Update #625
[2025-12-02 02:37:31] ✗ NEGATIVE | Customer: CUST_011429 | Cluster: 7 | Score: 0.39 | Update #626
[2025-12-02 02:37:31] 
💾 Saving model after 626 updates...
[2025-12-02 02:37:31] ✓ Model saved to /home/crazy_warlord/TargettedCalling/Persistence/model_car.json
[2025-12-02 02:37:31] ✓ Current state: Components=8, Positive=186, Negative=440

[2025-12-02 02:37:31] ✓ Batch complete: 5 updates, 0 errors
[2025-12-02 02:37:31] 📥 RECEIVED FEEDBACK | Customer: CUST_011667 | Bought: False
[2025-12-02 02:37:31] Buffer size: 1/5
[2025-12-02 02:37:31] 📥 RECEIVED FEEDBACK | Customer: CUST_002054 | Bought: False
[2025-12-02 02:37:31] Buffer size: 2/5
[2025-12-02 02:37:31] 📥 RECEIVED FEEDBACK | Customer: CUST_011473 | Bought: True
[2025-12-02 02:37:31] Buffer size: 3/5
[2025-12-02 02:37:31] 📥 RECEIVED FEEDBACK | Customer: CUST_002126 | Bought: False
[2025-12-02 02:37:31] Buffer size: 4/5
[2025-12-02 02:37:31] 📥 RECEIVED FEEDBACK | Customer: CUST_005912 | Bought: False
[2025-12-02 02:37:31] Buffer size: 5/5
[2025-12-02 02:37:31] 
============================================================
[2025-12-02 02:37:31] 🔄 Processing batch of 5 feedback points
[2025-12-02 02:37:31] ============================================================
[2025-12-02 02:37:31] ✗ NEGATIVE | Customer: CUST_011667 | Cluster: 5 | Score: 0.96 | Update #627
[2025-12-02 02:37:31] ✗ NEGATIVE | Customer: CUST_002054 | Cluster: 2 | Score: 0.75 | Update #628
[2025-12-02 02:37:31] ✓ POSITIVE | Customer: CUST_011473 | Cluster: 1 | Score: 0.62 | Update #629
[2025-12-02 02:37:31] ✗ NEGATIVE | Customer: CUST_002126 | Cluster: 1 | Score: 3.04 | Update #630
[2025-12-02 02:37:32] ✗ NEGATIVE | Customer: CUST_005912 | Cluster: 4 | Score: 2.11 | Update #631
[2025-12-02 02:37:32] 
💾 Saving model after 631 updates...
[2025-12-02 02:37:32] ✓ Model saved to /home/crazy_warlord/TargettedCalling/Persistence/model_car.json
[2025-12-02 02:37:32] ✓ Current state: Components=8, Positive=187, Negative=444

[2025-12-02 02:37:32] ✓ Batch complete: 5 updates, 0 errors
[2025-12-02 02:37:32] 📥 RECEIVED FEEDBACK | Customer: CUST_000277 | Bought: False
[2025-12-02 02:37:32] Buffer size: 1/5
[2025-12-02 02:37:32] 📥 RECEIVED FEEDBACK | Customer: CUST_009324 | Bought: False
[2025-12-02 02:37:32] Buffer size: 2/5
[2025-12-02 02:37:32] 📥 RECEIVED FEEDBACK | Customer: CUST_011186 | Bought: False
[2025-12-02 02:37:32] Buffer size: 3/5
[2025-12-02 02:37:32] 📥 RECEIVED FEEDBACK | Customer: CUST_011698 | Bought: False
[2025-12-02 02:37:32] Buffer size: 4/5
[2025-12-02 02:37:32] 📥 RECEIVED FEEDBACK | Customer: CUST_003005 | Bought: False
[2025-12-02 02:37:32] Buffer size: 5/5
[2025-12-02 02:37:32] 
============================================================
[2025-12-02 02:37:32] 🔄 Processing batch of 5 feedback points
[2025-12-02 02:37:32] ============================================================
[2025-12-02 02:37:32] ✗ NEGATIVE | Customer: CUST_000277 | Cluster: 7 | Score: 2.57 | Update #632
[2025-12-02 02:37:32] ✗ NEGATIVE | Customer: CUST_009324 | Cluster: 5 | Score: -0.27 | Update #633
[2025-12-02 02:37:32] ✗ NEGATIVE | Customer: CUST_011186 | Cluster: 0 | Score: 5.96 | Update #634
[2025-12-02 02:37:32] ✗ NEGATIVE | Customer: CUST_011698 | Cluster: 0 | Score: 4.93 | Update #635
[2025-12-02 02:37:32] ✗ NEGATIVE | Customer: CUST_003005 | Cluster: 3 | Score: 3.17 | Update #636
[2025-12-02 02:37:32] 
💾 Saving model after 636 updates...
[2025-12-02 02:37:32] ✓ Model saved to /home/crazy_warlord/TargettedCalling/Persistence/model_car.json
[2025-12-02 02:37:32] ✓ Current state: Components=8, Positive=187, Negative=449

[2025-12-02 02:37:32] ✓ Batch complete: 5 updates, 0 errors
[2025-12-02 02:37:32] 📥 RECEIVED FEEDBACK | Customer: CUST_005789 | Bought: False
[2025-12-02 02:37:32] Buffer size: 1/5
[2025-12-02 02:37:32] 📥 RECEIVED FEEDBACK | Customer: CUST_002422 | Bought: False
[2025-12-02 02:37:32] Buffer size: 2/5
[2025-12-02 02:37:32] 📥 RECEIVED FEEDBACK | Customer: CUST_005204 | Bought: True
[2025-12-02 02:37:32] Buffer size: 3/5
[2025-12-02 02:37:32] 📥 RECEIVED FEEDBACK | Customer: CUST_005880 | Bought: False
[2025-12-02 02:37:32] Buffer size: 4/5
[2025-12-02 02:37:32] 📥 RECEIVED FEEDBACK | Customer: CUST_009275 | Bought: True
[2025-12-02 02:37:32] Buffer size: 5/5
[2025-12-02 02:37:32] 
============================================================
[2025-12-02 02:37:32] 🔄 Processing batch of 5 feedback points
[2025-12-02 02:37:32] ============================================================
[2025-12-02 02:37:32] ✗ NEGATIVE | Customer: CUST_005789 | Cluster: 5 | Score: -3.50 | Update #637
[2025-12-02 02:37:32] ✗ NEGATIVE | Customer: CUST_002422 | Cluster: 7 | Score: 2.64 | Update #638
[2025-12-02 02:37:32] ✓ POSITIVE | Customer: CUST_005204 | Cluster: 1 | Score: 3.68 | Update #639
[2025-12-02 02:37:32] ✗ NEGATIVE | Customer: CUST_005880 | Cluster: 4 | Score: 3.22 | Update #640
[2025-12-02 02:37:32] ✓ POSITIVE | Customer: CUST_009275 | Cluster: 3 | Score: 1.61 | Update #641
[2025-12-02 02:37:32] 
💾 Saving model after 641 updates...
[2025-12-02 02:37:32] ✓ Model saved to /home/crazy_warlord/TargettedCalling/Persistence/model_car.json
[2025-12-02 02:37:32] ✓ Current state: Components=8, Positive=189, Negative=452

[2025-12-02 02:37:32] ✓ Batch complete: 5 updates, 0 errors
[2025-12-02 02:37:32] 📥 RECEIVED FEEDBACK | Customer: CUST_006165 | Bought: True
[2025-12-02 02:37:32] Buffer size: 1/5
[2025-12-02 02:37:32] 📥 RECEIVED FEEDBACK | Customer: CUST_005725 | Bought: False
[2025-12-02 02:37:32] Buffer size: 2/5
[2025-12-02 02:37:32] 📥 RECEIVED FEEDBACK | Customer: CUST_005098 | Bought: False
[2025-12-02 02:37:32] Buffer size: 3/5
[2025-12-02 02:37:32] 📥 RECEIVED FEEDBACK | Customer: CUST_005537 | Bought: True
[2025-12-02 02:37:32] Buffer size: 4/5
[2025-12-02 02:37:32] 📥 RECEIVED FEEDBACK | Customer: CUST_009236 | Bought: True
[2025-12-02 02:37:32] Buffer size: 5/5
[2025-12-02 02:37:32] 
============================================================
[2025-12-02 02:37:32] 🔄 Processing batch of 5 feedback points
[2025-12-02 02:37:32] ============================================================
[2025-12-02 02:37:32] ✓ POSITIVE | Customer: CUST_006165 | Cluster: 0 | Score: 4.07 | Update #642
[2025-12-02 02:37:32] ✗ NEGATIVE | Customer: CUST_005725 | Cluster: 0 | Score: -5.46 | Update #643
[2025-12-02 02:37:32] ✗ NEGATIVE | Customer: CUST_005098 | Cluster: 4 | Score: 1.42 | Update #644
[2025-12-02 02:37:32] ✓ POSITIVE | Customer: CUST_005537 | Cluster: 4 | Score: 2.43 | Update #645
[2025-12-02 02:37:33] ✓ POSITIVE | Customer: CUST_009236 | Cluster: 5 | Score: 2.38 | Update #646
[2025-12-02 02:37:33] 
💾 Saving model after 646 updates...
[2025-12-02 02:37:33] ✓ Model saved to /home/crazy_warlord/TargettedCalling/Persistence/model_car.json
[2025-12-02 02:37:33] ✓ Current state: Components=8, Positive=192, Negative=454

[2025-12-02 02:37:33] ✓ Batch complete: 5 updates, 0 errors
[2025-12-02 02:37:33] 📥 RECEIVED FEEDBACK | Customer: CUST_009224 | Bought: False
[2025-12-02 02:37:33] Buffer size: 1/5
[2025-12-02 02:37:33] 📥 RECEIVED FEEDBACK | Customer: CUST_011521 | Bought: False
[2025-12-02 02:37:33] Buffer size: 2/5
[2025-12-02 02:37:33] 📥 RECEIVED FEEDBACK | Customer: CUST_011654 | Bought: False
[2025-12-02 02:37:33] Buffer size: 3/5
[2025-12-02 02:37:33] 📥 RECEIVED FEEDBACK | Customer: CUST_002296 | Bought: False
[2025-12-02 02:37:33] Buffer size: 4/5
[2025-12-02 02:37:33] 📥 RECEIVED FEEDBACK | Customer: CUST_002404 | Bought: True
[2025-12-02 02:37:33] Buffer size: 5/5
[2025-12-02 02:37:33] 
============================================================
[2025-12-02 02:37:33] 🔄 Processing batch of 5 feedback points
[2025-12-02 02:37:33] ============================================================
[2025-12-02 02:37:33] ✗ NEGATIVE | Customer: CUST_009224 | Cluster: 7 | Score: 0.29 | Update #647
[2025-12-02 02:37:33] ✗ NEGATIVE | Customer: CUST_011521 | Cluster: 3 | Score: 0.41 | Update #648
[2025-12-02 02:37:33] ✗ NEGATIVE | Customer: CUST_011654 | Cluster: 6 | Score: 6.58 | Update #649
[2025-12-02 02:37:33] ✗ NEGATIVE | Customer: CUST_002296 | Cluster: 4 | Score: 3.16 | Update #650
[2025-12-02 02:37:33] ✓ POSITIVE | Customer: CUST_002404 | Cluster: 3 | Score: -0.06 | Update #651
[2025-12-02 02:37:33] 
💾 Saving model after 651 updates...
[2025-12-02 02:37:33] ✓ Model saved to /home/crazy_warlord/TargettedCalling/Persistence/model_car.json
[2025-12-02 02:37:33] ✓ Current state: Components=8, Positive=193, Negative=458

[2025-12-02 02:37:33] ✓ Batch complete: 5 updates, 0 errors
[2025-12-02 02:37:33] 📥 RECEIVED FEEDBACK | Customer: CUST_009236 | Bought: False
[2025-12-02 02:37:33] Buffer size: 1/5
[2025-12-02 02:37:33] 📥 RECEIVED FEEDBACK | Customer: CUST_002220 | Bought: False
[2025-12-02 02:37:33] Buffer size: 2/5
[2025-12-02 02:37:33] 📥 RECEIVED FEEDBACK | Customer: CUST_006092 | Bought: True
[2025-12-02 02:37:33] Buffer size: 3/5
[2025-12-02 02:37:33] 📥 RECEIVED FEEDBACK | Customer: CUST_006098 | Bought: True
[2025-12-02 02:37:33] Buffer size: 4/5
[2025-12-02 02:37:33] 📥 RECEIVED FEEDBACK | Customer: CUST_005954 | Bought: False
[2025-12-02 02:37:33] Buffer size: 5/5
[2025-12-02 02:37:33] 
============================================================
[2025-12-02 02:37:33] 🔄 Processing batch of 5 feedback points
[2025-12-02 02:37:33] ============================================================
[2025-12-02 02:37:33] ✗ NEGATIVE | Customer: CUST_009236 | Cluster: 5 | Score: 3.00 | Update #652
[2025-12-02 02:37:33] ✗ NEGATIVE | Customer: CUST_002220 | Cluster: 3 | Score: 1.70 | Update #653
[2025-12-02 02:37:33] ✓ POSITIVE | Customer: CUST_006092 | Cluster: 6 | Score: 3.12 | Update #654
[2025-12-02 02:37:33] ✓ POSITIVE | Customer: CUST_006098 | Cluster: 0 | Score: 4.48 | Update #655
[2025-12-02 02:37:33] ✗ NEGATIVE | Customer: CUST_005954 | Cluster: 3 | Score: -4.70 | Update #656
[2025-12-02 02:37:33] 
💾 Saving model after 656 updates...
[2025-12-02 02:37:33] ✓ Model saved to /home/crazy_warlord/TargettedCalling/Persistence/model_car.json
[2025-12-02 02:37:33] ✓ Current state: Components=8, Positive=195, Negative=461

[2025-12-02 02:37:33] ✓ Batch complete: 5 updates, 0 errors
[2025-12-02 02:37:33] 📥 RECEIVED FEEDBACK | Customer: CUST_002646 | Bought: True
[2025-12-02 02:37:33] Buffer size: 1/5
[2025-12-02 02:37:33] 📥 RECEIVED FEEDBACK | Customer: CUST_011191 | Bought: False
[2025-12-02 02:37:33] Buffer size: 2/5
[2025-12-02 02:37:33] 📥 RECEIVED FEEDBACK | Customer: CUST_011465 | Bought: True
[2025-12-02 02:37:33] Buffer size: 3/5
[2025-12-02 02:37:33] 📥 RECEIVED FEEDBACK | Customer: CUST_005773 | Bought: True
[2025-12-02 02:37:33] Buffer size: 4/5
[2025-12-02 02:37:33] 📥 RECEIVED FEEDBACK | Customer: CUST_000259 | Bought: False
[2025-12-02 02:37:33] Buffer size: 5/5
[2025-12-02 02:37:33] 
============================================================
[2025-12-02 02:37:33] 🔄 Processing batch of 5 feedback points
[2025-12-02 02:37:33] ============================================================
[2025-12-02 02:37:33] ✓ POSITIVE | Customer: CUST_002646 | Cluster: 0 | Score: 5.76 | Update #657
[2025-12-02 02:37:33] ✗ NEGATIVE | Customer: CUST_011191 | Cluster: 5 | Score: 2.37 | Update #658
[2025-12-02 02:37:33] ✓ POSITIVE | Customer: CUST_011465 | Cluster: 5 | Score: 3.43 | Update #659
[2025-12-02 02:37:33] ✓ POSITIVE | Customer: CUST_005773 | Cluster: 3 | Score: 1.11 | Update #660
[2025-12-02 02:37:34] ✗ NEGATIVE | Customer: CUST_000259 | Cluster: 4 | Score: -0.30 | Update #661
[2025-12-02 02:37:34] 
💾 Saving model after 661 updates...
[2025-12-02 02:37:34] ✓ Model saved to /home/crazy_warlord/TargettedCalling/Persistence/model_car.json
[2025-12-02 02:37:34] ✓ Current state: Components=8, Positive=198, Negative=463

[2025-12-02 02:37:34] ✓ Batch complete: 5 updates, 0 errors
[2025-12-02 02:37:34] 📥 RECEIVED FEEDBACK | Customer: CUST_011427 | Bought: False
[2025-12-02 02:37:34] Buffer size: 1/5
[2025-12-02 02:37:34] 📥 RECEIVED FEEDBACK | Customer: CUST_009275 | Bought: True
[2025-12-02 02:37:34] Buffer size: 2/5
[2025-12-02 02:37:34] 📥 RECEIVED FEEDBACK | Customer: CUST_009548 | Bought: False
[2025-12-02 02:37:34] Buffer size: 3/5
[2025-12-02 02:37:34] 📥 RECEIVED FEEDBACK | Customer: CUST_011252 | Bought: False
[2025-12-02 02:37:34] Buffer size: 4/5
[2025-12-02 02:37:34] 📥 RECEIVED FEEDBACK | Customer: CUST_011667 | Bought: False
[2025-12-02 02:37:34] Buffer size: 5/5
[2025-12-02 02:37:34] 
============================================================
[2025-12-02 02:37:34] 🔄 Processing batch of 5 feedback points
[2025-12-02 02:37:34] ============================================================
[2025-12-02 02:37:34] ✗ NEGATIVE | Customer: CUST_011427 | Cluster: 6 | Score: 6.87 | Update #662
[2025-12-02 02:37:34] ✓ POSITIVE | Customer: CUST_009275 | Cluster: 3 | Score: 2.13 | Update #663
[2025-12-02 02:37:34] ✗ NEGATIVE | Customer: CUST_009548 | Cluster: 4 | Score: 1.00 | Update #664
[2025-12-02 02:37:34] ✗ NEGATIVE | Customer: CUST_011252 | Cluster: 3 | Score: 1.49 | Update #665
[2025-12-02 02:37:34] ✗ NEGATIVE | Customer: CUST_011667 | Cluster: 5 | Score: 0.65 | Update #666
[2025-12-02 02:37:34] 
💾 Saving model after 666 updates...
[2025-12-02 02:37:34] ✓ Model saved to /home/crazy_warlord/TargettedCalling/Persistence/model_car.json
[2025-12-02 02:37:34] ✓ Current state: Components=8, Positive=199, Negative=467

[2025-12-02 02:37:34] ✓ Batch complete: 5 updates, 0 errors
[2025-12-02 02:37:34] 📥 RECEIVED FEEDBACK | Customer: CUST_002774 | Bought: False
[2025-12-02 02:37:34] Buffer size: 1/5
[2025-12-02 02:37:34] 📥 RECEIVED FEEDBACK | Customer: CUST_009616 | Bought: False
[2025-12-02 02:37:34] Buffer size: 2/5
[2025-12-02 02:37:34] 📥 RECEIVED FEEDBACK | Customer: CUST_005928 | Bought: True
[2025-12-02 02:37:34] Buffer size: 3/5
[2025-12-02 02:37:34] 📥 RECEIVED FEEDBACK | Customer: CUST_011698 | Bought: False
[2025-12-02 02:37:34] Buffer size: 4/5
[2025-12-02 02:37:34] 📥 RECEIVED FEEDBACK | Customer: CUST_005396 | Bought: False
[2025-12-02 02:37:34] Buffer size: 5/5
[2025-12-02 02:37:34] 
============================================================
[2025-12-02 02:37:34] 🔄 Processing batch of 5 feedback points
[2025-12-02 02:37:34] ============================================================
[2025-12-02 02:37:34] ✗ NEGATIVE | Customer: CUST_002774 | Cluster: 0 | Score: 6.36 | Update #667
[2025-12-02 02:37:34] ✗ NEGATIVE | Customer: CUST_009616 | Cluster: 7 | Score: 0.48 | Update #668
[2025-12-02 02:37:34] ✓ POSITIVE | Customer: CUST_005928 | Cluster: 5 | Score: 1.91 | Update #669
[2025-12-02 02:37:34] ✗ NEGATIVE | Customer: CUST_011698 | Cluster: 0 | Score: 4.83 | Update #670
[2025-12-02 02:37:34] ✗ NEGATIVE | Customer: CUST_005396 | Cluster: 4 | Score: -2.09 | Update #671
[2025-12-02 02:37:34] 
💾 Saving model after 671 updates...
[2025-12-02 02:37:34] ✓ Model saved to /home/crazy_warlord/TargettedCalling/Persistence/model_car.json
[2025-12-02 02:37:34] ✓ Current state: Components=8, Positive=200, Negative=471

[2025-12-02 02:37:34] ✓ Batch complete: 5 updates, 0 errors
[2025-12-02 02:37:34] 📥 RECEIVED FEEDBACK | Customer: CUST_006066 | Bought: True
[2025-12-02 02:37:34] Buffer size: 1/5
[2025-12-02 02:37:34] 📥 RECEIVED FEEDBACK | Customer: CUST_006037 | Bought: True
[2025-12-02 02:37:34] Buffer size: 2/5
[2025-12-02 02:37:34] 📥 RECEIVED FEEDBACK | Customer: CUST_011477 | Bought: False
[2025-12-02 02:37:34] Buffer size: 3/5
[2025-12-02 02:37:34] 📥 RECEIVED FEEDBACK | Customer: CUST_011429 | Bought: True
[2025-12-02 02:37:34] Buffer size: 4/5
[2025-12-02 02:37:34] 📥 RECEIVED FEEDBACK | Customer: CUST_002118 | Bought: False
[2025-12-02 02:37:34] Buffer size: 5/5
[2025-12-02 02:37:34] 
============================================================
[2025-12-02 02:37:34] 🔄 Processing batch of 5 feedback points
[2025-12-02 02:37:34] ============================================================
[2025-12-02 02:37:34] ✓ POSITIVE | Customer: CUST_006066 | Cluster: 7 | Score: 1.45 | Update #672
[2025-12-02 02:37:34] ✓ POSITIVE | Customer: CUST_006037 | Cluster: 4 | Score: 3.26 | Update #673
[2025-12-02 02:37:34] ✗ NEGATIVE | Customer: CUST_011477 | Cluster: 4 | Score: 1.13 | Update #674
[2025-12-02 02:37:35] ✓ POSITIVE | Customer: CUST_011429 | Cluster: 7 | Score: 0.18 | Update #675
[2025-12-02 02:37:35] ✗ NEGATIVE | Customer: CUST_002118 | Cluster: 1 | Score: -7.08 | Update #676
[2025-12-02 02:37:35] 
💾 Saving model after 676 updates...
[2025-12-02 02:37:35] ✓ Model saved to /home/crazy_warlord/TargettedCalling/Persistence/model_car.json
[2025-12-02 02:37:35] ✓ Current state: Components=8, Positive=203, Negative=473

[2025-12-02 02:37:35] ✓ Batch complete: 5 updates, 0 errors
[2025-12-02 02:37:35] 📥 RECEIVED FEEDBACK | Customer: CUST_006169 | Bought: False
[2025-12-02 02:37:35] Buffer size: 1/5
[2025-12-02 02:37:35] 📥 RECEIVED FEEDBACK | Customer: CUST_011249 | Bought: False
[2025-12-02 02:37:35] Buffer size: 2/5
[2025-12-02 02:37:35] 📥 RECEIVED FEEDBACK | Customer: CUST_011191 | Bought: True
[2025-12-02 02:37:35] Buffer size: 3/5
[2025-12-02 02:37:35] 📥 RECEIVED FEEDBACK | Customer: CUST_011249 | Bought: False
[2025-12-02 02:37:35] Buffer size: 4/5
[2025-12-02 02:37:35] 📥 RECEIVED FEEDBACK | Customer: CUST_009324 | Bought: True
[2025-12-02 02:37:35] Buffer size: 5/5
[2025-12-02 02:37:35] 
============================================================
[2025-12-02 02:37:35] 🔄 Processing batch of 5 feedback points
[2025-12-02 02:37:35] ============================================================
[2025-12-02 02:37:35] ✗ NEGATIVE | Customer: CUST_006169 | Cluster: 6 | Score: 1.66 | Update #677
[2025-12-02 02:37:35] ✗ NEGATIVE | Customer: CUST_011249 | Cluster: 5 | Score: 0.72 | Update #678
[2025-12-02 02:37:35] ✓ POSITIVE | Customer: CUST_011191 | Cluster: 5 | Score: 2.20 | Update #679
[2025-12-02 02:37:35] ✗ NEGATIVE | Customer: CUST_011249 | Cluster: 5 | Score: 0.51 | Update #680
[2025-12-02 02:37:35] ✓ POSITIVE | Customer: CUST_009324 | Cluster: 5 | Score: -0.93 | Update #681
[2025-12-02 02:37:35] 
💾 Saving model after 681 updates...
[2025-12-02 02:37:35] ✓ Model saved to /home/crazy_warlord/TargettedCalling/Persistence/model_car.json
[2025-12-02 02:37:35] ✓ Current state: Components=8, Positive=205, Negative=476

[2025-12-02 02:37:35] ✓ Batch complete: 5 updates, 0 errors
[2025-12-02 02:37:35] 📥 RECEIVED FEEDBACK | Customer: CUST_005123 | Bought: True
[2025-12-02 02:37:35] Buffer size: 1/5
[2025-12-02 02:37:35] 📥 RECEIVED FEEDBACK | Customer: CUST_009457 | Bought: False
[2025-12-02 02:37:35] Buffer size: 2/5
[2025-12-02 02:37:35] 📥 RECEIVED FEEDBACK | Customer: CUST_002422 | Bought: False
[2025-12-02 02:37:35] Buffer size: 3/5
[2025-12-02 02:37:35] 📥 RECEIVED FEEDBACK | Customer: CUST_002279 | Bought: False
[2025-12-02 02:37:35] Buffer size: 4/5
[2025-12-02 02:37:35] 📥 RECEIVED FEEDBACK | Customer: CUST_011427 | Bought: True
[2025-12-02 02:37:35] Buffer size: 5/5
[2025-12-02 02:37:35] 
============================================================
[2025-12-02 02:37:35] 🔄 Processing batch of 5 feedback points
[2025-12-02 02:37:35] ============================================================
[2025-12-02 02:37:35] ✓ POSITIVE | Customer: CUST_005123 | Cluster: 7 | Score: -3.31 | Update #682
[2025-12-02 02:37:35] ✗ NEGATIVE | Customer: CUST_009457 | Cluster: 4 | Score: 3.23 | Update #683
[2025-12-02 02:37:35] ✗ NEGATIVE | Customer: CUST_002422 | Cluster: 7 | Score: 2.51 | Update #684
[2025-12-02 02:37:35] ✗ NEGATIVE | Customer: CUST_002279 | Cluster: 7 | Score: -12.58 | Update #685
[2025-12-02 02:37:35] ✓ POSITIVE | Customer: CUST_011427 | Cluster: 6 | Score: 6.87 | Update #686
[2025-12-02 02:37:35] 
💾 Saving model after 686 updates...
[2025-12-02 02:37:35] ✓ Model saved to /home/crazy_warlord/TargettedCalling/Persistence/model_car.json
[2025-12-02 02:37:35] ✓ Current state: Components=8, Positive=207, Negative=479

[2025-12-02 02:37:35] ✓ Batch complete: 5 updates, 0 errors
[2025-12-02 02:37:35] 📥 RECEIVED FEEDBACK | Customer: CUST_011331 | Bought: False
[2025-12-02 02:37:35] Buffer size: 1/5
[2025-12-02 02:37:35] 📥 RECEIVED FEEDBACK | Customer: CUST_011654 | Bought: True
[2025-12-02 02:37:35] Buffer size: 2/5
[2025-12-02 02:37:35] 📥 RECEIVED FEEDBACK | Customer: CUST_002694 | Bought: False
[2025-12-02 02:37:35] Buffer size: 3/5
[2025-12-02 02:37:35] 📥 RECEIVED FEEDBACK | Customer: CUST_011182 | Bought: False
[2025-12-02 02:37:35] Buffer size: 4/5
[2025-12-02 02:37:35] 📥 RECEIVED FEEDBACK | Customer: CUST_009556 | Bought: True
[2025-12-02 02:37:35] Buffer size: 5/5
[2025-12-02 02:37:35] 
============================================================
[2025-12-02 02:37:35] 🔄 Processing batch of 5 feedback points
[2025-12-02 02:37:35] ============================================================
[2025-12-02 02:37:35] ✗ NEGATIVE | Customer: CUST_011331 | Cluster: 0 | Score: 3.01 | Update #687
[2025-12-02 02:37:35] ✓ POSITIVE | Customer: CUST_011654 | Cluster: 6 | Score: 6.71 | Update #688
[2025-12-02 02:37:35] ✗ NEGATIVE | Customer: CUST_002694 | Cluster: 7 | Score: 0.80 | Update #689
[2025-12-02 02:37:35] ✗ NEGATIVE | Customer: CUST_011182 | Cluster: 0 | Score: 5.05 | Update #690
[2025-12-02 02:37:36] ✓ POSITIVE | Customer: CUST_009556 | Cluster: 0 | Score: 1.32 | Update #691
[2025-12-02 02:37:36] 
💾 Saving model after 691 updates...
[2025-12-02 02:37:36] ✓ Model saved to /home/crazy_warlord/TargettedCalling/Persistence/model_car.json
[2025-12-02 02:37:36] ✓ Current state: Components=8, Positive=209, Negative=482

[2025-12-02 02:37:36] ✓ Batch complete: 5 updates, 0 errors
[2025-12-02 02:37:36] 📥 RECEIVED FEEDBACK | Customer: CUST_003009 | Bought: False
[2025-12-02 02:37:36] Buffer size: 1/5
[2025-12-02 02:37:36] 📥 RECEIVED FEEDBACK | Customer: CUST_002774 | Bought: False
[2025-12-02 02:37:36] Buffer size: 2/5
[2025-12-02 02:37:36] 📥 RECEIVED FEEDBACK | Customer: CUST_002582 | Bought: True
[2025-12-02 02:37:36] Buffer size: 3/5
[2025-12-02 02:37:36] 📥 RECEIVED FEEDBACK | Customer: CUST_005470 | Bought: True
[2025-12-02 02:37:36] Buffer size: 4/5
[2025-12-02 02:37:36] 📥 RECEIVED FEEDBACK | Customer: CUST_009462 | Bought: False
[2025-12-02 02:37:36] Buffer size: 5/5
[2025-12-02 02:37:36] 
============================================================
[2025-12-02 02:37:36] 🔄 Processing batch of 5 feedback points
[2025-12-02 02:37:36] ============================================================
[2025-12-02 02:37:36] ✗ NEGATIVE | Customer: CUST_003009 | Cluster: 0 | Score: 3.61 | Update #692
[2025-12-02 02:37:36] ✗ NEGATIVE | Customer: CUST_002774 | Cluster: 0 | Score: 6.22 | Update #693
[2025-12-02 02:37:36] ✓ POSITIVE | Customer: CUST_002582 | Cluster: 2 | Score: -0.97 | Update #694
[2025-12-02 02:37:36] ✓ POSITIVE | Customer: CUST_005470 | Cluster: 4 | Score: -1.42 | Update #695
[2025-12-02 02:37:36] ✗ NEGATIVE | Customer: CUST_009462 | Cluster: 7 | Score: 3.42 | Update #696
[2025-12-02 02:37:36] 
💾 Saving model after 696 updates...
[2025-12-02 02:37:36] ✓ Model saved to /home/crazy_warlord/TargettedCalling/Persistence/model_car.json
[2025-12-02 02:37:36] ✓ Current state: Components=8, Positive=211, Negative=485

[2025-12-02 02:37:36] ✓ Batch complete: 5 updates, 0 errors
[2025-12-02 02:37:36] 📥 RECEIVED FEEDBACK | Customer: CUST_011191 | Bought: False
[2025-12-02 02:37:36] Buffer size: 1/5
[2025-12-02 02:37:36] 📥 RECEIVED FEEDBACK | Customer: CUST_011249 | Bought: False
[2025-12-02 02:37:36] Buffer size: 2/5
[2025-12-02 02:37:36] 📥 RECEIVED FEEDBACK | Customer: CUST_009068 | Bought: False
[2025-12-02 02:37:36] Buffer size: 3/5
[2025-12-02 02:37:36] 📥 RECEIVED FEEDBACK | Customer: CUST_002296 | Bought: False
[2025-12-02 02:37:36] Buffer size: 4/5
[2025-12-02 02:37:36] 📥 RECEIVED FEEDBACK | Customer: CUST_009275 | Bought: False
[2025-12-02 02:37:36] Buffer size: 5/5
[2025-12-02 02:37:36] 
============================================================
[2025-12-02 02:37:36] 🔄 Processing batch of 5 feedback points
[2025-12-02 02:37:36] ============================================================
[2025-12-02 02:37:36] ✗ NEGATIVE | Customer: CUST_011191 | Cluster: 5 | Score: 2.81 | Update #697
[2025-12-02 02:37:36] ✗ NEGATIVE | Customer: CUST_011249 | Cluster: 5 | Score: 1.00 | Update #698
[2025-12-02 02:37:36] ✗ NEGATIVE | Customer: CUST_009068 | Cluster: 3 | Score: 2.21 | Update #699
[2025-12-02 02:37:36] ✗ NEGATIVE | Customer: CUST_002296 | Cluster: 4 | Score: 3.09 | Update #700
[2025-12-02 02:37:36] ✗ NEGATIVE | Customer: CUST_009275 | Cluster: 3 | Score: 2.56 | Update #701
[2025-12-02 02:37:36] 
💾 Saving model after 701 updates...
[2025-12-02 02:37:36] ✓ Model saved to /home/crazy_warlord/TargettedCalling/Persistence/model_car.json
[2025-12-02 02:37:36] ✓ Current state: Components=8, Positive=211, Negative=490

[2025-12-02 02:37:36] ✓ Batch complete: 5 updates, 0 errors
[2025-12-02 02:37:36] 📥 RECEIVED FEEDBACK | Customer: CUST_011420 | Bought: False
[2025-12-02 02:37:36] Buffer size: 1/5
[2025-12-02 02:37:36] 📥 RECEIVED FEEDBACK | Customer: CUST_002582 | Bought: True
[2025-12-02 02:37:36] Buffer size: 2/5
[2025-12-02 02:37:36] 📥 RECEIVED FEEDBACK | Customer: CUST_006003 | Bought: True
[2025-12-02 02:37:36] Buffer size: 3/5
[2025-12-02 02:37:36] 📥 RECEIVED FEEDBACK | Customer: CUST_008988 | Bought: False
[2025-12-02 02:37:36] Buffer size: 4/5
[2025-12-02 02:37:36] 📥 RECEIVED FEEDBACK | Customer: CUST_006083 | Bought: False
[2025-12-02 02:37:36] Buffer size: 5/5
[2025-12-02 02:37:36] 
============================================================
[2025-12-02 02:37:36] 🔄 Processing batch of 5 feedback points
[2025-12-02 02:37:36] ============================================================
[2025-12-02 02:37:36] ✗ NEGATIVE | Customer: CUST_011420 | Cluster: 3 | Score: -0.92 | Update #702
[2025-12-02 02:37:36] ✓ POSITIVE | Customer: CUST_002582 | Cluster: 2 | Score: -0.05 | Update #703
[2025-12-02 02:37:36] ✓ POSITIVE | Customer: CUST_006003 | Cluster: 5 | Score: 2.82 | Update #704
[2025-12-02 02:37:36] ✗ NEGATIVE | Customer: CUST_008988 | Cluster: 7 | Score: 0.34 | Update #705
[2025-12-02 02:37:37] ✗ NEGATIVE | Customer: CUST_006083 | Cluster: 6 | Score: 5.88 | Update #706
[2025-12-02 02:37:37] 
💾 Saving model after 706 updates...
[2025-12-02 02:37:37] ✓ Model saved to /home/crazy_warlord/TargettedCalling/Persistence/model_car.json
[2025-12-02 02:37:37] ✓ Current state: Components=8, Positive=213, Negative=493

[2025-12-02 02:37:37] ✓ Batch complete: 5 updates, 0 errors
[2025-12-02 02:37:37] 📥 RECEIVED FEEDBACK | Customer: CUST_006066 | Bought: False
[2025-12-02 02:37:37] Buffer size: 1/5
[2025-12-02 02:37:37] 📥 RECEIVED FEEDBACK | Customer: CUST_009401 | Bought: False
[2025-12-02 02:37:37] Buffer size: 2/5
[2025-12-02 02:37:37] 📥 RECEIVED FEEDBACK | Customer: CUST_002790 | Bought: False
[2025-12-02 02:37:37] Buffer size: 3/5
[2025-12-02 02:37:37] 📥 RECEIVED FEEDBACK | Customer: CUST_008988 | Bought: True
[2025-12-02 02:37:37] Buffer size: 4/5
[2025-12-02 02:37:37] 📥 RECEIVED FEEDBACK | Customer: CUST_009109 | Bought: False
[2025-12-02 02:37:37] Buffer size: 5/5
[2025-12-02 02:37:37] 
============================================================
[2025-12-02 02:37:37] 🔄 Processing batch of 5 feedback points
[2025-12-02 02:37:37] ============================================================
[2025-12-02 02:37:37] ✗ NEGATIVE | Customer: CUST_006066 | Cluster: 7 | Score: 2.06 | Update #707
[2025-12-02 02:37:37] ✗ NEGATIVE | Customer: CUST_009401 | Cluster: 5 | Score: 2.44 | Update #708
[2025-12-02 02:37:37] ✗ NEGATIVE | Customer: CUST_002790 | Cluster: 5 | Score: -3.02 | Update #709
[2025-12-02 02:37:37] ✓ POSITIVE | Customer: CUST_008988 | Cluster: 7 | Score: 0.34 | Update #710
[2025-12-02 02:37:37] ✗ NEGATIVE | Customer: CUST_009109 | Cluster: 7 | Score: 3.26 | Update #711
[2025-12-02 02:37:37] 
💾 Saving model after 711 updates...
[2025-12-02 02:37:37] ✓ Model saved to /home/crazy_warlord/TargettedCalling/Persistence/model_car.json
[2025-12-02 02:37:37] ✓ Current state: Components=8, Positive=214, Negative=497

[2025-12-02 02:37:37] ✓ Batch complete: 5 updates, 0 errors
[2025-12-02 02:37:37] 📥 RECEIVED FEEDBACK | Customer: CUST_011224 | Bought: True
[2025-12-02 02:37:37] Buffer size: 1/5
[2025-12-02 02:37:37] 📥 RECEIVED FEEDBACK | Customer: CUST_006003 | Bought: False
[2025-12-02 02:37:37] Buffer size: 2/5
[2025-12-02 02:37:37] 📥 RECEIVED FEEDBACK | Customer: CUST_005725 | Bought: False
[2025-12-02 02:37:37] Buffer size: 3/5
[2025-12-02 02:37:37] 📥 RECEIVED FEEDBACK | Customer: CUST_009455 | Bought: False
[2025-12-02 02:37:37] Buffer size: 4/5
[2025-12-02 02:37:37] 📥 RECEIVED FEEDBACK | Customer: CUST_002790 | Bought: True
[2025-12-02 02:37:37] Buffer size: 5/5
[2025-12-02 02:37:37] 
============================================================
[2025-12-02 02:37:37] 🔄 Processing batch of 5 feedback points
[2025-12-02 02:37:37] ============================================================
[2025-12-02 02:37:37] ✓ POSITIVE | Customer: CUST_011224 | Cluster: 1 | Score: 1.22 | Update #712
[2025-12-02 02:37:37] ✗ NEGATIVE | Customer: CUST_006003 | Cluster: 5 | Score: 3.34 | Update #713
[2025-12-02 02:37:37] ✗ NEGATIVE | Customer: CUST_005725 | Cluster: 0 | Score: -6.47 | Update #714
[2025-12-02 02:37:37] ✗ NEGATIVE | Customer: CUST_009455 | Cluster: 2 | Score: -1.35 | Update #715
[2025-12-02 02:37:37] ✓ POSITIVE | Customer: CUST_002790 | Cluster: 5 | Score: -3.02 | Update #716
[2025-12-02 02:37:37] 
💾 Saving model after 716 updates...
[2025-12-02 02:37:37] ✓ Model saved to /home/crazy_warlord/TargettedCalling/Persistence/model_car.json
[2025-12-02 02:37:37] ✓ Current state: Components=8, Positive=216, Negative=500

[2025-12-02 02:37:37] ✓ Batch complete: 5 updates, 0 errors
[2025-12-02 02:37:37] 📥 RECEIVED FEEDBACK | Customer: CUST_011186 | Bought: True
[2025-12-02 02:37:37] Buffer size: 1/5
[2025-12-02 02:37:37] 📥 RECEIVED FEEDBACK | Customer: CUST_009591 | Bought: False
[2025-12-02 02:37:37] Buffer size: 2/5
[2025-12-02 02:37:37] 📥 RECEIVED FEEDBACK | Customer: CUST_002296 | Bought: False
[2025-12-02 02:37:37] Buffer size: 3/5
[2025-12-02 02:37:37] 📥 RECEIVED FEEDBACK | Customer: CUST_011190 | Bought: False
[2025-12-02 02:37:37] Buffer size: 4/5
[2025-12-02 02:37:37] 📥 RECEIVED FEEDBACK | Customer: CUST_011702 | Bought: True
[2025-12-02 02:37:37] Buffer size: 5/5
[2025-12-02 02:37:37] 
============================================================
[2025-12-02 02:37:37] 🔄 Processing batch of 5 feedback points
[2025-12-02 02:37:37] ============================================================
[2025-12-02 02:37:37] ✓ POSITIVE | Customer: CUST_011186 | Cluster: 0 | Score: 6.13 | Update #717
[2025-12-02 02:37:37] ✗ NEGATIVE | Customer: CUST_009591 | Cluster: 3 | Score: 1.27 | Update #718
[2025-12-02 02:37:37] ✗ NEGATIVE | Customer: CUST_002296 | Cluster: 4 | Score: 3.09 | Update #719
[2025-12-02 02:37:37] ✗ NEGATIVE | Customer: CUST_011190 | Cluster: 3 | Score: 1.12 | Update #720
[2025-12-02 02:37:37] ✓ POSITIVE | Customer: CUST_011702 | Cluster: 5 | Score: 2.72 | Update #721
[2025-12-02 02:37:37] 
💾 Saving model after 721 updates...
[2025-12-02 02:37:38] ✓ Model saved to /home/crazy_warlord/TargettedCalling/Persistence/model_car.json
[2025-12-02 02:37:38] ✓ Current state: Components=8, Positive=218, Negative=503

[2025-12-02 02:37:38] ✓ Batch complete: 5 updates, 0 errors
[2025-12-02 02:37:38] 📥 RECEIVED FEEDBACK | Customer: CUST_006169 | Bought: True
[2025-12-02 02:37:38] Buffer size: 1/5
[2025-12-02 02:37:38] 📥 RECEIVED FEEDBACK | Customer: CUST_005284 | Bought: False
[2025-12-02 02:37:38] Buffer size: 2/5
[2025-12-02 02:37:38] 📥 RECEIVED FEEDBACK | Customer: CUST_009457 | Bought: False
[2025-12-02 02:37:38] Buffer size: 3/5
[2025-12-02 02:37:38] 📥 RECEIVED FEEDBACK | Customer: CUST_002582 | Bought: False
[2025-12-02 02:37:38] Buffer size: 4/5
[2025-12-02 02:37:38] 📥 RECEIVED FEEDBACK | Customer: CUST_005123 | Bought: False
[2025-12-02 02:37:38] Buffer size: 5/5
[2025-12-02 02:37:38] 
============================================================
[2025-12-02 02:37:38] 🔄 Processing batch of 5 feedback points
[2025-12-02 02:37:38] ============================================================
[2025-12-02 02:37:38] ✓ POSITIVE | Customer: CUST_006169 | Cluster: 6 | Score: 1.42 | Update #722
[2025-12-02 02:37:38] ✗ NEGATIVE | Customer: CUST_005284 | Cluster: 4 | Score: 0.93 | Update #723
[2025-12-02 02:37:38] ✗ NEGATIVE | Customer: CUST_009457 | Cluster: 4 | Score: 3.05 | Update #724
[2025-12-02 02:37:38] ✗ NEGATIVE | Customer: CUST_002582 | Cluster: 2 | Score: 0.53 | Update #725
[2025-12-02 02:37:38] ✗ NEGATIVE | Customer: CUST_005123 | Cluster: 7 | Score: -3.59 | Update #726
[2025-12-02 02:37:38] 
💾 Saving model after 726 updates...
[2025-12-02 02:37:38] ✓ Model saved to /home/crazy_warlord/TargettedCalling/Persistence/model_car.json
[2025-12-02 02:37:38] ✓ Current state: Components=8, Positive=219, Negative=507

[2025-12-02 02:37:38] ✓ Batch complete: 5 updates, 0 errors
[2025-12-02 02:37:38] 📥 RECEIVED FEEDBACK | Customer: CUST_000236 | Bought: False
[2025-12-02 02:37:38] Buffer size: 1/5
[2025-12-02 02:37:38] 📥 RECEIVED FEEDBACK | Customer: CUST_002494 | Bought: False
[2025-12-02 02:37:38] Buffer size: 2/5
[2025-12-02 02:37:38] 📥 RECEIVED FEEDBACK | Customer: CUST_005880 | Bought: False
[2025-12-02 02:37:38] Buffer size: 3/5
[2025-12-02 02:37:38] 📥 RECEIVED FEEDBACK | Customer: CUST_008988 | Bought: False
[2025-12-02 02:37:38] Buffer size: 4/5
[2025-12-02 02:37:38] 📥 RECEIVED FEEDBACK | Customer: CUST_002567 | Bought: True
[2025-12-02 02:37:38] Buffer size: 5/5
[2025-12-02 02:37:38] 
============================================================
[2025-12-02 02:37:38] 🔄 Processing batch of 5 feedback points
[2025-12-02 02:37:38] ============================================================
[2025-12-02 02:37:38] ✗ NEGATIVE | Customer: CUST_000236 | Cluster: 1 | Score: 3.62 | Update #727
[2025-12-02 02:37:38] ✗ NEGATIVE | Customer: CUST_002494 | Cluster: 7 | Score: -5.08 | Update #728
[2025-12-02 02:37:38] ✗ NEGATIVE | Customer: CUST_005880 | Cluster: 4 | Score: 2.91 | Update #729
[2025-12-02 02:37:38] ✗ NEGATIVE | Customer: CUST_008988 | Cluster: 7 | Score: 1.61 | Update #730
[2025-12-02 02:37:38] ✓ POSITIVE | Customer: CUST_002567 | Cluster: 5 | Score: 3.13 | Update #731
[2025-12-02 02:37:38] 
💾 Saving model after 731 updates...
[2025-12-02 02:37:38] ✓ Model saved to /home/crazy_warlord/TargettedCalling/Persistence/model_car.json
[2025-12-02 02:37:38] ✓ Current state: Components=8, Positive=220, Negative=511

[2025-12-02 02:37:38] ✓ Batch complete: 5 updates, 0 errors
[2025-12-02 02:37:38] 📥 RECEIVED FEEDBACK | Customer: CUST_002977 | Bought: True
[2025-12-02 02:37:38] Buffer size: 1/5
[2025-12-02 02:37:38] 📥 RECEIVED FEEDBACK | Customer: CUST_008988 | Bought: True
[2025-12-02 02:37:38] Buffer size: 2/5
[2025-12-02 02:37:38] 📥 RECEIVED FEEDBACK | Customer: CUST_011654 | Bought: False
[2025-12-02 02:37:38] Buffer size: 3/5
[2025-12-02 02:37:38] 📥 RECEIVED FEEDBACK | Customer: CUST_005833 | Bought: True
[2025-12-02 02:37:38] Buffer size: 4/5
[2025-12-02 02:37:38] 📥 RECEIVED FEEDBACK | Customer: CUST_011252 | Bought: False
[2025-12-02 02:37:38] Buffer size: 5/5
[2025-12-02 02:37:38] 
============================================================
[2025-12-02 02:37:38] 🔄 Processing batch of 5 feedback points
[2025-12-02 02:37:38] ============================================================
[2025-12-02 02:37:38] ✓ POSITIVE | Customer: CUST_002977 | Cluster: 7 | Score: 1.42 | Update #732
[2025-12-02 02:37:38] ✓ POSITIVE | Customer: CUST_008988 | Cluster: 7 | Score: 1.63 | Update #733
[2025-12-02 02:37:38] ✗ NEGATIVE | Customer: CUST_011654 | Cluster: 6 | Score: 6.99 | Update #734
[2025-12-02 02:37:38] ✓ POSITIVE | Customer: CUST_005833 | Cluster: 4 | Score: 1.04 | Update #735
[2025-12-02 02:37:38] ✗ NEGATIVE | Customer: CUST_011252 | Cluster: 3 | Score: 1.49 | Update #736
[2025-12-02 02:37:38] 
💾 Saving model after 736 updates...
[2025-12-02 02:37:38] ✓ Model saved to /home/crazy_warlord/TargettedCalling/Persistence/model_car.json
[2025-12-02 02:37:38] ✓ Current state: Components=8, Positive=223, Negative=513

[2025-12-02 02:37:39] ✓ Batch complete: 5 updates, 0 errors
[2025-12-02 02:37:39] 📥 RECEIVED FEEDBACK | Customer: CUST_006003 | Bought: True
[2025-12-02 02:37:39] Buffer size: 1/5
[2025-12-02 02:37:39] 📥 RECEIVED FEEDBACK | Customer: CUST_002144 | Bought: False
[2025-12-02 02:37:39] Buffer size: 2/5
[2025-12-02 02:37:39] 📥 RECEIVED FEEDBACK | Customer: CUST_009504 | Bought: False
[2025-12-02 02:37:39] Buffer size: 3/5
[2025-12-02 02:37:39] 📥 RECEIVED FEEDBACK | Customer: CUST_005816 | Bought: False
[2025-12-02 02:37:39] Buffer size: 4/5
[2025-12-02 02:37:39] 📥 RECEIVED FEEDBACK | Customer: CUST_005912 | Bought: False
[2025-12-02 02:37:39] Buffer size: 5/5
[2025-12-02 02:37:39] 
============================================================
[2025-12-02 02:37:39] 🔄 Processing batch of 5 feedback points
[2025-12-02 02:37:39] ============================================================
[2025-12-02 02:37:39] ✓ POSITIVE | Customer: CUST_006003 | Cluster: 5 | Score: 3.29 | Update #737
[2025-12-02 02:37:39] ✗ NEGATIVE | Customer: CUST_002144 | Cluster: 5 | Score: 0.77 | Update #738
[2025-12-02 02:37:39] ✗ NEGATIVE | Customer: CUST_009504 | Cluster: 5 | Score: 1.62 | Update #739
[2025-12-02 02:37:39] ✗ NEGATIVE | Customer: CUST_005816 | Cluster: 4 | Score: 0.94 | Update #740
[2025-12-02 02:37:39] ✗ NEGATIVE | Customer: CUST_005912 | Cluster: 4 | Score: 1.62 | Update #741
[2025-12-02 02:37:39] 
💾 Saving model after 741 updates...
[2025-12-02 02:37:39] ✓ Model saved to /home/crazy_warlord/TargettedCalling/Persistence/model_car.json
[2025-12-02 02:37:39] ✓ Current state: Components=8, Positive=224, Negative=517

[2025-12-02 02:37:39] ✓ Batch complete: 5 updates, 0 errors
[2025-12-02 02:37:39] 📥 RECEIVED FEEDBACK | Customer: CUST_005789 | Bought: False
[2025-12-02 02:37:39] Buffer size: 1/5
[2025-12-02 02:37:39] 📥 RECEIVED FEEDBACK | Customer: CUST_002051 | Bought: False
[2025-12-02 02:37:39] Buffer size: 2/5
[2025-12-02 02:37:39] 📥 RECEIVED FEEDBACK | Customer: CUST_009493 | Bought: False
[2025-12-02 02:37:39] Buffer size: 3/5
[2025-12-02 02:37:39] 📥 RECEIVED FEEDBACK | Customer: CUST_002144 | Bought: True
[2025-12-02 02:37:39] Buffer size: 4/5
[2025-12-02 02:37:39] 📥 RECEIVED FEEDBACK | Customer: CUST_000137 | Bought: False
[2025-12-02 02:37:39] Buffer size: 5/5
[2025-12-02 02:37:39] 
============================================================
[2025-12-02 02:37:39] 🔄 Processing batch of 5 feedback points
[2025-12-02 02:37:39] ============================================================
[2025-12-02 02:37:39] ✗ NEGATIVE | Customer: CUST_005789 | Cluster: 5 | Score: -4.91 | Update #742
[2025-12-02 02:37:39] ✗ NEGATIVE | Customer: CUST_002051 | Cluster: 4 | Score: 3.34 | Update #743
[2025-12-02 02:37:39] ✗ NEGATIVE | Customer: CUST_009493 | Cluster: 3 | Score: 2.64 | Update #744
[2025-12-02 02:37:39] ✓ POSITIVE | Customer: CUST_002144 | Cluster: 5 | Score: 0.77 | Update #745
[2025-12-02 02:37:39] ✗ NEGATIVE | Customer: CUST_000137 | Cluster: 1 | Score: -1.99 | Update #746
[2025-12-02 02:37:39] 
💾 Saving model after 746 updates...
[2025-12-02 02:37:39] ✓ Model saved to /home/crazy_warlord/TargettedCalling/Persistence/model_car.json
[2025-12-02 02:37:39] ✓ Current state: Components=8, Positive=225, Negative=521

[2025-12-02 02:37:39] ✓ Batch complete: 5 updates, 0 errors
[2025-12-02 02:37:39] 📥 RECEIVED FEEDBACK | Customer: CUST_002567 | Bought: False
[2025-12-02 02:37:39] Buffer size: 1/5
[2025-12-02 02:37:39] 📥 RECEIVED FEEDBACK | Customer: CUST_009504 | Bought: False
[2025-12-02 02:37:39] Buffer size: 2/5
[2025-12-02 02:37:39] 📥 RECEIVED FEEDBACK | Customer: CUST_002220 | Bought: False
[2025-12-02 02:37:39] Buffer size: 3/5
[2025-12-02 02:37:39] 📥 RECEIVED FEEDBACK | Customer: CUST_011654 | Bought: False
[2025-12-02 02:37:39] Buffer size: 4/5
[2025-12-02 02:37:39] 📥 RECEIVED FEEDBACK | Customer: CUST_011462 | Bought: False
[2025-12-02 02:37:39] Buffer size: 5/5
[2025-12-02 02:37:39] 
============================================================
[2025-12-02 02:37:39] 🔄 Processing batch of 5 feedback points
[2025-12-02 02:37:39] ============================================================
[2025-12-02 02:37:39] ✗ NEGATIVE | Customer: CUST_002567 | Cluster: 5 | Score: 3.45 | Update #747
[2025-12-02 02:37:39] ✗ NEGATIVE | Customer: CUST_009504 | Cluster: 5 | Score: 1.40 | Update #748
[2025-12-02 02:37:39] ✗ NEGATIVE | Customer: CUST_002220 | Cluster: 3 | Score: 1.51 | Update #749
[2025-12-02 02:37:39] ✗ NEGATIVE | Customer: CUST_011654 | Cluster: 6 | Score: 6.99 | Update #750
[2025-12-02 02:37:39] ✗ NEGATIVE | Customer: CUST_011462 | Cluster: 1 | Score: 3.61 | Update #751
[2025-12-02 02:37:39] 
💾 Saving model after 751 updates...
[2025-12-02 02:37:39] ✓ Model saved to /home/crazy_warlord/TargettedCalling/Persistence/model_car.json
[2025-12-02 02:37:39] ✓ Current state: Components=8, Positive=225, Negative=526

[2025-12-02 02:37:39] ✓ Batch complete: 5 updates, 0 errors
[2025-12-02 02:37:39] 📥 RECEIVED FEEDBACK | Customer: CUST_002567 | Bought: True
[2025-12-02 02:37:39] Buffer size: 1/5
[2025-12-02 02:37:39] 📥 RECEIVED FEEDBACK | Customer: CUST_011477 | Bought: False
[2025-12-02 02:37:39] Buffer size: 2/5
[2025-12-02 02:37:40] 📥 RECEIVED FEEDBACK | Customer: CUST_009499 | Bought: False
[2025-12-02 02:37:40] Buffer size: 3/5
[2025-12-02 02:37:40] 📥 RECEIVED FEEDBACK | Customer: CUST_011536 | Bought: False
[2025-12-02 02:37:40] Buffer size: 4/5
[2025-12-02 02:37:40] 📥 RECEIVED FEEDBACK | Customer: CUST_002494 | Bought: True
[2025-12-02 02:37:40] Buffer size: 5/5
[2025-12-02 02:37:40] 
============================================================
[2025-12-02 02:37:40] 🔄 Processing batch of 5 feedback points
[2025-12-02 02:37:40] ============================================================
[2025-12-02 02:37:40] ✓ POSITIVE | Customer: CUST_002567 | Cluster: 5 | Score: 3.45 | Update #752
[2025-12-02 02:37:40] ✗ NEGATIVE | Customer: CUST_011477 | Cluster: 4 | Score: 0.86 | Update #753
[2025-12-02 02:37:40] ✗ NEGATIVE | Customer: CUST_009499 | Cluster: 4 | Score: -0.63 | Update #754
[2025-12-02 02:37:40] ✗ NEGATIVE | Customer: CUST_011536 | Cluster: 0 | Score: 5.34 | Update #755
[2025-12-02 02:37:40] ✓ POSITIVE | Customer: CUST_002494 | Cluster: 7 | Score: -6.06 | Update #756
[2025-12-02 02:37:40] 
💾 Saving model after 756 updates...
[2025-12-02 02:37:40] ✓ Model saved to /home/crazy_warlord/TargettedCalling/Persistence/model_car.json
[2025-12-02 02:37:40] ✓ Current state: Components=8, Positive=227, Negative=529

[2025-12-02 02:37:40] ✓ Batch complete: 5 updates, 0 errors
[2025-12-02 02:37:40] 📥 RECEIVED FEEDBACK | Customer: CUST_009311 | Bought: False
[2025-12-02 02:37:40] Buffer size: 1/5
[2025-12-02 02:37:40] 📥 RECEIVED FEEDBACK | Customer: CUST_005662 | Bought: False
[2025-12-02 02:37:40] Buffer size: 2/5
[2025-12-02 02:37:40] 📥 RECEIVED FEEDBACK | Customer: CUST_005954 | Bought: False
[2025-12-02 02:37:40] Buffer size: 3/5
[2025-12-02 02:37:40] 📥 RECEIVED FEEDBACK | Customer: CUST_011462 | Bought: False
[2025-12-02 02:37:40] Buffer size: 4/5
[2025-12-02 02:37:40] 📥 RECEIVED FEEDBACK | Customer: CUST_002591 | Bought: False
[2025-12-02 02:37:40] Buffer size: 5/5
[2025-12-02 02:37:40] 
============================================================
[2025-12-02 02:37:40] 🔄 Processing batch of 5 feedback points
[2025-12-02 02:37:40] ============================================================
[2025-12-02 02:37:40] ✗ NEGATIVE | Customer: CUST_009311 | Cluster: 3 | Score: 0.86 | Update #757
[2025-12-02 02:37:40] ✗ NEGATIVE | Customer: CUST_005662 | Cluster: 5 | Score: -7.30 | Update #758
[2025-12-02 02:37:40] ✗ NEGATIVE | Customer: CUST_005954 | Cluster: 3 | Score: -4.87 | Update #759
[2025-12-02 02:37:40] ✗ NEGATIVE | Customer: CUST_011462 | Cluster: 1 | Score: 3.61 | Update #760
[2025-12-02 02:37:40] ✗ NEGATIVE | Customer: CUST_002591 | Cluster: 6 | Score: 2.60 | Update #761
[2025-12-02 02:37:40] 
💾 Saving model after 761 updates...
[2025-12-02 02:37:40] ✓ Model saved to /home/crazy_warlord/TargettedCalling/Persistence/model_car.json
[2025-12-02 02:37:40] ✓ Current state: Components=8, Positive=227, Negative=534

[2025-12-02 02:37:40] ✓ Batch complete: 5 updates, 0 errors
[2025-12-02 02:37:40] 📥 RECEIVED FEEDBACK | Customer: CUST_005120 | Bought: False
[2025-12-02 02:37:40] Buffer size: 1/5
[2025-12-02 02:37:40] 📥 RECEIVED FEEDBACK | Customer: CUST_005396 | Bought: True
[2025-12-02 02:37:40] Buffer size: 2/5
[2025-12-02 02:37:40] 📥 RECEIVED FEEDBACK | Customer: CUST_008979 | Bought: False
[2025-12-02 02:37:40] Buffer size: 3/5
[2025-12-02 02:37:40] 📥 RECEIVED FEEDBACK | Customer: CUST_009161 | Bought: False
[2025-12-02 02:37:40] Buffer size: 4/5
[2025-12-02 02:37:40] 📥 RECEIVED FEEDBACK | Customer: CUST_006003 | Bought: False
[2025-12-02 02:37:40] Buffer size: 5/5
[2025-12-02 02:37:40] 
============================================================
[2025-12-02 02:37:40] 🔄 Processing batch of 5 feedback points
[2025-12-02 02:37:40] ============================================================
[2025-12-02 02:37:40] ✗ NEGATIVE | Customer: CUST_005120 | Cluster: 5 | Score: 1.13 | Update #762
[2025-12-02 02:37:40] ✓ POSITIVE | Customer: CUST_005396 | Cluster: 4 | Score: -1.93 | Update #763
[2025-12-02 02:37:40] ✗ NEGATIVE | Customer: CUST_008979 | Cluster: 7 | Score: 0.19 | Update #764
[2025-12-02 02:37:40] ✗ NEGATIVE | Customer: CUST_009161 | Cluster: 0 | Score: 4.39 | Update #765
[2025-12-02 02:37:40] ✗ NEGATIVE | Customer: CUST_006003 | Cluster: 5 | Score: 3.56 | Update #766
[2025-12-02 02:37:40] 
💾 Saving model after 766 updates...
[2025-12-02 02:37:40] ✓ Model saved to /home/crazy_warlord/TargettedCalling/Persistence/model_car.json
[2025-12-02 02:37:40] ✓ Current state: Components=8, Positive=228, Negative=538

[2025-12-02 02:37:41] ✓ Batch complete: 5 updates, 0 errors
[2025-12-02 02:37:41] 📥 RECEIVED FEEDBACK | Customer: CUST_011331 | Bought: False
[2025-12-02 02:37:41] Buffer size: 1/5
[2025-12-02 02:37:41] 📥 RECEIVED FEEDBACK | Customer: CUST_009109 | Bought: True
[2025-12-02 02:37:41] Buffer size: 2/5
[2025-12-02 02:37:41] 📥 RECEIVED FEEDBACK | Customer: CUST_009652 | Bought: False
[2025-12-02 02:37:41] Buffer size: 3/5
[2025-12-02 02:37:41] 📥 RECEIVED FEEDBACK | Customer: CUST_009522 | Bought: True
[2025-12-02 02:37:41] Buffer size: 4/5
[2025-12-02 02:37:41] 📥 RECEIVED FEEDBACK | Customer: CUST_005725 | Bought: False
[2025-12-02 02:37:41] Buffer size: 5/5
[2025-12-02 02:37:41] 
============================================================
[2025-12-02 02:37:41] 🔄 Processing batch of 5 feedback points
[2025-12-02 02:37:41] ============================================================
[2025-12-02 02:37:41] ✗ NEGATIVE | Customer: CUST_011331 | Cluster: 0 | Score: 2.76 | Update #767
[2025-12-02 02:37:41] ✓ POSITIVE | Customer: CUST_009109 | Cluster: 7 | Score: 3.50 | Update #768
[2025-12-02 02:37:41] ✗ NEGATIVE | Customer: CUST_009652 | Cluster: 7 | Score: 1.03 | Update #769
[2025-12-02 02:37:41] ✓ POSITIVE | Customer: CUST_009522 | Cluster: 4 | Score: 3.80 | Update #770
[2025-12-02 02:37:41] ✗ NEGATIVE | Customer: CUST_005725 | Cluster: 0 | Score: -7.15 | Update #771
[2025-12-02 02:37:41] 
💾 Saving model after 771 updates...
[2025-12-02 02:37:41] ✓ Model saved to /home/crazy_warlord/TargettedCalling/Persistence/model_car.json
[2025-12-02 02:37:41] ✓ Current state: Components=8, Positive=230, Negative=541

[2025-12-02 02:37:41] ✓ Batch complete: 5 updates, 0 errors
[2025-12-02 02:37:41] 📥 RECEIVED FEEDBACK | Customer: CUST_011331 | Bought: True
[2025-12-02 02:37:41] Buffer size: 1/5
[2025-12-02 02:37:41] 📥 RECEIVED FEEDBACK | Customer: CUST_002220 | Bought: False
[2025-12-02 02:37:41] Buffer size: 2/5
[2025-12-02 02:37:41] 📥 RECEIVED FEEDBACK | Customer: CUST_002104 | Bought: False
[2025-12-02 02:37:41] Buffer size: 3/5
[2025-12-02 02:37:41] 📥 RECEIVED FEEDBACK | Customer: CUST_002296 | Bought: False
[2025-12-02 02:37:41] Buffer size: 4/5
[2025-12-02 02:37:41] 📥 RECEIVED FEEDBACK | Customer: CUST_005123 | Bought: True
[2025-12-02 02:37:41] Buffer size: 5/5
[2025-12-02 02:37:41] 
============================================================
[2025-12-02 02:37:41] 🔄 Processing batch of 5 feedback points
[2025-12-02 02:37:41] ============================================================
[2025-12-02 02:37:41] ✓ POSITIVE | Customer: CUST_011331 | Cluster: 0 | Score: 2.76 | Update #772
[2025-12-02 02:37:41] ✗ NEGATIVE | Customer: CUST_002220 | Cluster: 3 | Score: 1.51 | Update #773
[2025-12-02 02:37:41] ✗ NEGATIVE | Customer: CUST_002104 | Cluster: 2 | Score: 0.84 | Update #774
[2025-12-02 02:37:41] ✗ NEGATIVE | Customer: CUST_002296 | Cluster: 4 | Score: 3.22 | Update #775
[2025-12-02 02:37:41] ✓ POSITIVE | Customer: CUST_005123 | Cluster: 7 | Score: -3.97 | Update #776
[2025-12-02 02:37:41] 
💾 Saving model after 776 updates...
[2025-12-02 02:37:41] ✓ Model saved to /home/crazy_warlord/TargettedCalling/Persistence/model_car.json
[2025-12-02 02:37:41] ✓ Current state: Components=8, Positive=232, Negative=544

[2025-12-02 02:37:41] ✓ Batch complete: 5 updates, 0 errors
[2025-12-02 02:37:41] 📥 RECEIVED FEEDBACK | Customer: CUST_002104 | Bought: False
[2025-12-02 02:37:41] Buffer size: 1/5
[2025-12-02 02:37:41] 📥 RECEIVED FEEDBACK | Customer: CUST_005193 | Bought: False
[2025-12-02 02:37:41] Buffer size: 2/5
[2025-12-02 02:37:41] 📥 RECEIVED FEEDBACK | Customer: CUST_011182 | Bought: False
[2025-12-02 02:37:41] Buffer size: 3/5
[2025-12-02 02:37:41] 📥 RECEIVED FEEDBACK | Customer: CUST_005536 | Bought: False
[2025-12-02 02:37:41] Buffer size: 4/5
[2025-12-02 02:37:41] 📥 RECEIVED FEEDBACK | Customer: CUST_009224 | Bought: True
[2025-12-02 02:37:41] Buffer size: 5/5
[2025-12-02 02:37:41] 
============================================================
[2025-12-02 02:37:41] 🔄 Processing batch of 5 feedback points
[2025-12-02 02:37:41] ============================================================
[2025-12-02 02:37:41] ✗ NEGATIVE | Customer: CUST_002104 | Cluster: 2 | Score: 0.84 | Update #777
[2025-12-02 02:37:41] ✗ NEGATIVE | Customer: CUST_005193 | Cluster: 3 | Score: 0.58 | Update #778
[2025-12-02 02:37:41] ✗ NEGATIVE | Customer: CUST_011182 | Cluster: 0 | Score: 5.13 | Update #779
[2025-12-02 02:37:41] ✗ NEGATIVE | Customer: CUST_005536 | Cluster: 7 | Score: -2.04 | Update #780
[2025-12-02 02:37:41] ✓ POSITIVE | Customer: CUST_009224 | Cluster: 7 | Score: -0.76 | Update #781
[2025-12-02 02:37:41] 
💾 Saving model after 781 updates...
[2025-12-02 02:37:41] ✓ Model saved to /home/crazy_warlord/TargettedCalling/Persistence/model_car.json
[2025-12-02 02:37:41] ✓ Current state: Components=8, Positive=233, Negative=548

[2025-12-02 02:37:41] ✓ Batch complete: 5 updates, 0 errors
[2025-12-02 02:37:42] 📥 RECEIVED FEEDBACK | Customer: CUST_011427 | Bought: False
[2025-12-02 02:37:42] Buffer size: 1/5
[2025-12-02 02:37:42] 📥 RECEIVED FEEDBACK | Customer: CUST_009455 | Bought: False
[2025-12-02 02:37:42] Buffer size: 2/5
[2025-12-02 02:37:42] 📥 RECEIVED FEEDBACK | Customer: CUST_000277 | Bought: False
[2025-12-02 02:37:42] Buffer size: 3/5
[2025-12-02 02:37:42] 📥 RECEIVED FEEDBACK | Customer: CUST_005243 | Bought: False
[2025-12-02 02:37:42] Buffer size: 4/5
[2025-12-02 02:37:42] 📥 RECEIVED FEEDBACK | Customer: CUST_002422 | Bought: False
[2025-12-02 02:37:42] Buffer size: 5/5
[2025-12-02 02:37:42] 
============================================================
[2025-12-02 02:37:42] 🔄 Processing batch of 5 feedback points
[2025-12-02 02:37:42] ============================================================
[2025-12-02 02:37:42] ✗ NEGATIVE | Customer: CUST_011427 | Cluster: 6 | Score: 7.18 | Update #782
[2025-12-02 02:37:42] ✗ NEGATIVE | Customer: CUST_009455 | Cluster: 2 | Score: -1.35 | Update #783
[2025-12-02 02:37:42] ✗ NEGATIVE | Customer: CUST_000277 | Cluster: 7 | Score: 2.84 | Update #784
[2025-12-02 02:37:42] ✗ NEGATIVE | Customer: CUST_005243 | Cluster: 1 | Score: -0.84 | Update #785
[2025-12-02 02:37:42] ✗ NEGATIVE | Customer: CUST_002422 | Cluster: 7 | Score: 2.54 | Update #786
[2025-12-02 02:37:42] 
💾 Saving model after 786 updates...
[2025-12-02 02:37:42] ✓ Model saved to /home/crazy_warlord/TargettedCalling/Persistence/model_car.json
[2025-12-02 02:37:42] ✓ Current state: Components=8, Positive=233, Negative=553

[2025-12-02 02:37:42] ✓ Batch complete: 5 updates, 0 errors
[2025-12-02 02:37:42] 📥 RECEIVED FEEDBACK | Customer: CUST_005725 | Bought: False
[2025-12-02 02:37:42] Buffer size: 1/5
[2025-12-02 02:37:42] 📥 RECEIVED FEEDBACK | Customer: CUST_005243 | Bought: True
[2025-12-02 02:37:42] Buffer size: 2/5
[2025-12-02 02:37:42] 📥 RECEIVED FEEDBACK | Customer: CUST_002963 | Bought: False
[2025-12-02 02:37:42] Buffer size: 3/5
[2025-12-02 02:37:42] 📥 RECEIVED FEEDBACK | Customer: CUST_005291 | Bought: False
[2025-12-02 02:37:42] Buffer size: 4/5
[2025-12-02 02:37:42] 📥 RECEIVED FEEDBACK | Customer: CUST_002422 | Bought: True
[2025-12-02 02:37:42] Buffer size: 5/5
[2025-12-02 02:37:42] 
============================================================
[2025-12-02 02:37:42] 🔄 Processing batch of 5 feedback points
[2025-12-02 02:37:42] ============================================================
[2025-12-02 02:37:42] ✗ NEGATIVE | Customer: CUST_005725 | Cluster: 0 | Score: -7.74 | Update #787
[2025-12-02 02:37:42] ✓ POSITIVE | Customer: CUST_005243 | Cluster: 1 | Score: -0.84 | Update #788
[2025-12-02 02:37:42] ✗ NEGATIVE | Customer: CUST_002963 | Cluster: 7 | Score: 0.48 | Update #789
[2025-12-02 02:37:42] ✗ NEGATIVE | Customer: CUST_005291 | Cluster: 4 | Score: -8.30 | Update #790
[2025-12-02 02:37:42] ✓ POSITIVE | Customer: CUST_002422 | Cluster: 7 | Score: 2.54 | Update #791
[2025-12-02 02:37:42] 
💾 Saving model after 791 updates...
[2025-12-02 02:37:42] ✓ Model saved to /home/crazy_warlord/TargettedCalling/Persistence/model_car.json
[2025-12-02 02:37:42] ✓ Current state: Components=8, Positive=235, Negative=556

[2025-12-02 02:37:42] ✓ Batch complete: 5 updates, 0 errors
[2025-12-02 02:37:42] 📥 RECEIVED FEEDBACK | Customer: CUST_011698 | Bought: True
[2025-12-02 02:37:42] Buffer size: 1/5
[2025-12-02 02:37:42] 📥 RECEIVED FEEDBACK | Customer: CUST_009223 | Bought: False
[2025-12-02 02:37:42] Buffer size: 2/5
[2025-12-02 02:37:42] 📥 RECEIVED FEEDBACK | Customer: CUST_011465 | Bought: False
[2025-12-02 02:37:42] Buffer size: 3/5
[2025-12-02 02:37:42] 📥 RECEIVED FEEDBACK | Customer: CUST_009278 | Bought: False
[2025-12-02 02:37:42] Buffer size: 4/5
[2025-12-02 02:37:42] 📥 RECEIVED FEEDBACK | Customer: CUST_002118 | Bought: True
[2025-12-02 02:37:42] Buffer size: 5/5
[2025-12-02 02:37:42] 
============================================================
[2025-12-02 02:37:42] 🔄 Processing batch of 5 feedback points
[2025-12-02 02:37:42] ============================================================
[2025-12-02 02:37:42] ✓ POSITIVE | Customer: CUST_011698 | Cluster: 0 | Score: 4.45 | Update #792
[2025-12-02 02:37:42] ✗ NEGATIVE | Customer: CUST_009223 | Cluster: 4 | Score: 3.17 | Update #793
[2025-12-02 02:37:42] ✗ NEGATIVE | Customer: CUST_011465 | Cluster: 5 | Score: 3.94 | Update #794
[2025-12-02 02:37:42] ✗ NEGATIVE | Customer: CUST_009278 | Cluster: 3 | Score: -4.15 | Update #795
[2025-12-02 02:37:42] ✓ POSITIVE | Customer: CUST_002118 | Cluster: 1 | Score: -7.89 | Update #796
[2025-12-02 02:37:42] 
💾 Saving model after 796 updates...
[2025-12-02 02:37:42] ✓ Model saved to /home/crazy_warlord/TargettedCalling/Persistence/model_car.json
[2025-12-02 02:37:42] ✓ Current state: Components=8, Positive=237, Negative=559

[2025-12-02 02:37:42] ✓ Batch complete: 5 updates, 0 errors
[2025-12-02 02:37:42] 📥 RECEIVED FEEDBACK | Customer: CUST_011364 | Bought: True
[2025-12-02 02:37:43] Buffer size: 1/5
[2025-12-02 02:37:43] 📥 RECEIVED FEEDBACK | Customer: CUST_005291 | Bought: False
[2025-12-02 02:37:43] Buffer size: 2/5
[2025-12-02 02:37:43] 📥 RECEIVED FEEDBACK | Customer: CUST_005537 | Bought: True
[2025-12-02 02:37:43] Buffer size: 3/5
[2025-12-02 02:37:43] 📥 RECEIVED FEEDBACK | Customer: CUST_000277 | Bought: False
[2025-12-02 02:37:43] Buffer size: 4/5
[2025-12-02 02:37:43] 📥 RECEIVED FEEDBACK | Customer: CUST_011654 | Bought: False
[2025-12-02 02:37:43] Buffer size: 5/5
[2025-12-02 02:37:43] 
============================================================
[2025-12-02 02:37:43] 🔄 Processing batch of 5 feedback points
[2025-12-02 02:37:43] ============================================================
[2025-12-02 02:37:43] ✓ POSITIVE | Customer: CUST_011364 | Cluster: 5 | Score: 3.36 | Update #797
[2025-12-02 02:37:43] ✗ NEGATIVE | Customer: CUST_005291 | Cluster: 4 | Score: -8.30 | Update #798
[2025-12-02 02:37:43] ✓ POSITIVE | Customer: CUST_005537 | Cluster: 4 | Score: 2.90 | Update #799
[2025-12-02 02:37:43] ✗ NEGATIVE | Customer: CUST_000277 | Cluster: 7 | Score: 2.80 | Update #800
[2025-12-02 02:37:43] ✗ NEGATIVE | Customer: CUST_011654 | Cluster: 6 | Score: 6.99 | Update #801
[2025-12-02 02:37:43] 
💾 Saving model after 801 updates...
[2025-12-02 02:37:43] ✓ Model saved to /home/crazy_warlord/TargettedCalling/Persistence/model_car.json
[2025-12-02 02:37:43] ✓ Current state: Components=8, Positive=239, Negative=562

[2025-12-02 02:37:43] ✓ Batch complete: 5 updates, 0 errors
[2025-12-02 02:37:43] 📥 RECEIVED FEEDBACK | Customer: CUST_011654 | Bought: False
[2025-12-02 02:37:43] Buffer size: 1/5
[2025-12-02 02:37:43] 📥 RECEIVED FEEDBACK | Customer: CUST_002574 | Bought: False
[2025-12-02 02:37:43] Buffer size: 2/5
[2025-12-02 02:37:43] 📥 RECEIVED FEEDBACK | Customer: CUST_009359 | Bought: False
[2025-12-02 02:37:43] Buffer size: 3/5
[2025-12-02 02:37:43] 📥 RECEIVED FEEDBACK | Customer: CUST_009548 | Bought: False
[2025-12-02 02:37:43] Buffer size: 4/5
[2025-12-02 02:37:43] 📥 RECEIVED FEEDBACK | Customer: CUST_000139 | Bought: False
[2025-12-02 02:37:43] Buffer size: 5/5
[2025-12-02 02:37:43] 
============================================================
[2025-12-02 02:37:43] 🔄 Processing batch of 5 feedback points
[2025-12-02 02:37:43] ============================================================
[2025-12-02 02:37:43] ✗ NEGATIVE | Customer: CUST_011654 | Cluster: 6 | Score: 6.99 | Update #802
[2025-12-02 02:37:43] ✗ NEGATIVE | Customer: CUST_002574 | Cluster: 7 | Score: -4.31 | Update #803
[2025-12-02 02:37:43] ✗ NEGATIVE | Customer: CUST_009359 | Cluster: 5 | Score: 2.52 | Update #804
[2025-12-02 02:37:43] ✗ NEGATIVE | Customer: CUST_009548 | Cluster: 4 | Score: 0.52 | Update #805
[2025-12-02 02:37:43] ✗ NEGATIVE | Customer: CUST_000139 | Cluster: 0 | Score: 5.27 | Update #806
[2025-12-02 02:37:43] 
💾 Saving model after 806 updates...
[2025-12-02 02:37:43] ✓ Model saved to /home/crazy_warlord/TargettedCalling/Persistence/model_car.json
[2025-12-02 02:37:43] ✓ Current state: Components=8, Positive=239, Negative=567

[2025-12-02 02:37:43] ✓ Batch complete: 5 updates, 0 errors
[2025-12-02 02:37:43] 📥 RECEIVED FEEDBACK | Customer: CUST_009401 | Bought: False
[2025-12-02 02:37:43] Buffer size: 1/5
[2025-12-02 02:37:43] 📥 RECEIVED FEEDBACK | Customer: CUST_008988 | Bought: False
[2025-12-02 02:37:43] Buffer size: 2/5
[2025-12-02 02:37:43] 📥 RECEIVED FEEDBACK | Customer: CUST_011667 | Bought: True
[2025-12-02 02:37:43] Buffer size: 3/5
[2025-12-02 02:37:43] 📥 RECEIVED FEEDBACK | Customer: CUST_009324 | Bought: False
[2025-12-02 02:37:43] Buffer size: 4/5
[2025-12-02 02:37:43] 📥 RECEIVED FEEDBACK | Customer: CUST_005928 | Bought: False
[2025-12-02 02:37:43] Buffer size: 5/5
[2025-12-02 02:37:43] 
============================================================
[2025-12-02 02:37:43] 🔄 Processing batch of 5 feedback points
[2025-12-02 02:37:43] ============================================================
[2025-12-02 02:37:43] ✗ NEGATIVE | Customer: CUST_009401 | Cluster: 5 | Score: 2.67 | Update #807
[2025-12-02 02:37:43] ✗ NEGATIVE | Customer: CUST_008988 | Cluster: 7 | Score: 2.11 | Update #808
[2025-12-02 02:37:43] ✓ POSITIVE | Customer: CUST_011667 | Cluster: 5 | Score: -0.88 | Update #809
[2025-12-02 02:37:43] ✗ NEGATIVE | Customer: CUST_009324 | Cluster: 5 | Score: 0.61 | Update #810
[2025-12-02 02:37:43] ✗ NEGATIVE | Customer: CUST_005928 | Cluster: 5 | Score: 1.70 | Update #811
[2025-12-02 02:37:43] 
💾 Saving model after 811 updates...
[2025-12-02 02:37:43] ✓ Model saved to /home/crazy_warlord/TargettedCalling/Persistence/model_car.json
[2025-12-02 02:37:43] ✓ Current state: Components=8, Positive=240, Negative=571

[2025-12-02 02:37:43] ✓ Batch complete: 5 updates, 0 errors
[2025-12-02 02:37:43] 📥 RECEIVED FEEDBACK | Customer: CUST_009591 | Bought: False
[2025-12-02 02:37:43] Buffer size: 1/5
[2025-12-02 02:37:43] 📥 RECEIVED FEEDBACK | Customer: CUST_002512 | Bought: True
[2025-12-02 02:37:44] Buffer size: 2/5
[2025-12-02 02:37:44] 📥 RECEIVED FEEDBACK | Customer: CUST_005587 | Bought: False
[2025-12-02 02:37:44] Buffer size: 3/5
[2025-12-02 02:37:44] 📥 RECEIVED FEEDBACK | Customer: CUST_000646 | Bought: False
[2025-12-02 02:37:44] Buffer size: 4/5
[2025-12-02 02:37:44] 📥 RECEIVED FEEDBACK | Customer: CUST_011698 | Bought: True
[2025-12-02 02:37:44] Buffer size: 5/5
[2025-12-02 02:37:44] 
============================================================
[2025-12-02 02:37:44] 🔄 Processing batch of 5 feedback points
[2025-12-02 02:37:44] ============================================================
[2025-12-02 02:37:44] ✗ NEGATIVE | Customer: CUST_009591 | Cluster: 3 | Score: 1.27 | Update #812
[2025-12-02 02:37:44] ✓ POSITIVE | Customer: CUST_002512 | Cluster: 1 | Score: -0.01 | Update #813
[2025-12-02 02:37:44] ✗ NEGATIVE | Customer: CUST_005587 | Cluster: 5 | Score: -1.38 | Update #814
[2025-12-02 02:37:44] ✗ NEGATIVE | Customer: CUST_000646 | Cluster: 7 | Score: -0.62 | Update #815
[2025-12-02 02:37:44] ✓ POSITIVE | Customer: CUST_011698 | Cluster: 0 | Score: 5.16 | Update #816
[2025-12-02 02:37:44] 
💾 Saving model after 816 updates...
[2025-12-02 02:37:44] ✓ Model saved to /home/crazy_warlord/TargettedCalling/Persistence/model_car.json
[2025-12-02 02:37:44] ✓ Current state: Components=8, Positive=242, Negative=574

[2025-12-02 02:37:44] ✓ Batch complete: 5 updates, 0 errors
[2025-12-02 02:37:44] 📥 RECEIVED FEEDBACK | Customer: CUST_002118 | Bought: False
[2025-12-02 02:37:44] Buffer size: 1/5
[2025-12-02 02:37:44] 📥 RECEIVED FEEDBACK | Customer: CUST_002258 | Bought: False
[2025-12-02 02:37:44] Buffer size: 2/5
[2025-12-02 02:37:44] 📥 RECEIVED FEEDBACK | Customer: CUST_000632 | Bought: False
[2025-12-02 02:37:44] Buffer size: 3/5
[2025-12-02 02:37:44] 📥 RECEIVED FEEDBACK | Customer: CUST_009493 | Bought: True
[2025-12-02 02:37:44] Buffer size: 4/5
[2025-12-02 02:37:44] 📥 RECEIVED FEEDBACK | Customer: CUST_005089 | Bought: False
[2025-12-02 02:37:44] Buffer size: 5/5
[2025-12-02 02:37:44] 
============================================================
[2025-12-02 02:37:44] 🔄 Processing batch of 5 feedback points
[2025-12-02 02:37:44] ============================================================
[2025-12-02 02:37:44] ✗ NEGATIVE | Customer: CUST_002118 | Cluster: 1 | Score: -8.42 | Update #817
[2025-12-02 02:37:44] ✗ NEGATIVE | Customer: CUST_002258 | Cluster: 7 | Score: -0.85 | Update #818
[2025-12-02 02:37:44] ✗ NEGATIVE | Customer: CUST_000632 | Cluster: 3 | Score: 1.30 | Update #819
[2025-12-02 02:37:44] ✓ POSITIVE | Customer: CUST_009493 | Cluster: 3 | Score: 2.64 | Update #820
[2025-12-02 02:37:44] ✗ NEGATIVE | Customer: CUST_005089 | Cluster: 6 | Score: 5.30 | Update #821
[2025-12-02 02:37:44] 
💾 Saving model after 821 updates...
[2025-12-02 02:37:44] ✓ Model saved to /home/crazy_warlord/TargettedCalling/Persistence/model_car.json
[2025-12-02 02:37:44] ✓ Current state: Components=8, Positive=243, Negative=578

[2025-12-02 02:37:44] ✓ Batch complete: 5 updates, 0 errors
[2025-12-02 02:37:44] 📥 RECEIVED FEEDBACK | Customer: CUST_011152 | Bought: True
[2025-12-02 02:37:44] Buffer size: 1/5
[2025-12-02 02:37:44] 📥 RECEIVED FEEDBACK | Customer: CUST_002220 | Bought: True
[2025-12-02 02:37:44] Buffer size: 2/5
[2025-12-02 02:37:44] 📥 RECEIVED FEEDBACK | Customer: CUST_011462 | Bought: False
[2025-12-02 02:37:44] Buffer size: 3/5
[2025-12-02 02:37:44] 📥 RECEIVED FEEDBACK | Customer: CUST_011190 | Bought: False
[2025-12-02 02:37:44] Buffer size: 4/5
[2025-12-02 02:37:44] 📥 RECEIVED FEEDBACK | Customer: CUST_002104 | Bought: True
[2025-12-02 02:37:44] Buffer size: 5/5
[2025-12-02 02:37:44] 
============================================================
[2025-12-02 02:37:44] 🔄 Processing batch of 5 feedback points
[2025-12-02 02:37:44] ============================================================
[2025-12-02 02:37:44] ✓ POSITIVE | Customer: CUST_011152 | Cluster: 1 | Score: 1.78 | Update #822
[2025-12-02 02:37:44] ✓ POSITIVE | Customer: CUST_002220 | Cluster: 3 | Score: 1.60 | Update #823
[2025-12-02 02:37:44] ✗ NEGATIVE | Customer: CUST_011462 | Cluster: 1 | Score: 3.28 | Update #824
[2025-12-02 02:37:44] ✗ NEGATIVE | Customer: CUST_011190 | Cluster: 3 | Score: 1.00 | Update #825
[2025-12-02 02:37:44] ✓ POSITIVE | Customer: CUST_002104 | Cluster: 2 | Score: 0.84 | Update #826
[2025-12-02 02:37:44] 
💾 Saving model after 826 updates...
[2025-12-02 02:37:44] ✓ Model saved to /home/crazy_warlord/TargettedCalling/Persistence/model_car.json
[2025-12-02 02:37:44] ✓ Current state: Components=8, Positive=246, Negative=580

[2025-12-02 02:37:44] ✓ Batch complete: 5 updates, 0 errors
[2025-12-02 02:37:44] 📥 RECEIVED FEEDBACK | Customer: CUST_009275 | Bought: True
[2025-12-02 02:37:44] Buffer size: 1/5
[2025-12-02 02:37:44] 📥 RECEIVED FEEDBACK | Customer: CUST_005880 | Bought: True
[2025-12-02 02:37:44] Buffer size: 2/5
[2025-12-02 02:37:44] 📥 RECEIVED FEEDBACK | Customer: CUST_011252 | Bought: True
[2025-12-02 02:37:44] Buffer size: 3/5
[2025-12-02 02:37:44] 📥 RECEIVED FEEDBACK | Customer: CUST_011420 | Bought: False
[2025-12-02 02:37:44] Buffer size: 4/5
[2025-12-02 02:37:45] 📥 RECEIVED FEEDBACK | Customer: CUST_005284 | Bought: False
[2025-12-02 02:37:45] Buffer size: 5/5
[2025-12-02 02:37:45] 
============================================================
[2025-12-02 02:37:45] 🔄 Processing batch of 5 feedback points
[2025-12-02 02:37:45] ============================================================
[2025-12-02 02:37:45] ✓ POSITIVE | Customer: CUST_009275 | Cluster: 3 | Score: 2.50 | Update #827
[2025-12-02 02:37:45] ✓ POSITIVE | Customer: CUST_005880 | Cluster: 4 | Score: 2.93 | Update #828
[2025-12-02 02:37:45] ✓ POSITIVE | Customer: CUST_011252 | Cluster: 3 | Score: 1.78 | Update #829
[2025-12-02 02:37:45] ✗ NEGATIVE | Customer: CUST_011420 | Cluster: 3 | Score: -1.74 | Update #830
[2025-12-02 02:37:45] ✗ NEGATIVE | Customer: CUST_005284 | Cluster: 4 | Score: 0.31 | Update #831
[2025-12-02 02:37:45] 
💾 Saving model after 831 updates...
[2025-12-02 02:37:45] ✓ Model saved to /home/crazy_warlord/TargettedCalling/Persistence/model_car.json
[2025-12-02 02:37:45] ✓ Current state: Components=8, Positive=249, Negative=582

[2025-12-02 02:37:45] ✓ Batch complete: 5 updates, 0 errors
[2025-12-02 02:37:45] 📥 RECEIVED FEEDBACK | Customer: CUST_002118 | Bought: False
[2025-12-02 02:37:45] Buffer size: 1/5
[2025-12-02 02:37:45] 📥 RECEIVED FEEDBACK | Customer: CUST_011186 | Bought: False
[2025-12-02 02:37:45] Buffer size: 2/5
[2025-12-02 02:37:45] 📥 RECEIVED FEEDBACK | Customer: CUST_009063 | Bought: True
[2025-12-02 02:37:45] Buffer size: 3/5
[2025-12-02 02:37:45] 📥 RECEIVED FEEDBACK | Customer: CUST_005773 | Bought: False
[2025-12-02 02:37:45] Buffer size: 4/5
[2025-12-02 02:37:45] 📥 RECEIVED FEEDBACK | Customer: CUST_002536 | Bought: True
[2025-12-02 02:37:45] Buffer size: 5/5
[2025-12-02 02:37:45] 
============================================================
[2025-12-02 02:37:45] 🔄 Processing batch of 5 feedback points
[2025-12-02 02:37:45] ============================================================
[2025-12-02 02:37:45] ✗ NEGATIVE | Customer: CUST_002118 | Cluster: 1 | Score: -8.41 | Update #832
[2025-12-02 02:37:45] ✗ NEGATIVE | Customer: CUST_011186 | Cluster: 0 | Score: 6.36 | Update #833
[2025-12-02 02:37:45] ✓ POSITIVE | Customer: CUST_009063 | Cluster: 6 | Score: 3.57 | Update #834
[2025-12-02 02:37:45] ✗ NEGATIVE | Customer: CUST_005773 | Cluster: 3 | Score: 1.95 | Update #835
[2025-12-02 02:37:45] ✓ POSITIVE | Customer: CUST_002536 | Cluster: 7 | Score: 3.61 | Update #836
[2025-12-02 02:37:45] 
💾 Saving model after 836 updates...
[2025-12-02 02:37:45] ✓ Model saved to /home/crazy_warlord/TargettedCalling/Persistence/model_car.json
[2025-12-02 02:37:45] ✓ Current state: Components=8, Positive=251, Negative=585

[2025-12-02 02:37:45] ✓ Batch complete: 5 updates, 0 errors
[2025-12-02 02:37:45] 📥 RECEIVED FEEDBACK | Customer: CUST_002680 | Bought: True
[2025-12-02 02:37:45] Buffer size: 1/5
[2025-12-02 02:37:45] 📥 RECEIVED FEEDBACK | Customer: CUST_011473 | Bought: True
[2025-12-02 02:37:45] Buffer size: 2/5
[2025-12-02 02:37:45] 📥 RECEIVED FEEDBACK | Customer: CUST_005143 | Bought: True
[2025-12-02 02:37:45] Buffer size: 3/5
[2025-12-02 02:37:45] 📥 RECEIVED FEEDBACK | Customer: CUST_005954 | Bought: False
[2025-12-02 02:37:45] Buffer size: 4/5
[2025-12-02 02:37:45] 📥 RECEIVED FEEDBACK | Customer: CUST_005833 | Bought: False
[2025-12-02 02:37:45] Buffer size: 5/5
[2025-12-02 02:37:45] 
============================================================
[2025-12-02 02:37:45] 🔄 Processing batch of 5 feedback points
[2025-12-02 02:37:45] ============================================================
[2025-12-02 02:37:45] ✓ POSITIVE | Customer: CUST_002680 | Cluster: 1 | Score: 2.81 | Update #837
[2025-12-02 02:37:45] ✓ POSITIVE | Customer: CUST_011473 | Cluster: 1 | Score: 1.60 | Update #838
[2025-12-02 02:37:45] ✓ POSITIVE | Customer: CUST_005143 | Cluster: 1 | Score: 3.27 | Update #839
[2025-12-02 02:37:45] ✗ NEGATIVE | Customer: CUST_005954 | Cluster: 3 | Score: -5.87 | Update #840
[2025-12-02 02:37:45] ✗ NEGATIVE | Customer: CUST_005833 | Cluster: 4 | Score: 2.39 | Update #841
[2025-12-02 02:37:45] 
💾 Saving model after 841 updates...
[2025-12-02 02:37:45] ✓ Model saved to /home/crazy_warlord/TargettedCalling/Persistence/model_car.json
[2025-12-02 02:37:45] ✓ Current state: Components=8, Positive=254, Negative=587

[2025-12-02 02:37:45] ✓ Batch complete: 5 updates, 0 errors
[2025-12-02 02:37:45] 📥 RECEIVED FEEDBACK | Customer: CUST_006098 | Bought: False
[2025-12-02 02:37:45] Buffer size: 1/5
[2025-12-02 02:37:45] 📥 RECEIVED FEEDBACK | Customer: CUST_011190 | Bought: False
[2025-12-02 02:37:45] Buffer size: 2/5
[2025-12-02 02:37:45] 📥 RECEIVED FEEDBACK | Customer: CUST_008988 | Bought: False
[2025-12-02 02:37:45] Buffer size: 3/5
[2025-12-02 02:37:45] 📥 RECEIVED FEEDBACK | Customer: CUST_009063 | Bought: False
[2025-12-02 02:37:45] Buffer size: 4/5
[2025-12-02 02:37:45] 📥 RECEIVED FEEDBACK | Customer: CUST_005143 | Bought: True
[2025-12-02 02:37:45] Buffer size: 5/5
[2025-12-02 02:37:45] 
============================================================
[2025-12-02 02:37:45] 🔄 Processing batch of 5 feedback points
[2025-12-02 02:37:45] ============================================================
[2025-12-02 02:37:46] ✗ NEGATIVE | Customer: CUST_006098 | Cluster: 0 | Score: 5.13 | Update #842
[2025-12-02 02:37:46] ✗ NEGATIVE | Customer: CUST_011190 | Cluster: 3 | Score: 0.93 | Update #843
[2025-12-02 02:37:46] ✗ NEGATIVE | Customer: CUST_008988 | Cluster: 7 | Score: 2.10 | Update #844
[2025-12-02 02:37:46] ✗ NEGATIVE | Customer: CUST_009063 | Cluster: 6 | Score: 4.93 | Update #845
[2025-12-02 02:37:46] ✓ POSITIVE | Customer: CUST_005143 | Cluster: 1 | Score: 3.72 | Update #846
[2025-12-02 02:37:46] 
💾 Saving model after 846 updates...
[2025-12-02 02:37:46] ✓ Model saved to /home/crazy_warlord/TargettedCalling/Persistence/model_car.json
[2025-12-02 02:37:46] ✓ Current state: Components=8, Positive=255, Negative=591

[2025-12-02 02:37:46] ✓ Batch complete: 5 updates, 0 errors
[2025-12-02 02:37:46] 📥 RECEIVED FEEDBACK | Customer: CUST_011190 | Bought: False
[2025-12-02 02:37:46] Buffer size: 1/5
[2025-12-02 02:37:46] 📥 RECEIVED FEEDBACK | Customer: CUST_002258 | Bought: False
[2025-12-02 02:37:46] Buffer size: 2/5
[2025-12-02 02:37:46] 📥 RECEIVED FEEDBACK | Customer: CUST_009462 | Bought: False
[2025-12-02 02:37:46] Buffer size: 3/5
[2025-12-02 02:37:46] 📥 RECEIVED FEEDBACK | Customer: CUST_006041 | Bought: False
[2025-12-02 02:37:46] Buffer size: 4/5
[2025-12-02 02:37:46] 📥 RECEIVED FEEDBACK | Customer: CUST_005089 | Bought: True
[2025-12-02 02:37:46] Buffer size: 5/5
[2025-12-02 02:37:46] 
============================================================
[2025-12-02 02:37:46] 🔄 Processing batch of 5 feedback points
[2025-12-02 02:37:46] ============================================================
[2025-12-02 02:37:46] ✗ NEGATIVE | Customer: CUST_011190 | Cluster: 3 | Score: 0.93 | Update #847
[2025-12-02 02:37:46] ✗ NEGATIVE | Customer: CUST_002258 | Cluster: 7 | Score: -1.04 | Update #848
[2025-12-02 02:37:46] ✗ NEGATIVE | Customer: CUST_009462 | Cluster: 7 | Score: 3.58 | Update #849
[2025-12-02 02:37:46] ✗ NEGATIVE | Customer: CUST_006041 | Cluster: 5 | Score: 2.50 | Update #850
[2025-12-02 02:37:46] ✓ POSITIVE | Customer: CUST_005089 | Cluster: 6 | Score: 5.17 | Update #851
[2025-12-02 02:37:46] 
💾 Saving model after 851 updates...
[2025-12-02 02:37:46] ✓ Model saved to /home/crazy_warlord/TargettedCalling/Persistence/model_car.json
[2025-12-02 02:37:46] ✓ Current state: Components=8, Positive=256, Negative=595

[2025-12-02 02:37:46] ✓ Batch complete: 5 updates, 0 errors
[2025-12-02 02:37:46] 📥 RECEIVED FEEDBACK | Customer: CUST_002646 | Bought: False
[2025-12-02 02:37:46] Buffer size: 1/5
[2025-12-02 02:37:46] 📥 RECEIVED FEEDBACK | Customer: CUST_005193 | Bought: False
[2025-12-02 02:37:46] Buffer size: 2/5
[2025-12-02 02:37:46] 📥 RECEIVED FEEDBACK | Customer: CUST_005619 | Bought: False
[2025-12-02 02:37:46] Buffer size: 3/5
[2025-12-02 02:37:46] 📥 RECEIVED FEEDBACK | Customer: CUST_009616 | Bought: False
[2025-12-02 02:37:46] Buffer size: 4/5
[2025-12-02 02:37:46] 📥 RECEIVED FEEDBACK | Customer: CUST_002694 | Bought: False
[2025-12-02 02:37:46] Buffer size: 5/5
[2025-12-02 02:37:46] 
============================================================
[2025-12-02 02:37:46] 🔄 Processing batch of 5 feedback points
[2025-12-02 02:37:46] ============================================================
[2025-12-02 02:37:46] ✗ NEGATIVE | Customer: CUST_002646 | Cluster: 0 | Score: 6.20 | Update #852
[2025-12-02 02:37:46] ✗ NEGATIVE | Customer: CUST_005193 | Cluster: 3 | Score: 0.30 | Update #853
[2025-12-02 02:37:46] ✗ NEGATIVE | Customer: CUST_005619 | Cluster: 0 | Score: 4.12 | Update #854
[2025-12-02 02:37:46] ✗ NEGATIVE | Customer: CUST_009616 | Cluster: 7 | Score: 0.40 | Update #855
[2025-12-02 02:37:46] ✗ NEGATIVE | Customer: CUST_002694 | Cluster: 7 | Score: 0.88 | Update #856
[2025-12-02 02:37:46] 
💾 Saving model after 856 updates...
[2025-12-02 02:37:46] ✓ Model saved to /home/crazy_warlord/TargettedCalling/Persistence/model_car.json
[2025-12-02 02:37:46] ✓ Current state: Components=8, Positive=256, Negative=600

[2025-12-02 02:37:46] ✓ Batch complete: 5 updates, 0 errors
[2025-12-02 02:37:46] 📥 RECEIVED FEEDBACK | Customer: CUST_005662 | Bought: False
[2025-12-02 02:37:46] Buffer size: 1/5
[2025-12-02 02:37:46] 📥 RECEIVED FEEDBACK | Customer: CUST_002977 | Bought: False
[2025-12-02 02:37:46] Buffer size: 2/5
[2025-12-02 02:37:46] 📥 RECEIVED FEEDBACK | Customer: CUST_005912 | Bought: False
[2025-12-02 02:37:46] Buffer size: 3/5
[2025-12-02 02:37:46] 📥 RECEIVED FEEDBACK | Customer: CUST_009504 | Bought: False
[2025-12-02 02:37:46] Buffer size: 4/5
[2025-12-02 02:37:46] 📥 RECEIVED FEEDBACK | Customer: CUST_002680 | Bought: False
[2025-12-02 02:37:46] Buffer size: 5/5
[2025-12-02 02:37:46] 
============================================================
[2025-12-02 02:37:46] 🔄 Processing batch of 5 feedback points
[2025-12-02 02:37:46] ============================================================
[2025-12-02 02:37:46] ✗ NEGATIVE | Customer: CUST_005662 | Cluster: 5 | Score: -7.75 | Update #857
[2025-12-02 02:37:47] ✗ NEGATIVE | Customer: CUST_002977 | Cluster: 7 | Score: 2.30 | Update #858
[2025-12-02 02:37:47] ✗ NEGATIVE | Customer: CUST_005912 | Cluster: 4 | Score: 1.38 | Update #859
[2025-12-02 02:37:47] ✗ NEGATIVE | Customer: CUST_009504 | Cluster: 5 | Score: 1.37 | Update #860
[2025-12-02 02:37:47] ✗ NEGATIVE | Customer: CUST_002680 | Cluster: 1 | Score: 3.51 | Update #861
[2025-12-02 02:37:47] 
💾 Saving model after 861 updates...
[2025-12-02 02:37:47] ✓ Model saved to /home/crazy_warlord/TargettedCalling/Persistence/model_car.json
[2025-12-02 02:37:47] ✓ Current state: Components=8, Positive=256, Negative=605

[2025-12-02 02:37:47] ✓ Batch complete: 5 updates, 0 errors
[2025-12-02 02:37:47] 📥 RECEIVED FEEDBACK | Customer: CUST_011427 | Bought: True
[2025-12-02 02:37:47] Buffer size: 1/5
[2025-12-02 02:37:47] 📥 RECEIVED FEEDBACK | Customer: CUST_008979 | Bought: False
[2025-12-02 02:37:47] Buffer size: 2/5
[2025-12-02 02:37:47] 📥 RECEIVED FEEDBACK | Customer: CUST_005193 | Bought: False
[2025-12-02 02:37:47] Buffer size: 3/5
[2025-12-02 02:37:47] 📥 RECEIVED FEEDBACK | Customer: CUST_005954 | Bought: False
[2025-12-02 02:37:47] Buffer size: 4/5
[2025-12-02 02:37:47] 📥 RECEIVED FEEDBACK | Customer: CUST_009504 | Bought: False
[2025-12-02 02:37:47] Buffer size: 5/5
[2025-12-02 02:37:47] 
============================================================
[2025-12-02 02:37:47] 🔄 Processing batch of 5 feedback points
[2025-12-02 02:37:47] ============================================================
[2025-12-02 02:37:47] ✓ POSITIVE | Customer: CUST_011427 | Cluster: 6 | Score: 7.26 | Update #862
[2025-12-02 02:37:47] ✗ NEGATIVE | Customer: CUST_008979 | Cluster: 7 | Score: 0.96 | Update #863
[2025-12-02 02:37:47] ✗ NEGATIVE | Customer: CUST_005193 | Cluster: 3 | Score: 0.30 | Update #864
[2025-12-02 02:37:47] ✗ NEGATIVE | Customer: CUST_005954 | Cluster: 3 | Score: -5.87 | Update #865
[2025-12-02 02:37:47] ✗ NEGATIVE | Customer: CUST_009504 | Cluster: 5 | Score: 1.37 | Update #866
[2025-12-02 02:37:47] 
💾 Saving model after 866 updates...
[2025-12-02 02:37:47] ✓ Model saved to /home/crazy_warlord/TargettedCalling/Persistence/model_car.json
[2025-12-02 02:37:47] ✓ Current state: Components=8, Positive=257, Negative=609

[2025-12-02 02:37:47] ✓ Batch complete: 5 updates, 0 errors
[2025-12-02 02:37:47] 📥 RECEIVED FEEDBACK | Customer: CUST_002659 | Bought: True
[2025-12-02 02:37:47] Buffer size: 1/5
[2025-12-02 02:37:47] 📥 RECEIVED FEEDBACK | Customer: CUST_009054 | Bought: True
[2025-12-02 02:37:47] Buffer size: 2/5
[2025-12-02 02:37:47] 📥 RECEIVED FEEDBACK | Customer: CUST_011662 | Bought: True
[2025-12-02 02:37:47] Buffer size: 3/5
[2025-12-02 02:37:47] 📥 RECEIVED FEEDBACK | Customer: CUST_000632 | Bought: True
[2025-12-02 02:37:47] Buffer size: 4/5
[2025-12-02 02:37:47] 📥 RECEIVED FEEDBACK | Customer: CUST_005662 | Bought: True
[2025-12-02 02:37:47] Buffer size: 5/5
[2025-12-02 02:37:47] 
============================================================
[2025-12-02 02:37:47] 🔄 Processing batch of 5 feedback points
[2025-12-02 02:37:47] ============================================================
[2025-12-02 02:37:47] ✓ POSITIVE | Customer: CUST_002659 | Cluster: 7 | Score: -16.24 | Update #867
[2025-12-02 02:37:47] ✓ POSITIVE | Customer: CUST_009054 | Cluster: 4 | Score: -0.09 | Update #868
[2025-12-02 02:37:47] ✓ POSITIVE | Customer: CUST_011662 | Cluster: 0 | Score: 5.96 | Update #869
[2025-12-02 02:37:47] ✓ POSITIVE | Customer: CUST_000632 | Cluster: 3 | Score: 1.20 | Update #870
[2025-12-02 02:37:47] ✓ POSITIVE | Customer: CUST_005662 | Cluster: 5 | Score: -7.75 | Update #871
[2025-12-02 02:37:47] 
💾 Saving model after 871 updates...
[2025-12-02 02:37:47] ✓ Model saved to /home/crazy_warlord/TargettedCalling/Persistence/model_car.json
[2025-12-02 02:37:47] ✓ Current state: Components=8, Positive=262, Negative=609

[2025-12-02 02:37:47] ✓ Batch complete: 5 updates, 0 errors
[2025-12-02 02:37:47] 📥 RECEIVED FEEDBACK | Customer: CUST_011182 | Bought: True
[2025-12-02 02:37:47] Buffer size: 1/5
[2025-12-02 02:37:47] 📥 RECEIVED FEEDBACK | Customer: CUST_009324 | Bought: True
[2025-12-02 02:37:47] Buffer size: 2/5
[2025-12-02 02:37:47] 📥 RECEIVED FEEDBACK | Customer: CUST_002126 | Bought: True
[2025-12-02 02:37:47] Buffer size: 3/5
[2025-12-02 02:37:47] 📥 RECEIVED FEEDBACK | Customer: CUST_000236 | Bought: True
[2025-12-02 02:37:47] Buffer size: 4/5
[2025-12-02 02:37:47] 📥 RECEIVED FEEDBACK | Customer: CUST_002659 | Bought: False
[2025-12-02 02:37:47] Buffer size: 5/5
[2025-12-02 02:37:47] 
============================================================
[2025-12-02 02:37:47] 🔄 Processing batch of 5 feedback points
[2025-12-02 02:37:47] ============================================================
[2025-12-02 02:37:47] ✓ POSITIVE | Customer: CUST_011182 | Cluster: 0 | Score: 5.27 | Update #872
[2025-12-02 02:37:47] ✓ POSITIVE | Customer: CUST_009324 | Cluster: 5 | Score: 0.61 | Update #873
[2025-12-02 02:37:48] ✓ POSITIVE | Customer: CUST_002126 | Cluster: 1 | Score: 2.92 | Update #874
[2025-12-02 02:37:48] ✓ POSITIVE | Customer: CUST_000236 | Cluster: 1 | Score: 2.98 | Update #875
[2025-12-02 02:37:48] ✗ NEGATIVE | Customer: CUST_002659 | Cluster: 7 | Score: -16.24 | Update #876
[2025-12-02 02:37:48] 
💾 Saving model after 876 updates...
[2025-12-02 02:37:48] ✓ Model saved to /home/crazy_warlord/TargettedCalling/Persistence/model_car.json
[2025-12-02 02:37:48] ✓ Current state: Components=8, Positive=266, Negative=610

[2025-12-02 02:37:48] ✓ Batch complete: 5 updates, 0 errors
[2025-12-02 02:37:48] 📥 RECEIVED FEEDBACK | Customer: CUST_005470 | Bought: False
[2025-12-02 02:37:48] Buffer size: 1/5
[2025-12-02 02:37:48] 📥 RECEIVED FEEDBACK | Customer: CUST_011182 | Bought: False
[2025-12-02 02:37:48] Buffer size: 2/5
[2025-12-02 02:37:48] 📥 RECEIVED FEEDBACK | Customer: CUST_011662 | Bought: True
[2025-12-02 02:37:48] Buffer size: 3/5
[2025-12-02 02:37:48] 📥 RECEIVED FEEDBACK | Customer: CUST_005123 | Bought: True
[2025-12-02 02:37:48] Buffer size: 4/5
[2025-12-02 02:37:48] 📥 RECEIVED FEEDBACK | Customer: CUST_002635 | Bought: False
[2025-12-02 02:37:48] Buffer size: 5/5
[2025-12-02 02:37:48] 
============================================================
[2025-12-02 02:37:48] 🔄 Processing batch of 5 feedback points
[2025-12-02 02:37:48] ============================================================
[2025-12-02 02:37:48] ✗ NEGATIVE | Customer: CUST_005470 | Cluster: 4 | Score: 0.65 | Update #877
[2025-12-02 02:37:48] ✗ NEGATIVE | Customer: CUST_011182 | Cluster: 0 | Score: 5.87 | Update #878
[2025-12-02 02:37:48] ✓ POSITIVE | Customer: CUST_011662 | Cluster: 0 | Score: 6.59 | Update #879
[2025-12-02 02:37:48] ✓ POSITIVE | Customer: CUST_005123 | Cluster: 7 | Score: -4.18 | Update #880
[2025-12-02 02:37:48] ✗ NEGATIVE | Customer: CUST_002635 | Cluster: 7 | Score: -11.89 | Update #881
[2025-12-02 02:37:48] 
💾 Saving model after 881 updates...
[2025-12-02 02:37:48] ✓ Model saved to /home/crazy_warlord/TargettedCalling/Persistence/model_car.json
[2025-12-02 02:37:48] ✓ Current state: Components=8, Positive=268, Negative=613

[2025-12-02 02:37:48] ✓ Batch complete: 5 updates, 0 errors
[2025-12-02 02:37:48] 📥 RECEIVED FEEDBACK | Customer: CUST_002680 | Bought: True
[2025-12-02 02:37:48] Buffer size: 1/5
[2025-12-02 02:37:48] 📥 RECEIVED FEEDBACK | Customer: CUST_002567 | Bought: False
[2025-12-02 02:37:48] Buffer size: 2/5
[2025-12-02 02:37:48] 📥 RECEIVED FEEDBACK | Customer: CUST_005098 | Bought: False
[2025-12-02 02:37:48] Buffer size: 3/5
[2025-12-02 02:37:48] 📥 RECEIVED FEEDBACK | Customer: CUST_005243 | Bought: True
[2025-12-02 02:37:48] Buffer size: 4/5
[2025-12-02 02:37:48] 📥 RECEIVED FEEDBACK | Customer: CUST_009278 | Bought: False
[2025-12-02 02:37:48] Buffer size: 5/5
[2025-12-02 02:37:48] 
============================================================
[2025-12-02 02:37:48] 🔄 Processing batch of 5 feedback points
[2025-12-02 02:37:48] ============================================================
[2025-12-02 02:37:48] ✓ POSITIVE | Customer: CUST_002680 | Cluster: 1 | Score: 3.29 | Update #882
[2025-12-02 02:37:48] ✗ NEGATIVE | Customer: CUST_002567 | Cluster: 5 | Score: 3.72 | Update #883
[2025-12-02 02:37:48] ✗ NEGATIVE | Customer: CUST_005098 | Cluster: 4 | Score: 0.92 | Update #884
[2025-12-02 02:37:48] ✓ POSITIVE | Customer: CUST_005243 | Cluster: 1 | Score: -0.03 | Update #885
[2025-12-02 02:37:48] ✗ NEGATIVE | Customer: CUST_009278 | Cluster: 3 | Score: -5.77 | Update #886
[2025-12-02 02:37:48] 
💾 Saving model after 886 updates...
[2025-12-02 02:37:48] ✓ Model saved to /home/crazy_warlord/TargettedCalling/Persistence/model_car.json
[2025-12-02 02:37:48] ✓ Current state: Components=8, Positive=270, Negative=616

[2025-12-02 02:37:48] ✓ Batch complete: 5 updates, 0 errors
[2025-12-02 02:37:48] 📥 RECEIVED FEEDBACK | Customer: CUST_011224 | Bought: True
[2025-12-02 02:37:48] Buffer size: 1/5
[2025-12-02 02:37:48] 📥 RECEIVED FEEDBACK | Customer: CUST_009401 | Bought: False
[2025-12-02 02:37:48] Buffer size: 2/5
[2025-12-02 02:37:48] 📥 RECEIVED FEEDBACK | Customer: CUST_011654 | Bought: True
[2025-12-02 02:37:48] Buffer size: 3/5
[2025-12-02 02:37:48] 📥 RECEIVED FEEDBACK | Customer: CUST_005880 | Bought: True
[2025-12-02 02:37:48] Buffer size: 4/5
[2025-12-02 02:37:48] 📥 RECEIVED FEEDBACK | Customer: CUST_009499 | Bought: False
[2025-12-02 02:37:48] Buffer size: 5/5
[2025-12-02 02:37:48] 
============================================================
[2025-12-02 02:37:48] 🔄 Processing batch of 5 feedback points
[2025-12-02 02:37:48] ============================================================
[2025-12-02 02:37:48] ✓ POSITIVE | Customer: CUST_011224 | Cluster: 1 | Score: 1.89 | Update #887
[2025-12-02 02:37:48] ✗ NEGATIVE | Customer: CUST_009401 | Cluster: 5 | Score: 2.53 | Update #888
[2025-12-02 02:37:48] ✓ POSITIVE | Customer: CUST_011654 | Cluster: 6 | Score: 7.21 | Update #889
[2025-12-02 02:37:48] ✓ POSITIVE | Customer: CUST_005880 | Cluster: 4 | Score: 3.33 | Update #890
[2025-12-02 02:37:49] ✗ NEGATIVE | Customer: CUST_009499 | Cluster: 4 | Score: -0.64 | Update #891
[2025-12-02 02:37:49] 
💾 Saving model after 891 updates...
[2025-12-02 02:37:49] ✓ Model saved to /home/crazy_warlord/TargettedCalling/Persistence/model_car.json
[2025-12-02 02:37:49] ✓ Current state: Components=8, Positive=273, Negative=618

[2025-12-02 02:37:49] ✓ Batch complete: 5 updates, 0 errors
[2025-12-02 02:37:49] 📥 RECEIVED FEEDBACK | Customer: CUST_009522 | Bought: False
[2025-12-02 02:37:49] Buffer size: 1/5
[2025-12-02 02:37:49] 📥 RECEIVED FEEDBACK | Customer: CUST_006083 | Bought: True
[2025-12-02 02:37:49] Buffer size: 2/5
[2025-12-02 02:37:49] 📥 RECEIVED FEEDBACK | Customer: CUST_000139 | Bought: False
[2025-12-02 02:37:49] Buffer size: 3/5
[2025-12-02 02:37:49] 📥 RECEIVED FEEDBACK | Customer: CUST_002118 | Bought: False
[2025-12-02 02:37:49] Buffer size: 4/5
[2025-12-02 02:37:49] 📥 RECEIVED FEEDBACK | Customer: CUST_005396 | Bought: False
[2025-12-02 02:37:49] Buffer size: 5/5
[2025-12-02 02:37:49] 
============================================================
[2025-12-02 02:37:49] 🔄 Processing batch of 5 feedback points
[2025-12-02 02:37:49] ============================================================
[2025-12-02 02:37:49] ✗ NEGATIVE | Customer: CUST_009522 | Cluster: 4 | Score: 4.12 | Update #892
[2025-12-02 02:37:49] ✓ POSITIVE | Customer: CUST_006083 | Cluster: 6 | Score: 5.47 | Update #893
[2025-12-02 02:37:49] ✗ NEGATIVE | Customer: CUST_000139 | Cluster: 0 | Score: 4.97 | Update #894
[2025-12-02 02:37:49] ✗ NEGATIVE | Customer: CUST_002118 | Cluster: 1 | Score: -11.48 | Update #895
[2025-12-02 02:37:49] ✗ NEGATIVE | Customer: CUST_005396 | Cluster: 4 | Score: -2.61 | Update #896
[2025-12-02 02:37:49] 
💾 Saving model after 896 updates...
[2025-12-02 02:37:49] ✓ Model saved to /home/crazy_warlord/TargettedCalling/Persistence/model_car.json
[2025-12-02 02:37:49] ✓ Current state: Components=8, Positive=274, Negative=622

[2025-12-02 02:37:49] ✓ Batch complete: 5 updates, 0 errors
[2025-12-02 02:37:49] 📥 RECEIVED FEEDBACK | Customer: CUST_005587 | Bought: False
[2025-12-02 02:37:49] Buffer size: 1/5
[2025-12-02 02:37:49] 📥 RECEIVED FEEDBACK | Customer: CUST_005587 | Bought: True
[2025-12-02 02:37:49] Buffer size: 2/5
[2025-12-02 02:37:49] 📥 RECEIVED FEEDBACK | Customer: CUST_002422 | Bought: False
[2025-12-02 02:37:49] Buffer size: 3/5
[2025-12-02 02:37:49] 📥 RECEIVED FEEDBACK | Customer: CUST_009251 | Bought: True
[2025-12-02 02:37:49] Buffer size: 4/5
[2025-12-02 02:37:49] 📥 RECEIVED FEEDBACK | Customer: CUST_006037 | Bought: False
[2025-12-02 02:37:49] Buffer size: 5/5
[2025-12-02 02:37:49] 
============================================================
[2025-12-02 02:37:49] 🔄 Processing batch of 5 feedback points
[2025-12-02 02:37:49] ============================================================
[2025-12-02 02:37:49] ✗ NEGATIVE | Customer: CUST_005587 | Cluster: 5 | Score: -1.55 | Update #897
[2025-12-02 02:37:49] ✓ POSITIVE | Customer: CUST_005587 | Cluster: 5 | Score: -1.55 | Update #898
[2025-12-02 02:37:49] ✗ NEGATIVE | Customer: CUST_002422 | Cluster: 7 | Score: 2.97 | Update #899
[2025-12-02 02:37:49] ✓ POSITIVE | Customer: CUST_009251 | Cluster: 7 | Score: 0.89 | Update #900
[2025-12-02 02:37:49] ✗ NEGATIVE | Customer: CUST_006037 | Cluster: 4 | Score: 3.49 | Update #901
[2025-12-02 02:37:49] 
💾 Saving model after 901 updates...
[2025-12-02 02:37:49] ✓ Model saved to /home/crazy_warlord/TargettedCalling/Persistence/model_car.json
[2025-12-02 02:37:49] ✓ Current state: Components=8, Positive=276, Negative=625

[2025-12-02 02:37:49] ✓ Batch complete: 5 updates, 0 errors
[2025-12-02 02:37:49] 📥 RECEIVED FEEDBACK | Customer: CUST_006083 | Bought: True
[2025-12-02 02:37:49] Buffer size: 1/5
[2025-12-02 02:37:49] 📥 RECEIVED FEEDBACK | Customer: CUST_011186 | Bought: False
[2025-12-02 02:37:49] Buffer size: 2/5
[2025-12-02 02:37:49] 📥 RECEIVED FEEDBACK | Customer: CUST_002635 | Bought: False
[2025-12-02 02:37:49] Buffer size: 3/5
[2025-12-02 02:37:49] 📥 RECEIVED FEEDBACK | Customer: CUST_005193 | Bought: False
[2025-12-02 02:37:49] Buffer size: 4/5
[2025-12-02 02:37:49] 📥 RECEIVED FEEDBACK | Customer: CUST_002582 | Bought: False
[2025-12-02 02:37:49] Buffer size: 5/5
[2025-12-02 02:37:49] 
============================================================
[2025-12-02 02:37:49] 🔄 Processing batch of 5 feedback points
[2025-12-02 02:37:49] ============================================================
[2025-12-02 02:37:49] ✓ POSITIVE | Customer: CUST_006083 | Cluster: 6 | Score: 5.99 | Update #902
[2025-12-02 02:37:49] ✗ NEGATIVE | Customer: CUST_011186 | Cluster: 0 | Score: 6.76 | Update #903
[2025-12-02 02:37:49] ✗ NEGATIVE | Customer: CUST_002635 | Cluster: 7 | Score: -12.65 | Update #904
[2025-12-02 02:37:50] ✗ NEGATIVE | Customer: CUST_005193 | Cluster: 3 | Score: 0.24 | Update #905
[2025-12-02 02:37:50] ✗ NEGATIVE | Customer: CUST_002582 | Cluster: 2 | Score: 0.50 | Update #906
[2025-12-02 02:37:50] 
💾 Saving model after 906 updates...
[2025-12-02 02:37:50] ✓ Model saved to /home/crazy_warlord/TargettedCalling/Persistence/model_car.json
[2025-12-02 02:37:50] ✓ Current state: Components=8, Positive=277, Negative=629

[2025-12-02 02:37:50] ✓ Batch complete: 5 updates, 0 errors
[2025-12-02 02:37:50] 📥 RECEIVED FEEDBACK | Customer: CUST_002160 | Bought: True
[2025-12-02 02:37:50] Buffer size: 1/5
[2025-12-02 02:37:50] 📥 RECEIVED FEEDBACK | Customer: CUST_002051 | Bought: True
[2025-12-02 02:37:50] Buffer size: 2/5
[2025-12-02 02:37:50] 📥 RECEIVED FEEDBACK | Customer: CUST_011182 | Bought: True
[2025-12-02 02:37:50] Buffer size: 3/5
[2025-12-02 02:37:50] 📥 RECEIVED FEEDBACK | Customer: CUST_005094 | Bought: False
[2025-12-02 02:37:50] Buffer size: 4/5
[2025-12-02 02:37:50] 📥 RECEIVED FEEDBACK | Customer: CUST_011182 | Bought: False
[2025-12-02 02:37:50] Buffer size: 5/5
[2025-12-02 02:37:50] 
============================================================
[2025-12-02 02:37:50] 🔄 Processing batch of 5 feedback points
[2025-12-02 02:37:50] ============================================================
[2025-12-02 02:37:50] ✓ POSITIVE | Customer: CUST_002160 | Cluster: 2 | Score: 1.06 | Update #907
[2025-12-02 02:37:50] ✓ POSITIVE | Customer: CUST_002051 | Cluster: 4 | Score: 3.59 | Update #908
[2025-12-02 02:37:50] ✓ POSITIVE | Customer: CUST_011182 | Cluster: 0 | Score: 6.07 | Update #909
[2025-12-02 02:37:50] ✗ NEGATIVE | Customer: CUST_005094 | Cluster: 1 | Score: 1.01 | Update #910
[2025-12-02 02:37:50] ✗ NEGATIVE | Customer: CUST_011182 | Cluster: 0 | Score: 6.56 | Update #911
[2025-12-02 02:37:50] 
💾 Saving model after 911 updates...
[2025-12-02 02:37:50] ✓ Model saved to /home/crazy_warlord/TargettedCalling/Persistence/model_car.json
[2025-12-02 02:37:50] ✓ Current state: Components=8, Positive=280, Negative=631

[2025-12-02 02:37:50] ✓ Batch complete: 5 updates, 0 errors
[2025-12-02 02:37:50] 📥 RECEIVED FEEDBACK | Customer: CUST_009364 | Bought: False
[2025-12-02 02:37:50] Buffer size: 1/5
[2025-12-02 02:37:50] 📥 RECEIVED FEEDBACK | Customer: CUST_009223 | Bought: True
[2025-12-02 02:37:50] Buffer size: 2/5
[2025-12-02 02:37:50] 📥 RECEIVED FEEDBACK | Customer: CUST_002104 | Bought: True
[2025-12-02 02:37:50] Buffer size: 3/5
[2025-12-02 02:37:50] 📥 RECEIVED FEEDBACK | Customer: CUST_005094 | Bought: False
[2025-12-02 02:37:50] Buffer size: 4/5
[2025-12-02 02:37:50] 📥 RECEIVED FEEDBACK | Customer: CUST_009236 | Bought: False
[2025-12-02 02:37:50] Buffer size: 5/5
[2025-12-02 02:37:50] 
============================================================
[2025-12-02 02:37:50] 🔄 Processing batch of 5 feedback points
[2025-12-02 02:37:50] ============================================================
[2025-12-02 02:37:50] ✗ NEGATIVE | Customer: CUST_009364 | Cluster: 7 | Score: -1.31 | Update #912
[2025-12-02 02:37:50] ✓ POSITIVE | Customer: CUST_009223 | Cluster: 4 | Score: 3.10 | Update #913
[2025-12-02 02:37:50] ✓ POSITIVE | Customer: CUST_002104 | Cluster: 2 | Score: 1.18 | Update #914
[2025-12-02 02:37:50] ✗ NEGATIVE | Customer: CUST_005094 | Cluster: 1 | Score: 1.01 | Update #915
[2025-12-02 02:37:50] ✗ NEGATIVE | Customer: CUST_009236 | Cluster: 5 | Score: 1.86 | Update #916
[2025-12-02 02:37:50] 
💾 Saving model after 916 updates...
[2025-12-02 02:37:50] ✓ Model saved to /home/crazy_warlord/TargettedCalling/Persistence/model_car.json
[2025-12-02 02:37:50] ✓ Current state: Components=8, Positive=282, Negative=634

[2025-12-02 02:37:50] ✓ Batch complete: 5 updates, 0 errors
[2025-12-02 02:37:50] 📥 RECEIVED FEEDBACK | Customer: CUST_009401 | Bought: False
[2025-12-02 02:37:50] Buffer size: 1/5
[2025-12-02 02:37:50] 📥 RECEIVED FEEDBACK | Customer: CUST_005832 | Bought: False
[2025-12-02 02:37:50] Buffer size: 2/5
[2025-12-02 02:37:50] 📥 RECEIVED FEEDBACK | Customer: CUST_011152 | Bought: True
[2025-12-02 02:37:50] Buffer size: 3/5
[2025-12-02 02:37:50] 📥 RECEIVED FEEDBACK | Customer: CUST_011667 | Bought: False
[2025-12-02 02:37:50] Buffer size: 4/5
[2025-12-02 02:37:50] 📥 RECEIVED FEEDBACK | Customer: CUST_002835 | Bought: False
[2025-12-02 02:37:50] Buffer size: 5/5
[2025-12-02 02:37:50] 
============================================================
[2025-12-02 02:37:50] 🔄 Processing batch of 5 feedback points
[2025-12-02 02:37:50] ============================================================
[2025-12-02 02:37:51] ✗ NEGATIVE | Customer: CUST_009401 | Cluster: 5 | Score: 2.53 | Update #917
[2025-12-02 02:37:51] ✗ NEGATIVE | Customer: CUST_005832 | Cluster: 7 | Score: 0.91 | Update #918
[2025-12-02 02:37:51] ✓ POSITIVE | Customer: CUST_011152 | Cluster: 1 | Score: 2.22 | Update #919
[2025-12-02 02:37:51] ✗ NEGATIVE | Customer: CUST_011667 | Cluster: 5 | Score: 1.31 | Update #920
[2025-12-02 02:37:51] ✗ NEGATIVE | Customer: CUST_002835 | Cluster: 2 | Score: 0.66 | Update #921
[2025-12-02 02:37:51] 
💾 Saving model after 921 updates...
[2025-12-02 02:37:51] ✓ Model saved to /home/crazy_warlord/TargettedCalling/Persistence/model_car.json
[2025-12-02 02:37:51] ✓ Current state: Components=8, Positive=283, Negative=638

[2025-12-02 02:37:51] ✓ Batch complete: 5 updates, 0 errors
[2025-12-02 02:37:51] 📥 RECEIVED FEEDBACK | Customer: CUST_005954 | Bought: False
[2025-12-02 02:37:51] Buffer size: 1/5
[2025-12-02 02:37:51] 📥 RECEIVED FEEDBACK | Customer: CUST_011429 | Bought: False
[2025-12-02 02:37:51] Buffer size: 2/5
[2025-12-02 02:37:51] 📥 RECEIVED FEEDBACK | Customer: CUST_005880 | Bought: True
[2025-12-02 02:37:51] Buffer size: 3/5
[2025-12-02 02:37:51] 📥 RECEIVED FEEDBACK | Customer: CUST_009364 | Bought: False
[2025-12-02 02:37:51] Buffer size: 4/5
[2025-12-02 02:37:51] 📥 RECEIVED FEEDBACK | Customer: CUST_005291 | Bought: True
[2025-12-02 02:37:51] Buffer size: 5/5
[2025-12-02 02:37:51] 
============================================================
[2025-12-02 02:37:51] 🔄 Processing batch of 5 feedback points
[2025-12-02 02:37:51] ============================================================
[2025-12-02 02:37:51] ✗ NEGATIVE | Customer: CUST_005954 | Cluster: 3 | Score: -6.40 | Update #922
[2025-12-02 02:37:51] ✗ NEGATIVE | Customer: CUST_011429 | Cluster: 7 | Score: 1.28 | Update #923
[2025-12-02 02:37:51] ✓ POSITIVE | Customer: CUST_005880 | Cluster: 4 | Score: 3.64 | Update #924
[2025-12-02 02:37:51] ✗ NEGATIVE | Customer: CUST_009364 | Cluster: 7 | Score: -1.31 | Update #925
[2025-12-02 02:37:51] ✓ POSITIVE | Customer: CUST_005291 | Cluster: 4 | Score: -12.73 | Update #926
[2025-12-02 02:37:51] 
💾 Saving model after 926 updates...
[2025-12-02 02:37:51] ✓ Model saved to /home/crazy_warlord/TargettedCalling/Persistence/model_car.json
[2025-12-02 02:37:51] ✓ Current state: Components=8, Positive=285, Negative=641

[2025-12-02 02:37:51] ✓ Batch complete: 5 updates, 0 errors
[2025-12-02 02:37:51] 📥 RECEIVED FEEDBACK | Customer: CUST_002220 | Bought: True
[2025-12-02 02:37:51] Buffer size: 1/5
[2025-12-02 02:37:51] 📥 RECEIVED FEEDBACK | Customer: CUST_011462 | Bought: False
[2025-12-02 02:37:51] Buffer size: 2/5
[2025-12-02 02:37:51] 📥 RECEIVED FEEDBACK | Customer: CUST_002160 | Bought: True
[2025-12-02 02:37:51] Buffer size: 3/5
[2025-12-02 02:37:51] 📥 RECEIVED FEEDBACK | Customer: CUST_011191 | Bought: False
[2025-12-02 02:37:51] Buffer size: 4/5
[2025-12-02 02:37:51] 📥 RECEIVED FEEDBACK | Customer: CUST_006091 | Bought: True
[2025-12-02 02:37:51] Buffer size: 5/5
[2025-12-02 02:37:51] 
============================================================
[2025-12-02 02:37:51] 🔄 Processing batch of 5 feedback points
[2025-12-02 02:37:51] ============================================================
[2025-12-02 02:37:51] ✓ POSITIVE | Customer: CUST_002220 | Cluster: 3 | Score: 2.32 | Update #927
[2025-12-02 02:37:51] ✗ NEGATIVE | Customer: CUST_011462 | Cluster: 1 | Score: 2.82 | Update #928
[2025-12-02 02:37:51] ✓ POSITIVE | Customer: CUST_002160 | Cluster: 2 | Score: 1.38 | Update #929
[2025-12-02 02:37:51] ✗ NEGATIVE | Customer: CUST_011191 | Cluster: 5 | Score: 2.43 | Update #930
[2025-12-02 02:37:51] ✓ POSITIVE | Customer: CUST_006091 | Cluster: 5 | Score: -0.61 | Update #931
[2025-12-02 02:37:51] 
💾 Saving model after 931 updates...
[2025-12-02 02:37:51] ✓ Model saved to /home/crazy_warlord/TargettedCalling/Persistence/model_car.json
[2025-12-02 02:37:51] ✓ Current state: Components=8, Positive=288, Negative=643

[2025-12-02 02:37:51] ✓ Batch complete: 5 updates, 0 errors
[2025-12-02 02:37:51] 📥 RECEIVED FEEDBACK | Customer: CUST_009063 | Bought: False
[2025-12-02 02:37:51] Buffer size: 1/5
[2025-12-02 02:37:51] 📥 RECEIVED FEEDBACK | Customer: CUST_006092 | Bought: False
[2025-12-02 02:37:51] Buffer size: 2/5
[2025-12-02 02:37:51] 📥 RECEIVED FEEDBACK | Customer: CUST_005912 | Bought: False
[2025-12-02 02:37:51] Buffer size: 3/5
[2025-12-02 02:37:51] 📥 RECEIVED FEEDBACK | Customer: CUST_005912 | Bought: False
[2025-12-02 02:37:51] Buffer size: 4/5
[2025-12-02 02:37:51] 📥 RECEIVED FEEDBACK | Customer: CUST_003005 | Bought: False
[2025-12-02 02:37:51] Buffer size: 5/5
[2025-12-02 02:37:51] 
============================================================
[2025-12-02 02:37:51] 🔄 Processing batch of 5 feedback points
[2025-12-02 02:37:51] ============================================================
[2025-12-02 02:37:52] ✗ NEGATIVE | Customer: CUST_009063 | Cluster: 6 | Score: 4.55 | Update #932
[2025-12-02 02:37:52] ✗ NEGATIVE | Customer: CUST_006092 | Cluster: 6 | Score: 3.66 | Update #933
[2025-12-02 02:37:52] ✗ NEGATIVE | Customer: CUST_005912 | Cluster: 4 | Score: 1.13 | Update #934
[2025-12-02 02:37:52] ✗ NEGATIVE | Customer: CUST_005912 | Cluster: 4 | Score: 1.13 | Update #935
[2025-12-02 02:37:52] ✗ NEGATIVE | Customer: CUST_003005 | Cluster: 3 | Score: 3.00 | Update #936
[2025-12-02 02:37:52] 
💾 Saving model after 936 updates...
[2025-12-02 02:37:52] ✓ Model saved to /home/crazy_warlord/TargettedCalling/Persistence/model_car.json
[2025-12-02 02:37:52] ✓ Current state: Components=8, Positive=288, Negative=648

[2025-12-02 02:37:52] ✓ Batch complete: 5 updates, 0 errors
[2025-12-02 02:37:52] 📥 RECEIVED FEEDBACK | Customer: CUST_002404 | Bought: False
[2025-12-02 02:37:52] Buffer size: 1/5
[2025-12-02 02:37:52] 📥 RECEIVED FEEDBACK | Customer: CUST_005912 | Bought: True
[2025-12-02 02:37:52] Buffer size: 2/5
[2025-12-02 02:37:52] 📥 RECEIVED FEEDBACK | Customer: CUST_011654 | Bought: False
[2025-12-02 02:37:52] Buffer size: 3/5
[2025-12-02 02:37:52] 📥 RECEIVED FEEDBACK | Customer: CUST_005773 | Bought: False
[2025-12-02 02:37:52] Buffer size: 4/5
[2025-12-02 02:37:52] 📥 RECEIVED FEEDBACK | Customer: CUST_006035 | Bought: False
[2025-12-02 02:37:52] Buffer size: 5/5
[2025-12-02 02:37:52] 
============================================================
[2025-12-02 02:37:52] 🔄 Processing batch of 5 feedback points
[2025-12-02 02:37:52] ============================================================
[2025-12-02 02:37:52] ✗ NEGATIVE | Customer: CUST_002404 | Cluster: 3 | Score: 0.63 | Update #937
[2025-12-02 02:37:52] ✓ POSITIVE | Customer: CUST_005912 | Cluster: 4 | Score: 1.13 | Update #938
[2025-12-02 02:37:52] ✗ NEGATIVE | Customer: CUST_011654 | Cluster: 6 | Score: 7.50 | Update #939
[2025-12-02 02:37:52] ✗ NEGATIVE | Customer: CUST_005773 | Cluster: 3 | Score: 1.73 | Update #940
[2025-12-02 02:37:52] ✗ NEGATIVE | Customer: CUST_006035 | Cluster: 5 | Score: 3.26 | Update #941
[2025-12-02 02:37:52] 
💾 Saving model after 941 updates...
[2025-12-02 02:37:52] ✓ Model saved to /home/crazy_warlord/TargettedCalling/Persistence/model_car.json
[2025-12-02 02:37:52] ✓ Current state: Components=8, Positive=289, Negative=652

[2025-12-02 02:37:52] ✓ Batch complete: 5 updates, 0 errors
[2025-12-02 02:37:52] 📥 RECEIVED FEEDBACK | Customer: CUST_009054 | Bought: False
[2025-12-02 02:37:52] Buffer size: 1/5
[2025-12-02 02:37:52] 📥 RECEIVED FEEDBACK | Customer: CUST_011420 | Bought: False
[2025-12-02 02:37:52] Buffer size: 2/5
[2025-12-02 02:37:52] 📥 RECEIVED FEEDBACK | Customer: CUST_011427 | Bought: True
[2025-12-02 02:37:52] Buffer size: 3/5
[2025-12-02 02:37:52] 📥 RECEIVED FEEDBACK | Customer: CUST_005291 | Bought: False
[2025-12-02 02:37:52] Buffer size: 4/5
[2025-12-02 02:37:52] 📥 RECEIVED FEEDBACK | Customer: CUST_002512 | Bought: False
[2025-12-02 02:37:52] Buffer size: 5/5
[2025-12-02 02:37:52] 
============================================================
[2025-12-02 02:37:52] 🔄 Processing batch of 5 feedback points
[2025-12-02 02:37:52] ============================================================
[2025-12-02 02:37:52] ✗ NEGATIVE | Customer: CUST_009054 | Cluster: 4 | Score: 1.59 | Update #942
[2025-12-02 02:37:52] ✗ NEGATIVE | Customer: CUST_011420 | Cluster: 3 | Score: -1.63 | Update #943
[2025-12-02 02:37:52] ✓ POSITIVE | Customer: CUST_011427 | Cluster: 6 | Score: 7.75 | Update #944
[2025-12-02 02:37:52] ✗ NEGATIVE | Customer: CUST_005291 | Cluster: 4 | Score: -12.79 | Update #945
[2025-12-02 02:37:52] ✗ NEGATIVE | Customer: CUST_002512 | Cluster: 1 | Score: 1.53 | Update #946
[2025-12-02 02:37:52] 
💾 Saving model after 946 updates...
[2025-12-02 02:37:52] ✓ Model saved to /home/crazy_warlord/TargettedCalling/Persistence/model_car.json
[2025-12-02 02:37:52] ✓ Current state: Components=8, Positive=290, Negative=656

[2025-12-02 02:37:52] ✓ Batch complete: 5 updates, 0 errors
[2025-12-02 02:37:52] 📥 RECEIVED FEEDBACK | Customer: CUST_005725 | Bought: False
[2025-12-02 02:37:52] Buffer size: 1/5
[2025-12-02 02:37:52] 📥 RECEIVED FEEDBACK | Customer: CUST_000236 | Bought: False
[2025-12-02 02:37:52] Buffer size: 2/5
[2025-12-02 02:37:52] 📥 RECEIVED FEEDBACK | Customer: CUST_005587 | Bought: False
[2025-12-02 02:37:52] Buffer size: 3/5
[2025-12-02 02:37:52] 📥 RECEIVED FEEDBACK | Customer: CUST_002536 | Bought: False
[2025-12-02 02:37:52] Buffer size: 4/5
[2025-12-02 02:37:52] 📥 RECEIVED FEEDBACK | Customer: CUST_006041 | Bought: False
[2025-12-02 02:37:52] Buffer size: 5/5
[2025-12-02 02:37:52] 
============================================================
[2025-12-02 02:37:52] 🔄 Processing batch of 5 feedback points
[2025-12-02 02:37:52] ============================================================
[2025-12-02 02:37:52] ✗ NEGATIVE | Customer: CUST_005725 | Cluster: 0 | Score: -7.99 | Update #947
[2025-12-02 02:37:53] ✗ NEGATIVE | Customer: CUST_000236 | Cluster: 1 | Score: 3.18 | Update #948
[2025-12-02 02:37:53] ✗ NEGATIVE | Customer: CUST_005587 | Cluster: 5 | Score: -1.90 | Update #949
[2025-12-02 02:37:53] ✗ NEGATIVE | Customer: CUST_002536 | Cluster: 7 | Score: 3.91 | Update #950
[2025-12-02 02:37:53] ✗ NEGATIVE | Customer: CUST_006041 | Cluster: 5 | Score: 2.14 | Update #951
[2025-12-02 02:37:53] 
💾 Saving model after 951 updates...
[2025-12-02 02:37:53] ✓ Model saved to /home/crazy_warlord/TargettedCalling/Persistence/model_car.json
[2025-12-02 02:37:53] ✓ Current state: Components=8, Positive=290, Negative=661

[2025-12-02 02:37:53] ✓ Batch complete: 5 updates, 0 errors
[2025-12-02 02:37:53] 📥 RECEIVED FEEDBACK | Customer: CUST_010683 | Bought: True
[2025-12-02 02:37:53] Buffer size: 1/5
[2025-12-02 02:37:53] 📥 RECEIVED FEEDBACK | Customer: CUST_010707 | Bought: False
[2025-12-02 02:37:53] Buffer size: 2/5
[2025-12-02 02:37:53] 📥 RECEIVED FEEDBACK | Customer: CUST_003512 | Bought: False
[2025-12-02 02:37:53] Buffer size: 3/5
[2025-12-02 02:37:53] 📥 RECEIVED FEEDBACK | Customer: CUST_010407 | Bought: True
[2025-12-02 02:37:53] Buffer size: 4/5
[2025-12-02 02:37:53] 📥 RECEIVED FEEDBACK | Customer: CUST_010038 | Bought: False
[2025-12-02 02:37:53] Buffer size: 5/5
[2025-12-02 02:37:53] 
============================================================
[2025-12-02 02:37:53] 🔄 Processing batch of 5 feedback points
[2025-12-02 02:37:53] ============================================================
[2025-12-02 02:37:53] ✓ POSITIVE | Customer: CUST_010683 | Cluster: 6 | Score: 1.55 | Update #952
[2025-12-02 02:37:53] ✗ NEGATIVE | Customer: CUST_010707 | Cluster: 2 | Score: 0.44 | Update #953
[2025-12-02 02:37:53] ✗ NEGATIVE | Customer: CUST_003512 | Cluster: 5 | Score: -3.05 | Update #954
[2025-12-02 02:37:53] ✓ POSITIVE | Customer: CUST_010407 | Cluster: 7 | Score: 1.17 | Update #955
[2025-12-02 02:37:53] ✗ NEGATIVE | Customer: CUST_010038 | Cluster: 7 | Score: 1.70 | Update #956
[2025-12-02 02:37:53] 
💾 Saving model after 956 updates...
[2025-12-02 02:37:53] ✓ Model saved to /home/crazy_warlord/TargettedCalling/Persistence/model_car.json
[2025-12-02 02:37:53] ✓ Current state: Components=8, Positive=292, Negative=664

[2025-12-02 02:37:53] ✓ Batch complete: 5 updates, 0 errors
[2025-12-02 02:37:53] 📥 RECEIVED FEEDBACK | Customer: CUST_010536 | Bought: False
[2025-12-02 02:37:53] Buffer size: 1/5
[2025-12-02 02:37:53] 📥 RECEIVED FEEDBACK | Customer: CUST_011536 | Bought: False
[2025-12-02 02:37:53] Buffer size: 2/5
[2025-12-02 02:37:53] 📥 RECEIVED FEEDBACK | Customer: CUST_010398 | Bought: False
[2025-12-02 02:37:53] Buffer size: 3/5
[2025-12-02 02:37:53] 📥 RECEIVED FEEDBACK | Customer: CUST_010368 | Bought: False
[2025-12-02 02:37:53] Buffer size: 4/5
[2025-12-02 02:37:53] 📥 RECEIVED FEEDBACK | Customer: CUST_004235 | Bought: True
[2025-12-02 02:37:53] Buffer size: 5/5
[2025-12-02 02:37:53] 
============================================================
[2025-12-02 02:37:53] 🔄 Processing batch of 5 feedback points
[2025-12-02 02:37:53] ============================================================
[2025-12-02 02:37:53] ✗ NEGATIVE | Customer: CUST_010536 | Cluster: 4 | Score: -1.01 | Update #957
[2025-12-02 02:37:53] ✗ NEGATIVE | Customer: CUST_011536 | Cluster: 0 | Score: 6.69 | Update #958
[2025-12-02 02:37:53] ✗ NEGATIVE | Customer: CUST_010398 | Cluster: 4 | Score: -0.50 | Update #959
[2025-12-02 02:37:53] ✗ NEGATIVE | Customer: CUST_010368 | Cluster: 1 | Score: -0.72 | Update #960
[2025-12-02 02:37:53] ✓ POSITIVE | Customer: CUST_004235 | Cluster: 7 | Score: -10.02 | Update #961
[2025-12-02 02:37:53] 
💾 Saving model after 961 updates...
[2025-12-02 02:37:53] ✓ Model saved to /home/crazy_warlord/TargettedCalling/Persistence/model_car.json
[2025-12-02 02:37:53] ✓ Current state: Components=8, Positive=293, Negative=668

[2025-12-02 02:37:53] ✓ Batch complete: 5 updates, 0 errors
[2025-12-02 02:37:53] 📥 RECEIVED FEEDBACK | Customer: CUST_010036 | Bought: False
[2025-12-02 02:37:53] Buffer size: 1/5
[2025-12-02 02:37:53] 📥 RECEIVED FEEDBACK | Customer: CUST_010107 | Bought: True
[2025-12-02 02:37:53] Buffer size: 2/5
[2025-12-02 02:37:53] 📥 RECEIVED FEEDBACK | Customer: CUST_010037 | Bought: True
[2025-12-02 02:37:53] Buffer size: 3/5
[2025-12-02 02:37:53] 📥 RECEIVED FEEDBACK | Customer: CUST_010121 | Bought: False
[2025-12-02 02:37:53] Buffer size: 4/5
[2025-12-02 02:37:53] 📥 RECEIVED FEEDBACK | Customer: CUST_010368 | Bought: False
[2025-12-02 02:37:53] Buffer size: 5/5
[2025-12-02 02:37:53] 
============================================================
[2025-12-02 02:37:53] 🔄 Processing batch of 5 feedback points
[2025-12-02 02:37:53] ============================================================
[2025-12-02 02:37:54] ✗ NEGATIVE | Customer: CUST_010036 | Cluster: 0 | Score: -2.93 | Update #962
[2025-12-02 02:37:54] ✓ POSITIVE | Customer: CUST_010107 | Cluster: 7 | Score: -1.76 | Update #963
[2025-12-02 02:37:54] ✓ POSITIVE | Customer: CUST_010037 | Cluster: 5 | Score: 2.74 | Update #964
[2025-12-02 02:37:54] ✗ NEGATIVE | Customer: CUST_010121 | Cluster: 7 | Score: -0.35 | Update #965
[2025-12-02 02:37:54] ✗ NEGATIVE | Customer: CUST_010368 | Cluster: 1 | Score: -0.72 | Update #966
[2025-12-02 02:37:54] 
💾 Saving model after 966 updates...
[2025-12-02 02:37:54] ✓ Model saved to /home/crazy_warlord/TargettedCalling/Persistence/model_car.json
[2025-12-02 02:37:54] ✓ Current state: Components=8, Positive=295, Negative=671

[2025-12-02 02:37:54] ✓ Batch complete: 5 updates, 0 errors
[2025-12-02 02:37:54] 📥 RECEIVED FEEDBACK | Customer: CUST_010368 | Bought: True
[2025-12-02 02:37:54] Buffer size: 1/5
[2025-12-02 02:37:54] 📥 RECEIVED FEEDBACK | Customer: CUST_003688 | Bought: False
[2025-12-02 02:37:54] Buffer size: 2/5
[2025-12-02 02:37:54] 📥 RECEIVED FEEDBACK | Customer: CUST_010478 | Bought: False
[2025-12-02 02:37:54] Buffer size: 3/5
[2025-12-02 02:37:54] 📥 RECEIVED FEEDBACK | Customer: CUST_010554 | Bought: False
[2025-12-02 02:37:54] Buffer size: 4/5
[2025-12-02 02:37:54] 📥 RECEIVED FEEDBACK | Customer: CUST_010153 | Bought: False
[2025-12-02 02:37:54] Buffer size: 5/5
[2025-12-02 02:37:54] 
============================================================
[2025-12-02 02:37:54] 🔄 Processing batch of 5 feedback points
[2025-12-02 02:37:54] ============================================================
[2025-12-02 02:37:54] ✓ POSITIVE | Customer: CUST_010368 | Cluster: 1 | Score: -0.72 | Update #967
[2025-12-02 02:37:54] ✗ NEGATIVE | Customer: CUST_003688 | Cluster: 3 | Score: -2.44 | Update #968
[2025-12-02 02:37:54] ✗ NEGATIVE | Customer: CUST_010478 | Cluster: 6 | Score: -0.08 | Update #969
[2025-12-02 02:37:54] ✗ NEGATIVE | Customer: CUST_010554 | Cluster: 0 | Score: 3.77 | Update #970
[2025-12-02 02:37:54] ✗ NEGATIVE | Customer: CUST_010153 | Cluster: 0 | Score: 4.56 | Update #971
[2025-12-02 02:37:54] 
💾 Saving model after 971 updates...
[2025-12-02 02:37:54] ✓ Model saved to /home/crazy_warlord/TargettedCalling/Persistence/model_car.json
[2025-12-02 02:37:54] ✓ Current state: Components=8, Positive=296, Negative=675

[2025-12-02 02:37:54] ✓ Batch complete: 5 updates, 0 errors
[2025-12-02 02:37:54] 📥 RECEIVED FEEDBACK | Customer: CUST_003512 | Bought: False
[2025-12-02 02:37:54] Buffer size: 1/5
[2025-12-02 02:37:54] 📥 RECEIVED FEEDBACK | Customer: CUST_010680 | Bought: True
[2025-12-02 02:37:54] Buffer size: 2/5
[2025-12-02 02:37:54] 📥 RECEIVED FEEDBACK | Customer: CUST_005789 | Bought: False
[2025-12-02 02:37:54] Buffer size: 3/5
[2025-12-02 02:37:54] 📥 RECEIVED FEEDBACK | Customer: CUST_010186 | Bought: True
[2025-12-02 02:37:54] Buffer size: 4/5
[2025-12-02 02:37:54] 📥 RECEIVED FEEDBACK | Customer: CUST_003601 | Bought: True
[2025-12-02 02:37:54] Buffer size: 5/5
[2025-12-02 02:37:54] 
============================================================
[2025-12-02 02:37:54] 🔄 Processing batch of 5 feedback points
[2025-12-02 02:37:54] ============================================================
[2025-12-02 02:37:54] ✗ NEGATIVE | Customer: CUST_003512 | Cluster: 5 | Score: -3.35 | Update #972
[2025-12-02 02:37:54] ✓ POSITIVE | Customer: CUST_010680 | Cluster: 6 | Score: 6.23 | Update #973
[2025-12-02 02:37:54] ✗ NEGATIVE | Customer: CUST_005789 | Cluster: 5 | Score: -8.60 | Update #974
[2025-12-02 02:37:54] ✓ POSITIVE | Customer: CUST_010186 | Cluster: 5 | Score: -1.29 | Update #975
[2025-12-02 02:37:54] ✓ POSITIVE | Customer: CUST_003601 | Cluster: 3 | Score: 2.28 | Update #976
[2025-12-02 02:37:54] 
💾 Saving model after 976 updates...
[2025-12-02 02:37:54] ✓ Model saved to /home/crazy_warlord/TargettedCalling/Persistence/model_car.json
[2025-12-02 02:37:54] ✓ Current state: Components=8, Positive=299, Negative=677

[2025-12-02 02:37:54] ✓ Batch complete: 5 updates, 0 errors
[2025-12-02 02:37:54] 📥 RECEIVED FEEDBACK | Customer: CUST_010358 | Bought: False
[2025-12-02 02:37:54] Buffer size: 1/5
[2025-12-02 02:37:54] 📥 RECEIVED FEEDBACK | Customer: CUST_003912 | Bought: False
[2025-12-02 02:37:54] Buffer size: 2/5
[2025-12-02 02:37:54] 📥 RECEIVED FEEDBACK | Customer: CUST_010153 | Bought: True
[2025-12-02 02:37:54] Buffer size: 3/5
[2025-12-02 02:37:54] 📥 RECEIVED FEEDBACK | Customer: CUST_011536 | Bought: False
[2025-12-02 02:37:54] Buffer size: 4/5
[2025-12-02 02:37:54] 📥 RECEIVED FEEDBACK | Customer: CUST_000155 | Bought: False
[2025-12-02 02:37:54] Buffer size: 5/5
[2025-12-02 02:37:54] 
============================================================
[2025-12-02 02:37:54] 🔄 Processing batch of 5 feedback points
[2025-12-02 02:37:54] ============================================================
[2025-12-02 02:37:54] ✗ NEGATIVE | Customer: CUST_010358 | Cluster: 7 | Score: 3.59 | Update #977
[2025-12-02 02:37:55] ✗ NEGATIVE | Customer: CUST_003912 | Cluster: 4 | Score: -6.61 | Update #978
[2025-12-02 02:37:55] ✓ POSITIVE | Customer: CUST_010153 | Cluster: 0 | Score: 4.56 | Update #979
[2025-12-02 02:37:55] ✗ NEGATIVE | Customer: CUST_011536 | Cluster: 0 | Score: 6.73 | Update #980
[2025-12-02 02:37:55] ✗ NEGATIVE | Customer: CUST_000155 | Cluster: 4 | Score: -2.24 | Update #981
[2025-12-02 02:37:55] 
💾 Saving model after 981 updates...
[2025-12-02 02:37:55] ✓ Model saved to /home/crazy_warlord/TargettedCalling/Persistence/model_car.json
[2025-12-02 02:37:55] ✓ Current state: Components=8, Positive=300, Negative=681

[2025-12-02 02:37:55] ✓ Batch complete: 5 updates, 0 errors
[2025-12-02 02:37:55] 📥 RECEIVED FEEDBACK | Customer: CUST_010226 | Bought: True
[2025-12-02 02:37:55] Buffer size: 1/5
[2025-12-02 02:37:55] 📥 RECEIVED FEEDBACK | Customer: CUST_003727 | Bought: False
[2025-12-02 02:37:55] Buffer size: 2/5
[2025-12-02 02:37:55] 📥 RECEIVED FEEDBACK | Customer: CUST_003793 | Bought: False
[2025-12-02 02:37:55] Buffer size: 3/5
[2025-12-02 02:37:55] 📥 RECEIVED FEEDBACK | Customer: CUST_011536 | Bought: False
[2025-12-02 02:37:55] Buffer size: 4/5
[2025-12-02 02:37:55] 📥 RECEIVED FEEDBACK | Customer: CUST_000729 | Bought: False
[2025-12-02 02:37:55] Buffer size: 5/5
[2025-12-02 02:37:55] 
============================================================
[2025-12-02 02:37:55] 🔄 Processing batch of 5 feedback points
[2025-12-02 02:37:55] ============================================================
[2025-12-02 02:37:55] ✓ POSITIVE | Customer: CUST_010226 | Cluster: 5 | Score: 0.41 | Update #982
[2025-12-02 02:37:55] ✗ NEGATIVE | Customer: CUST_003727 | Cluster: 3 | Score: -1.24 | Update #983
[2025-12-02 02:37:55] ✗ NEGATIVE | Customer: CUST_003793 | Cluster: 3 | Score: 2.31 | Update #984
[2025-12-02 02:37:55] ✗ NEGATIVE | Customer: CUST_011536 | Cluster: 0 | Score: 6.73 | Update #985
[2025-12-02 02:37:55] ✗ NEGATIVE | Customer: CUST_000729 | Cluster: 5 | Score: 3.10 | Update #986
[2025-12-02 02:37:55] 
💾 Saving model after 986 updates...
[2025-12-02 02:37:55] ✓ Model saved to /home/crazy_warlord/TargettedCalling/Persistence/model_car.json
[2025-12-02 02:37:55] ✓ Current state: Components=8, Positive=301, Negative=685

[2025-12-02 02:37:55] ✓ Batch complete: 5 updates, 0 errors
[2025-12-02 02:37:55] 📥 RECEIVED FEEDBACK | Customer: CUST_010153 | Bought: False
[2025-12-02 02:37:55] Buffer size: 1/5
[2025-12-02 02:37:55] 📥 RECEIVED FEEDBACK | Customer: CUST_003748 | Bought: False
[2025-12-02 02:37:55] Buffer size: 2/5
[2025-12-02 02:37:55] 📥 RECEIVED FEEDBACK | Customer: CUST_003761 | Bought: False
[2025-12-02 02:37:55] Buffer size: 3/5
[2025-12-02 02:37:55] 📥 RECEIVED FEEDBACK | Customer: CUST_003755 | Bought: False
[2025-12-02 02:37:55] Buffer size: 4/5
[2025-12-02 02:37:55] 📥 RECEIVED FEEDBACK | Customer: CUST_010508 | Bought: False
[2025-12-02 02:37:55] Buffer size: 5/5
[2025-12-02 02:37:55] 
============================================================
[2025-12-02 02:37:55] 🔄 Processing batch of 5 feedback points
[2025-12-02 02:37:55] ============================================================
[2025-12-02 02:37:55] ✗ NEGATIVE | Customer: CUST_010153 | Cluster: 0 | Score: 5.44 | Update #987
[2025-12-02 02:37:55] ✗ NEGATIVE | Customer: CUST_003748 | Cluster: 0 | Score: 5.37 | Update #988
[2025-12-02 02:37:55] ✗ NEGATIVE | Customer: CUST_003761 | Cluster: 3 | Score: 0.67 | Update #989
[2025-12-02 02:37:55] ✗ NEGATIVE | Customer: CUST_003755 | Cluster: 3 | Score: -1.65 | Update #990
[2025-12-02 02:37:55] ✗ NEGATIVE | Customer: CUST_010508 | Cluster: 3 | Score: -10.44 | Update #991
[2025-12-02 02:37:55] 
💾 Saving model after 991 updates...
[2025-12-02 02:37:55] ✓ Model saved to /home/crazy_warlord/TargettedCalling/Persistence/model_car.json
[2025-12-02 02:37:55] ✓ Current state: Components=8, Positive=301, Negative=690

[2025-12-02 02:37:55] ✓ Batch complete: 5 updates, 0 errors
[2025-12-02 02:37:55] 📥 RECEIVED FEEDBACK | Customer: CUST_003793 | Bought: True
[2025-12-02 02:37:55] Buffer size: 1/5
[2025-12-02 02:37:55] 📥 RECEIVED FEEDBACK | Customer: CUST_004062 | Bought: False
[2025-12-02 02:37:55] Buffer size: 2/5
[2025-12-02 02:37:55] 📥 RECEIVED FEEDBACK | Customer: CUST_003601 | Bought: False
[2025-12-02 02:37:55] Buffer size: 3/5
[2025-12-02 02:37:55] 📥 RECEIVED FEEDBACK | Customer: CUST_010148 | Bought: False
[2025-12-02 02:37:55] Buffer size: 4/5
[2025-12-02 02:37:55] 📥 RECEIVED FEEDBACK | Customer: CUST_004228 | Bought: False
[2025-12-02 02:37:55] Buffer size: 5/5
[2025-12-02 02:37:55] 
============================================================
[2025-12-02 02:37:55] 🔄 Processing batch of 5 feedback points
[2025-12-02 02:37:55] ============================================================
[2025-12-02 02:37:55] ✓ POSITIVE | Customer: CUST_003793 | Cluster: 3 | Score: 2.31 | Update #992
[2025-12-02 02:37:55] ✗ NEGATIVE | Customer: CUST_004062 | Cluster: 6 | Score: 2.12 | Update #993
[2025-12-02 02:37:56] ✗ NEGATIVE | Customer: CUST_003601 | Cluster: 3 | Score: 2.74 | Update #994
[2025-12-02 02:37:56] ✗ NEGATIVE | Customer: CUST_010148 | Cluster: 5 | Score: -8.44 | Update #995
[2025-12-02 02:37:56] ✗ NEGATIVE | Customer: CUST_004228 | Cluster: 7 | Score: -0.07 | Update #996
[2025-12-02 02:37:56] 
💾 Saving model after 996 updates...
[2025-12-02 02:37:56] ✓ Model saved to /home/crazy_warlord/TargettedCalling/Persistence/model_car.json
[2025-12-02 02:37:56] ✓ Current state: Components=8, Positive=302, Negative=694

[2025-12-02 02:37:56] ✓ Batch complete: 5 updates, 0 errors
[2025-12-02 02:37:56] 📥 RECEIVED FEEDBACK | Customer: CUST_000190 | Bought: False
[2025-12-02 02:37:56] Buffer size: 1/5
[2025-12-02 02:37:56] 📥 RECEIVED FEEDBACK | Customer: CUST_000155 | Bought: True
[2025-12-02 02:37:56] Buffer size: 2/5
[2025-12-02 02:37:56] 📥 RECEIVED FEEDBACK | Customer: CUST_010121 | Bought: False
[2025-12-02 02:37:56] Buffer size: 3/5
[2025-12-02 02:37:56] 📥 RECEIVED FEEDBACK | Customer: CUST_000175 | Bought: False
[2025-12-02 02:37:56] Buffer size: 4/5
[2025-12-02 02:37:56] 📥 RECEIVED FEEDBACK | Customer: CUST_010680 | Bought: False
[2025-12-02 02:37:56] Buffer size: 5/5
[2025-12-02 02:37:56] 
============================================================
[2025-12-02 02:37:56] 🔄 Processing batch of 5 feedback points
[2025-12-02 02:37:56] ============================================================
[2025-12-02 02:37:56] ✗ NEGATIVE | Customer: CUST_000190 | Cluster: 4 | Score: -6.45 | Update #997
[2025-12-02 02:37:56] ✓ POSITIVE | Customer: CUST_000155 | Cluster: 4 | Score: -2.24 | Update #998
[2025-12-02 02:37:56] ✗ NEGATIVE | Customer: CUST_010121 | Cluster: 7 | Score: -0.35 | Update #999
[2025-12-02 02:37:56] ✗ NEGATIVE | Customer: CUST_000175 | Cluster: 4 | Score: 2.40 | Update #1000
[2025-12-02 02:37:56] ✗ NEGATIVE | Customer: CUST_010680 | Cluster: 6 | Score: 6.66 | Update #1001
[2025-12-02 02:37:56] 
💾 Saving model after 1001 updates...
[2025-12-02 02:37:56] ✓ Model saved to /home/crazy_warlord/TargettedCalling/Persistence/model_car.json
[2025-12-02 02:37:56] ✓ Current state: Components=8, Positive=303, Negative=698

[2025-12-02 02:37:56] ✓ Batch complete: 5 updates, 0 errors
[2025-12-02 02:37:56] 📥 RECEIVED FEEDBACK | Customer: CUST_004452 | Bought: False
[2025-12-02 02:37:56] Buffer size: 1/5
[2025-12-02 02:37:56] 📥 RECEIVED FEEDBACK | Customer: CUST_010375 | Bought: False
[2025-12-02 02:37:56] Buffer size: 2/5
[2025-12-02 02:37:56] 📥 RECEIVED FEEDBACK | Customer: CUST_011536 | Bought: True
[2025-12-02 02:37:56] Buffer size: 3/5
[2025-12-02 02:37:56] 📥 RECEIVED FEEDBACK | Customer: CUST_010680 | Bought: False
[2025-12-02 02:37:56] Buffer size: 4/5
[2025-12-02 02:37:56] 📥 RECEIVED FEEDBACK | Customer: CUST_010249 | Bought: True
[2025-12-02 02:37:56] Buffer size: 5/5
[2025-12-02 02:37:56] 
============================================================
[2025-12-02 02:37:56] 🔄 Processing batch of 5 feedback points
[2025-12-02 02:37:56] ============================================================
[2025-12-02 02:37:56] ✗ NEGATIVE | Customer: CUST_004452 | Cluster: 1 | Score: -1.51 | Update #1002
[2025-12-02 02:37:56] ✗ NEGATIVE | Customer: CUST_010375 | Cluster: 0 | Score: 3.98 | Update #1003
[2025-12-02 02:37:56] ✓ POSITIVE | Customer: CUST_011536 | Cluster: 0 | Score: 6.73 | Update #1004
[2025-12-02 02:37:56] ✗ NEGATIVE | Customer: CUST_010680 | Cluster: 6 | Score: 6.66 | Update #1005
[2025-12-02 02:37:56] ✓ POSITIVE | Customer: CUST_010249 | Cluster: 4 | Score: 2.68 | Update #1006
[2025-12-02 02:37:56] 
💾 Saving model after 1006 updates...
[2025-12-02 02:37:56] ✓ Model saved to /home/crazy_warlord/TargettedCalling/Persistence/model_car.json
[2025-12-02 02:37:56] ✓ Current state: Components=8, Positive=305, Negative=701

[2025-12-02 02:37:56] ✓ Batch complete: 5 updates, 0 errors
[2025-12-02 02:37:56] 📥 RECEIVED FEEDBACK | Customer: CUST_003748 | Bought: False
[2025-12-02 02:37:56] Buffer size: 1/5
[2025-12-02 02:37:56] 📥 RECEIVED FEEDBACK | Customer: CUST_000155 | Bought: True
[2025-12-02 02:37:56] Buffer size: 2/5
[2025-12-02 02:37:56] 📥 RECEIVED FEEDBACK | Customer: CUST_010680 | Bought: True
[2025-12-02 02:37:56] Buffer size: 3/5
[2025-12-02 02:37:56] 📥 RECEIVED FEEDBACK | Customer: CUST_003601 | Bought: False
[2025-12-02 02:37:56] Buffer size: 4/5
[2025-12-02 02:37:56] 📥 RECEIVED FEEDBACK | Customer: CUST_003748 | Bought: False
[2025-12-02 02:37:56] Buffer size: 5/5
[2025-12-02 02:37:56] 
============================================================
[2025-12-02 02:37:56] 🔄 Processing batch of 5 feedback points
[2025-12-02 02:37:56] ============================================================
[2025-12-02 02:37:56] ✗ NEGATIVE | Customer: CUST_003748 | Cluster: 0 | Score: 5.29 | Update #1007
[2025-12-02 02:37:57] ✓ POSITIVE | Customer: CUST_000155 | Cluster: 4 | Score: -2.48 | Update #1008
[2025-12-02 02:37:57] ✓ POSITIVE | Customer: CUST_010680 | Cluster: 6 | Score: 6.66 | Update #1009
[2025-12-02 02:37:57] ✗ NEGATIVE | Customer: CUST_003601 | Cluster: 3 | Score: 2.74 | Update #1010
[2025-12-02 02:37:57] ✗ NEGATIVE | Customer: CUST_003748 | Cluster: 0 | Score: 5.29 | Update #1011
[2025-12-02 02:37:57] 
💾 Saving model after 1011 updates...
[2025-12-02 02:37:57] ✓ Model saved to /home/crazy_warlord/TargettedCalling/Persistence/model_car.json
[2025-12-02 02:37:57] ✓ Current state: Components=8, Positive=307, Negative=704

[2025-12-02 02:37:57] ✓ Batch complete: 5 updates, 0 errors
[2025-12-02 02:37:57] 📥 RECEIVED FEEDBACK | Customer: CUST_000845 | Bought: True
[2025-12-02 02:37:57] Buffer size: 1/5
[2025-12-02 02:37:57] 📥 RECEIVED FEEDBACK | Customer: CUST_010463 | Bought: False
[2025-12-02 02:37:57] Buffer size: 2/5
[2025-12-02 02:37:57] 📥 RECEIVED FEEDBACK | Customer: CUST_010036 | Bought: False
[2025-12-02 02:37:57] Buffer size: 3/5
[2025-12-02 02:37:57] 📥 RECEIVED FEEDBACK | Customer: CUST_010707 | Bought: True
[2025-12-02 02:37:57] Buffer size: 4/5
[2025-12-02 02:37:57] 📥 RECEIVED FEEDBACK | Customer: CUST_000155 | Bought: True
[2025-12-02 02:37:57] Buffer size: 5/5
[2025-12-02 02:37:57] 
============================================================
[2025-12-02 02:37:57] 🔄 Processing batch of 5 feedback points
[2025-12-02 02:37:57] ============================================================
[2025-12-02 02:37:57] ✓ POSITIVE | Customer: CUST_000845 | Cluster: 3 | Score: -22.29 | Update #1012
[2025-12-02 02:37:57] ✗ NEGATIVE | Customer: CUST_010463 | Cluster: 0 | Score: 1.96 | Update #1013
[2025-12-02 02:37:57] ✗ NEGATIVE | Customer: CUST_010036 | Cluster: 0 | Score: -3.80 | Update #1014
[2025-12-02 02:37:57] ✓ POSITIVE | Customer: CUST_010707 | Cluster: 2 | Score: 0.44 | Update #1015
[2025-12-02 02:37:57] ✓ POSITIVE | Customer: CUST_000155 | Cluster: 4 | Score: -2.48 | Update #1016
[2025-12-02 02:37:57] 
💾 Saving model after 1016 updates...
[2025-12-02 02:37:57] ✓ Model saved to /home/crazy_warlord/TargettedCalling/Persistence/model_car.json
[2025-12-02 02:37:57] ✓ Current state: Components=8, Positive=310, Negative=706

[2025-12-02 02:37:57] ✓ Batch complete: 5 updates, 0 errors
[2025-12-02 02:37:57] 📥 RECEIVED FEEDBACK | Customer: CUST_000729 | Bought: False
[2025-12-02 02:37:57] Buffer size: 1/5
[2025-12-02 02:37:57] 📥 RECEIVED FEEDBACK | Customer: CUST_004362 | Bought: False
[2025-12-02 02:37:57] Buffer size: 2/5
[2025-12-02 02:37:57] 📥 RECEIVED FEEDBACK | Customer: CUST_010707 | Bought: True
[2025-12-02 02:37:57] Buffer size: 3/5
[2025-12-02 02:37:57] 📥 RECEIVED FEEDBACK | Customer: CUST_000888 | Bought: True
[2025-12-02 02:37:57] Buffer size: 4/5
[2025-12-02 02:37:57] 📥 RECEIVED FEEDBACK | Customer: CUST_010398 | Bought: True
[2025-12-02 02:37:57] Buffer size: 5/5
[2025-12-02 02:37:57] 
============================================================
[2025-12-02 02:37:57] 🔄 Processing batch of 5 feedback points
[2025-12-02 02:37:57] ============================================================
[2025-12-02 02:37:57] ✗ NEGATIVE | Customer: CUST_000729 | Cluster: 5 | Score: 3.10 | Update #1017
[2025-12-02 02:37:57] ✗ NEGATIVE | Customer: CUST_004362 | Cluster: 4 | Score: -7.98 | Update #1018
[2025-12-02 02:37:57] ✓ POSITIVE | Customer: CUST_010707 | Cluster: 2 | Score: 1.00 | Update #1019
[2025-12-02 02:37:57] ✓ POSITIVE | Customer: CUST_000888 | Cluster: 3 | Score: -13.86 | Update #1020
[2025-12-02 02:37:57] ✓ POSITIVE | Customer: CUST_010398 | Cluster: 4 | Score: -0.68 | Update #1021
[2025-12-02 02:37:57] 
💾 Saving model after 1021 updates...
[2025-12-02 02:37:57] ✓ Model saved to /home/crazy_warlord/TargettedCalling/Persistence/model_car.json
[2025-12-02 02:37:57] ✓ Current state: Components=8, Positive=313, Negative=708

[2025-12-02 02:37:57] ✓ Batch complete: 5 updates, 0 errors
[2025-12-02 02:37:57] 📥 RECEIVED FEEDBACK | Customer: CUST_004403 | Bought: False
[2025-12-02 02:37:57] Buffer size: 1/5
[2025-12-02 02:37:57] 📥 RECEIVED FEEDBACK | Customer: CUST_010593 | Bought: False
[2025-12-02 02:37:57] Buffer size: 2/5
[2025-12-02 02:37:57] 📥 RECEIVED FEEDBACK | Customer: CUST_003700 | Bought: False
[2025-12-02 02:37:57] Buffer size: 3/5
[2025-12-02 02:37:57] 📥 RECEIVED FEEDBACK | Customer: CUST_003557 | Bought: False
[2025-12-02 02:37:57] Buffer size: 4/5
[2025-12-02 02:37:57] 📥 RECEIVED FEEDBACK | Customer: CUST_003765 | Bought: False
[2025-12-02 02:37:57] Buffer size: 5/5
[2025-12-02 02:37:57] 
============================================================
[2025-12-02 02:37:57] 🔄 Processing batch of 5 feedback points
[2025-12-02 02:37:57] ============================================================
[2025-12-02 02:37:57] ✗ NEGATIVE | Customer: CUST_004403 | Cluster: 5 | Score: -1.24 | Update #1022
[2025-12-02 02:37:57] ✗ NEGATIVE | Customer: CUST_010593 | Cluster: 3 | Score: 1.08 | Update #1023
[2025-12-02 02:37:58] ✗ NEGATIVE | Customer: CUST_003700 | Cluster: 4 | Score: 0.68 | Update #1024
[2025-12-02 02:37:58] ✗ NEGATIVE | Customer: CUST_003557 | Cluster: 5 | Score: 2.98 | Update #1025
[2025-12-02 02:37:58] ✗ NEGATIVE | Customer: CUST_003765 | Cluster: 4 | Score: -1.66 | Update #1026
[2025-12-02 02:37:58] 
💾 Saving model after 1026 updates...
[2025-12-02 02:37:58] ✓ Model saved to /home/crazy_warlord/TargettedCalling/Persistence/model_car.json
[2025-12-02 02:37:58] ✓ Current state: Components=8, Positive=313, Negative=713

[2025-12-02 02:37:58] ✓ Batch complete: 5 updates, 0 errors
[2025-12-02 02:37:58] 📥 RECEIVED FEEDBACK | Customer: CUST_010036 | Bought: False
[2025-12-02 02:37:58] Buffer size: 1/5
[2025-12-02 02:37:58] 📥 RECEIVED FEEDBACK | Customer: CUST_010248 | Bought: False
[2025-12-02 02:37:58] Buffer size: 2/5
[2025-12-02 02:37:58] 📥 RECEIVED FEEDBACK | Customer: CUST_010148 | Bought: True
[2025-12-02 02:37:58] Buffer size: 3/5
[2025-12-02 02:37:58] 📥 RECEIVED FEEDBACK | Customer: CUST_003764 | Bought: False
[2025-12-02 02:37:58] Buffer size: 4/5
[2025-12-02 02:37:58] 📥 RECEIVED FEEDBACK | Customer: CUST_010518 | Bought: False
[2025-12-02 02:37:58] Buffer size: 5/5
[2025-12-02 02:37:58] 
============================================================
[2025-12-02 02:37:58] 🔄 Processing batch of 5 feedback points
[2025-12-02 02:37:58] ============================================================
[2025-12-02 02:37:58] ✗ NEGATIVE | Customer: CUST_010036 | Cluster: 0 | Score: -3.80 | Update #1027
[2025-12-02 02:37:58] ✗ NEGATIVE | Customer: CUST_010248 | Cluster: 0 | Score: 0.22 | Update #1028
[2025-12-02 02:37:58] ✓ POSITIVE | Customer: CUST_010148 | Cluster: 5 | Score: -8.44 | Update #1029
[2025-12-02 02:37:58] ✗ NEGATIVE | Customer: CUST_003764 | Cluster: 4 | Score: 0.50 | Update #1030
[2025-12-02 02:37:58] ✗ NEGATIVE | Customer: CUST_010518 | Cluster: 0 | Score: 3.68 | Update #1031
[2025-12-02 02:37:58] 
💾 Saving model after 1031 updates...
[2025-12-02 02:37:58] ✓ Model saved to /home/crazy_warlord/TargettedCalling/Persistence/model_car.json
[2025-12-02 02:37:58] ✓ Current state: Components=8, Positive=314, Negative=717

[2025-12-02 02:37:58] ✓ Batch complete: 5 updates, 0 errors
[2025-12-02 02:37:58] 📥 RECEIVED FEEDBACK | Customer: CUST_004233 | Bought: False
[2025-12-02 02:37:58] Buffer size: 1/5
[2025-12-02 02:37:58] 📥 RECEIVED FEEDBACK | Customer: CUST_002362 | Bought: False
[2025-12-02 02:37:58] Buffer size: 2/5
[2025-12-02 02:37:58] 📥 RECEIVED FEEDBACK | Customer: CUST_003569 | Bought: True
[2025-12-02 02:37:58] Buffer size: 3/5
[2025-12-02 02:37:58] 📥 RECEIVED FEEDBACK | Customer: CUST_003866 | Bought: False
[2025-12-02 02:37:58] Buffer size: 4/5
[2025-12-02 02:37:58] 📥 RECEIVED FEEDBACK | Customer: CUST_000888 | Bought: False
[2025-12-02 02:37:58] Buffer size: 5/5
[2025-12-02 02:37:58] 
============================================================
[2025-12-02 02:37:58] 🔄 Processing batch of 5 feedback points
[2025-12-02 02:37:58] ============================================================
[2025-12-02 02:37:58] ✗ NEGATIVE | Customer: CUST_004233 | Cluster: 3 | Score: -5.87 | Update #1032
[2025-12-02 02:37:58] ✗ NEGATIVE | Customer: CUST_002362 | Cluster: 5 | Score: 1.72 | Update #1033
[2025-12-02 02:37:58] ✓ POSITIVE | Customer: CUST_003569 | Cluster: 0 | Score: 2.26 | Update #1034
[2025-12-02 02:37:58] ✗ NEGATIVE | Customer: CUST_003866 | Cluster: 3 | Score: -2.25 | Update #1035
[2025-12-02 02:37:58] ✗ NEGATIVE | Customer: CUST_000888 | Cluster: 3 | Score: -13.86 | Update #1036
[2025-12-02 02:37:58] 
💾 Saving model after 1036 updates...
[2025-12-02 02:37:58] ✓ Model saved to /home/crazy_warlord/TargettedCalling/Persistence/model_car.json
[2025-12-02 02:37:58] ✓ Current state: Components=8, Positive=315, Negative=721

[2025-12-02 02:37:58] ✓ Batch complete: 5 updates, 0 errors
[2025-12-02 02:37:58] 📥 RECEIVED FEEDBACK | Customer: CUST_003688 | Bought: False
[2025-12-02 02:37:58] Buffer size: 1/5
[2025-12-02 02:37:58] 📥 RECEIVED FEEDBACK | Customer: CUST_002362 | Bought: True
[2025-12-02 02:37:58] Buffer size: 2/5
[2025-12-02 02:37:58] 📥 RECEIVED FEEDBACK | Customer: CUST_010398 | Bought: False
[2025-12-02 02:37:58] Buffer size: 3/5
[2025-12-02 02:37:58] 📥 RECEIVED FEEDBACK | Customer: CUST_004513 | Bought: False
[2025-12-02 02:37:58] Buffer size: 4/5
[2025-12-02 02:37:58] 📥 RECEIVED FEEDBACK | Customer: CUST_005789 | Bought: False
[2025-12-02 02:37:58] Buffer size: 5/5
[2025-12-02 02:37:58] 
============================================================
[2025-12-02 02:37:58] 🔄 Processing batch of 5 feedback points
[2025-12-02 02:37:58] ============================================================
[2025-12-02 02:37:58] ✗ NEGATIVE | Customer: CUST_003688 | Cluster: 3 | Score: -2.02 | Update #1037
[2025-12-02 02:37:58] ✓ POSITIVE | Customer: CUST_002362 | Cluster: 5 | Score: 1.72 | Update #1038
[2025-12-02 02:37:58] ✗ NEGATIVE | Customer: CUST_010398 | Cluster: 4 | Score: 1.74 | Update #1039
[2025-12-02 02:37:59] ✗ NEGATIVE | Customer: CUST_004513 | Cluster: 7 | Score: 3.03 | Update #1040
[2025-12-02 02:37:59] ✗ NEGATIVE | Customer: CUST_005789 | Cluster: 5 | Score: -9.90 | Update #1041
[2025-12-02 02:37:59] 
💾 Saving model after 1041 updates...
[2025-12-02 02:37:59] ✓ Model saved to /home/crazy_warlord/TargettedCalling/Persistence/model_car.json
[2025-12-02 02:37:59] ✓ Current state: Components=8, Positive=316, Negative=725

[2025-12-02 02:37:59] ✓ Batch complete: 5 updates, 0 errors
[2025-12-02 02:37:59] 📥 RECEIVED FEEDBACK | Customer: CUST_003968 | Bought: False
[2025-12-02 02:37:59] Buffer size: 1/5
[2025-12-02 02:37:59] 📥 RECEIVED FEEDBACK | Customer: CUST_003793 | Bought: False
[2025-12-02 02:37:59] Buffer size: 2/5
[2025-12-02 02:37:59] 📥 RECEIVED FEEDBACK | Customer: CUST_010148 | Bought: True
[2025-12-02 02:37:59] Buffer size: 3/5
[2025-12-02 02:37:59] 📥 RECEIVED FEEDBACK | Customer: CUST_010503 | Bought: False
[2025-12-02 02:37:59] Buffer size: 4/5
[2025-12-02 02:37:59] 📥 RECEIVED FEEDBACK | Customer: CUST_010707 | Bought: False
[2025-12-02 02:37:59] Buffer size: 5/5
[2025-12-02 02:37:59] 
============================================================
[2025-12-02 02:37:59] 🔄 Processing batch of 5 feedback points
[2025-12-02 02:37:59] ============================================================
[2025-12-02 02:37:59] ✗ NEGATIVE | Customer: CUST_003968 | Cluster: 5 | Score: 3.48 | Update #1042
[2025-12-02 02:37:59] ✗ NEGATIVE | Customer: CUST_003793 | Cluster: 3 | Score: 2.83 | Update #1043
[2025-12-02 02:37:59] ✓ POSITIVE | Customer: CUST_010148 | Cluster: 5 | Score: -8.83 | Update #1044
[2025-12-02 02:37:59] ✗ NEGATIVE | Customer: CUST_010503 | Cluster: 2 | Score: -10.48 | Update #1045
[2025-12-02 02:37:59] ✗ NEGATIVE | Customer: CUST_010707 | Cluster: 2 | Score: 1.41 | Update #1046
[2025-12-02 02:37:59] 
💾 Saving model after 1046 updates...
[2025-12-02 02:37:59] ✓ Model saved to /home/crazy_warlord/TargettedCalling/Persistence/model_car.json
[2025-12-02 02:37:59] ✓ Current state: Components=8, Positive=317, Negative=729

[2025-12-02 02:37:59] ✓ Batch complete: 5 updates, 0 errors
[2025-12-02 02:37:59] 📥 RECEIVED FEEDBACK | Customer: CUST_003700 | Bought: False
[2025-12-02 02:37:59] Buffer size: 1/5
[2025-12-02 02:37:59] 📥 RECEIVED FEEDBACK | Customer: CUST_000729 | Bought: False
[2025-12-02 02:37:59] Buffer size: 2/5
[2025-12-02 02:37:59] 📥 RECEIVED FEEDBACK | Customer: CUST_011556 | Bought: True
[2025-12-02 02:37:59] Buffer size: 3/5
[2025-12-02 02:37:59] 📥 RECEIVED FEEDBACK | Customer: CUST_010680 | Bought: False
[2025-12-02 02:37:59] Buffer size: 4/5
[2025-12-02 02:37:59] 📥 RECEIVED FEEDBACK | Customer: CUST_000888 | Bought: True
[2025-12-02 02:37:59] Buffer size: 5/5
[2025-12-02 02:37:59] 
============================================================
[2025-12-02 02:37:59] 🔄 Processing batch of 5 feedback points
[2025-12-02 02:37:59] ============================================================
[2025-12-02 02:37:59] ✗ NEGATIVE | Customer: CUST_003700 | Cluster: 4 | Score: 0.68 | Update #1047
[2025-12-02 02:37:59] ✗ NEGATIVE | Customer: CUST_000729 | Cluster: 5 | Score: 3.14 | Update #1048
[2025-12-02 02:37:59] ✓ POSITIVE | Customer: CUST_011556 | Cluster: 4 | Score: 0.07 | Update #1049
[2025-12-02 02:37:59] ✗ NEGATIVE | Customer: CUST_010680 | Cluster: 6 | Score: 7.06 | Update #1050
[2025-12-02 02:37:59] ✓ POSITIVE | Customer: CUST_000888 | Cluster: 3 | Score: -13.86 | Update #1051
[2025-12-02 02:37:59] 
💾 Saving model after 1051 updates...
[2025-12-02 02:37:59] ✓ Model saved to /home/crazy_warlord/TargettedCalling/Persistence/model_car.json
[2025-12-02 02:37:59] ✓ Current state: Components=8, Positive=319, Negative=732

[2025-12-02 02:37:59] ✓ Batch complete: 5 updates, 0 errors
[2025-12-02 02:37:59] 📥 RECEIVED FEEDBACK | Customer: CUST_003969 | Bought: False
[2025-12-02 02:37:59] Buffer size: 1/5
[2025-12-02 02:37:59] 📥 RECEIVED FEEDBACK | Customer: CUST_004350 | Bought: False
[2025-12-02 02:37:59] Buffer size: 2/5
[2025-12-02 02:37:59] 📥 RECEIVED FEEDBACK | Customer: CUST_010121 | Bought: False
[2025-12-02 02:37:59] Buffer size: 3/5
[2025-12-02 02:37:59] 📥 RECEIVED FEEDBACK | Customer: CUST_010707 | Bought: True
[2025-12-02 02:37:59] Buffer size: 4/5
[2025-12-02 02:37:59] 📥 RECEIVED FEEDBACK | Customer: CUST_003688 | Bought: False
[2025-12-02 02:37:59] Buffer size: 5/5
[2025-12-02 02:37:59] 
============================================================
[2025-12-02 02:37:59] 🔄 Processing batch of 5 feedback points
[2025-12-02 02:37:59] ============================================================
[2025-12-02 02:37:59] ✗ NEGATIVE | Customer: CUST_003969 | Cluster: 5 | Score: 3.73 | Update #1052
[2025-12-02 02:37:59] ✗ NEGATIVE | Customer: CUST_004350 | Cluster: 7 | Score: 3.56 | Update #1053
[2025-12-02 02:38:00] ✗ NEGATIVE | Customer: CUST_010121 | Cluster: 7 | Score: -0.35 | Update #1054
[2025-12-02 02:38:00] ✓ POSITIVE | Customer: CUST_010707 | Cluster: 2 | Score: 1.41 | Update #1055
[2025-12-02 02:38:00] ✗ NEGATIVE | Customer: CUST_003688 | Cluster: 3 | Score: -2.02 | Update #1056
[2025-12-02 02:38:00] 
💾 Saving model after 1056 updates...
[2025-12-02 02:38:00] ✓ Model saved to /home/crazy_warlord/TargettedCalling/Persistence/model_car.json
[2025-12-02 02:38:00] ✓ Current state: Components=8, Positive=320, Negative=736

[2025-12-02 02:38:00] ✓ Batch complete: 5 updates, 0 errors
[2025-12-02 02:38:00] 📥 RECEIVED FEEDBACK | Customer: CUST_003508 | Bought: False
[2025-12-02 02:38:00] Buffer size: 1/5
[2025-12-02 02:38:00] 📥 RECEIVED FEEDBACK | Customer: CUST_010554 | Bought: False
[2025-12-02 02:38:00] Buffer size: 2/5
[2025-12-02 02:38:00] 📥 RECEIVED FEEDBACK | Customer: CUST_003585 | Bought: False
[2025-12-02 02:38:00] Buffer size: 3/5
[2025-12-02 02:38:00] 📥 RECEIVED FEEDBACK | Customer: CUST_000155 | Bought: False
[2025-12-02 02:38:00] Buffer size: 4/5
[2025-12-02 02:38:00] 📥 RECEIVED FEEDBACK | Customer: CUST_004495 | Bought: True
[2025-12-02 02:38:00] Buffer size: 5/5
[2025-12-02 02:38:00] 
============================================================
[2025-12-02 02:38:00] 🔄 Processing batch of 5 feedback points
[2025-12-02 02:38:00] ============================================================
[2025-12-02 02:38:00] ✗ NEGATIVE | Customer: CUST_003508 | Cluster: 5 | Score: -1.32 | Update #1057
[2025-12-02 02:38:00] ✗ NEGATIVE | Customer: CUST_010554 | Cluster: 0 | Score: 3.85 | Update #1058
[2025-12-02 02:38:00] ✗ NEGATIVE | Customer: CUST_003585 | Cluster: 0 | Score: 2.68 | Update #1059
[2025-12-02 02:38:00] ✗ NEGATIVE | Customer: CUST_000155 | Cluster: 4 | Score: -0.06 | Update #1060
[2025-12-02 02:38:00] ✓ POSITIVE | Customer: CUST_004495 | Cluster: 5 | Score: 1.29 | Update #1061
[2025-12-02 02:38:00] 
💾 Saving model after 1061 updates...
[2025-12-02 02:38:00] ✓ Model saved to /home/crazy_warlord/TargettedCalling/Persistence/model_car.json
[2025-12-02 02:38:00] ✓ Current state: Components=8, Positive=321, Negative=740

[2025-12-02 02:38:00] ✓ Batch complete: 5 updates, 0 errors
[2025-12-02 02:38:00] 📥 RECEIVED FEEDBACK | Customer: CUST_003700 | Bought: True
[2025-12-02 02:38:00] Buffer size: 1/5
[2025-12-02 02:38:00] 📥 RECEIVED FEEDBACK | Customer: CUST_004189 | Bought: True
[2025-12-02 02:38:00] Buffer size: 2/5
[2025-12-02 02:38:00] 📥 RECEIVED FEEDBACK | Customer: CUST_004299 | Bought: True
[2025-12-02 02:38:00] Buffer size: 3/5
[2025-12-02 02:38:00] 📥 RECEIVED FEEDBACK | Customer: CUST_010753 | Bought: False
[2025-12-02 02:38:00] Buffer size: 4/5
[2025-12-02 02:38:00] 📥 RECEIVED FEEDBACK | Customer: CUST_010248 | Bought: False
[2025-12-02 02:38:00] Buffer size: 5/5
[2025-12-02 02:38:00] 
============================================================
[2025-12-02 02:38:00] 🔄 Processing batch of 5 feedback points
[2025-12-02 02:38:00] ============================================================
[2025-12-02 02:38:00] ✓ POSITIVE | Customer: CUST_003700 | Cluster: 4 | Score: 0.44 | Update #1062
[2025-12-02 02:38:00] ✓ POSITIVE | Customer: CUST_004189 | Cluster: 5 | Score: 3.47 | Update #1063
[2025-12-02 02:38:00] ✓ POSITIVE | Customer: CUST_004299 | Cluster: 2 | Score: -2.27 | Update #1064
[2025-12-02 02:38:00] ✗ NEGATIVE | Customer: CUST_010753 | Cluster: 5 | Score: 0.54 | Update #1065
[2025-12-02 02:38:00] ✗ NEGATIVE | Customer: CUST_010248 | Cluster: 0 | Score: 0.33 | Update #1066
[2025-12-02 02:38:00] 
💾 Saving model after 1066 updates...
[2025-12-02 02:38:00] ✓ Model saved to /home/crazy_warlord/TargettedCalling/Persistence/model_car.json
[2025-12-02 02:38:00] ✓ Current state: Components=8, Positive=324, Negative=742

[2025-12-02 02:38:00] ✓ Batch complete: 5 updates, 0 errors
[2025-12-02 02:38:00] 📥 RECEIVED FEEDBACK | Customer: CUST_003688 | Bought: False
[2025-12-02 02:38:00] Buffer size: 1/5
[2025-12-02 02:38:00] 📥 RECEIVED FEEDBACK | Customer: CUST_004469 | Bought: True
[2025-12-02 02:38:00] Buffer size: 2/5
[2025-12-02 02:38:00] 📥 RECEIVED FEEDBACK | Customer: CUST_010554 | Bought: False
[2025-12-02 02:38:00] Buffer size: 3/5
[2025-12-02 02:38:00] 📥 RECEIVED FEEDBACK | Customer: CUST_010309 | Bought: False
[2025-12-02 02:38:00] Buffer size: 4/5
[2025-12-02 02:38:00] 📥 RECEIVED FEEDBACK | Customer: CUST_003588 | Bought: False
[2025-12-02 02:38:00] Buffer size: 5/5
[2025-12-02 02:38:00] 
============================================================
[2025-12-02 02:38:00] 🔄 Processing batch of 5 feedback points
[2025-12-02 02:38:00] ============================================================
[2025-12-02 02:38:00] ✗ NEGATIVE | Customer: CUST_003688 | Cluster: 3 | Score: -2.02 | Update #1067
[2025-12-02 02:38:01] ✓ POSITIVE | Customer: CUST_004469 | Cluster: 0 | Score: 4.85 | Update #1068
[2025-12-02 02:38:01] ✗ NEGATIVE | Customer: CUST_010554 | Cluster: 0 | Score: 4.02 | Update #1069
[2025-12-02 02:38:01] ✗ NEGATIVE | Customer: CUST_010309 | Cluster: 5 | Score: -3.72 | Update #1070
[2025-12-02 02:38:01] ✗ NEGATIVE | Customer: CUST_003588 | Cluster: 7 | Score: 0.32 | Update #1071
[2025-12-02 02:38:01] 
💾 Saving model after 1071 updates...
[2025-12-02 02:38:01] ✓ Model saved to /home/crazy_warlord/TargettedCalling/Persistence/model_car.json
[2025-12-02 02:38:01] ✓ Current state: Components=8, Positive=325, Negative=746

[2025-12-02 02:38:01] ✓ Batch complete: 5 updates, 0 errors
[2025-12-02 02:38:01] 📥 RECEIVED FEEDBACK | Customer: CUST_010248 | Bought: True
[2025-12-02 02:38:01] Buffer size: 1/5
[2025-12-02 02:38:01] 📥 RECEIVED FEEDBACK | Customer: CUST_002362 | Bought: True
[2025-12-02 02:38:01] Buffer size: 2/5
[2025-12-02 02:38:01] 📥 RECEIVED FEEDBACK | Customer: CUST_010192 | Bought: False
[2025-12-02 02:38:01] Buffer size: 3/5
[2025-12-02 02:38:01] 📥 RECEIVED FEEDBACK | Customer: CUST_010525 | Bought: True
[2025-12-02 02:38:01] Buffer size: 4/5
[2025-12-02 02:38:01] 📥 RECEIVED FEEDBACK | Customer: CUST_003688 | Bought: False
[2025-12-02 02:38:01] Buffer size: 5/5
[2025-12-02 02:38:01] 
============================================================
[2025-12-02 02:38:01] 🔄 Processing batch of 5 feedback points
[2025-12-02 02:38:01] ============================================================
[2025-12-02 02:38:01] ✓ POSITIVE | Customer: CUST_010248 | Cluster: 0 | Score: -0.02 | Update #1072
[2025-12-02 02:38:01] ✓ POSITIVE | Customer: CUST_002362 | Cluster: 5 | Score: 2.48 | Update #1073
[2025-12-02 02:38:01] ✗ NEGATIVE | Customer: CUST_010192 | Cluster: 1 | Score: -0.79 | Update #1074
[2025-12-02 02:38:01] ✓ POSITIVE | Customer: CUST_010525 | Cluster: 3 | Score: -15.02 | Update #1075
[2025-12-02 02:38:01] ✗ NEGATIVE | Customer: CUST_003688 | Cluster: 3 | Score: -2.02 | Update #1076
[2025-12-02 02:38:01] 
💾 Saving model after 1076 updates...
[2025-12-02 02:38:01] ✓ Model saved to /home/crazy_warlord/TargettedCalling/Persistence/model_car.json
[2025-12-02 02:38:01] ✓ Current state: Components=8, Positive=328, Negative=748

[2025-12-02 02:38:01] ✓ Batch complete: 5 updates, 0 errors
[2025-12-02 02:38:01] 📥 RECEIVED FEEDBACK | Customer: CUST_003642 | Bought: False
[2025-12-02 02:38:01] Buffer size: 1/5
[2025-12-02 02:38:01] 📥 RECEIVED FEEDBACK | Customer: CUST_003512 | Bought: True
[2025-12-02 02:38:01] Buffer size: 2/5
[2025-12-02 02:38:01] 📥 RECEIVED FEEDBACK | Customer: CUST_010353 | Bought: False
[2025-12-02 02:38:01] Buffer size: 3/5
[2025-12-02 02:38:01] 📥 RECEIVED FEEDBACK | Customer: CUST_004905 | Bought: True
[2025-12-02 02:38:01] Buffer size: 4/5
[2025-12-02 02:38:01] 📥 RECEIVED FEEDBACK | Customer: CUST_010987 | Bought: False
[2025-12-02 02:38:01] Buffer size: 5/5
[2025-12-02 02:38:01] 
============================================================
[2025-12-02 02:38:01] 🔄 Processing batch of 5 feedback points
[2025-12-02 02:38:01] ============================================================
[2025-12-02 02:38:01] ✗ NEGATIVE | Customer: CUST_003642 | Cluster: 6 | Score: 4.00 | Update #1077
[2025-12-02 02:38:01] ✓ POSITIVE | Customer: CUST_003512 | Cluster: 5 | Score: -4.38 | Update #1078
[2025-12-02 02:38:01] ✗ NEGATIVE | Customer: CUST_010353 | Cluster: 5 | Score: -0.41 | Update #1079
[2025-12-02 02:38:01] ✓ POSITIVE | Customer: CUST_004905 | Cluster: 3 | Score: -9.58 | Update #1080
[2025-12-02 02:38:01] ✗ NEGATIVE | Customer: CUST_010987 | Cluster: 5 | Score: 3.70 | Update #1081
[2025-12-02 02:38:01] 
💾 Saving model after 1081 updates...
[2025-12-02 02:38:01] ✓ Model saved to /home/crazy_warlord/TargettedCalling/Persistence/model_car.json
[2025-12-02 02:38:01] ✓ Current state: Components=8, Positive=330, Negative=751

[2025-12-02 02:38:01] ✓ Batch complete: 5 updates, 0 errors
[2025-12-02 02:38:01] 📥 RECEIVED FEEDBACK | Customer: CUST_003290 | Bought: False
[2025-12-02 02:38:01] Buffer size: 1/5
[2025-12-02 02:38:01] 📥 RECEIVED FEEDBACK | Customer: CUST_000668 | Bought: False
[2025-12-02 02:38:01] Buffer size: 2/5
[2025-12-02 02:38:01] 📥 RECEIVED FEEDBACK | Customer: CUST_004932 | Bought: True
[2025-12-02 02:38:01] Buffer size: 3/5
[2025-12-02 02:38:01] 📥 RECEIVED FEEDBACK | Customer: CUST_010974 | Bought: False
[2025-12-02 02:38:01] Buffer size: 4/5
[2025-12-02 02:38:01] 📥 RECEIVED FEEDBACK | Customer: CUST_003263 | Bought: False
[2025-12-02 02:38:01] Buffer size: 5/5
[2025-12-02 02:38:01] 
============================================================
[2025-12-02 02:38:01] 🔄 Processing batch of 5 feedback points
[2025-12-02 02:38:01] ============================================================
[2025-12-02 02:38:01] ✗ NEGATIVE | Customer: CUST_003290 | Cluster: 5 | Score: 3.02 | Update #1082
[2025-12-02 02:38:01] ✗ NEGATIVE | Customer: CUST_000668 | Cluster: 4 | Score: 3.52 | Update #1083
[2025-12-02 02:38:02] ✓ POSITIVE | Customer: CUST_004932 | Cluster: 0 | Score: 6.55 | Update #1084
[2025-12-02 02:38:02] ✗ NEGATIVE | Customer: CUST_010974 | Cluster: 6 | Score: -1.02 | Update #1085
[2025-12-02 02:38:02] ✗ NEGATIVE | Customer: CUST_003263 | Cluster: 4 | Score: 3.39 | Update #1086
[2025-12-02 02:38:02] 
💾 Saving model after 1086 updates...
[2025-12-02 02:38:02] ✓ Model saved to /home/crazy_warlord/TargettedCalling/Persistence/model_car.json
[2025-12-02 02:38:02] ✓ Current state: Components=8, Positive=331, Negative=755

[2025-12-02 02:38:02] ✓ Batch complete: 5 updates, 0 errors
[2025-12-02 02:38:02] 📥 RECEIVED FEEDBACK | Customer: CUST_000214 | Bought: False
[2025-12-02 02:38:02] Buffer size: 1/5
[2025-12-02 02:38:02] 📥 RECEIVED FEEDBACK | Customer: CUST_003199 | Bought: False
[2025-12-02 02:38:02] Buffer size: 2/5
[2025-12-02 02:38:02] 📥 RECEIVED FEEDBACK | Customer: CUST_000668 | Bought: True
[2025-12-02 02:38:02] Buffer size: 3/5
[2025-12-02 02:38:02] 📥 RECEIVED FEEDBACK | Customer: CUST_004942 | Bought: False
[2025-12-02 02:38:02] Buffer size: 4/5
[2025-12-02 02:38:02] 📥 RECEIVED FEEDBACK | Customer: CUST_000214 | Bought: True
[2025-12-02 02:38:02] Buffer size: 5/5
[2025-12-02 02:38:02] 
============================================================
[2025-12-02 02:38:02] 🔄 Processing batch of 5 feedback points
[2025-12-02 02:38:02] ============================================================
[2025-12-02 02:38:02] ✗ NEGATIVE | Customer: CUST_000214 | Cluster: 4 | Score: 2.15 | Update #1087
[2025-12-02 02:38:02] ✗ NEGATIVE | Customer: CUST_003199 | Cluster: 3 | Score: -1.12 | Update #1088
[2025-12-02 02:38:02] ✓ POSITIVE | Customer: CUST_000668 | Cluster: 4 | Score: 3.52 | Update #1089
[2025-12-02 02:38:02] ✗ NEGATIVE | Customer: CUST_004942 | Cluster: 3 | Score: -0.27 | Update #1090
[2025-12-02 02:38:02] ✓ POSITIVE | Customer: CUST_000214 | Cluster: 4 | Score: 2.01 | Update #1091
[2025-12-02 02:38:02] 
💾 Saving model after 1091 updates...
[2025-12-02 02:38:02] ✓ Model saved to /home/crazy_warlord/TargettedCalling/Persistence/model_car.json
[2025-12-02 02:38:02] ✓ Current state: Components=8, Positive=333, Negative=758

[2025-12-02 02:38:02] ✓ Batch complete: 5 updates, 0 errors
[2025-12-02 02:38:02] 📥 RECEIVED FEEDBACK | Customer: CUST_009679 | Bought: True
[2025-12-02 02:38:02] Buffer size: 1/5
[2025-12-02 02:38:02] 📥 RECEIVED FEEDBACK | Customer: CUST_004898 | Bought: False
[2025-12-02 02:38:02] Buffer size: 2/5
[2025-12-02 02:38:02] 📥 RECEIVED FEEDBACK | Customer: CUST_004912 | Bought: True
[2025-12-02 02:38:02] Buffer size: 3/5
[2025-12-02 02:38:02] 📥 RECEIVED FEEDBACK | Customer: CUST_011112 | Bought: False
[2025-12-02 02:38:02] Buffer size: 4/5
[2025-12-02 02:38:02] 📥 RECEIVED FEEDBACK | Customer: CUST_009828 | Bought: False
[2025-12-02 02:38:02] Buffer size: 5/5
[2025-12-02 02:38:02] 
============================================================
[2025-12-02 02:38:02] 🔄 Processing batch of 5 feedback points
[2025-12-02 02:38:02] ============================================================
[2025-12-02 02:38:02] ✓ POSITIVE | Customer: CUST_009679 | Cluster: 5 | Score: -2.48 | Update #1092
[2025-12-02 02:38:02] ✗ NEGATIVE | Customer: CUST_004898 | Cluster: 2 | Score: -1.56 | Update #1093
[2025-12-02 02:38:02] ✓ POSITIVE | Customer: CUST_004912 | Cluster: 5 | Score: -11.10 | Update #1094
[2025-12-02 02:38:02] ✗ NEGATIVE | Customer: CUST_011112 | Cluster: 5 | Score: -2.91 | Update #1095
[2025-12-02 02:38:02] ✗ NEGATIVE | Customer: CUST_009828 | Cluster: 5 | Score: 3.19 | Update #1096
[2025-12-02 02:38:02] 
💾 Saving model after 1096 updates...
[2025-12-02 02:38:02] ✓ Model saved to /home/crazy_warlord/TargettedCalling/Persistence/model_car.json
[2025-12-02 02:38:02] ✓ Current state: Components=8, Positive=335, Negative=761

[2025-12-02 02:38:02] ✓ Batch complete: 5 updates, 0 errors
[2025-12-02 02:38:02] 📥 RECEIVED FEEDBACK | Customer: CUST_003199 | Bought: False
[2025-12-02 02:38:02] Buffer size: 1/5
[2025-12-02 02:38:02] 📥 RECEIVED FEEDBACK | Customer: CUST_000214 | Bought: False
[2025-12-02 02:38:02] Buffer size: 2/5
[2025-12-02 02:38:02] 📥 RECEIVED FEEDBACK | Customer: CUST_000668 | Bought: False
[2025-12-02 02:38:02] Buffer size: 3/5
[2025-12-02 02:38:02] 📥 RECEIVED FEEDBACK | Customer: CUST_000142 | Bought: False
[2025-12-02 02:38:02] Buffer size: 4/5
[2025-12-02 02:38:02] 📥 RECEIVED FEEDBACK | Customer: CUST_009828 | Bought: False
[2025-12-02 02:38:02] Buffer size: 5/5
[2025-12-02 02:38:02] 
============================================================
[2025-12-02 02:38:02] 🔄 Processing batch of 5 feedback points
[2025-12-02 02:38:02] ============================================================
[2025-12-02 02:38:02] ✗ NEGATIVE | Customer: CUST_003199 | Cluster: 3 | Score: -1.12 | Update #1097
[2025-12-02 02:38:02] ✗ NEGATIVE | Customer: CUST_000214 | Cluster: 4 | Score: 2.97 | Update #1098
[2025-12-02 02:38:03] ✗ NEGATIVE | Customer: CUST_000668 | Cluster: 4 | Score: 3.84 | Update #1099
[2025-12-02 02:38:03] ✗ NEGATIVE | Customer: CUST_000142 | Cluster: 4 | Score: 0.30 | Update #1100
[2025-12-02 02:38:03] ✗ NEGATIVE | Customer: CUST_009828 | Cluster: 5 | Score: 3.19 | Update #1101
[2025-12-02 02:38:03] 
💾 Saving model after 1101 updates...
[2025-12-02 02:38:03] ✓ Model saved to /home/crazy_warlord/TargettedCalling/Persistence/model_car.json
[2025-12-02 02:38:03] ✓ Current state: Components=8, Positive=335, Negative=766

[2025-12-02 02:38:03] ✓ Batch complete: 5 updates, 0 errors
[2025-12-02 02:38:03] 📥 RECEIVED FEEDBACK | Customer: CUST_004972 | Bought: False
[2025-12-02 02:38:03] Buffer size: 1/5
[2025-12-02 02:38:03] 📥 RECEIVED FEEDBACK | Customer: CUST_005056 | Bought: False
[2025-12-02 02:38:03] Buffer size: 2/5
[2025-12-02 02:38:03] 📥 RECEIVED FEEDBACK | Customer: CUST_003215 | Bought: False
[2025-12-02 02:38:03] Buffer size: 3/5
[2025-12-02 02:38:03] 📥 RECEIVED FEEDBACK | Customer: CUST_003263 | Bought: False
[2025-12-02 02:38:03] Buffer size: 4/5
[2025-12-02 02:38:03] 📥 RECEIVED FEEDBACK | Customer: CUST_011105 | Bought: False
[2025-12-02 02:38:03] Buffer size: 5/5
[2025-12-02 02:38:03] 
============================================================
[2025-12-02 02:38:03] 🔄 Processing batch of 5 feedback points
[2025-12-02 02:38:03] ============================================================
[2025-12-02 02:38:03] ✗ NEGATIVE | Customer: CUST_004972 | Cluster: 5 | Score: -1.17 | Update #1102
[2025-12-02 02:38:03] ✗ NEGATIVE | Customer: CUST_005056 | Cluster: 3 | Score: -0.06 | Update #1103
[2025-12-02 02:38:03] ✗ NEGATIVE | Customer: CUST_003215 | Cluster: 4 | Score: 2.49 | Update #1104
[2025-12-02 02:38:03] ✗ NEGATIVE | Customer: CUST_003263 | Cluster: 4 | Score: 3.57 | Update #1105
[2025-12-02 02:38:03] ✗ NEGATIVE | Customer: CUST_011105 | Cluster: 5 | Score: -4.57 | Update #1106
[2025-12-02 02:38:03] 
💾 Saving model after 1106 updates...
[2025-12-02 02:38:03] ✓ Model saved to /home/crazy_warlord/TargettedCalling/Persistence/model_car.json
[2025-12-02 02:38:03] ✓ Current state: Components=8, Positive=335, Negative=771

[2025-12-02 02:38:03] ✓ Batch complete: 5 updates, 0 errors
[2025-12-02 02:38:03] 📥 RECEIVED FEEDBACK | Customer: CUST_003199 | Bought: True
[2025-12-02 02:38:03] Buffer size: 1/5
[2025-12-02 02:38:03] 📥 RECEIVED FEEDBACK | Customer: CUST_009828 | Bought: False
[2025-12-02 02:38:03] Buffer size: 2/5
[2025-12-02 02:38:03] 📥 RECEIVED FEEDBACK | Customer: CUST_009757 | Bought: False
[2025-12-02 02:38:03] Buffer size: 3/5
[2025-12-02 02:38:03] 📥 RECEIVED FEEDBACK | Customer: CUST_000141 | Bought: False
[2025-12-02 02:38:03] Buffer size: 4/5
[2025-12-02 02:38:03] 📥 RECEIVED FEEDBACK | Customer: CUST_003263 | Bought: False
[2025-12-02 02:38:03] Buffer size: 5/5
[2025-12-02 02:38:03] 
============================================================
[2025-12-02 02:38:03] 🔄 Processing batch of 5 feedback points
[2025-12-02 02:38:03] ============================================================
[2025-12-02 02:38:03] ✓ POSITIVE | Customer: CUST_003199 | Cluster: 3 | Score: -1.12 | Update #1107
[2025-12-02 02:38:03] ✗ NEGATIVE | Customer: CUST_009828 | Cluster: 5 | Score: 3.19 | Update #1108
[2025-12-02 02:38:03] ✗ NEGATIVE | Customer: CUST_009757 | Cluster: 1 | Score: 0.30 | Update #1109
[2025-12-02 02:38:03] ✗ NEGATIVE | Customer: CUST_000141 | Cluster: 7 | Score: -1.07 | Update #1110
[2025-12-02 02:38:03] ✗ NEGATIVE | Customer: CUST_003263 | Cluster: 4 | Score: 3.57 | Update #1111
[2025-12-02 02:38:03] 
💾 Saving model after 1111 updates...
[2025-12-02 02:38:03] ✓ Model saved to /home/crazy_warlord/TargettedCalling/Persistence/model_car.json
[2025-12-02 02:38:03] ✓ Current state: Components=8, Positive=336, Negative=775

[2025-12-02 02:38:03] ✓ Batch complete: 5 updates, 0 errors
[2025-12-02 02:38:03] 📥 RECEIVED FEEDBACK | Customer: CUST_011024 | Bought: False
[2025-12-02 02:38:03] Buffer size: 1/5
[2025-12-02 02:38:03] 📥 RECEIVED FEEDBACK | Customer: CUST_005055 | Bought: False
[2025-12-02 02:38:03] Buffer size: 2/5
[2025-12-02 02:38:03] 📥 RECEIVED FEEDBACK | Customer: CUST_011017 | Bought: False
[2025-12-02 02:38:03] Buffer size: 3/5
[2025-12-02 02:38:03] 📥 RECEIVED FEEDBACK | Customer: CUST_003303 | Bought: False
[2025-12-02 02:38:03] Buffer size: 4/5
[2025-12-02 02:38:03] 📥 RECEIVED FEEDBACK | Customer: CUST_005056 | Bought: False
[2025-12-02 02:38:03] Buffer size: 5/5
[2025-12-02 02:38:03] 
============================================================
[2025-12-02 02:38:03] 🔄 Processing batch of 5 feedback points
[2025-12-02 02:38:03] ============================================================
[2025-12-02 02:38:03] ✗ NEGATIVE | Customer: CUST_011024 | Cluster: 1 | Score: -0.40 | Update #1112
[2025-12-02 02:38:04] ✗ NEGATIVE | Customer: CUST_005055 | Cluster: 1 | Score: 2.80 | Update #1113
[2025-12-02 02:38:04] ✗ NEGATIVE | Customer: CUST_011017 | Cluster: 4 | Score: 0.81 | Update #1114
[2025-12-02 02:38:04] ✗ NEGATIVE | Customer: CUST_003303 | Cluster: 2 | Score: 0.13 | Update #1115
[2025-12-02 02:38:04] ✗ NEGATIVE | Customer: CUST_005056 | Cluster: 3 | Score: -0.21 | Update #1116
[2025-12-02 02:38:04] 
💾 Saving model after 1116 updates...
[2025-12-02 02:38:04] ✓ Model saved to /home/crazy_warlord/TargettedCalling/Persistence/model_car.json
[2025-12-02 02:38:04] ✓ Current state: Components=8, Positive=336, Negative=780

[2025-12-02 02:38:04] ✓ Batch complete: 5 updates, 0 errors
[2025-12-02 02:38:04] 📥 RECEIVED FEEDBACK | Customer: CUST_009686 | Bought: False
[2025-12-02 02:38:04] Buffer size: 1/5
[2025-12-02 02:38:04] 📥 RECEIVED FEEDBACK | Customer: CUST_005056 | Bought: False
[2025-12-02 02:38:04] Buffer size: 2/5
[2025-12-02 02:38:04] 📥 RECEIVED FEEDBACK | Customer: CUST_009652 | Bought: True
[2025-12-02 02:38:04] Buffer size: 3/5
[2025-12-02 02:38:04] 📥 RECEIVED FEEDBACK | Customer: CUST_005079 | Bought: True
[2025-12-02 02:38:04] Buffer size: 4/5
[2025-12-02 02:38:04] 📥 RECEIVED FEEDBACK | Customer: CUST_004993 | Bought: False
[2025-12-02 02:38:04] Buffer size: 5/5
[2025-12-02 02:38:04] 
============================================================
[2025-12-02 02:38:04] 🔄 Processing batch of 5 feedback points
[2025-12-02 02:38:04] ============================================================
[2025-12-02 02:38:04] ✗ NEGATIVE | Customer: CUST_009686 | Cluster: 4 | Score: -11.29 | Update #1117
[2025-12-02 02:38:04] ✗ NEGATIVE | Customer: CUST_005056 | Cluster: 3 | Score: -0.21 | Update #1118
[2025-12-02 02:38:04] ✓ POSITIVE | Customer: CUST_009652 | Cluster: 7 | Score: 1.21 | Update #1119
[2025-12-02 02:38:04] ✓ POSITIVE | Customer: CUST_005079 | Cluster: 4 | Score: 1.73 | Update #1120
[2025-12-02 02:38:04] ✗ NEGATIVE | Customer: CUST_004993 | Cluster: 5 | Score: 2.30 | Update #1121
[2025-12-02 02:38:04] 
💾 Saving model after 1121 updates...
[2025-12-02 02:38:04] ✓ Model saved to /home/crazy_warlord/TargettedCalling/Persistence/model_car.json
[2025-12-02 02:38:04] ✓ Current state: Components=8, Positive=338, Negative=783

[2025-12-02 02:38:04] ✓ Batch complete: 5 updates, 0 errors
[2025-12-02 02:38:04] 📥 RECEIVED FEEDBACK | Customer: CUST_009656 | Bought: True
[2025-12-02 02:38:04] Buffer size: 1/5
[2025-12-02 02:38:04] 📥 RECEIVED FEEDBACK | Customer: CUST_011142 | Bought: False
[2025-12-02 02:38:04] Buffer size: 2/5
[2025-12-02 02:38:04] 📥 RECEIVED FEEDBACK | Customer: CUST_005068 | Bought: True
[2025-12-02 02:38:04] Buffer size: 3/5
[2025-12-02 02:38:04] 📥 RECEIVED FEEDBACK | Customer: CUST_005069 | Bought: True
[2025-12-02 02:38:04] Buffer size: 4/5
[2025-12-02 02:38:04] 📥 RECEIVED FEEDBACK | Customer: CUST_009652 | Bought: True
[2025-12-02 02:38:04] Buffer size: 5/5
[2025-12-02 02:38:04] 
============================================================
[2025-12-02 02:38:04] 🔄 Processing batch of 5 feedback points
[2025-12-02 02:38:04] ============================================================
[2025-12-02 02:38:04] ✓ POSITIVE | Customer: CUST_009656 | Cluster: 4 | Score: 2.16 | Update #1122
[2025-12-02 02:38:04] ✗ NEGATIVE | Customer: CUST_011142 | Cluster: 4 | Score: 0.29 | Update #1123
[2025-12-02 02:38:04] ✓ POSITIVE | Customer: CUST_005068 | Cluster: 5 | Score: -11.69 | Update #1124
[2025-12-02 02:38:04] ✓ POSITIVE | Customer: CUST_005069 | Cluster: 1 | Score: 1.53 | Update #1125
[2025-12-02 02:38:04] ✓ POSITIVE | Customer: CUST_009652 | Cluster: 7 | Score: 2.23 | Update #1126
[2025-12-02 02:38:04] 
💾 Saving model after 1126 updates...
[2025-12-02 02:38:04] ✓ Model saved to /home/crazy_warlord/TargettedCalling/Persistence/model_car.json
[2025-12-02 02:38:04] ✓ Current state: Components=8, Positive=342, Negative=784

[2025-12-02 02:38:04] ✓ Batch complete: 5 updates, 0 errors
[2025-12-02 02:38:04] 📥 RECEIVED FEEDBACK | Customer: CUST_005057 | Bought: False
[2025-12-02 02:38:04] Buffer size: 1/5
[2025-12-02 02:38:04] 📥 RECEIVED FEEDBACK | Customer: CUST_009652 | Bought: False
[2025-12-02 02:38:04] Buffer size: 2/5
[2025-12-02 02:38:04] 📥 RECEIVED FEEDBACK | Customer: CUST_009652 | Bought: False
[2025-12-02 02:38:04] Buffer size: 3/5
[2025-12-02 02:38:04] 📥 RECEIVED FEEDBACK | Customer: CUST_011131 | Bought: False
[2025-12-02 02:38:04] Buffer size: 4/5
[2025-12-02 02:38:06] 📥 RECEIVED FEEDBACK | Customer: CUST_009693 | Bought: False
[2025-12-02 02:38:06] Buffer size: 5/5
[2025-12-02 02:38:06] 
============================================================
[2025-12-02 02:38:06] 🔄 Processing batch of 5 feedback points
[2025-12-02 02:38:06] ============================================================
[2025-12-02 02:38:06] ✗ NEGATIVE | Customer: CUST_005057 | Cluster: 1 | Score: 0.92 | Update #1127
[2025-12-02 02:38:06] ✗ NEGATIVE | Customer: CUST_009652 | Cluster: 7 | Score: 2.87 | Update #1128
[2025-12-02 02:38:06] ✗ NEGATIVE | Customer: CUST_009652 | Cluster: 7 | Score: 2.87 | Update #1129
[2025-12-02 02:38:06] ✗ NEGATIVE | Customer: CUST_011131 | Cluster: 6 | Score: 0.58 | Update #1130
[2025-12-02 02:38:06] ✗ NEGATIVE | Customer: CUST_009693 | Cluster: 7 | Score: -3.94 | Update #1131
[2025-12-02 02:38:06] 
💾 Saving model after 1131 updates...
[2025-12-02 02:38:06] ✓ Model saved to /home/crazy_warlord/TargettedCalling/Persistence/model_car.json
[2025-12-02 02:38:06] ✓ Current state: Components=8, Positive=342, Negative=789

[2025-12-02 02:38:06] ✓ Batch complete: 5 updates, 0 errors
[2025-12-02 02:38:06] 📥 RECEIVED FEEDBACK | Customer: CUST_005017 | Bought: False
[2025-12-02 02:38:06] Buffer size: 1/5
[2025-12-02 02:38:06] 📥 RECEIVED FEEDBACK | Customer: CUST_009693 | Bought: False
[2025-12-02 02:38:06] Buffer size: 2/5
[2025-12-02 02:38:06] 📥 RECEIVED FEEDBACK | Customer: CUST_003180 | Bought: True
[2025-12-02 02:38:06] Buffer size: 3/5
[2025-12-02 02:38:06] 📥 RECEIVED FEEDBACK | Customer: CUST_003113 | Bought: False
[2025-12-02 02:38:06] Buffer size: 4/5
[2025-12-02 02:38:06] 📥 RECEIVED FEEDBACK | Customer: CUST_009693 | Bought: True
[2025-12-02 02:38:06] Buffer size: 5/5
[2025-12-02 02:38:06] 
============================================================
[2025-12-02 02:38:06] 🔄 Processing batch of 5 feedback points
[2025-12-02 02:38:06] ============================================================
[2025-12-02 02:38:06] ✗ NEGATIVE | Customer: CUST_005017 | Cluster: 5 | Score: 1.58 | Update #1132
[2025-12-02 02:38:06] ✗ NEGATIVE | Customer: CUST_009693 | Cluster: 7 | Score: -3.94 | Update #1133
[2025-12-02 02:38:06] ✓ POSITIVE | Customer: CUST_003180 | Cluster: 7 | Score: -8.85 | Update #1134
[2025-12-02 02:38:06] ✗ NEGATIVE | Customer: CUST_003113 | Cluster: 5 | Score: 0.49 | Update #1135
[2025-12-02 02:38:06] ✓ POSITIVE | Customer: CUST_009693 | Cluster: 7 | Score: -3.94 | Update #1136
[2025-12-02 02:38:06] 
💾 Saving model after 1136 updates...
[2025-12-02 02:38:06] ✓ Model saved to /home/crazy_warlord/TargettedCalling/Persistence/model_car.json
[2025-12-02 02:38:06] ✓ Current state: Components=8, Positive=344, Negative=792

[2025-12-02 02:38:06] ✓ Batch complete: 5 updates, 0 errors
[2025-12-02 02:38:06] 📥 RECEIVED FEEDBACK | Customer: CUST_003113 | Bought: False
[2025-12-02 02:38:06] Buffer size: 1/5
[2025-12-02 02:38:06] 📥 RECEIVED FEEDBACK | Customer: CUST_003180 | Bought: False
[2025-12-02 02:38:06] Buffer size: 2/5
[2025-12-02 02:38:06] 📥 RECEIVED FEEDBACK | Customer: CUST_003180 | Bought: False
[2025-12-02 02:38:07] Buffer size: 3/5
[2025-12-02 02:38:07] 📥 RECEIVED FEEDBACK | Customer: CUST_003113 | Bought: False
[2025-12-02 02:38:07] Buffer size: 4/5
[2025-12-02 02:38:07] 📥 RECEIVED FEEDBACK | Customer: CUST_004997 | Bought: False
[2025-12-02 02:38:07] Buffer size: 5/5
[2025-12-02 02:38:07] 
============================================================
[2025-12-02 02:38:07] 🔄 Processing batch of 5 feedback points
[2025-12-02 02:38:07] ============================================================
[2025-12-02 02:38:07] ✗ NEGATIVE | Customer: CUST_003113 | Cluster: 5 | Score: 0.49 | Update #1137
[2025-12-02 02:38:07] ✗ NEGATIVE | Customer: CUST_003180 | Cluster: 7 | Score: -8.85 | Update #1138
[2025-12-02 02:38:07] ✗ NEGATIVE | Customer: CUST_003180 | Cluster: 7 | Score: -8.85 | Update #1139
[2025-12-02 02:38:07] ✗ NEGATIVE | Customer: CUST_003113 | Cluster: 5 | Score: 0.49 | Update #1140
[2025-12-02 02:38:07] ✗ NEGATIVE | Customer: CUST_004997 | Cluster: 1 | Score: 2.05 | Update #1141
[2025-12-02 02:38:07] 
💾 Saving model after 1141 updates...
[2025-12-02 02:38:07] ✓ Model saved to /home/crazy_warlord/TargettedCalling/Persistence/model_car.json
[2025-12-02 02:38:07] ✓ Current state: Components=8, Positive=344, Negative=797

[2025-12-02 02:38:07] ✓ Batch complete: 5 updates, 0 errors
[2025-12-02 02:38:07] 📥 RECEIVED FEEDBACK | Customer: CUST_003105 | Bought: False
[2025-12-02 02:38:07] Buffer size: 1/5
[2025-12-02 02:38:07] 📥 RECEIVED FEEDBACK | Customer: CUST_003180 | Bought: False
[2025-12-02 02:38:07] Buffer size: 2/5
[2025-12-02 02:38:07] 📥 RECEIVED FEEDBACK | Customer: CUST_009720 | Bought: False
[2025-12-02 02:38:07] Buffer size: 3/5
[2025-12-02 02:38:07] 📥 RECEIVED FEEDBACK | Customer: CUST_003180 | Bought: True
[2025-12-02 02:38:07] Buffer size: 4/5
[2025-12-02 02:38:07] 📥 RECEIVED FEEDBACK | Customer: CUST_011042 | Bought: True
[2025-12-02 02:38:07] Buffer size: 5/5
[2025-12-02 02:38:07] 
============================================================
[2025-12-02 02:38:07] 🔄 Processing batch of 5 feedback points
[2025-12-02 02:38:07] ============================================================
[2025-12-02 02:38:07] ✗ NEGATIVE | Customer: CUST_003105 | Cluster: 3 | Score: -1.32 | Update #1142
[2025-12-02 02:38:07] ✗ NEGATIVE | Customer: CUST_003180 | Cluster: 7 | Score: -8.85 | Update #1143
[2025-12-02 02:38:07] ✗ NEGATIVE | Customer: CUST_009720 | Cluster: 4 | Score: -9.45 | Update #1144
[2025-12-02 02:38:07] ✓ POSITIVE | Customer: CUST_003180 | Cluster: 7 | Score: -8.85 | Update #1145
[2025-12-02 02:38:07] ✓ POSITIVE | Customer: CUST_011042 | Cluster: 0 | Score: 5.98 | Update #1146
[2025-12-02 02:38:07] 
💾 Saving model after 1146 updates...
[2025-12-02 02:38:07] ✓ Model saved to /home/crazy_warlord/TargettedCalling/Persistence/model_car.json
[2025-12-02 02:38:07] ✓ Current state: Components=8, Positive=346, Negative=800

[2025-12-02 02:38:07] ✓ Batch complete: 5 updates, 0 errors
[2025-12-02 02:38:07] 📥 RECEIVED FEEDBACK | Customer: CUST_005017 | Bought: False
[2025-12-02 02:38:07] Buffer size: 1/5
[2025-12-02 02:38:07] 📥 RECEIVED FEEDBACK | Customer: CUST_005006 | Bought: False
[2025-12-02 02:38:07] Buffer size: 2/5
[2025-12-02 02:38:07] 📥 RECEIVED FEEDBACK | Customer: CUST_005002 | Bought: False
[2025-12-02 02:38:07] Buffer size: 3/5
[2025-12-02 02:38:07] 📥 RECEIVED FEEDBACK | Customer: CUST_005005 | Bought: False
[2025-12-02 02:38:07] Buffer size: 4/5
[2025-12-02 02:38:07] 📥 RECEIVED FEEDBACK | Customer: CUST_000826 | Bought: False
[2025-12-02 02:38:07] Buffer size: 5/5
[2025-12-02 02:38:07] 
============================================================
[2025-12-02 02:38:07] 🔄 Processing batch of 5 feedback points
[2025-12-02 02:38:08] ============================================================
[2025-12-02 02:38:08] ✗ NEGATIVE | Customer: CUST_005017 | Cluster: 5 | Score: 1.58 | Update #1147
[2025-12-02 02:38:08] ✗ NEGATIVE | Customer: CUST_005006 | Cluster: 0 | Score: 4.32 | Update #1148
[2025-12-02 02:38:08] ✗ NEGATIVE | Customer: CUST_005002 | Cluster: 1 | Score: 1.29 | Update #1149
[2025-12-02 02:38:08] ✗ NEGATIVE | Customer: CUST_005005 | Cluster: 4 | Score: 3.40 | Update #1150
[2025-12-02 02:38:08] ✗ NEGATIVE | Customer: CUST_000826 | Cluster: 5 | Score: -10.18 | Update #1151
[2025-12-02 02:38:08] 
💾 Saving model after 1151 updates...
[2025-12-02 02:38:08] ✓ Model saved to /home/crazy_warlord/TargettedCalling/Persistence/model_car.json
[2025-12-02 02:38:08] ✓ Current state: Components=8, Positive=346, Negative=805

[2025-12-02 02:38:08] ✓ Batch complete: 5 updates, 0 errors
[2025-12-02 02:38:08] 📥 RECEIVED FEEDBACK | Customer: CUST_005017 | Bought: False
[2025-12-02 02:38:08] Buffer size: 1/5
[2025-12-02 02:38:08] 📥 RECEIVED FEEDBACK | Customer: CUST_000147 | Bought: True
[2025-12-02 02:38:08] Buffer size: 2/5
[2025-12-02 02:38:08] 📥 RECEIVED FEEDBACK | Customer: CUST_009985 | Bought: False
[2025-12-02 02:38:08] Buffer size: 3/5
[2025-12-02 02:38:08] 📥 RECEIVED FEEDBACK | Customer: CUST_003433 | Bought: False
[2025-12-02 02:38:08] Buffer size: 4/5
[2025-12-02 02:38:08] 📥 RECEIVED FEEDBACK | Customer: CUST_003441 | Bought: False
[2025-12-02 02:38:08] Buffer size: 5/5
[2025-12-02 02:38:08] 
============================================================
[2025-12-02 02:38:08] 🔄 Processing batch of 5 feedback points
[2025-12-02 02:38:08] ============================================================
[2025-12-02 02:38:08] ✗ NEGATIVE | Customer: CUST_005017 | Cluster: 5 | Score: 1.58 | Update #1152
[2025-12-02 02:38:08] ✓ POSITIVE | Customer: CUST_000147 | Cluster: 3 | Score: -10.12 | Update #1153
[2025-12-02 02:38:08] ✗ NEGATIVE | Customer: CUST_009985 | Cluster: 4 | Score: -1.20 | Update #1154
[2025-12-02 02:38:08] ✗ NEGATIVE | Customer: CUST_003433 | Cluster: 5 | Score: 3.28 | Update #1155
[2025-12-02 02:38:08] ✗ NEGATIVE | Customer: CUST_003441 | Cluster: 5 | Score: -0.02 | Update #1156
[2025-12-02 02:38:08] 
💾 Saving model after 1156 updates...
[2025-12-02 02:38:08] ✓ Model saved to /home/crazy_warlord/TargettedCalling/Persistence/model_car.json
[2025-12-02 02:38:08] ✓ Current state: Components=8, Positive=347, Negative=809

[2025-12-02 02:38:08] ✓ Batch complete: 5 updates, 0 errors
[2025-12-02 02:38:55] Loading model from /home/crazy_warlord/TargettedCalling/Persistence/model_car.json...
[2025-12-02 02:38:55] ✓ Model loaded. Components: 8
[2025-12-02 02:38:55] Loading MASTERFILE from /home/crazy_warlord/TargettedCalling/MASTERFILE.csv...
[2025-12-02 02:38:55] ✓ MASTERFILE loaded. 12500 customers indexed.
[2025-12-02 02:38:55] ═══════════════════════════════════════════════
[2025-12-02 02:38:55]     CAR LOAN FEEDBACK NODE (PATHWAY)          
[2025-12-02 02:38:55] ═══════════════════════════════════════════════
[2025-12-02 02:38:55] Feedback Topic: feedback.carLoan
[2025-12-02 02:38:55] Model Path:     /home/crazy_warlord/TargettedCalling/Persistence/model_car.json
[2025-12-02 02:38:55] MASTERFILE:     /home/crazy_warlord/TargettedCalling/MASTERFILE.csv
[2025-12-02 02:38:55] Log File:       /home/crazy_warlord/TargettedCalling/carLoanPredictor/feedback_node.log
[2025-12-02 02:38:55] Batch Config:   Update every 5 feedbacks
[2025-12-02 02:38:55] Auto-save:      Every 30 seconds
[2025-12-02 02:38:55] ═══════════════════════════════════════════════

[2025-12-02 02:38:55] ✓ Listening for feedback on 'feedback.carLoan'...
[2025-12-02 02:38:55] ✓ LISTENING TO: feedback.carLoan

[2025-12-02 02:38:55] ✓ Car Loan Feedback Node is running.

[2025-12-02 02:39:07] 📥 RECEIVED FEEDBACK | Customer: CUST_010186 | Bought: False
[2025-12-02 02:39:07] Buffer size: 1/5
[2025-12-02 02:39:07] 📥 RECEIVED FEEDBACK | Customer: CUST_010186 | Bought: False
[2025-12-02 02:39:07] Buffer size: 2/5
[2025-12-02 02:39:07] 📥 RECEIVED FEEDBACK | Customer: CUST_002740 | Bought: True
[2025-12-02 02:39:07] Buffer size: 3/5
[2025-12-02 02:39:07] 📥 RECEIVED FEEDBACK | Customer: CUST_002740 | Bought: False
[2025-12-02 02:39:07] Buffer size: 4/5
[2025-12-02 02:39:07] 📥 RECEIVED FEEDBACK | Customer: CUST_011337 | Bought: False
[2025-12-02 02:39:07] Buffer size: 5/5
[2025-12-02 02:39:07] 
============================================================
[2025-12-02 02:39:07] 🔄 Processing batch of 5 feedback points
[2025-12-02 02:39:07] ============================================================
[2025-12-02 02:39:07] ✗ NEGATIVE | Customer: CUST_010186 | Cluster: 5 | Score: -0.94 | Update #1
[2025-12-02 02:39:07] ✗ NEGATIVE | Customer: CUST_010186 | Cluster: 5 | Score: -0.94 | Update #2
[2025-12-02 02:39:07] ✓ POSITIVE | Customer: CUST_002740 | Cluster: 4 | Score: 2.59 | Update #3
[2025-12-02 02:39:07] ✗ NEGATIVE | Customer: CUST_002740 | Cluster: 4 | Score: 3.36 | Update #4
[2025-12-02 02:39:07] ✗ NEGATIVE | Customer: CUST_011337 | Cluster: 1 | Score: -13.59 | Update #5
[2025-12-02 02:39:07] 
💾 Saving model after 5 updates...
[2025-12-02 02:39:07] ✓ Model saved to /home/crazy_warlord/TargettedCalling/Persistence/model_car.json
[2025-12-02 02:39:07] ✓ Current state: Components=8, Positive=1, Negative=4

[2025-12-02 02:39:07] ✓ Batch complete: 5 updates, 0 errors
[2025-12-02 02:39:07] 📥 RECEIVED FEEDBACK | Customer: CUST_005447 | Bought: False
[2025-12-02 02:39:07] Buffer size: 1/5
[2025-12-02 02:39:07] 📥 RECEIVED FEEDBACK | Customer: CUST_011337 | Bought: True
[2025-12-02 02:39:07] Buffer size: 2/5
[2025-12-02 02:39:07] 📥 RECEIVED FEEDBACK | Customer: CUST_005447 | Bought: True
[2025-12-02 02:39:07] Buffer size: 3/5
[2025-12-02 02:39:08] 📥 RECEIVED FEEDBACK | Customer: CUST_002740 | Bought: True
[2025-12-02 02:39:08] Buffer size: 4/5
[2025-12-02 02:39:08] 📥 RECEIVED FEEDBACK | Customer: CUST_009455 | Bought: False
[2025-12-02 02:39:08] Buffer size: 5/5
[2025-12-02 02:39:08] 
============================================================
[2025-12-02 02:39:08] 🔄 Processing batch of 5 feedback points
[2025-12-02 02:39:08] ============================================================
[2025-12-02 02:39:08] ✗ NEGATIVE | Customer: CUST_005447 | Cluster: 4 | Score: -4.61 | Update #6
[2025-12-02 02:39:08] ✓ POSITIVE | Customer: CUST_011337 | Cluster: 1 | Score: -13.59 | Update #7
[2025-12-02 02:39:08] ✓ POSITIVE | Customer: CUST_005447 | Cluster: 4 | Score: -4.61 | Update #8
[2025-12-02 02:39:08] ✓ POSITIVE | Customer: CUST_002740 | Cluster: 4 | Score: 3.36 | Update #9
[2025-12-02 02:39:08] ✗ NEGATIVE | Customer: CUST_009455 | Cluster: 2 | Score: -2.44 | Update #10
[2025-12-02 02:39:08] 
💾 Saving model after 10 updates...
[2025-12-02 02:39:08] ✓ Model saved to /home/crazy_warlord/TargettedCalling/Persistence/model_car.json
[2025-12-02 02:39:08] ✓ Current state: Components=8, Positive=4, Negative=6

[2025-12-02 02:39:08] ✓ Batch complete: 5 updates, 0 errors
[2025-12-02 02:39:08] 📥 RECEIVED FEEDBACK | Customer: CUST_009457 | Bought: False
[2025-12-02 02:39:08] Buffer size: 1/5
[2025-12-02 02:39:08] 📥 RECEIVED FEEDBACK | Customer: CUST_002680 | Bought: False
[2025-12-02 02:39:08] Buffer size: 2/5
[2025-12-02 02:39:08] 📥 RECEIVED FEEDBACK | Customer: CUST_009455 | Bought: False
[2025-12-02 02:39:08] Buffer size: 3/5
[2025-12-02 02:39:08] 📥 RECEIVED FEEDBACK | Customer: CUST_002680 | Bought: False
[2025-12-02 02:39:08] Buffer size: 4/5
[2025-12-02 02:39:08] 📥 RECEIVED FEEDBACK | Customer: CUST_009457 | Bought: True
[2025-12-02 02:39:08] Buffer size: 5/5
[2025-12-02 02:39:08] 
============================================================
[2025-12-02 02:39:08] 🔄 Processing batch of 5 feedback points
[2025-12-02 02:39:08] ============================================================
[2025-12-02 02:39:09] ✗ NEGATIVE | Customer: CUST_009457 | Cluster: 4 | Score: 2.42 | Update #11
[2025-12-02 02:39:09] ✗ NEGATIVE | Customer: CUST_002680 | Cluster: 1 | Score: 3.37 | Update #12
[2025-12-02 02:39:09] ✗ NEGATIVE | Customer: CUST_009455 | Cluster: 2 | Score: -2.44 | Update #13
[2025-12-02 02:39:09] ✗ NEGATIVE | Customer: CUST_002680 | Cluster: 1 | Score: 3.37 | Update #14
[2025-12-02 02:39:09] ✓ POSITIVE | Customer: CUST_009457 | Cluster: 4 | Score: 2.42 | Update #15
[2025-12-02 02:39:09] 
💾 Saving model after 15 updates...
[2025-12-02 02:39:09] ✓ Model saved to /home/crazy_warlord/TargettedCalling/Persistence/model_car.json
[2025-12-02 02:39:09] ✓ Current state: Components=8, Positive=5, Negative=10

[2025-12-02 02:39:09] ✓ Batch complete: 5 updates, 0 errors
[2025-12-02 02:39:09] 📥 RECEIVED FEEDBACK | Customer: CUST_002740 | Bought: False
[2025-12-02 02:39:09] Buffer size: 1/5
[2025-12-02 02:39:10] 📥 RECEIVED FEEDBACK | Customer: CUST_002774 | Bought: False
[2025-12-02 02:39:10] Buffer size: 2/5
[2025-12-02 02:39:10] 📥 RECEIVED FEEDBACK | Customer: CUST_002694 | Bought: True
[2025-12-02 02:39:10] Buffer size: 3/5
[2025-12-02 02:39:10] 📥 RECEIVED FEEDBACK | Customer: CUST_002694 | Bought: True
[2025-12-02 02:39:10] Buffer size: 4/5
[2025-12-02 02:39:10] 📥 RECEIVED FEEDBACK | Customer: CUST_002774 | Bought: True
[2025-12-02 02:39:10] Buffer size: 5/5
[2025-12-02 02:39:10] 
============================================================
[2025-12-02 02:39:10] 🔄 Processing batch of 5 feedback points
[2025-12-02 02:39:10] ============================================================
[2025-12-02 02:39:10] ✗ NEGATIVE | Customer: CUST_002740 | Cluster: 4 | Score: 3.95 | Update #16
[2025-12-02 02:39:10] ✗ NEGATIVE | Customer: CUST_002774 | Cluster: 0 | Score: 6.31 | Update #17
[2025-12-02 02:39:10] ✓ POSITIVE | Customer: CUST_002694 | Cluster: 7 | Score: 1.17 | Update #18
[2025-12-02 02:39:10] ✓ POSITIVE | Customer: CUST_002694 | Cluster: 7 | Score: 2.21 | Update #19
[2025-12-02 02:39:10] ✓ POSITIVE | Customer: CUST_002774 | Cluster: 0 | Score: 6.31 | Update #20
[2025-12-02 02:39:10] 
💾 Saving model after 20 updates...
[2025-12-02 02:39:10] ✓ Model saved to /home/crazy_warlord/TargettedCalling/Persistence/model_car.json
[2025-12-02 02:39:10] ✓ Current state: Components=8, Positive=8, Negative=12

[2025-12-02 02:39:10] ✓ Batch complete: 5 updates, 0 errors
[2025-12-02 02:39:10] 📥 RECEIVED FEEDBACK | Customer: CUST_009462 | Bought: True
[2025-12-02 02:39:10] Buffer size: 1/5
[2025-12-02 02:39:10] 📥 RECEIVED FEEDBACK | Customer: CUST_009462 | Bought: True
[2025-12-02 02:39:10] Buffer size: 2/5
[2025-12-02 02:39:11] 📥 RECEIVED FEEDBACK | Customer: CUST_002784 | Bought: False
[2025-12-02 02:39:11] Buffer size: 3/5
[2025-12-02 02:39:11] 📥 RECEIVED FEEDBACK | Customer: CUST_002790 | Bought: True
[2025-12-02 02:39:11] Buffer size: 4/5
[2025-12-02 02:39:11] 📥 RECEIVED FEEDBACK | Customer: CUST_002774 | Bought: False
[2025-12-02 02:39:11] Buffer size: 5/5
[2025-12-02 02:39:11] 
============================================================
[2025-12-02 02:39:11] 🔄 Processing batch of 5 feedback points
[2025-12-02 02:39:11] ============================================================
[2025-12-02 02:39:11] ✓ POSITIVE | Customer: CUST_009462 | Cluster: 7 | Score: 3.56 | Update #21
[2025-12-02 02:39:11] ✓ POSITIVE | Customer: CUST_009462 | Cluster: 7 | Score: 3.88 | Update #22
[2025-12-02 02:39:11] ✗ NEGATIVE | Customer: CUST_002784 | Cluster: 3 | Score: -16.78 | Update #23
[2025-12-02 02:39:11] ✓ POSITIVE | Customer: CUST_002790 | Cluster: 5 | Score: -4.90 | Update #24
[2025-12-02 02:39:11] ✗ NEGATIVE | Customer: CUST_002774 | Cluster: 0 | Score: 6.75 | Update #25
[2025-12-02 02:39:11] 
💾 Saving model after 25 updates...
[2025-12-02 02:39:11] ✓ Model saved to /home/crazy_warlord/TargettedCalling/Persistence/model_car.json
[2025-12-02 02:39:11] ✓ Current state: Components=8, Positive=11, Negative=14

[2025-12-02 02:39:11] ✓ Batch complete: 5 updates, 0 errors
[2025-12-02 02:39:11] 📥 RECEIVED FEEDBACK | Customer: CUST_009493 | Bought: False
[2025-12-02 02:39:11] Buffer size: 1/5
[2025-12-02 02:39:11] 📥 RECEIVED FEEDBACK | Customer: CUST_009499 | Bought: False
[2025-12-02 02:39:11] Buffer size: 2/5
[2025-12-02 02:39:11] 📥 RECEIVED FEEDBACK | Customer: CUST_002790 | Bought: True
[2025-12-02 02:39:11] Buffer size: 3/5
[2025-12-02 02:39:11] 📥 RECEIVED FEEDBACK | Customer: CUST_005396 | Bought: True
[2025-12-02 02:39:11] Buffer size: 4/5
[2025-12-02 02:39:11] 📥 RECEIVED FEEDBACK | Customer: CUST_009499 | Bought: False
[2025-12-02 02:39:11] Buffer size: 5/5
[2025-12-02 02:39:11] 
============================================================
[2025-12-02 02:39:11] 🔄 Processing batch of 5 feedback points
[2025-12-02 02:39:12] ============================================================
[2025-12-02 02:39:12] ✗ NEGATIVE | Customer: CUST_009493 | Cluster: 3 | Score: 3.03 | Update #26
[2025-12-02 02:39:12] ✗ NEGATIVE | Customer: CUST_009499 | Cluster: 4 | Score: -1.60 | Update #27
[2025-12-02 02:39:12] ✓ POSITIVE | Customer: CUST_002790 | Cluster: 5 | Score: -4.90 | Update #28
[2025-12-02 02:39:12] ✓ POSITIVE | Customer: CUST_005396 | Cluster: 4 | Score: -4.36 | Update #29
[2025-12-02 02:39:12] ✗ NEGATIVE | Customer: CUST_009499 | Cluster: 4 | Score: -1.60 | Update #30
[2025-12-02 02:39:12] 
💾 Saving model after 30 updates...
[2025-12-02 02:39:12] ✓ Model saved to /home/crazy_warlord/TargettedCalling/Persistence/model_car.json
[2025-12-02 02:39:12] ✓ Current state: Components=8, Positive=13, Negative=17

[2025-12-02 02:39:12] ✓ Batch complete: 5 updates, 0 errors
[2025-12-02 02:39:12] 📥 RECEIVED FEEDBACK | Customer: CUST_009493 | Bought: False
[2025-12-02 02:39:12] Buffer size: 1/5
[2025-12-02 02:39:12] 📥 RECEIVED FEEDBACK | Customer: CUST_009499 | Bought: True
[2025-12-02 02:39:12] Buffer size: 2/5
[2025-12-02 02:39:12] 📥 RECEIVED FEEDBACK | Customer: CUST_005396 | Bought: False
[2025-12-02 02:39:12] Buffer size: 3/5
[2025-12-02 02:39:12] 📥 RECEIVED FEEDBACK | Customer: CUST_002784 | Bought: True
[2025-12-02 02:39:12] Buffer size: 4/5
[2025-12-02 02:39:12] 📥 RECEIVED FEEDBACK | Customer: CUST_009499 | Bought: True
[2025-12-02 02:39:12] Buffer size: 5/5
[2025-12-02 02:39:12] 
============================================================
[2025-12-02 02:39:12] 🔄 Processing batch of 5 feedback points
[2025-12-02 02:39:12] ============================================================
[2025-12-02 02:39:12] ✗ NEGATIVE | Customer: CUST_009493 | Cluster: 3 | Score: 3.03 | Update #31
[2025-12-02 02:39:12] ✓ POSITIVE | Customer: CUST_009499 | Cluster: 4 | Score: -1.60 | Update #32
[2025-12-02 02:39:12] ✗ NEGATIVE | Customer: CUST_005396 | Cluster: 4 | Score: -4.36 | Update #33
[2025-12-02 02:39:12] ✓ POSITIVE | Customer: CUST_002784 | Cluster: 3 | Score: -16.78 | Update #34
[2025-12-02 02:39:12] ✓ POSITIVE | Customer: CUST_009499 | Cluster: 4 | Score: -1.60 | Update #35
[2025-12-02 02:39:12] 
💾 Saving model after 35 updates...
[2025-12-02 02:39:12] ✓ Model saved to /home/crazy_warlord/TargettedCalling/Persistence/model_car.json
[2025-12-02 02:39:12] ✓ Current state: Components=8, Positive=16, Negative=19

[2025-12-02 02:39:12] ✓ Batch complete: 5 updates, 0 errors
[2025-12-02 02:39:12] 📥 RECEIVED FEEDBACK | Customer: CUST_002784 | Bought: False
[2025-12-02 02:39:12] Buffer size: 1/5
[2025-12-02 02:39:12] 📥 RECEIVED FEEDBACK | Customer: CUST_002784 | Bought: False
[2025-12-02 02:39:12] Buffer size: 2/5
[2025-12-02 02:39:12] 📥 RECEIVED FEEDBACK | Customer: CUST_002774 | Bought: True
[2025-12-02 02:39:12] Buffer size: 3/5
[2025-12-02 02:39:13] 📥 RECEIVED FEEDBACK | Customer: CUST_005396 | Bought: True
[2025-12-02 02:39:13] Buffer size: 4/5
[2025-12-02 02:39:13] 📥 RECEIVED FEEDBACK | Customer: CUST_000259 | Bought: False
[2025-12-02 02:39:13] Buffer size: 5/5
[2025-12-02 02:39:13] 
============================================================
[2025-12-02 02:39:13] 🔄 Processing batch of 5 feedback points
[2025-12-02 02:39:13] ============================================================
[2025-12-02 02:39:13] ✗ NEGATIVE | Customer: CUST_002784 | Cluster: 3 | Score: -16.78 | Update #36
[2025-12-02 02:39:13] ✗ NEGATIVE | Customer: CUST_002784 | Cluster: 3 | Score: -16.78 | Update #37
[2025-12-02 02:39:13] ✓ POSITIVE | Customer: CUST_002774 | Cluster: 0 | Score: 6.75 | Update #38
[2025-12-02 02:39:13] ✓ POSITIVE | Customer: CUST_005396 | Cluster: 4 | Score: -4.36 | Update #39
[2025-12-02 02:39:13] ✗ NEGATIVE | Customer: CUST_000259 | Cluster: 4 | Score: -3.16 | Update #40
[2025-12-02 02:39:13] 
💾 Saving model after 40 updates...
[2025-12-02 02:39:13] ✓ Model saved to /home/crazy_warlord/TargettedCalling/Persistence/model_car.json
[2025-12-02 02:39:13] ✓ Current state: Components=8, Positive=18, Negative=22

[2025-12-02 02:39:13] ✓ Batch complete: 5 updates, 0 errors
[2025-12-02 02:39:13] 📥 RECEIVED FEEDBACK | Customer: CUST_009468 | Bought: False
[2025-12-02 02:39:13] Buffer size: 1/5
[2025-12-02 02:39:13] 📥 RECEIVED FEEDBACK | Customer: CUST_000259 | Bought: True
[2025-12-02 02:39:13] Buffer size: 2/5
[2025-12-02 02:39:13] 📥 RECEIVED FEEDBACK | Customer: CUST_011331 | Bought: True
[2025-12-02 02:39:13] Buffer size: 3/5
[2025-12-02 02:39:13] 📥 RECEIVED FEEDBACK | Customer: CUST_009462 | Bought: False
[2025-12-02 02:39:13] Buffer size: 4/5
[2025-12-02 02:39:13] 📥 RECEIVED FEEDBACK | Customer: CUST_000632 | Bought: False
[2025-12-02 02:39:13] Buffer size: 5/5
[2025-12-02 02:39:13] 
============================================================
[2025-12-02 02:39:13] 🔄 Processing batch of 5 feedback points
[2025-12-02 02:39:13] ============================================================
[2025-12-02 02:39:13] ✗ NEGATIVE | Customer: CUST_009468 | Cluster: 0 | Score: 4.33 | Update #41
[2025-12-02 02:39:13] ✓ POSITIVE | Customer: CUST_000259 | Cluster: 4 | Score: -3.16 | Update #42
[2025-12-02 02:39:13] ✓ POSITIVE | Customer: CUST_011331 | Cluster: 0 | Score: 2.66 | Update #43
[2025-12-02 02:39:13] ✗ NEGATIVE | Customer: CUST_009462 | Cluster: 7 | Score: 4.16 | Update #44
[2025-12-02 02:39:13] ✗ NEGATIVE | Customer: CUST_000632 | Cluster: 3 | Score: 2.20 | Update #45
[2025-12-02 02:39:13] 
💾 Saving model after 45 updates...
[2025-12-02 02:39:13] ✓ Model saved to /home/crazy_warlord/TargettedCalling/Persistence/model_car.json
[2025-12-02 02:39:13] ✓ Current state: Components=8, Positive=20, Negative=25

[2025-12-02 02:39:13] ✓ Batch complete: 5 updates, 0 errors
[2025-12-02 02:39:13] 📥 RECEIVED FEEDBACK | Customer: CUST_009462 | Bought: False
[2025-12-02 02:39:13] Buffer size: 1/5
[2025-12-02 02:39:13] 📥 RECEIVED FEEDBACK | Customer: CUST_011331 | Bought: True
[2025-12-02 02:39:13] Buffer size: 2/5
[2025-12-02 02:39:13] 📥 RECEIVED FEEDBACK | Customer: CUST_011331 | Bought: True
[2025-12-02 02:39:13] Buffer size: 3/5
[2025-12-02 02:39:13] 📥 RECEIVED FEEDBACK | Customer: CUST_000632 | Bought: False
[2025-12-02 02:39:13] Buffer size: 4/5
[2025-12-02 02:39:13] 📥 RECEIVED FEEDBACK | Customer: CUST_005396 | Bought: True
[2025-12-02 02:39:13] Buffer size: 5/5
[2025-12-02 02:39:13] 
============================================================
[2025-12-02 02:39:13] 🔄 Processing batch of 5 feedback points
[2025-12-02 02:39:13] ============================================================
[2025-12-02 02:39:13] ✗ NEGATIVE | Customer: CUST_009462 | Cluster: 7 | Score: 4.16 | Update #46
[2025-12-02 02:39:13] ✓ POSITIVE | Customer: CUST_011331 | Cluster: 0 | Score: 4.42 | Update #47
[2025-12-02 02:39:13] ✓ POSITIVE | Customer: CUST_011331 | Cluster: 0 | Score: 5.47 | Update #48
[2025-12-02 02:39:13] ✗ NEGATIVE | Customer: CUST_000632 | Cluster: 3 | Score: 2.20 | Update #49
[2025-12-02 02:39:13] ✓ POSITIVE | Customer: CUST_005396 | Cluster: 4 | Score: -4.36 | Update #50
[2025-12-02 02:39:13] 
💾 Saving model after 50 updates...
[2025-12-02 02:39:14] ✓ Model saved to /home/crazy_warlord/TargettedCalling/Persistence/model_car.json
[2025-12-02 02:39:14] ✓ Current state: Components=8, Positive=23, Negative=27

[2025-12-02 02:39:14] ✓ Batch complete: 5 updates, 0 errors
[2025-12-02 02:39:14] 📥 RECEIVED FEEDBACK | Customer: CUST_011331 | Bought: True
[2025-12-02 02:39:14] Buffer size: 1/5
[2025-12-02 02:39:14] 📥 RECEIVED FEEDBACK | Customer: CUST_002591 | Bought: True
[2025-12-02 02:39:14] Buffer size: 2/5
[2025-12-02 02:39:14] 📥 RECEIVED FEEDBACK | Customer: CUST_002582 | Bought: False
[2025-12-02 02:39:14] Buffer size: 3/5
[2025-12-02 02:39:14] 📥 RECEIVED FEEDBACK | Customer: CUST_005587 | Bought: True
[2025-12-02 02:39:14] Buffer size: 4/5
[2025-12-02 02:39:14] 📥 RECEIVED FEEDBACK | Customer: CUST_009401 | Bought: False
[2025-12-02 02:39:14] Buffer size: 5/5
[2025-12-02 02:39:14] 
============================================================
[2025-12-02 02:39:14] 🔄 Processing batch of 5 feedback points
[2025-12-02 02:39:14] ============================================================
[2025-12-02 02:39:14] ✓ POSITIVE | Customer: CUST_011331 | Cluster: 0 | Score: 6.20 | Update #51
[2025-12-02 02:39:14] ✓ POSITIVE | Customer: CUST_002591 | Cluster: 6 | Score: 1.95 | Update #52
[2025-12-02 02:39:14] ✗ NEGATIVE | Customer: CUST_002582 | Cluster: 2 | Score: 0.34 | Update #53
[2025-12-02 02:39:14] ✓ POSITIVE | Customer: CUST_005587 | Cluster: 5 | Score: -2.76 | Update #54
[2025-12-02 02:39:14] ✗ NEGATIVE | Customer: CUST_009401 | Cluster: 5 | Score: 1.42 | Update #55
[2025-12-02 02:39:14] 
💾 Saving model after 55 updates...
[2025-12-02 02:39:14] ✓ Model saved to /home/crazy_warlord/TargettedCalling/Persistence/model_car.json
[2025-12-02 02:39:14] ✓ Current state: Components=8, Positive=26, Negative=29

[2025-12-02 02:39:14] ✓ Batch complete: 5 updates, 0 errors
[2025-12-02 02:39:14] 📥 RECEIVED FEEDBACK | Customer: CUST_002591 | Bought: False
[2025-12-02 02:39:14] Buffer size: 1/5
[2025-12-02 02:39:14] 📥 RECEIVED FEEDBACK | Customer: CUST_011420 | Bought: False
[2025-12-02 02:39:14] Buffer size: 2/5
[2025-12-02 02:39:14] 📥 RECEIVED FEEDBACK | Customer: CUST_005587 | Bought: True
[2025-12-02 02:39:14] Buffer size: 3/5
[2025-12-02 02:39:14] 📥 RECEIVED FEEDBACK | Customer: CUST_009401 | Bought: False
[2025-12-02 02:39:14] Buffer size: 4/5
[2025-12-02 02:39:14] 📥 RECEIVED FEEDBACK | Customer: CUST_011427 | Bought: False
[2025-12-02 02:39:14] Buffer size: 5/5
[2025-12-02 02:39:14] 
============================================================
[2025-12-02 02:39:15] 🔄 Processing batch of 5 feedback points
[2025-12-02 02:39:15] ============================================================
[2025-12-02 02:39:15] ✗ NEGATIVE | Customer: CUST_002591 | Cluster: 6 | Score: 4.19 | Update #56
[2025-12-02 02:39:15] ✗ NEGATIVE | Customer: CUST_011420 | Cluster: 3 | Score: -2.19 | Update #57
[2025-12-02 02:39:15] ✓ POSITIVE | Customer: CUST_005587 | Cluster: 5 | Score: -2.76 | Update #58
[2025-12-02 02:39:15] ✗ NEGATIVE | Customer: CUST_009401 | Cluster: 5 | Score: 1.42 | Update #59
[2025-12-02 02:39:15] ✗ NEGATIVE | Customer: CUST_011427 | Cluster: 6 | Score: 7.95 | Update #60
[2025-12-02 02:39:15] 
💾 Saving model after 60 updates...
[2025-12-02 02:39:15] ✓ Model saved to /home/crazy_warlord/TargettedCalling/Persistence/model_car.json
[2025-12-02 02:39:15] ✓ Current state: Components=8, Positive=27, Negative=33

[2025-12-02 02:39:15] ✓ Batch complete: 5 updates, 0 errors
[2025-12-02 02:39:15] 📥 RECEIVED FEEDBACK | Customer: CUST_011427 | Bought: True
[2025-12-02 02:39:15] Buffer size: 1/5
[2025-12-02 02:39:15] 📥 RECEIVED FEEDBACK | Customer: CUST_002582 | Bought: True
[2025-12-02 02:39:15] Buffer size: 2/5
[2025-12-02 02:39:15] 📥 RECEIVED FEEDBACK | Customer: CUST_009324 | Bought: True
[2025-12-02 02:39:15] Buffer size: 3/5
[2025-12-02 02:39:15] 📥 RECEIVED FEEDBACK | Customer: CUST_011420 | Bought: True
[2025-12-02 02:39:15] Buffer size: 4/5
[2025-12-02 02:39:15] 📥 RECEIVED FEEDBACK | Customer: CUST_009324 | Bought: True
[2025-12-02 02:39:15] Buffer size: 5/5
[2025-12-02 02:39:15] 
============================================================
[2025-12-02 02:39:15] 🔄 Processing batch of 5 feedback points
[2025-12-02 02:39:15] ============================================================
[2025-12-02 02:39:15] ✓ POSITIVE | Customer: CUST_011427 | Cluster: 6 | Score: 7.95 | Update #61
[2025-12-02 02:39:15] ✓ POSITIVE | Customer: CUST_002582 | Cluster: 2 | Score: 0.34 | Update #62
[2025-12-02 02:39:15] ✓ POSITIVE | Customer: CUST_009324 | Cluster: 5 | Score: 0.87 | Update #63
[2025-12-02 02:39:15] ✓ POSITIVE | Customer: CUST_011420 | Cluster: 3 | Score: -2.19 | Update #64
[2025-12-02 02:39:15] ✓ POSITIVE | Customer: CUST_009324 | Cluster: 5 | Score: 2.33 | Update #65
[2025-12-02 02:39:15] 
💾 Saving model after 65 updates...
[2025-12-02 02:39:15] ✓ Model saved to /home/crazy_warlord/TargettedCalling/Persistence/model_car.json
[2025-12-02 02:39:15] ✓ Current state: Components=8, Positive=32, Negative=33

[2025-12-02 02:39:15] ✓ Batch complete: 5 updates, 0 errors
[2025-12-02 02:39:16] 📥 RECEIVED FEEDBACK | Customer: CUST_011429 | Bought: True
[2025-12-02 02:39:16] Buffer size: 1/5
[2025-12-02 02:39:16] 📥 RECEIVED FEEDBACK | Customer: CUST_009311 | Bought: True
[2025-12-02 02:39:16] Buffer size: 2/5
[2025-12-02 02:39:16] 📥 RECEIVED FEEDBACK | Customer: CUST_002582 | Bought: True
[2025-12-02 02:39:16] Buffer size: 3/5
[2025-12-02 02:39:16] 📥 RECEIVED FEEDBACK | Customer: CUST_002582 | Bought: True
[2025-12-02 02:39:16] Buffer size: 4/5
[2025-12-02 02:39:16] 📥 RECEIVED FEEDBACK | Customer: CUST_002574 | Bought: True
[2025-12-02 02:39:16] Buffer size: 5/5
[2025-12-02 02:39:16] 
============================================================
[2025-12-02 02:39:16] 🔄 Processing batch of 5 feedback points
[2025-12-02 02:39:16] ============================================================
[2025-12-02 02:39:16] ✓ POSITIVE | Customer: CUST_011429 | Cluster: 7 | Score: 0.97 | Update #66
[2025-12-02 02:39:16] ✓ POSITIVE | Customer: CUST_009311 | Cluster: 3 | Score: -0.07 | Update #67
[2025-12-02 02:39:16] ✓ POSITIVE | Customer: CUST_002582 | Cluster: 2 | Score: 0.99 | Update #68
[2025-12-02 02:39:16] ✓ POSITIVE | Customer: CUST_002582 | Cluster: 2 | Score: 1.45 | Update #69
[2025-12-02 02:39:16] ✓ POSITIVE | Customer: CUST_002574 | Cluster: 7 | Score: -4.78 | Update #70
[2025-12-02 02:39:16] 
💾 Saving model after 70 updates...
[2025-12-02 02:39:16] ✓ Model saved to /home/crazy_warlord/TargettedCalling/Persistence/model_car.json
[2025-12-02 02:39:16] ✓ Current state: Components=8, Positive=37, Negative=33

[2025-12-02 02:39:16] ✓ Batch complete: 5 updates, 0 errors
[2025-12-02 02:39:16] 📥 RECEIVED FEEDBACK | Customer: CUST_002574 | Bought: False
[2025-12-02 02:39:16] Buffer size: 1/5
[2025-12-02 02:39:16] 📥 RECEIVED FEEDBACK | Customer: CUST_009311 | Bought: False
[2025-12-02 02:39:16] Buffer size: 2/5
[2025-12-02 02:39:16] 📥 RECEIVED FEEDBACK | Customer: CUST_011429 | Bought: False
[2025-12-02 02:39:16] Buffer size: 3/5
[2025-12-02 02:39:17] 📥 RECEIVED FEEDBACK | Customer: CUST_011427 | Bought: True
[2025-12-02 02:39:17] Buffer size: 4/5
[2025-12-02 02:39:17] 📥 RECEIVED FEEDBACK | Customer: CUST_009311 | Bought: True
[2025-12-02 02:39:17] Buffer size: 5/5
[2025-12-02 02:39:17] 
============================================================
[2025-12-02 02:39:17] 🔄 Processing batch of 5 feedback points
[2025-12-02 02:39:17] ============================================================
[2025-12-02 02:39:17] ✗ NEGATIVE | Customer: CUST_002574 | Cluster: 7 | Score: -4.78 | Update #71
[2025-12-02 02:39:17] ✗ NEGATIVE | Customer: CUST_009311 | Cluster: 3 | Score: 1.43 | Update #72
[2025-12-02 02:39:17] ✗ NEGATIVE | Customer: CUST_011429 | Cluster: 7 | Score: 2.27 | Update #73
[2025-12-02 02:39:17] ✓ POSITIVE | Customer: CUST_011427 | Cluster: 6 | Score: 8.22 | Update #74
[2025-12-02 02:39:17] ✓ POSITIVE | Customer: CUST_009311 | Cluster: 3 | Score: 1.43 | Update #75
[2025-12-02 02:39:17] 
💾 Saving model after 75 updates...
[2025-12-02 02:39:17] ✓ Model saved to /home/crazy_warlord/TargettedCalling/Persistence/model_car.json
[2025-12-02 02:39:17] ✓ Current state: Components=8, Positive=39, Negative=36

[2025-12-02 02:39:17] ✓ Batch complete: 5 updates, 0 errors
[2025-12-02 02:39:17] 📥 RECEIVED FEEDBACK | Customer: CUST_005619 | Bought: False
[2025-12-02 02:39:17] Buffer size: 1/5
[2025-12-02 02:39:17] 📥 RECEIVED FEEDBACK | Customer: CUST_009311 | Bought: True
[2025-12-02 02:39:17] Buffer size: 2/5
[2025-12-02 02:39:17] 📥 RECEIVED FEEDBACK | Customer: CUST_005619 | Bought: True
[2025-12-02 02:39:17] Buffer size: 3/5
[2025-12-02 02:39:17] 📥 RECEIVED FEEDBACK | Customer: CUST_005470 | Bought: True
[2025-12-02 02:39:17] Buffer size: 4/5
[2025-12-02 02:39:17] 📥 RECEIVED FEEDBACK | Customer: CUST_011364 | Bought: True
[2025-12-02 02:39:17] Buffer size: 5/5
[2025-12-02 02:39:17] 
============================================================
[2025-12-02 02:39:18] 🔄 Processing batch of 5 feedback points
[2025-12-02 02:39:18] ============================================================
[2025-12-02 02:39:18] ✗ NEGATIVE | Customer: CUST_005619 | Cluster: 0 | Score: 3.44 | Update #76
[2025-12-02 02:39:18] ✓ POSITIVE | Customer: CUST_009311 | Cluster: 3 | Score: 2.25 | Update #77
[2025-12-02 02:39:18] ✓ POSITIVE | Customer: CUST_005619 | Cluster: 0 | Score: 3.44 | Update #78
[2025-12-02 02:39:18] ✓ POSITIVE | Customer: CUST_005470 | Cluster: 4 | Score: -0.27 | Update #79
[2025-12-02 02:39:18] ✓ POSITIVE | Customer: CUST_011364 | Cluster: 5 | Score: 3.12 | Update #80
[2025-12-02 02:39:18] 
💾 Saving model after 80 updates...
[2025-12-02 02:39:18] ✓ Model saved to /home/crazy_warlord/TargettedCalling/Persistence/model_car.json
[2025-12-02 02:39:18] ✓ Current state: Components=8, Positive=43, Negative=37

[2025-12-02 02:39:18] ✓ Batch complete: 5 updates, 0 errors
[2025-12-02 02:39:18] 📥 RECEIVED FEEDBACK | Customer: CUST_011427 | Bought: True
[2025-12-02 02:39:18] Buffer size: 1/5
[2025-12-02 02:39:18] 📥 RECEIVED FEEDBACK | Customer: CUST_011364 | Bought: False
[2025-12-02 02:39:18] Buffer size: 2/5
[2025-12-02 02:39:18] 📥 RECEIVED FEEDBACK | Customer: CUST_005470 | Bought: True
[2025-12-02 02:39:18] Buffer size: 3/5
[2025-12-02 02:39:19] 📥 RECEIVED FEEDBACK | Customer: CUST_005536 | Bought: True
[2025-12-02 02:39:19] Buffer size: 4/5
[2025-12-02 02:39:19] 📥 RECEIVED FEEDBACK | Customer: CUST_009401 | Bought: False
[2025-12-02 02:39:19] Buffer size: 5/5
[2025-12-02 02:39:19] 
============================================================
[2025-12-02 02:39:19] 🔄 Processing batch of 5 feedback points
[2025-12-02 02:39:19] ============================================================
[2025-12-02 02:39:19] ✓ POSITIVE | Customer: CUST_011427 | Cluster: 6 | Score: 8.47 | Update #81
[2025-12-02 02:39:19] ✗ NEGATIVE | Customer: CUST_011364 | Cluster: 5 | Score: 3.65 | Update #82
[2025-12-02 02:39:19] ✓ POSITIVE | Customer: CUST_005470 | Cluster: 4 | Score: 1.85 | Update #83
[2025-12-02 02:39:19] ✓ POSITIVE | Customer: CUST_005536 | Cluster: 7 | Score: -3.82 | Update #84
[2025-12-02 02:39:19] ✗ NEGATIVE | Customer: CUST_009401 | Cluster: 5 | Score: 1.53 | Update #85
[2025-12-02 02:39:19] 
💾 Saving model after 85 updates...
[2025-12-02 02:39:19] ✓ Model saved to /home/crazy_warlord/TargettedCalling/Persistence/model_car.json
[2025-12-02 02:39:19] ✓ Current state: Components=8, Positive=46, Negative=39

[2025-12-02 02:39:19] ✓ Batch complete: 5 updates, 0 errors
[2025-12-02 02:39:19] 📥 RECEIVED FEEDBACK | Customer: CUST_005536 | Bought: True
[2025-12-02 02:39:19] Buffer size: 1/5
[2025-12-02 02:39:19] 📥 RECEIVED FEEDBACK | Customer: CUST_002659 | Bought: True
[2025-12-02 02:39:19] Buffer size: 2/5
[2025-12-02 02:39:19] 📥 RECEIVED FEEDBACK | Customer: CUST_002646 | Bought: True
[2025-12-02 02:39:19] Buffer size: 3/5
[2025-12-02 02:39:19] 📥 RECEIVED FEEDBACK | Customer: CUST_011364 | Bought: True
[2025-12-02 02:39:19] Buffer size: 4/5
[2025-12-02 02:39:19] 📥 RECEIVED FEEDBACK | Customer: CUST_002659 | Bought: True
[2025-12-02 02:39:19] Buffer size: 5/5
[2025-12-02 02:39:19] 
============================================================
[2025-12-02 02:39:19] 🔄 Processing batch of 5 feedback points
[2025-12-02 02:39:19] ============================================================
[2025-12-02 02:39:19] ✓ POSITIVE | Customer: CUST_005536 | Cluster: 7 | Score: -3.82 | Update #86
[2025-12-02 02:39:19] ✓ POSITIVE | Customer: CUST_002659 | Cluster: 7 | Score: -22.57 | Update #87
[2025-12-02 02:39:19] ✓ POSITIVE | Customer: CUST_002646 | Cluster: 0 | Score: 6.29 | Update #88
[2025-12-02 02:39:19] ✓ POSITIVE | Customer: CUST_011364 | Cluster: 5 | Score: 3.65 | Update #89
[2025-12-02 02:39:19] ✓ POSITIVE | Customer: CUST_002659 | Cluster: 7 | Score: -22.57 | Update #90
[2025-12-02 02:39:19] 
💾 Saving model after 90 updates...
[2025-12-02 02:39:19] ✓ Model saved to /home/crazy_warlord/TargettedCalling/Persistence/model_car.json
[2025-12-02 02:39:19] ✓ Current state: Components=8, Positive=51, Negative=39

[2025-12-02 02:39:19] ✓ Batch complete: 5 updates, 0 errors
[2025-12-02 02:39:19] 📥 RECEIVED FEEDBACK | Customer: CUST_011364 | Bought: True
[2025-12-02 02:39:19] Buffer size: 1/5
[2025-12-02 02:39:19] 📥 RECEIVED FEEDBACK | Customer: CUST_002646 | Bought: True
[2025-12-02 02:39:19] Buffer size: 2/5
[2025-12-02 02:39:19] 📥 RECEIVED FEEDBACK | Customer: CUST_009401 | Bought: False
[2025-12-02 02:39:19] Buffer size: 3/5
[2025-12-02 02:39:19] 📥 RECEIVED FEEDBACK | Customer: CUST_005537 | Bought: True
[2025-12-02 02:39:19] Buffer size: 4/5
[2025-12-02 02:39:19] 📥 RECEIVED FEEDBACK | Customer: CUST_005537 | Bought: True
[2025-12-02 02:39:19] Buffer size: 5/5
[2025-12-02 02:39:19] 
============================================================
[2025-12-02 02:39:19] 🔄 Processing batch of 5 feedback points
[2025-12-02 02:39:19] ============================================================
[2025-12-02 02:39:19] ✓ POSITIVE | Customer: CUST_011364 | Cluster: 5 | Score: 4.05 | Update #91
[2025-12-02 02:39:19] ✓ POSITIVE | Customer: CUST_002646 | Cluster: 0 | Score: 6.88 | Update #92
[2025-12-02 02:39:19] ✗ NEGATIVE | Customer: CUST_009401 | Cluster: 5 | Score: 1.69 | Update #93
[2025-12-02 02:39:19] ✓ POSITIVE | Customer: CUST_005537 | Cluster: 4 | Score: 1.55 | Update #94
[2025-12-02 02:39:19] ✓ POSITIVE | Customer: CUST_005537 | Cluster: 4 | Score: 2.76 | Update #95
[2025-12-02 02:39:19] 
💾 Saving model after 95 updates...
[2025-12-02 02:39:20] ✓ Model saved to /home/crazy_warlord/TargettedCalling/Persistence/model_car.json
[2025-12-02 02:39:20] ✓ Current state: Components=8, Positive=55, Negative=40

[2025-12-02 02:39:20] ✓ Batch complete: 5 updates, 0 errors
[2025-12-02 02:39:20] 📥 RECEIVED FEEDBACK | Customer: CUST_002635 | Bought: True
[2025-12-02 02:39:20] Buffer size: 1/5
[2025-12-02 02:39:20] 📥 RECEIVED FEEDBACK | Customer: CUST_002635 | Bought: False
[2025-12-02 02:39:20] Buffer size: 2/5
[2025-12-02 02:39:20] 📥 RECEIVED FEEDBACK | Customer: CUST_011191 | Bought: True
[2025-12-02 02:39:20] Buffer size: 3/5
[2025-12-02 02:39:20] 📥 RECEIVED FEEDBACK | Customer: CUST_002646 | Bought: True
[2025-12-02 02:39:20] Buffer size: 4/5
[2025-12-02 02:39:20] 📥 RECEIVED FEEDBACK | Customer: CUST_000139 | Bought: False
[2025-12-02 02:39:20] Buffer size: 5/5
[2025-12-02 02:39:20] 
============================================================
[2025-12-02 02:39:20] 🔄 Processing batch of 5 feedback points
[2025-12-02 02:39:20] ============================================================
[2025-12-02 02:39:20] ✓ POSITIVE | Customer: CUST_002635 | Cluster: 7 | Score: -17.04 | Update #96
[2025-12-02 02:39:20] ✗ NEGATIVE | Customer: CUST_002635 | Cluster: 7 | Score: -17.04 | Update #97
[2025-12-02 02:39:20] ✓ POSITIVE | Customer: CUST_011191 | Cluster: 5 | Score: 2.16 | Update #98
[2025-12-02 02:39:20] ✓ POSITIVE | Customer: CUST_002646 | Cluster: 0 | Score: 7.34 | Update #99
[2025-12-02 02:39:20] ✗ NEGATIVE | Customer: CUST_000139 | Cluster: 0 | Score: 3.38 | Update #100
[2025-12-02 02:39:20] 
💾 Saving model after 100 updates...
[2025-12-02 02:39:20] ✓ Model saved to /home/crazy_warlord/TargettedCalling/Persistence/model_car.json
[2025-12-02 02:39:20] ✓ Current state: Components=8, Positive=58, Negative=42

[2025-12-02 02:39:20] ✓ Batch complete: 5 updates, 0 errors
[2025-12-02 02:39:20] 📥 RECEIVED FEEDBACK | Customer: CUST_011191 | Bought: False
[2025-12-02 02:39:20] Buffer size: 1/5
[2025-12-02 02:39:20] 📥 RECEIVED FEEDBACK | Customer: CUST_009359 | Bought: True
[2025-12-02 02:39:20] Buffer size: 2/5
[2025-12-02 02:39:20] 📥 RECEIVED FEEDBACK | Customer: CUST_002646 | Bought: True
[2025-12-02 02:39:20] Buffer size: 3/5
[2025-12-02 02:39:21] 📥 RECEIVED FEEDBACK | Customer: CUST_009364 | Bought: True
[2025-12-02 02:39:21] Buffer size: 4/5
[2025-12-02 02:39:21] 📥 RECEIVED FEEDBACK | Customer: CUST_009591 | Bought: True
[2025-12-02 02:39:21] Buffer size: 5/5
[2025-12-02 02:39:21] 
============================================================
[2025-12-02 02:39:21] 🔄 Processing batch of 5 feedback points
[2025-12-02 02:39:21] ============================================================
[2025-12-02 02:39:21] ✗ NEGATIVE | Customer: CUST_011191 | Cluster: 5 | Score: 3.13 | Update #101
[2025-12-02 02:39:21] ✓ POSITIVE | Customer: CUST_009359 | Cluster: 5 | Score: 1.66 | Update #102
[2025-12-02 02:39:21] ✓ POSITIVE | Customer: CUST_002646 | Cluster: 0 | Score: 7.74 | Update #103
[2025-12-02 02:39:21] ✓ POSITIVE | Customer: CUST_009364 | Cluster: 7 | Score: -3.11 | Update #104
[2025-12-02 02:39:21] ✓ POSITIVE | Customer: CUST_009591 | Cluster: 3 | Score: 0.40 | Update #105
[2025-12-02 02:39:21] 
💾 Saving model after 105 updates...
[2025-12-02 02:39:21] ✓ Model saved to /home/crazy_warlord/TargettedCalling/Persistence/model_car.json
[2025-12-02 02:39:21] ✓ Current state: Components=8, Positive=62, Negative=43

[2025-12-02 02:39:21] ✓ Batch complete: 5 updates, 0 errors
[2025-12-02 02:39:21] 📥 RECEIVED FEEDBACK | Customer: CUST_000139 | Bought: True
[2025-12-02 02:39:21] Buffer size: 1/5
[2025-12-02 02:39:21] 📥 RECEIVED FEEDBACK | Customer: CUST_011191 | Bought: True
[2025-12-02 02:39:21] Buffer size: 2/5
[2025-12-02 02:39:21] 📥 RECEIVED FEEDBACK | Customer: CUST_009504 | Bought: True
[2025-12-02 02:39:21] Buffer size: 3/5
[2025-12-02 02:39:21] 📥 RECEIVED FEEDBACK | Customer: CUST_000139 | Bought: True
[2025-12-02 02:39:21] Buffer size: 4/5
[2025-12-02 02:39:21] 📥 RECEIVED FEEDBACK | Customer: CUST_005536 | Bought: True
[2025-12-02 02:39:21] Buffer size: 5/5
[2025-12-02 02:39:21] 
============================================================
[2025-12-02 02:39:21] 🔄 Processing batch of 5 feedback points
[2025-12-02 02:39:21] ============================================================
[2025-12-02 02:39:21] ✓ POSITIVE | Customer: CUST_000139 | Cluster: 0 | Score: 3.17 | Update #106
[2025-12-02 02:39:21] ✓ POSITIVE | Customer: CUST_011191 | Cluster: 5 | Score: 3.03 | Update #107
[2025-12-02 02:39:21] ✓ POSITIVE | Customer: CUST_009504 | Cluster: 5 | Score: 0.97 | Update #108
[2025-12-02 02:39:21] ✓ POSITIVE | Customer: CUST_000139 | Cluster: 0 | Score: 4.85 | Update #109
[2025-12-02 02:39:21] ✓ POSITIVE | Customer: CUST_005536 | Cluster: 7 | Score: -3.82 | Update #110
[2025-12-02 02:39:21] 
💾 Saving model after 110 updates...
[2025-12-02 02:39:21] ✓ Model saved to /home/crazy_warlord/TargettedCalling/Persistence/model_car.json
[2025-12-02 02:39:21] ✓ Current state: Components=8, Positive=67, Negative=43

[2025-12-02 02:39:21] ✓ Batch complete: 5 updates, 0 errors
[2025-12-02 02:39:21] 📥 RECEIVED FEEDBACK | Customer: CUST_009504 | Bought: True
[2025-12-02 02:39:21] Buffer size: 1/5
[2025-12-02 02:39:21] 📥 RECEIVED FEEDBACK | Customer: CUST_005536 | Bought: True
[2025-12-02 02:39:21] Buffer size: 2/5
[2025-12-02 02:39:21] 📥 RECEIVED FEEDBACK | Customer: CUST_011190 | Bought: True
[2025-12-02 02:39:21] Buffer size: 3/5
[2025-12-02 02:39:21] 📥 RECEIVED FEEDBACK | Customer: CUST_009359 | Bought: True
[2025-12-02 02:39:21] Buffer size: 4/5
[2025-12-02 02:39:21] 📥 RECEIVED FEEDBACK | Customer: CUST_009591 | Bought: False
[2025-12-02 02:39:21] Buffer size: 5/5
[2025-12-02 02:39:21] 
============================================================
[2025-12-02 02:39:21] 🔄 Processing batch of 5 feedback points
[2025-12-02 02:39:21] ============================================================
[2025-12-02 02:39:21] ✓ POSITIVE | Customer: CUST_009504 | Cluster: 5 | Score: 2.52 | Update #111
[2025-12-02 02:39:21] ✓ POSITIVE | Customer: CUST_005536 | Cluster: 7 | Score: -3.82 | Update #112
[2025-12-02 02:39:21] ✓ POSITIVE | Customer: CUST_011190 | Cluster: 3 | Score: 0.79 | Update #113
[2025-12-02 02:39:21] ✓ POSITIVE | Customer: CUST_009359 | Cluster: 5 | Score: 2.68 | Update #114
[2025-12-02 02:39:21] ✗ NEGATIVE | Customer: CUST_009591 | Cluster: 3 | Score: 1.61 | Update #115
[2025-12-02 02:39:21] 
💾 Saving model after 115 updates...
[2025-12-02 02:39:21] ✓ Model saved to /home/crazy_warlord/TargettedCalling/Persistence/model_car.json
[2025-12-02 02:39:21] ✓ Current state: Components=8, Positive=71, Negative=44

[2025-12-02 02:39:21] ✓ Batch complete: 5 updates, 0 errors
[2025-12-02 02:39:21] 📥 RECEIVED FEEDBACK | Customer: CUST_011191 | Bought: True
[2025-12-02 02:39:21] Buffer size: 1/5
[2025-12-02 02:39:21] 📥 RECEIVED FEEDBACK | Customer: CUST_000139 | Bought: False
[2025-12-02 02:39:21] Buffer size: 2/5
[2025-12-02 02:39:21] 📥 RECEIVED FEEDBACK | Customer: CUST_009364 | Bought: True
[2025-12-02 02:39:21] Buffer size: 3/5
[2025-12-02 02:39:21] 📥 RECEIVED FEEDBACK | Customer: CUST_011190 | Bought: True
[2025-12-02 02:39:21] Buffer size: 4/5
[2025-12-02 02:39:22] 📥 RECEIVED FEEDBACK | Customer: CUST_011186 | Bought: True
[2025-12-02 02:39:22] Buffer size: 5/5
[2025-12-02 02:39:22] 
============================================================
[2025-12-02 02:39:22] 🔄 Processing batch of 5 feedback points
[2025-12-02 02:39:22] ============================================================
[2025-12-02 02:39:22] ✓ POSITIVE | Customer: CUST_011191 | Cluster: 5 | Score: 3.37 | Update #116
[2025-12-02 02:39:22] ✗ NEGATIVE | Customer: CUST_000139 | Cluster: 0 | Score: 5.85 | Update #117
[2025-12-02 02:39:22] ✓ POSITIVE | Customer: CUST_009364 | Cluster: 7 | Score: -3.11 | Update #118
[2025-12-02 02:39:22] ✓ POSITIVE | Customer: CUST_011190 | Cluster: 3 | Score: 1.91 | Update #119
[2025-12-02 02:39:22] ✓ POSITIVE | Customer: CUST_011186 | Cluster: 0 | Score: 7.66 | Update #120
[2025-12-02 02:39:22] 
💾 Saving model after 120 updates...
[2025-12-02 02:39:22] ✓ Model saved to /home/crazy_warlord/TargettedCalling/Persistence/model_car.json
[2025-12-02 02:39:22] ✓ Current state: Components=8, Positive=75, Negative=45

[2025-12-02 02:39:22] ✓ Batch complete: 5 updates, 0 errors
[2025-12-02 02:39:22] 📥 RECEIVED FEEDBACK | Customer: CUST_002977 | Bought: True
[2025-12-02 02:39:22] Buffer size: 1/5
[2025-12-02 02:39:22] 📥 RECEIVED FEEDBACK | Customer: CUST_011186 | Bought: True
[2025-12-02 02:39:22] Buffer size: 2/5
[2025-12-02 02:39:22] 📥 RECEIVED FEEDBACK | Customer: CUST_000236 | Bought: True
[2025-12-02 02:39:22] Buffer size: 3/5
[2025-12-02 02:39:22] 📥 RECEIVED FEEDBACK | Customer: CUST_011190 | Bought: True
[2025-12-02 02:39:22] Buffer size: 4/5
[2025-12-02 02:39:22] 📥 RECEIVED FEEDBACK | Customer: CUST_011186 | Bought: True
[2025-12-02 02:39:22] Buffer size: 5/5
[2025-12-02 02:39:22] 
============================================================
[2025-12-02 02:39:22] 🔄 Processing batch of 5 feedback points
[2025-12-02 02:39:22] ============================================================
[2025-12-02 02:39:22] ✓ POSITIVE | Customer: CUST_002977 | Cluster: 7 | Score: 1.43 | Update #121
[2025-12-02 02:39:22] ✓ POSITIVE | Customer: CUST_011186 | Cluster: 0 | Score: 8.02 | Update #122
[2025-12-02 02:39:22] ✓ POSITIVE | Customer: CUST_000236 | Cluster: 1 | Score: 3.09 | Update #123
[2025-12-02 02:39:22] ✓ POSITIVE | Customer: CUST_011190 | Cluster: 3 | Score: 2.58 | Update #124
[2025-12-02 02:39:22] ✓ POSITIVE | Customer: CUST_011186 | Cluster: 0 | Score: 8.34 | Update #125
[2025-12-02 02:39:22] 
💾 Saving model after 125 updates...
[2025-12-02 02:39:22] ✓ Model saved to /home/crazy_warlord/TargettedCalling/Persistence/model_car.json
[2025-12-02 02:39:22] ✓ Current state: Components=8, Positive=80, Negative=45

[2025-12-02 02:39:22] ✓ Batch complete: 5 updates, 0 errors
[2025-12-02 02:39:22] 📥 RECEIVED FEEDBACK | Customer: CUST_011190 | Bought: False
[2025-12-02 02:39:22] Buffer size: 1/5
[2025-12-02 02:39:22] 📥 RECEIVED FEEDBACK | Customer: CUST_005143 | Bought: True
[2025-12-02 02:39:22] Buffer size: 2/5
[2025-12-02 02:39:22] 📥 RECEIVED FEEDBACK | Customer: CUST_011186 | Bought: False
[2025-12-02 02:39:22] Buffer size: 3/5
[2025-12-02 02:39:22] 📥 RECEIVED FEEDBACK | Customer: CUST_011191 | Bought: True
[2025-12-02 02:39:22] Buffer size: 4/5
[2025-12-02 02:39:22] 📥 RECEIVED FEEDBACK | Customer: CUST_002976 | Bought: True
[2025-12-02 02:39:22] Buffer size: 5/5
[2025-12-02 02:39:22] 
============================================================
[2025-12-02 02:39:22] 🔄 Processing batch of 5 feedback points
[2025-12-02 02:39:22] ============================================================
[2025-12-02 02:39:22] ✗ NEGATIVE | Customer: CUST_011190 | Cluster: 3 | Score: 3.05 | Update #126
[2025-12-02 02:39:22] ✓ POSITIVE | Customer: CUST_005143 | Cluster: 1 | Score: 3.45 | Update #127
[2025-12-02 02:39:22] ✗ NEGATIVE | Customer: CUST_011186 | Cluster: 0 | Score: 8.64 | Update #128
[2025-12-02 02:39:22] ✓ POSITIVE | Customer: CUST_011191 | Cluster: 5 | Score: 3.92 | Update #129
[2025-12-02 02:39:22] ✓ POSITIVE | Customer: CUST_002976 | Cluster: 6 | Score: 3.48 | Update #130
[2025-12-02 02:39:22] 
💾 Saving model after 130 updates...
[2025-12-02 02:39:22] ✓ Model saved to /home/crazy_warlord/TargettedCalling/Persistence/model_car.json
[2025-12-02 02:39:23] ✓ Current state: Components=8, Positive=83, Negative=47

[2025-12-02 02:39:23] ✓ Batch complete: 5 updates, 0 errors
[2025-12-02 02:39:23] 📥 RECEIVED FEEDBACK | Customer: CUST_009591 | Bought: False
[2025-12-02 02:39:23] Buffer size: 1/5
[2025-12-02 02:39:23] 📥 RECEIVED FEEDBACK | Customer: CUST_005123 | Bought: True
[2025-12-02 02:39:23] Buffer size: 2/5
[2025-12-02 02:39:23] 📥 RECEIVED FEEDBACK | Customer: CUST_011191 | Bought: True
[2025-12-02 02:39:23] Buffer size: 3/5
[2025-12-02 02:39:23] 📥 RECEIVED FEEDBACK | Customer: CUST_005143 | Bought: False
[2025-12-02 02:39:23] Buffer size: 4/5
[2025-12-02 02:39:23] 📥 RECEIVED FEEDBACK | Customer: CUST_002977 | Bought: True
[2025-12-02 02:39:23] Buffer size: 5/5
[2025-12-02 02:39:23] 
============================================================
[2025-12-02 02:39:23] 🔄 Processing batch of 5 feedback points
[2025-12-02 02:39:23] ============================================================
[2025-12-02 02:39:23] ✗ NEGATIVE | Customer: CUST_009591 | Cluster: 3 | Score: 1.43 | Update #131
[2025-12-02 02:39:23] ✓ POSITIVE | Customer: CUST_005123 | Cluster: 7 | Score: -6.24 | Update #132
[2025-12-02 02:39:23] ✓ POSITIVE | Customer: CUST_011191 | Cluster: 5 | Score: 4.33 | Update #133
[2025-12-02 02:39:23] ✗ NEGATIVE | Customer: CUST_005143 | Cluster: 1 | Score: 3.96 | Update #134
[2025-12-02 02:39:23] ✓ POSITIVE | Customer: CUST_002977 | Cluster: 7 | Score: 2.46 | Update #135
[2025-12-02 02:39:23] 
💾 Saving model after 135 updates...
[2025-12-02 02:39:23] ✓ Model saved to /home/crazy_warlord/TargettedCalling/Persistence/model_car.json
[2025-12-02 02:39:23] ✓ Current state: Components=8, Positive=86, Negative=49

[2025-12-02 02:39:23] ✓ Batch complete: 5 updates, 0 errors
[2025-12-02 02:39:23] 📥 RECEIVED FEEDBACK | Customer: CUST_000236 | Bought: False
[2025-12-02 02:39:23] Buffer size: 1/5
[2025-12-02 02:39:23] 📥 RECEIVED FEEDBACK | Customer: CUST_002977 | Bought: True
[2025-12-02 02:39:23] Buffer size: 2/5
[2025-12-02 02:39:23] 📥 RECEIVED FEEDBACK | Customer: CUST_005123 | Bought: True
[2025-12-02 02:39:23] Buffer size: 3/5
[2025-12-02 02:39:23] 📥 RECEIVED FEEDBACK | Customer: CUST_002977 | Bought: True
[2025-12-02 02:39:23] Buffer size: 4/5
[2025-12-02 02:39:23] 📥 RECEIVED FEEDBACK | Customer: CUST_009591 | Bought: False
[2025-12-02 02:39:23] Buffer size: 5/5
[2025-12-02 02:39:23] 
============================================================
[2025-12-02 02:39:23] 🔄 Processing batch of 5 feedback points
[2025-12-02 02:39:23] ============================================================
[2025-12-02 02:39:23] ✗ NEGATIVE | Customer: CUST_000236 | Cluster: 1 | Score: 3.52 | Update #136
[2025-12-02 02:39:23] ✓ POSITIVE | Customer: CUST_002977 | Cluster: 7 | Score: 3.12 | Update #137
[2025-12-02 02:39:23] ✓ POSITIVE | Customer: CUST_005123 | Cluster: 7 | Score: -6.53 | Update #138
[2025-12-02 02:39:23] ✓ POSITIVE | Customer: CUST_002977 | Cluster: 7 | Score: 3.60 | Update #139
[2025-12-02 02:39:23] ✗ NEGATIVE | Customer: CUST_009591 | Cluster: 3 | Score: 1.43 | Update #140
[2025-12-02 02:39:23] 
💾 Saving model after 140 updates...
[2025-12-02 02:39:23] ✓ Model saved to /home/crazy_warlord/TargettedCalling/Persistence/model_car.json
[2025-12-02 02:39:23] ✓ Current state: Components=8, Positive=89, Negative=51

[2025-12-02 02:39:23] ✓ Batch complete: 5 updates, 0 errors
[2025-12-02 02:39:25] 📥 RECEIVED FEEDBACK | Customer: CUST_005123 | Bought: False
[2025-12-02 02:39:25] Buffer size: 1/5
[2025-12-02 02:39:25] 📥 RECEIVED FEEDBACK | Customer: CUST_011186 | Bought: True
[2025-12-02 02:39:25] Buffer size: 2/5
[2025-12-02 02:39:25] 📥 RECEIVED FEEDBACK | Customer: CUST_005089 | Bought: True
[2025-12-02 02:39:25] Buffer size: 3/5
[2025-12-02 02:39:25] 📥 RECEIVED FEEDBACK | Customer: CUST_005089 | Bought: True
[2025-12-02 02:39:25] Buffer size: 4/5
[2025-12-02 02:39:25] 📥 RECEIVED FEEDBACK | Customer: CUST_005120 | Bought: True
[2025-12-02 02:39:25] Buffer size: 5/5
[2025-12-02 02:39:25] 
============================================================
[2025-12-02 02:39:25] 🔄 Processing batch of 5 feedback points
[2025-12-02 02:39:25] ============================================================
[2025-12-02 02:39:25] ✗ NEGATIVE | Customer: CUST_005123 | Cluster: 7 | Score: -6.81 | Update #141
[2025-12-02 02:39:25] ✓ POSITIVE | Customer: CUST_011186 | Cluster: 0 | Score: 8.64 | Update #142
[2025-12-02 02:39:25] ✓ POSITIVE | Customer: CUST_005089 | Cluster: 6 | Score: 4.86 | Update #143
[2025-12-02 02:39:25] ✓ POSITIVE | Customer: CUST_005089 | Cluster: 6 | Score: 5.74 | Update #144
[2025-12-02 02:39:25] ✓ POSITIVE | Customer: CUST_005120 | Cluster: 5 | Score: -1.29 | Update #145
[2025-12-02 02:39:25] 
💾 Saving model after 145 updates...
[2025-12-02 02:39:25] ✓ Model saved to /home/crazy_warlord/TargettedCalling/Persistence/model_car.json
[2025-12-02 02:39:25] ✓ Current state: Components=8, Positive=93, Negative=52

[2025-12-02 02:39:25] ✓ Batch complete: 5 updates, 0 errors
[2025-12-02 02:39:25] 📥 RECEIVED FEEDBACK | Customer: CUST_003009 | Bought: True
[2025-12-02 02:39:25] Buffer size: 1/5
[2025-12-02 02:39:25] 📥 RECEIVED FEEDBACK | Customer: CUST_002963 | Bought: True
[2025-12-02 02:39:25] Buffer size: 2/5
[2025-12-02 02:39:25] 📥 RECEIVED FEEDBACK | Customer: CUST_005098 | Bought: False
[2025-12-02 02:39:25] Buffer size: 3/5
[2025-12-02 02:39:25] 📥 RECEIVED FEEDBACK | Customer: CUST_011186 | Bought: False
[2025-12-02 02:39:25] Buffer size: 4/5
[2025-12-02 02:39:25] 📥 RECEIVED FEEDBACK | Customer: CUST_003009 | Bought: True
[2025-12-02 02:39:25] Buffer size: 5/5
[2025-12-02 02:39:25] 
============================================================
[2025-12-02 02:39:25] 🔄 Processing batch of 5 feedback points
[2025-12-02 02:39:25] ============================================================
[2025-12-02 02:39:25] ✓ POSITIVE | Customer: CUST_003009 | Cluster: 0 | Score: -1.92 | Update #146
[2025-12-02 02:39:25] ✓ POSITIVE | Customer: CUST_002963 | Cluster: 7 | Score: -0.86 | Update #147
[2025-12-02 02:39:25] ✗ NEGATIVE | Customer: CUST_005098 | Cluster: 4 | Score: 0.17 | Update #148
[2025-12-02 02:39:25] ✗ NEGATIVE | Customer: CUST_011186 | Cluster: 0 | Score: 8.91 | Update #149
[2025-12-02 02:39:25] ✓ POSITIVE | Customer: CUST_003009 | Cluster: 0 | Score: -1.92 | Update #150
[2025-12-02 02:39:25] 
💾 Saving model after 150 updates...
[2025-12-02 02:39:25] ✓ Model saved to /home/crazy_warlord/TargettedCalling/Persistence/model_car.json
[2025-12-02 02:39:25] ✓ Current state: Components=8, Positive=96, Negative=54

[2025-12-02 02:39:25] ✓ Batch complete: 5 updates, 0 errors
[2025-12-02 02:39:25] 📥 RECEIVED FEEDBACK | Customer: CUST_005094 | Bought: True
[2025-12-02 02:39:25] Buffer size: 1/5
[2025-12-02 02:39:25] 📥 RECEIVED FEEDBACK | Customer: CUST_000236 | Bought: False
[2025-12-02 02:39:25] Buffer size: 2/5
[2025-12-02 02:39:25] 📥 RECEIVED FEEDBACK | Customer: CUST_003009 | Bought: False
[2025-12-02 02:39:25] Buffer size: 3/5
[2025-12-02 02:39:25] 📥 RECEIVED FEEDBACK | Customer: CUST_005123 | Bought: True
[2025-12-02 02:39:25] Buffer size: 4/5
[2025-12-02 02:39:25] 📥 RECEIVED FEEDBACK | Customer: CUST_003009 | Bought: True
[2025-12-02 02:39:25] Buffer size: 5/5
[2025-12-02 02:39:25] 
============================================================
[2025-12-02 02:39:25] 🔄 Processing batch of 5 feedback points
[2025-12-02 02:39:25] ============================================================
[2025-12-02 02:39:25] ✓ POSITIVE | Customer: CUST_005094 | Cluster: 1 | Score: 1.42 | Update #151
[2025-12-02 02:39:25] ✗ NEGATIVE | Customer: CUST_000236 | Cluster: 1 | Score: 3.69 | Update #152
[2025-12-02 02:39:25] ✗ NEGATIVE | Customer: CUST_003009 | Cluster: 0 | Score: -1.92 | Update #153
[2025-12-02 02:39:25] ✓ POSITIVE | Customer: CUST_005123 | Cluster: 7 | Score: -7.09 | Update #154
[2025-12-02 02:39:26] ✓ POSITIVE | Customer: CUST_003009 | Cluster: 0 | Score: -1.92 | Update #155
[2025-12-02 02:39:26] 
💾 Saving model after 155 updates...
[2025-12-02 02:39:26] ✓ Model saved to /home/crazy_warlord/TargettedCalling/Persistence/model_car.json
[2025-12-02 02:39:26] ✓ Current state: Components=8, Positive=99, Negative=56

[2025-12-02 02:39:26] ✓ Batch complete: 5 updates, 0 errors
[2025-12-02 02:39:26] 📥 RECEIVED FEEDBACK | Customer: CUST_009616 | Bought: True
[2025-12-02 02:39:26] Buffer size: 1/5
[2025-12-02 02:39:26] 📥 RECEIVED FEEDBACK | Customer: CUST_009616 | Bought: True
[2025-12-02 02:39:26] Buffer size: 2/5
[2025-12-02 02:39:26] 📥 RECEIVED FEEDBACK | Customer: CUST_005089 | Bought: True
[2025-12-02 02:39:26] Buffer size: 3/5
[2025-12-02 02:39:26] 📥 RECEIVED FEEDBACK | Customer: CUST_005098 | Bought: True
[2025-12-02 02:39:26] Buffer size: 4/5
[2025-12-02 02:39:26] 📥 RECEIVED FEEDBACK | Customer: CUST_000236 | Bought: True
[2025-12-02 02:39:26] Buffer size: 5/5
[2025-12-02 02:39:26] 
============================================================
[2025-12-02 02:39:26] 🔄 Processing batch of 5 feedback points
[2025-12-02 02:39:26] ============================================================
[2025-12-02 02:39:26] ✓ POSITIVE | Customer: CUST_009616 | Cluster: 7 | Score: -0.57 | Update #156
[2025-12-02 02:39:26] ✓ POSITIVE | Customer: CUST_009616 | Cluster: 7 | Score: 1.59 | Update #157
[2025-12-02 02:39:26] ✓ POSITIVE | Customer: CUST_005089 | Cluster: 6 | Score: 6.39 | Update #158
[2025-12-02 02:39:26] ✓ POSITIVE | Customer: CUST_005098 | Cluster: 4 | Score: 0.17 | Update #159
[2025-12-02 02:39:26] ✓ POSITIVE | Customer: CUST_000236 | Cluster: 1 | Score: 3.69 | Update #160
[2025-12-02 02:39:26] 
💾 Saving model after 160 updates...
[2025-12-02 02:39:26] ✓ Model saved to /home/crazy_warlord/TargettedCalling/Persistence/model_car.json
[2025-12-02 02:39:26] ✓ Current state: Components=8, Positive=104, Negative=56

[2025-12-02 02:39:26] ✓ Batch complete: 5 updates, 0 errors
[2025-12-02 02:39:26] 📥 RECEIVED FEEDBACK | Customer: CUST_011152 | Bought: True
[2025-12-02 02:39:26] Buffer size: 1/5
[2025-12-02 02:39:26] 📥 RECEIVED FEEDBACK | Customer: CUST_002963 | Bought: True
[2025-12-02 02:39:26] Buffer size: 2/5
[2025-12-02 02:39:26] 📥 RECEIVED FEEDBACK | Customer: CUST_003009 | Bought: True
[2025-12-02 02:39:26] Buffer size: 3/5
[2025-12-02 02:39:26] 📥 RECEIVED FEEDBACK | Customer: CUST_005120 | Bought: True
[2025-12-02 02:39:26] Buffer size: 4/5
[2025-12-02 02:39:26] 📥 RECEIVED FEEDBACK | Customer: CUST_005089 | Bought: False
[2025-12-02 02:39:26] Buffer size: 5/5
[2025-12-02 02:39:26] 
============================================================
[2025-12-02 02:39:26] 🔄 Processing batch of 5 feedback points
[2025-12-02 02:39:26] ============================================================
[2025-12-02 02:39:26] ✓ POSITIVE | Customer: CUST_011152 | Cluster: 1 | Score: 2.48 | Update #161
[2025-12-02 02:39:26] ✓ POSITIVE | Customer: CUST_002963 | Cluster: 7 | Score: 1.09 | Update #162
[2025-12-02 02:39:26] ✓ POSITIVE | Customer: CUST_003009 | Cluster: 0 | Score: -1.92 | Update #163
[2025-12-02 02:39:26] ✓ POSITIVE | Customer: CUST_005120 | Cluster: 5 | Score: -1.29 | Update #164
[2025-12-02 02:39:26] ✗ NEGATIVE | Customer: CUST_005089 | Cluster: 6 | Score: 6.93 | Update #165
[2025-12-02 02:39:26] 
💾 Saving model after 165 updates...
[2025-12-02 02:39:26] ✓ Model saved to /home/crazy_warlord/TargettedCalling/Persistence/model_car.json
[2025-12-02 02:39:26] ✓ Current state: Components=8, Positive=108, Negative=57

[2025-12-02 02:39:26] ✓ Batch complete: 5 updates, 0 errors
[2025-12-02 02:39:26] 📥 RECEIVED FEEDBACK | Customer: CUST_003009 | Bought: False
[2025-12-02 02:39:26] Buffer size: 1/5
[2025-12-02 02:39:26] 📥 RECEIVED FEEDBACK | Customer: CUST_011152 | Bought: True
[2025-12-02 02:39:26] Buffer size: 2/5
[2025-12-02 02:39:26] 📥 RECEIVED FEEDBACK | Customer: CUST_005094 | Bought: True
[2025-12-02 02:39:26] Buffer size: 3/5
[2025-12-02 02:39:28] 📥 RECEIVED FEEDBACK | Customer: CUST_011182 | Bought: True
[2025-12-02 02:39:28] Buffer size: 4/5
[2025-12-02 02:39:28] 📥 RECEIVED FEEDBACK | Customer: CUST_011249 | Bought: False
[2025-12-02 02:39:28] Buffer size: 5/5
[2025-12-02 02:39:28] 
============================================================
[2025-12-02 02:39:28] 🔄 Processing batch of 5 feedback points
[2025-12-02 02:39:28] ============================================================
[2025-12-02 02:39:28] ✗ NEGATIVE | Customer: CUST_003009 | Cluster: 0 | Score: -1.92 | Update #166
[2025-12-02 02:39:28] ✓ POSITIVE | Customer: CUST_011152 | Cluster: 1 | Score: 3.39 | Update #167
[2025-12-02 02:39:28] ✓ POSITIVE | Customer: CUST_005094 | Cluster: 1 | Score: 2.63 | Update #168
[2025-12-02 02:39:28] ✓ POSITIVE | Customer: CUST_011182 | Cluster: 0 | Score: 5.69 | Update #169
[2025-12-02 02:39:28] ✗ NEGATIVE | Customer: CUST_011249 | Cluster: 5 | Score: -2.03 | Update #170
[2025-12-02 02:39:28] 
💾 Saving model after 170 updates...
[2025-12-02 02:39:28] ✓ Model saved to /home/crazy_warlord/TargettedCalling/Persistence/model_car.json
[2025-12-02 02:39:28] ✓ Current state: Components=8, Positive=111, Negative=59

[2025-12-02 02:39:28] ✓ Batch complete: 5 updates, 0 errors
[2025-12-02 02:39:28] 📥 RECEIVED FEEDBACK | Customer: CUST_005284 | Bought: True
[2025-12-02 02:39:28] Buffer size: 1/5
[2025-12-02 02:39:28] 📥 RECEIVED FEEDBACK | Customer: CUST_005120 | Bought: True
[2025-12-02 02:39:28] Buffer size: 2/5
[2025-12-02 02:39:28] 📥 RECEIVED FEEDBACK | Customer: CUST_011249 | Bought: True
[2025-12-02 02:39:28] Buffer size: 3/5
[2025-12-02 02:39:28] 📥 RECEIVED FEEDBACK | Customer: CUST_005284 | Bought: False
[2025-12-02 02:39:28] Buffer size: 4/5
[2025-12-02 02:39:28] 📥 RECEIVED FEEDBACK | Customer: CUST_011182 | Bought: True
[2025-12-02 02:39:28] Buffer size: 5/5
[2025-12-02 02:39:28] 
============================================================
[2025-12-02 02:39:28] 🔄 Processing batch of 5 feedback points
[2025-12-02 02:39:28] ============================================================
[2025-12-02 02:39:28] ✓ POSITIVE | Customer: CUST_005284 | Cluster: 4 | Score: -0.55 | Update #171
[2025-12-02 02:39:28] ✓ POSITIVE | Customer: CUST_005120 | Cluster: 5 | Score: -1.29 | Update #172
[2025-12-02 02:39:28] ✓ POSITIVE | Customer: CUST_011249 | Cluster: 5 | Score: -2.03 | Update #173
[2025-12-02 02:39:28] ✗ NEGATIVE | Customer: CUST_005284 | Cluster: 4 | Score: 1.82 | Update #174
[2025-12-02 02:39:28] ✓ POSITIVE | Customer: CUST_011182 | Cluster: 0 | Score: 6.61 | Update #175
[2025-12-02 02:39:28] 
💾 Saving model after 175 updates...
[2025-12-02 02:39:28] ✓ Model saved to /home/crazy_warlord/TargettedCalling/Persistence/model_car.json
[2025-12-02 02:39:28] ✓ Current state: Components=8, Positive=115, Negative=60

[2025-12-02 02:39:28] ✓ Batch complete: 5 updates, 0 errors
[2025-12-02 02:39:28] 📥 RECEIVED FEEDBACK | Customer: CUST_011249 | Bought: True
[2025-12-02 02:39:28] Buffer size: 1/5
[2025-12-02 02:39:28] 📥 RECEIVED FEEDBACK | Customer: CUST_005284 | Bought: True
[2025-12-02 02:39:28] Buffer size: 2/5
[2025-12-02 02:39:28] 📥 RECEIVED FEEDBACK | Customer: CUST_005284 | Bought: True
[2025-12-02 02:39:28] Buffer size: 3/5
[2025-12-02 02:39:28] 📥 RECEIVED FEEDBACK | Customer: CUST_011182 | Bought: True
[2025-12-02 02:39:28] Buffer size: 4/5
[2025-12-02 02:39:28] 📥 RECEIVED FEEDBACK | Customer: CUST_005291 | Bought: True
[2025-12-02 02:39:28] Buffer size: 5/5
[2025-12-02 02:39:28] 
============================================================
[2025-12-02 02:39:28] 🔄 Processing batch of 5 feedback points
[2025-12-02 02:39:28] ============================================================
[2025-12-02 02:39:28] ✓ POSITIVE | Customer: CUST_011249 | Cluster: 5 | Score: -2.03 | Update #176
[2025-12-02 02:39:28] ✓ POSITIVE | Customer: CUST_005284 | Cluster: 4 | Score: 1.82 | Update #177
[2025-12-02 02:39:28] ✓ POSITIVE | Customer: CUST_005284 | Cluster: 4 | Score: 2.93 | Update #178
[2025-12-02 02:39:28] ✓ POSITIVE | Customer: CUST_011182 | Cluster: 0 | Score: 7.26 | Update #179
[2025-12-02 02:39:28] ✓ POSITIVE | Customer: CUST_005291 | Cluster: 4 | Score: -11.71 | Update #180
[2025-12-02 02:39:28] 
💾 Saving model after 180 updates...
[2025-12-02 02:39:29] ✓ Model saved to /home/crazy_warlord/TargettedCalling/Persistence/model_car.json
[2025-12-02 02:39:29] ✓ Current state: Components=8, Positive=120, Negative=60

[2025-12-02 02:39:29] ✓ Batch complete: 5 updates, 0 errors
[2025-12-02 02:39:29] 📥 RECEIVED FEEDBACK | Customer: CUST_009522 | Bought: False
[2025-12-02 02:39:29] Buffer size: 1/5
[2025-12-02 02:39:29] 📥 RECEIVED FEEDBACK | Customer: CUST_003005 | Bought: True
[2025-12-02 02:39:29] Buffer size: 2/5
[2025-12-02 02:39:29] 📥 RECEIVED FEEDBACK | Customer: CUST_011249 | Bought: True
[2025-12-02 02:39:29] Buffer size: 3/5
[2025-12-02 02:39:29] 📥 RECEIVED FEEDBACK | Customer: CUST_009522 | Bought: True
[2025-12-02 02:39:29] Buffer size: 4/5
[2025-12-02 02:39:29] 📥 RECEIVED FEEDBACK | Customer: CUST_005120 | Bought: True
[2025-12-02 02:39:29] Buffer size: 5/5
[2025-12-02 02:39:29] 
============================================================
[2025-12-02 02:39:29] 🔄 Processing batch of 5 feedback points
[2025-12-02 02:39:29] ============================================================
[2025-12-02 02:39:29] ✗ NEGATIVE | Customer: CUST_009522 | Cluster: 4 | Score: 3.09 | Update #181
[2025-12-02 02:39:29] ✓ POSITIVE | Customer: CUST_003005 | Cluster: 3 | Score: 3.05 | Update #182
[2025-12-02 02:39:29] ✓ POSITIVE | Customer: CUST_011249 | Cluster: 5 | Score: -2.03 | Update #183
[2025-12-02 02:39:29] ✓ POSITIVE | Customer: CUST_009522 | Cluster: 4 | Score: 3.09 | Update #184
[2025-12-02 02:39:29] ✓ POSITIVE | Customer: CUST_005120 | Cluster: 5 | Score: -1.29 | Update #185
[2025-12-02 02:39:29] 
💾 Saving model after 185 updates...
[2025-12-02 02:39:29] ✓ Model saved to /home/crazy_warlord/TargettedCalling/Persistence/model_car.json
[2025-12-02 02:39:29] ✓ Current state: Components=8, Positive=124, Negative=61

[2025-12-02 02:39:29] ✓ Batch complete: 5 updates, 0 errors
[2025-12-02 02:39:29] 📥 RECEIVED FEEDBACK | Customer: CUST_002835 | Bought: True
[2025-12-02 02:39:29] Buffer size: 1/5
[2025-12-02 02:39:29] 📥 RECEIVED FEEDBACK | Customer: CUST_005291 | Bought: True
[2025-12-02 02:39:29] Buffer size: 2/5
[2025-12-02 02:39:29] 📥 RECEIVED FEEDBACK | Customer: CUST_003005 | Bought: False
[2025-12-02 02:39:29] Buffer size: 3/5
[2025-12-02 02:39:29] 📥 RECEIVED FEEDBACK | Customer: CUST_011182 | Bought: False
[2025-12-02 02:39:29] Buffer size: 4/5
[2025-12-02 02:39:29] 📥 RECEIVED FEEDBACK | Customer: CUST_002835 | Bought: False
[2025-12-02 02:39:29] Buffer size: 5/5
[2025-12-02 02:39:29] 
============================================================
[2025-12-02 02:39:29] 🔄 Processing batch of 5 feedback points
[2025-12-02 02:39:29] ============================================================
[2025-12-02 02:39:29] ✓ POSITIVE | Customer: CUST_002835 | Cluster: 2 | Score: 0.32 | Update #186
[2025-12-02 02:39:29] ✓ POSITIVE | Customer: CUST_005291 | Cluster: 4 | Score: -10.74 | Update #187
[2025-12-02 02:39:29] ✗ NEGATIVE | Customer: CUST_003005 | Cluster: 3 | Score: 3.41 | Update #188
[2025-12-02 02:39:29] ✗ NEGATIVE | Customer: CUST_011182 | Cluster: 0 | Score: 7.76 | Update #189
[2025-12-02 02:39:29] ✗ NEGATIVE | Customer: CUST_002835 | Cluster: 2 | Score: 1.05 | Update #190
[2025-12-02 02:39:29] 
💾 Saving model after 190 updates...
[2025-12-02 02:39:29] ✓ Model saved to /home/crazy_warlord/TargettedCalling/Persistence/model_car.json
[2025-12-02 02:39:29] ✓ Current state: Components=8, Positive=126, Negative=64

[2025-12-02 02:39:29] ✓ Batch complete: 5 updates, 0 errors
[2025-12-02 02:39:31] 📥 RECEIVED FEEDBACK | Customer: CUST_009556 | Bought: True
[2025-12-02 02:39:31] Buffer size: 1/5
[2025-12-02 02:39:31] 📥 RECEIVED FEEDBACK | Customer: CUST_009504 | Bought: False
[2025-12-02 02:39:31] Buffer size: 2/5
[2025-12-02 02:39:31] 📥 RECEIVED FEEDBACK | Customer: CUST_009557 | Bought: True
[2025-12-02 02:39:31] Buffer size: 3/5
[2025-12-02 02:39:31] 📥 RECEIVED FEEDBACK | Customer: CUST_005291 | Bought: True
[2025-12-02 02:39:31] Buffer size: 4/5
[2025-12-02 02:39:31] 📥 RECEIVED FEEDBACK | Customer: CUST_011217 | Bought: True
[2025-12-02 02:39:31] Buffer size: 5/5
[2025-12-02 02:39:31] 
============================================================
[2025-12-02 02:39:31] 🔄 Processing batch of 5 feedback points
[2025-12-02 02:39:31] ============================================================
[2025-12-02 02:39:31] ✓ POSITIVE | Customer: CUST_009556 | Cluster: 0 | Score: 0.25 | Update #191
[2025-12-02 02:39:31] ✗ NEGATIVE | Customer: CUST_009504 | Cluster: 5 | Score: 3.08 | Update #192
[2025-12-02 02:39:31] ✓ POSITIVE | Customer: CUST_009557 | Cluster: 0 | Score: 5.12 | Update #193
[2025-12-02 02:39:31] ✓ POSITIVE | Customer: CUST_005291 | Cluster: 4 | Score: -10.74 | Update #194
[2025-12-02 02:39:31] ✓ POSITIVE | Customer: CUST_011217 | Cluster: 1 | Score: -5.15 | Update #195
[2025-12-02 02:39:31] 
💾 Saving model after 195 updates...
[2025-12-02 02:39:31] ✓ Model saved to /home/crazy_warlord/TargettedCalling/Persistence/model_car.json
[2025-12-02 02:39:31] ✓ Current state: Components=8, Positive=130, Negative=65

[2025-12-02 02:39:31] ✓ Batch complete: 5 updates, 0 errors
[2025-12-02 02:39:31] 📥 RECEIVED FEEDBACK | Customer: CUST_005193 | Bought: True
[2025-12-02 02:39:31] Buffer size: 1/5
[2025-12-02 02:39:31] 📥 RECEIVED FEEDBACK | Customer: CUST_005291 | Bought: True
[2025-12-02 02:39:31] Buffer size: 2/5
[2025-12-02 02:39:31] 📥 RECEIVED FEEDBACK | Customer: CUST_005193 | Bought: True
[2025-12-02 02:39:31] Buffer size: 3/5
[2025-12-02 02:39:31] 📥 RECEIVED FEEDBACK | Customer: CUST_011262 | Bought: False
[2025-12-02 02:39:31] Buffer size: 4/5
[2025-12-02 02:39:31] 📥 RECEIVED FEEDBACK | Customer: CUST_005204 | Bought: True
[2025-12-02 02:39:31] Buffer size: 5/5
[2025-12-02 02:39:31] 
============================================================
[2025-12-02 02:39:31] 🔄 Processing batch of 5 feedback points
[2025-12-02 02:39:31] ============================================================
[2025-12-02 02:39:31] ✓ POSITIVE | Customer: CUST_005193 | Cluster: 3 | Score: -0.99 | Update #196
[2025-12-02 02:39:31] ✓ POSITIVE | Customer: CUST_005291 | Cluster: 4 | Score: -10.74 | Update #197
[2025-12-02 02:39:31] ✓ POSITIVE | Customer: CUST_005193 | Cluster: 3 | Score: 1.14 | Update #198
[2025-12-02 02:39:31] ✗ NEGATIVE | Customer: CUST_011262 | Cluster: 1 | Score: 0.88 | Update #199
[2025-12-02 02:39:31] ✓ POSITIVE | Customer: CUST_005204 | Cluster: 1 | Score: 3.60 | Update #200
[2025-12-02 02:39:31] 
💾 Saving model after 200 updates...
[2025-12-02 02:39:31] ✓ Model saved to /home/crazy_warlord/TargettedCalling/Persistence/model_car.json
[2025-12-02 02:39:31] ✓ Current state: Components=8, Positive=134, Negative=66

[2025-12-02 02:39:31] ✓ Batch complete: 5 updates, 0 errors
[2025-12-02 02:39:31] 📥 RECEIVED FEEDBACK | Customer: CUST_005204 | Bought: False
[2025-12-02 02:39:31] Buffer size: 1/5
[2025-12-02 02:39:31] 📥 RECEIVED FEEDBACK | Customer: CUST_009504 | Bought: True
[2025-12-02 02:39:31] Buffer size: 2/5
[2025-12-02 02:39:31] 📥 RECEIVED FEEDBACK | Customer: CUST_011252 | Bought: False
[2025-12-02 02:39:31] Buffer size: 3/5
[2025-12-02 02:39:31] 📥 RECEIVED FEEDBACK | Customer: CUST_011262 | Bought: True
[2025-12-02 02:39:31] Buffer size: 4/5
[2025-12-02 02:39:31] 📥 RECEIVED FEEDBACK | Customer: CUST_009556 | Bought: True
[2025-12-02 02:39:31] Buffer size: 5/5
[2025-12-02 02:39:31] 
============================================================
[2025-12-02 02:39:31] 🔄 Processing batch of 5 feedback points
[2025-12-02 02:39:31] ============================================================
[2025-12-02 02:39:31] ✗ NEGATIVE | Customer: CUST_005204 | Cluster: 1 | Score: 4.06 | Update #201
[2025-12-02 02:39:31] ✓ POSITIVE | Customer: CUST_009504 | Cluster: 5 | Score: 3.08 | Update #202
[2025-12-02 02:39:31] ✗ NEGATIVE | Customer: CUST_011252 | Cluster: 3 | Score: 2.59 | Update #203
[2025-12-02 02:39:32] ✓ POSITIVE | Customer: CUST_011262 | Cluster: 1 | Score: 0.80 | Update #204
[2025-12-02 02:39:32] ✓ POSITIVE | Customer: CUST_009556 | Cluster: 0 | Score: 0.95 | Update #205
[2025-12-02 02:39:32] 
💾 Saving model after 205 updates...
[2025-12-02 02:39:32] ✓ Model saved to /home/crazy_warlord/TargettedCalling/Persistence/model_car.json
[2025-12-02 02:39:32] ✓ Current state: Components=8, Positive=137, Negative=68

[2025-12-02 02:39:32] ✓ Batch complete: 5 updates, 0 errors
[2025-12-02 02:39:32] 📥 RECEIVED FEEDBACK | Customer: CUST_011252 | Bought: True
[2025-12-02 02:39:32] Buffer size: 1/5
[2025-12-02 02:39:32] 📥 RECEIVED FEEDBACK | Customer: CUST_011217 | Bought: True
[2025-12-02 02:39:32] Buffer size: 2/5
[2025-12-02 02:39:32] 📥 RECEIVED FEEDBACK | Customer: CUST_009557 | Bought: True
[2025-12-02 02:39:32] Buffer size: 3/5
[2025-12-02 02:39:32] 📥 RECEIVED FEEDBACK | Customer: CUST_009557 | Bought: True
[2025-12-02 02:39:32] Buffer size: 4/5
[2025-12-02 02:39:34] 📥 RECEIVED FEEDBACK | Customer: CUST_009063 | Bought: False
[2025-12-02 02:39:34] Buffer size: 5/5
[2025-12-02 02:39:34] 
============================================================
[2025-12-02 02:39:34] 🔄 Processing batch of 5 feedback points
[2025-12-02 02:39:34] ============================================================
[2025-12-02 02:39:34] ✓ POSITIVE | Customer: CUST_011252 | Cluster: 3 | Score: 2.59 | Update #206
[2025-12-02 02:39:34] ✓ POSITIVE | Customer: CUST_011217 | Cluster: 1 | Score: -5.87 | Update #207
[2025-12-02 02:39:34] ✓ POSITIVE | Customer: CUST_009557 | Cluster: 0 | Score: 6.12 | Update #208
[2025-12-02 02:39:34] ✓ POSITIVE | Customer: CUST_009557 | Cluster: 0 | Score: 6.85 | Update #209
[2025-12-02 02:39:34] ✗ NEGATIVE | Customer: CUST_009063 | Cluster: 6 | Score: 4.13 | Update #210
[2025-12-02 02:39:34] 
💾 Saving model after 210 updates...
[2025-12-02 02:39:34] ✓ Model saved to /home/crazy_warlord/TargettedCalling/Persistence/model_car.json
[2025-12-02 02:39:34] ✓ Current state: Components=8, Positive=141, Negative=69

[2025-12-02 02:39:34] ✓ Batch complete: 5 updates, 0 errors
[2025-12-02 02:39:34] 📥 RECEIVED FEEDBACK | Customer: CUST_000646 | Bought: True
[2025-12-02 02:39:34] Buffer size: 1/5
[2025-12-02 02:39:34] 📥 RECEIVED FEEDBACK | Customer: CUST_005243 | Bought: True
[2025-12-02 02:39:34] Buffer size: 2/5
[2025-12-02 02:39:34] 📥 RECEIVED FEEDBACK | Customer: CUST_002160 | Bought: True
[2025-12-02 02:39:34] Buffer size: 3/5
[2025-12-02 02:39:34] 📥 RECEIVED FEEDBACK | Customer: CUST_011224 | Bought: False
[2025-12-02 02:39:34] Buffer size: 4/5
[2025-12-02 02:39:34] 📥 RECEIVED FEEDBACK | Customer: CUST_005243 | Bought: True
[2025-12-02 02:39:34] Buffer size: 5/5
[2025-12-02 02:39:34] 
============================================================
[2025-12-02 02:39:34] 🔄 Processing batch of 5 feedback points
[2025-12-02 02:39:34] ============================================================
[2025-12-02 02:39:34] ✓ POSITIVE | Customer: CUST_000646 | Cluster: 7 | Score: -3.72 | Update #211
[2025-12-02 02:39:34] ✓ POSITIVE | Customer: CUST_005243 | Cluster: 1 | Score: 0.26 | Update #212
[2025-12-02 02:39:34] ✓ POSITIVE | Customer: CUST_002160 | Cluster: 2 | Score: 1.59 | Update #213
[2025-12-02 02:39:34] ✗ NEGATIVE | Customer: CUST_011224 | Cluster: 1 | Score: 2.84 | Update #214
[2025-12-02 02:39:34] ✓ POSITIVE | Customer: CUST_005243 | Cluster: 1 | Score: 2.17 | Update #215
[2025-12-02 02:39:34] 
💾 Saving model after 215 updates...
[2025-12-02 02:39:34] ✓ Model saved to /home/crazy_warlord/TargettedCalling/Persistence/model_car.json
[2025-12-02 02:39:34] ✓ Current state: Components=8, Positive=145, Negative=70

[2025-12-02 02:39:34] ✓ Batch complete: 5 updates, 0 errors
[2025-12-02 02:39:34] 📥 RECEIVED FEEDBACK | Customer: CUST_009548 | Bought: True
[2025-12-02 02:39:34] Buffer size: 1/5
[2025-12-02 02:39:34] 📥 RECEIVED FEEDBACK | Customer: CUST_011224 | Bought: True
[2025-12-02 02:39:34] Buffer size: 2/5
[2025-12-02 02:39:34] 📥 RECEIVED FEEDBACK | Customer: CUST_006035 | Bought: False
[2025-12-02 02:39:34] Buffer size: 3/5
[2025-12-02 02:39:34] 📥 RECEIVED FEEDBACK | Customer: CUST_009548 | Bought: True
[2025-12-02 02:39:34] Buffer size: 4/5
[2025-12-02 02:39:34] 📥 RECEIVED FEEDBACK | Customer: CUST_000137 | Bought: True
[2025-12-02 02:39:34] Buffer size: 5/5
[2025-12-02 02:39:34] 
============================================================
[2025-12-02 02:39:34] 🔄 Processing batch of 5 feedback points
[2025-12-02 02:39:34] ============================================================
[2025-12-02 02:39:34] ✓ POSITIVE | Customer: CUST_009548 | Cluster: 4 | Score: 0.75 | Update #216
[2025-12-02 02:39:34] ✓ POSITIVE | Customer: CUST_011224 | Cluster: 1 | Score: 2.75 | Update #217
[2025-12-02 02:39:34] ✗ NEGATIVE | Customer: CUST_006035 | Cluster: 5 | Score: 3.95 | Update #218
[2025-12-02 02:39:34] ✓ POSITIVE | Customer: CUST_009548 | Cluster: 4 | Score: 2.29 | Update #219
[2025-12-02 02:39:34] ✓ POSITIVE | Customer: CUST_000137 | Cluster: 1 | Score: -0.08 | Update #220
[2025-12-02 02:39:34] 
💾 Saving model after 220 updates...
[2025-12-02 02:39:34] ✓ Model saved to /home/crazy_warlord/TargettedCalling/Persistence/model_car.json
[2025-12-02 02:39:34] ✓ Current state: Components=8, Positive=149, Negative=71

[2025-12-02 02:39:35] ✓ Batch complete: 5 updates, 0 errors
[2025-12-02 02:39:35] 📥 RECEIVED FEEDBACK | Customer: CUST_011224 | Bought: True
[2025-12-02 02:39:35] Buffer size: 1/5
[2025-12-02 02:39:35] 📥 RECEIVED FEEDBACK | Customer: CUST_009068 | Bought: False
[2025-12-02 02:39:35] Buffer size: 2/5
[2025-12-02 02:39:35] 📥 RECEIVED FEEDBACK | Customer: CUST_009063 | Bought: True
[2025-12-02 02:39:35] Buffer size: 3/5
[2025-12-02 02:39:35] 📥 RECEIVED FEEDBACK | Customer: CUST_000646 | Bought: False
[2025-12-02 02:39:35] Buffer size: 4/5
[2025-12-02 02:39:35] 📥 RECEIVED FEEDBACK | Customer: CUST_002567 | Bought: True
[2025-12-02 02:39:35] Buffer size: 5/5
[2025-12-02 02:39:35] 
============================================================
[2025-12-02 02:39:35] 🔄 Processing batch of 5 feedback points
[2025-12-02 02:39:35] ============================================================
[2025-12-02 02:39:35] ✓ POSITIVE | Customer: CUST_011224 | Cluster: 1 | Score: 3.41 | Update #221
[2025-12-02 02:39:35] ✗ NEGATIVE | Customer: CUST_009068 | Cluster: 3 | Score: 1.30 | Update #222
[2025-12-02 02:39:35] ✓ POSITIVE | Customer: CUST_009063 | Cluster: 6 | Score: 4.13 | Update #223
[2025-12-02 02:39:35] ✗ NEGATIVE | Customer: CUST_000646 | Cluster: 7 | Score: -3.72 | Update #224
[2025-12-02 02:39:35] ✓ POSITIVE | Customer: CUST_002567 | Cluster: 5 | Score: 4.17 | Update #225
[2025-12-02 02:39:35] 
💾 Saving model after 225 updates...
[2025-12-02 02:39:35] ✓ Model saved to /home/crazy_warlord/TargettedCalling/Persistence/model_car.json
[2025-12-02 02:39:35] ✓ Current state: Components=8, Positive=152, Negative=73

[2025-12-02 02:39:35] ✓ Batch complete: 5 updates, 0 errors
[2025-12-02 02:39:35] 📥 RECEIVED FEEDBACK | Customer: CUST_002160 | Bought: True
[2025-12-02 02:39:35] Buffer size: 1/5
[2025-12-02 02:39:35] 📥 RECEIVED FEEDBACK | Customer: CUST_002567 | Bought: True
[2025-12-02 02:39:35] Buffer size: 2/5
[2025-12-02 02:39:35] 📥 RECEIVED FEEDBACK | Customer: CUST_009548 | Bought: False
[2025-12-02 02:39:35] Buffer size: 3/5
[2025-12-02 02:39:35] 📥 RECEIVED FEEDBACK | Customer: CUST_009068 | Bought: True
[2025-12-02 02:39:35] Buffer size: 4/5
[2025-12-02 02:39:35] 📥 RECEIVED FEEDBACK | Customer: CUST_006035 | Bought: False
[2025-12-02 02:39:35] Buffer size: 5/5
[2025-12-02 02:39:35] 
============================================================
[2025-12-02 02:39:35] 🔄 Processing batch of 5 feedback points
[2025-12-02 02:39:35] ============================================================
[2025-12-02 02:39:35] ✓ POSITIVE | Customer: CUST_002160 | Cluster: 2 | Score: 1.94 | Update #226
[2025-12-02 02:39:35] ✓ POSITIVE | Customer: CUST_002567 | Cluster: 5 | Score: 4.57 | Update #227
[2025-12-02 02:39:35] ✗ NEGATIVE | Customer: CUST_009548 | Cluster: 4 | Score: 3.16 | Update #228
[2025-12-02 02:39:35] ✓ POSITIVE | Customer: CUST_009068 | Cluster: 3 | Score: 1.30 | Update #229
[2025-12-02 02:39:35] ✗ NEGATIVE | Customer: CUST_006035 | Cluster: 5 | Score: 3.85 | Update #230
[2025-12-02 02:39:35] 
💾 Saving model after 230 updates...
[2025-12-02 02:39:35] ✓ Model saved to /home/crazy_warlord/TargettedCalling/Persistence/model_car.json
[2025-12-02 02:39:35] ✓ Current state: Components=8, Positive=155, Negative=75

[2025-12-02 02:39:35] ✓ Batch complete: 5 updates, 0 errors
[2025-12-02 02:39:35] 📥 RECEIVED FEEDBACK | Customer: CUST_009063 | Bought: True
[2025-12-02 02:39:35] Buffer size: 1/5
[2025-12-02 02:39:35] 📥 RECEIVED FEEDBACK | Customer: CUST_009063 | Bought: False
[2025-12-02 02:39:35] Buffer size: 2/5
[2025-12-02 02:39:35] 📥 RECEIVED FEEDBACK | Customer: CUST_000137 | Bought: False
[2025-12-02 02:39:35] Buffer size: 3/5
[2025-12-02 02:39:35] 📥 RECEIVED FEEDBACK | Customer: CUST_009548 | Bought: True
[2025-12-02 02:39:35] Buffer size: 4/5
[2025-12-02 02:39:35] 📥 RECEIVED FEEDBACK | Customer: CUST_011224 | Bought: True
[2025-12-02 02:39:35] Buffer size: 5/5
[2025-12-02 02:39:35] 
============================================================
[2025-12-02 02:39:35] 🔄 Processing batch of 5 feedback points
[2025-12-02 02:39:35] ============================================================
[2025-12-02 02:39:35] ✓ POSITIVE | Customer: CUST_009063 | Cluster: 6 | Score: 5.80 | Update #231
[2025-12-02 02:39:35] ✗ NEGATIVE | Customer: CUST_009063 | Cluster: 6 | Score: 6.73 | Update #232
[2025-12-02 02:39:35] ✗ NEGATIVE | Customer: CUST_000137 | Cluster: 1 | Score: 2.03 | Update #233
[2025-12-02 02:39:35] ✓ POSITIVE | Customer: CUST_009548 | Cluster: 4 | Score: 3.16 | Update #234
[2025-12-02 02:39:35] ✓ POSITIVE | Customer: CUST_011224 | Cluster: 1 | Score: 4.01 | Update #235
[2025-12-02 02:39:35] 
💾 Saving model after 235 updates...
[2025-12-02 02:39:35] ✓ Model saved to /home/crazy_warlord/TargettedCalling/Persistence/model_car.json
[2025-12-02 02:39:35] ✓ Current state: Components=8, Positive=158, Negative=77

[2025-12-02 02:39:35] ✓ Batch complete: 5 updates, 0 errors
[2025-12-02 02:39:37] 📥 RECEIVED FEEDBACK | Customer: CUST_006003 | Bought: True
[2025-12-02 02:39:37] Buffer size: 1/5
[2025-12-02 02:39:37] 📥 RECEIVED FEEDBACK | Customer: CUST_002126 | Bought: True
[2025-12-02 02:39:37] Buffer size: 2/5
[2025-12-02 02:39:37] 📥 RECEIVED FEEDBACK | Customer: CUST_009068 | Bought: False
[2025-12-02 02:39:37] Buffer size: 3/5
[2025-12-02 02:39:37] 📥 RECEIVED FEEDBACK | Customer: CUST_006003 | Bought: True
[2025-12-02 02:39:37] Buffer size: 4/5
[2025-12-02 02:39:37] 📥 RECEIVED FEEDBACK | Customer: CUST_006037 | Bought: False
[2025-12-02 02:39:37] Buffer size: 5/5
[2025-12-02 02:39:37] 
============================================================
[2025-12-02 02:39:37] 🔄 Processing batch of 5 feedback points
[2025-12-02 02:39:37] ============================================================
[2025-12-02 02:39:37] ✓ POSITIVE | Customer: CUST_006003 | Cluster: 5 | Score: 2.81 | Update #236
[2025-12-02 02:39:37] ✓ POSITIVE | Customer: CUST_002126 | Cluster: 1 | Score: 1.44 | Update #237
[2025-12-02 02:39:37] ✗ NEGATIVE | Customer: CUST_009068 | Cluster: 3 | Score: 2.28 | Update #238
[2025-12-02 02:39:37] ✓ POSITIVE | Customer: CUST_006003 | Cluster: 5 | Score: 3.72 | Update #239
[2025-12-02 02:39:37] ✗ NEGATIVE | Customer: CUST_006037 | Cluster: 4 | Score: 2.81 | Update #240
[2025-12-02 02:39:37] 
💾 Saving model after 240 updates...
[2025-12-02 02:39:37] ✓ Model saved to /home/crazy_warlord/TargettedCalling/Persistence/model_car.json
[2025-12-02 02:39:37] ✓ Current state: Components=8, Positive=161, Negative=79

[2025-12-02 02:39:37] ✓ Batch complete: 5 updates, 0 errors
[2025-12-02 02:39:37] 📥 RECEIVED FEEDBACK | Customer: CUST_011654 | Bought: True
[2025-12-02 02:39:37] Buffer size: 1/5
[2025-12-02 02:39:37] 📥 RECEIVED FEEDBACK | Customer: CUST_006041 | Bought: True
[2025-12-02 02:39:37] Buffer size: 2/5
[2025-12-02 02:39:37] 📥 RECEIVED FEEDBACK | Customer: CUST_009054 | Bought: True
[2025-12-02 02:39:37] Buffer size: 3/5
[2025-12-02 02:39:37] 📥 RECEIVED FEEDBACK | Customer: CUST_006041 | Bought: False
[2025-12-02 02:39:37] Buffer size: 4/5
[2025-12-02 02:39:37] 📥 RECEIVED FEEDBACK | Customer: CUST_006003 | Bought: False
[2025-12-02 02:39:37] Buffer size: 5/5
[2025-12-02 02:39:37] 
============================================================
[2025-12-02 02:39:37] 🔄 Processing batch of 5 feedback points
[2025-12-02 02:39:37] ============================================================
[2025-12-02 02:39:37] ✓ POSITIVE | Customer: CUST_011654 | Cluster: 6 | Score: 7.59 | Update #241
[2025-12-02 02:39:37] ✓ POSITIVE | Customer: CUST_006041 | Cluster: 5 | Score: 1.10 | Update #242
[2025-12-02 02:39:37] ✓ POSITIVE | Customer: CUST_009054 | Cluster: 4 | Score: -0.43 | Update #243
[2025-12-02 02:39:37] ✗ NEGATIVE | Customer: CUST_006041 | Cluster: 5 | Score: 2.86 | Update #244
[2025-12-02 02:39:37] ✗ NEGATIVE | Customer: CUST_006003 | Cluster: 5 | Score: 4.16 | Update #245
[2025-12-02 02:39:37] 
💾 Saving model after 245 updates...
[2025-12-02 02:39:37] ✓ Model saved to /home/crazy_warlord/TargettedCalling/Persistence/model_car.json
[2025-12-02 02:39:37] ✓ Current state: Components=8, Positive=164, Negative=81

[2025-12-02 02:39:37] ✓ Batch complete: 5 updates, 0 errors
[2025-12-02 02:39:37] 📥 RECEIVED FEEDBACK | Customer: CUST_006041 | Bought: True
[2025-12-02 02:39:37] Buffer size: 1/5
[2025-12-02 02:39:37] 📥 RECEIVED FEEDBACK | Customer: CUST_011654 | Bought: False
[2025-12-02 02:39:37] Buffer size: 2/5
[2025-12-02 02:39:38] 📥 RECEIVED FEEDBACK | Customer: CUST_006037 | Bought: True
[2025-12-02 02:39:38] Buffer size: 3/5
[2025-12-02 02:39:38] 📥 RECEIVED FEEDBACK | Customer: CUST_011654 | Bought: True
[2025-12-02 02:39:38] Buffer size: 4/5
[2025-12-02 02:39:38] 📥 RECEIVED FEEDBACK | Customer: CUST_002144 | Bought: False
[2025-12-02 02:39:38] Buffer size: 5/5
[2025-12-02 02:39:38] 
============================================================
[2025-12-02 02:39:38] 🔄 Processing batch of 5 feedback points
[2025-12-02 02:39:38] ============================================================
[2025-12-02 02:39:38] ✓ POSITIVE | Customer: CUST_006041 | Cluster: 5 | Score: 2.86 | Update #246
[2025-12-02 02:39:38] ✗ NEGATIVE | Customer: CUST_011654 | Cluster: 6 | Score: 7.99 | Update #247
[2025-12-02 02:39:38] ✓ POSITIVE | Customer: CUST_006037 | Cluster: 4 | Score: 2.53 | Update #248
[2025-12-02 02:39:38] ✓ POSITIVE | Customer: CUST_011654 | Cluster: 6 | Score: 7.99 | Update #249
[2025-12-02 02:39:38] ✗ NEGATIVE | Customer: CUST_002144 | Cluster: 5 | Score: -1.21 | Update #250
[2025-12-02 02:39:38] 
💾 Saving model after 250 updates...
[2025-12-02 02:39:38] ✓ Model saved to /home/crazy_warlord/TargettedCalling/Persistence/model_car.json
[2025-12-02 02:39:38] ✓ Current state: Components=8, Positive=167, Negative=83

[2025-12-02 02:39:38] ✓ Batch complete: 5 updates, 0 errors
[2025-12-02 02:39:38] 📥 RECEIVED FEEDBACK | Customer: CUST_002126 | Bought: False
[2025-12-02 02:39:38] Buffer size: 1/5
[2025-12-02 02:39:38] 📥 RECEIVED FEEDBACK | Customer: CUST_006003 | Bought: True
[2025-12-02 02:39:38] Buffer size: 2/5
[2025-12-02 02:39:38] 📥 RECEIVED FEEDBACK | Customer: CUST_002144 | Bought: False
[2025-12-02 02:39:38] Buffer size: 3/5
[2025-12-02 02:39:38] 📥 RECEIVED FEEDBACK | Customer: CUST_009068 | Bought: True
[2025-12-02 02:39:38] Buffer size: 4/5
[2025-12-02 02:39:38] 📥 RECEIVED FEEDBACK | Customer: CUST_011654 | Bought: False
[2025-12-02 02:39:38] Buffer size: 5/5
[2025-12-02 02:39:38] 
============================================================
[2025-12-02 02:39:38] 🔄 Processing batch of 5 feedback points
[2025-12-02 02:39:38] ============================================================
[2025-12-02 02:39:38] ✗ NEGATIVE | Customer: CUST_002126 | Cluster: 1 | Score: 2.76 | Update #251
[2025-12-02 02:39:38] ✓ POSITIVE | Customer: CUST_006003 | Cluster: 5 | Score: 4.06 | Update #252
[2025-12-02 02:39:38] ✗ NEGATIVE | Customer: CUST_002144 | Cluster: 5 | Score: -1.56 | Update #253
[2025-12-02 02:39:38] ✓ POSITIVE | Customer: CUST_009068 | Cluster: 3 | Score: 2.28 | Update #254
[2025-12-02 02:39:38] ✗ NEGATIVE | Customer: CUST_011654 | Cluster: 6 | Score: 8.33 | Update #255
[2025-12-02 02:39:38] 
💾 Saving model after 255 updates...
[2025-12-02 02:39:38] ✓ Model saved to /home/crazy_warlord/TargettedCalling/Persistence/model_car.json
[2025-12-02 02:39:38] ✓ Current state: Components=8, Positive=169, Negative=86

[2025-12-02 02:39:38] ✓ Batch complete: 5 updates, 0 errors
[2025-12-02 02:39:38] 📥 RECEIVED FEEDBACK | Customer: CUST_009054 | Bought: False
[2025-12-02 02:39:38] Buffer size: 1/5
[2025-12-02 02:39:38] 📥 RECEIVED FEEDBACK | Customer: CUST_006041 | Bought: True
[2025-12-02 02:39:38] Buffer size: 2/5
[2025-12-02 02:39:40] 📥 RECEIVED FEEDBACK | Customer: CUST_002118 | Bought: True
[2025-12-02 02:39:40] Buffer size: 3/5
[2025-12-02 02:39:40] 📥 RECEIVED FEEDBACK | Customer: CUST_005928 | Bought: False
[2025-12-02 02:39:40] Buffer size: 4/5
[2025-12-02 02:39:40] 📥 RECEIVED FEEDBACK | Customer: CUST_002118 | Bought: True
[2025-12-02 02:39:40] Buffer size: 5/5
[2025-12-02 02:39:40] 
============================================================
[2025-12-02 02:39:40] 🔄 Processing batch of 5 feedback points
[2025-12-02 02:39:40] ============================================================
[2025-12-02 02:39:40] ✗ NEGATIVE | Customer: CUST_009054 | Cluster: 4 | Score: 1.64 | Update #256
[2025-12-02 02:39:40] ✓ POSITIVE | Customer: CUST_006041 | Cluster: 5 | Score: 3.68 | Update #257
[2025-12-02 02:39:40] ✓ POSITIVE | Customer: CUST_002118 | Cluster: 1 | Score: -23.94 | Update #258
[2025-12-02 02:39:40] ✗ NEGATIVE | Customer: CUST_005928 | Cluster: 5 | Score: -0.40 | Update #259
[2025-12-02 02:39:40] ✓ POSITIVE | Customer: CUST_002118 | Cluster: 1 | Score: -23.94 | Update #260
[2025-12-02 02:39:40] 
💾 Saving model after 260 updates...
[2025-12-02 02:39:40] ✓ Model saved to /home/crazy_warlord/TargettedCalling/Persistence/model_car.json
[2025-12-02 02:39:40] ✓ Current state: Components=8, Positive=172, Negative=88

[2025-12-02 02:39:40] ✓ Batch complete: 5 updates, 0 errors
[2025-12-02 02:39:40] 📥 RECEIVED FEEDBACK | Customer: CUST_005954 | Bought: True
[2025-12-02 02:39:40] Buffer size: 1/5
[2025-12-02 02:39:40] 📥 RECEIVED FEEDBACK | Customer: CUST_011654 | Bought: True
[2025-12-02 02:39:40] Buffer size: 2/5
[2025-12-02 02:39:40] 📥 RECEIVED FEEDBACK | Customer: CUST_002220 | Bought: True
[2025-12-02 02:39:40] Buffer size: 3/5
[2025-12-02 02:39:40] 📥 RECEIVED FEEDBACK | Customer: CUST_009109 | Bought: True
[2025-12-02 02:39:40] Buffer size: 4/5
[2025-12-02 02:39:40] 📥 RECEIVED FEEDBACK | Customer: CUST_005912 | Bought: True
[2025-12-02 02:39:40] Buffer size: 5/5
[2025-12-02 02:39:40] 
============================================================
[2025-12-02 02:39:40] 🔄 Processing batch of 5 feedback points
[2025-12-02 02:39:40] ============================================================
[2025-12-02 02:39:40] ✓ POSITIVE | Customer: CUST_005954 | Cluster: 3 | Score: -8.15 | Update #261
[2025-12-02 02:39:40] ✓ POSITIVE | Customer: CUST_011654 | Cluster: 5 | Score: 8.33 | Update #262
[2025-12-02 02:39:40] ✓ POSITIVE | Customer: CUST_002220 | Cluster: 3 | Score: 2.31 | Update #263
[2025-12-02 02:39:40] ✓ POSITIVE | Customer: CUST_009109 | Cluster: 6 | Score: 3.87 | Update #264
[2025-12-02 02:39:40] ✓ POSITIVE | Customer: CUST_005912 | Cluster: 9 | Score: -0.97 | Update #265
[2025-12-02 02:39:40] 
💾 Saving model after 265 updates...
[2025-12-02 02:39:40] ✓ Model saved to /home/crazy_warlord/TargettedCalling/Persistence/model_car.json
[2025-12-02 02:39:40] ✓ Current state: Components=10, Positive=177, Negative=88

[2025-12-02 02:39:40] ✓ Batch complete: 5 updates, 0 errors
[2025-12-02 02:39:40] 📥 RECEIVED FEEDBACK | Customer: CUST_011654 | Bought: False
[2025-12-02 02:39:40] Buffer size: 1/5
[2025-12-02 02:39:40] 📥 RECEIVED FEEDBACK | Customer: CUST_002118 | Bought: True
[2025-12-02 02:39:40] Buffer size: 2/5
[2025-12-02 02:39:40] 📥 RECEIVED FEEDBACK | Customer: CUST_005954 | Bought: False
[2025-12-02 02:39:40] Buffer size: 3/5
[2025-12-02 02:39:40] 📥 RECEIVED FEEDBACK | Customer: CUST_002220 | Bought: True
[2025-12-02 02:39:40] Buffer size: 4/5
[2025-12-02 02:39:40] 📥 RECEIVED FEEDBACK | Customer: CUST_002258 | Bought: False
[2025-12-02 02:39:40] Buffer size: 5/5
[2025-12-02 02:39:40] 
============================================================
[2025-12-02 02:39:40] 🔄 Processing batch of 5 feedback points
[2025-12-02 02:39:40] ============================================================
[2025-12-02 02:39:40] ✗ NEGATIVE | Customer: CUST_011654 | Cluster: 5 | Score: 8.64 | Update #266
[2025-12-02 02:39:40] ✓ POSITIVE | Customer: CUST_002118 | Cluster: 8 | Score: -2.38 | Update #267
[2025-12-02 02:39:40] ✗ NEGATIVE | Customer: CUST_005954 | Cluster: 3 | Score: -8.81 | Update #268
[2025-12-02 02:39:40] ✓ POSITIVE | Customer: CUST_002220 | Cluster: 3 | Score: 2.93 | Update #269
[2025-12-02 02:39:41] ✗ NEGATIVE | Customer: CUST_002258 | Cluster: 6 | Score: -1.71 | Update #270
[2025-12-02 02:39:41] 
💾 Saving model after 270 updates...
[2025-12-02 02:39:41] ✓ Model saved to /home/crazy_warlord/TargettedCalling/Persistence/model_car.json
[2025-12-02 02:39:41] ✓ Current state: Components=10, Positive=179, Negative=91

[2025-12-02 02:39:41] ✓ Batch complete: 5 updates, 0 errors
[2025-12-02 02:39:41] 📥 RECEIVED FEEDBACK | Customer: CUST_005954 | Bought: True
[2025-12-02 02:39:41] Buffer size: 1/5
[2025-12-02 02:39:41] 📥 RECEIVED FEEDBACK | Customer: CUST_002220 | Bought: False
[2025-12-02 02:39:41] Buffer size: 2/5
[2025-12-02 02:39:41] 📥 RECEIVED FEEDBACK | Customer: CUST_005912 | Bought: True
[2025-12-02 02:39:41] Buffer size: 3/5
[2025-12-02 02:39:41] 📥 RECEIVED FEEDBACK | Customer: CUST_005928 | Bought: False
[2025-12-02 02:39:41] Buffer size: 4/5
[2025-12-02 02:39:41] 📥 RECEIVED FEEDBACK | Customer: CUST_002220 | Bought: True
[2025-12-02 02:39:41] Buffer size: 5/5
[2025-12-02 02:39:41] 
============================================================
[2025-12-02 02:39:41] 🔄 Processing batch of 5 feedback points
[2025-12-02 02:39:41] ============================================================
[2025-12-02 02:39:41] ✓ POSITIVE | Customer: CUST_005954 | Cluster: 3 | Score: -9.48 | Update #271
[2025-12-02 02:39:41] ✗ NEGATIVE | Customer: CUST_002220 | Cluster: 3 | Score: 3.37 | Update #272
[2025-12-02 02:39:41] ✓ POSITIVE | Customer: CUST_005912 | Cluster: 9 | Score: 0.39 | Update #273
[2025-12-02 02:39:41] ✗ NEGATIVE | Customer: CUST_005928 | Cluster: 4 | Score: -0.40 | Update #274
[2025-12-02 02:39:41] ✓ POSITIVE | Customer: CUST_002220 | Cluster: 3 | Score: 3.37 | Update #275
[2025-12-02 02:39:41] 
💾 Saving model after 275 updates...
[2025-12-02 02:39:41] ✓ Model saved to /home/crazy_warlord/TargettedCalling/Persistence/model_car.json
[2025-12-02 02:39:41] ✓ Current state: Components=10, Positive=182, Negative=93

[2025-12-02 02:39:41] ✓ Batch complete: 5 updates, 0 errors
[2025-12-02 02:39:41] 📥 RECEIVED FEEDBACK | Customer: CUST_009109 | Bought: True
[2025-12-02 02:39:41] Buffer size: 1/5
[2025-12-02 02:39:41] 📥 RECEIVED FEEDBACK | Customer: CUST_005954 | Bought: True
[2025-12-02 02:39:41] Buffer size: 2/5
[2025-12-02 02:39:41] 📥 RECEIVED FEEDBACK | Customer: CUST_002118 | Bought: True
[2025-12-02 02:39:41] Buffer size: 3/5
[2025-12-02 02:39:41] 📥 RECEIVED FEEDBACK | Customer: CUST_002279 | Bought: True
[2025-12-02 02:39:41] Buffer size: 4/5
[2025-12-02 02:39:41] 📥 RECEIVED FEEDBACK | Customer: CUST_002258 | Bought: False
[2025-12-02 02:39:41] Buffer size: 5/5
[2025-12-02 02:39:41] 
============================================================
[2025-12-02 02:39:41] 🔄 Processing batch of 5 feedback points
[2025-12-02 02:39:41] ============================================================
[2025-12-02 02:39:41] ✓ POSITIVE | Customer: CUST_009109 | Cluster: 6 | Score: 4.20 | Update #276
[2025-12-02 02:39:41] ✓ POSITIVE | Customer: CUST_005954 | Cluster: 8 | Score: -10.14 | Update #277
[2025-12-02 02:39:41] ✓ POSITIVE | Customer: CUST_002118 | Cluster: 8 | Score: -1.11 | Update #278
[2025-12-02 02:39:41] ✓ POSITIVE | Customer: CUST_002279 | Cluster: 8 | Score: -8.23 | Update #279
[2025-12-02 02:39:41] ✗ NEGATIVE | Customer: CUST_002258 | Cluster: 6 | Score: -2.03 | Update #280
[2025-12-02 02:39:41] 
💾 Saving model after 280 updates...
[2025-12-02 02:39:41] ✓ Model saved to /home/crazy_warlord/TargettedCalling/Persistence/model_car.json
[2025-12-02 02:39:41] ✓ Current state: Components=10, Positive=186, Negative=94

[2025-12-02 02:39:41] ✓ Batch complete: 5 updates, 0 errors
[2025-12-02 02:39:41] 📥 RECEIVED FEEDBACK | Customer: CUST_002279 | Bought: True
[2025-12-02 02:39:41] Buffer size: 1/5
[2025-12-02 02:39:43] 📥 RECEIVED FEEDBACK | Customer: CUST_002054 | Bought: True
[2025-12-02 02:39:43] Buffer size: 2/5
[2025-12-02 02:39:43] 📥 RECEIVED FEEDBACK | Customer: CUST_006169 | Bought: True
[2025-12-02 02:39:43] Buffer size: 3/5
[2025-12-02 02:39:43] 📥 RECEIVED FEEDBACK | Customer: CUST_006169 | Bought: True
[2025-12-02 02:39:43] Buffer size: 4/5
[2025-12-02 02:39:43] 📥 RECEIVED FEEDBACK | Customer: CUST_006169 | Bought: True
[2025-12-02 02:39:43] Buffer size: 5/5
[2025-12-02 02:39:43] 
============================================================
[2025-12-02 02:39:43] 🔄 Processing batch of 5 feedback points
[2025-12-02 02:39:43] ============================================================
[2025-12-02 02:39:43] ✓ POSITIVE | Customer: CUST_002279 | Cluster: 8 | Score: -8.23 | Update #281
[2025-12-02 02:39:43] ✓ POSITIVE | Customer: CUST_002054 | Cluster: 2 | Score: -0.44 | Update #282
[2025-12-02 02:39:43] ✓ POSITIVE | Customer: CUST_006169 | Cluster: 5 | Score: 0.59 | Update #283
[2025-12-02 02:39:43] ✓ POSITIVE | Customer: CUST_006169 | Cluster: 5 | Score: 0.59 | Update #284
[2025-12-02 02:39:43] ✓ POSITIVE | Customer: CUST_006169 | Cluster: 5 | Score: 0.59 | Update #285
[2025-12-02 02:39:43] 
💾 Saving model after 285 updates...
[2025-12-02 02:39:43] ✓ Model saved to /home/crazy_warlord/TargettedCalling/Persistence/model_car.json
[2025-12-02 02:39:43] ✓ Current state: Components=10, Positive=191, Negative=94

[2025-12-02 02:39:43] ✓ Batch complete: 5 updates, 0 errors
[2025-12-02 02:39:43] 📥 RECEIVED FEEDBACK | Customer: CUST_006165 | Bought: True
[2025-12-02 02:39:43] Buffer size: 1/5
[2025-12-02 02:39:43] 📥 RECEIVED FEEDBACK | Customer: CUST_011702 | Bought: False
[2025-12-02 02:39:43] Buffer size: 2/5
[2025-12-02 02:39:43] 📥 RECEIVED FEEDBACK | Customer: CUST_011698 | Bought: True
[2025-12-02 02:39:43] Buffer size: 3/5
[2025-12-02 02:39:43] 📥 RECEIVED FEEDBACK | Customer: CUST_011698 | Bought: True
[2025-12-02 02:39:43] Buffer size: 4/5
[2025-12-02 02:39:43] 📥 RECEIVED FEEDBACK | Customer: CUST_002054 | Bought: False
[2025-12-02 02:39:43] Buffer size: 5/5
[2025-12-02 02:39:43] 
============================================================
[2025-12-02 02:39:43] 🔄 Processing batch of 5 feedback points
[2025-12-02 02:39:43] ============================================================
[2025-12-02 02:39:43] ✓ POSITIVE | Customer: CUST_006165 | Cluster: 0 | Score: -0.71 | Update #286
[2025-12-02 02:39:43] ✗ NEGATIVE | Customer: CUST_011702 | Cluster: 4 | Score: 0.69 | Update #287
[2025-12-02 02:39:43] ✓ POSITIVE | Customer: CUST_011698 | Cluster: 0 | Score: 4.67 | Update #288
[2025-12-02 02:39:43] ✓ POSITIVE | Customer: CUST_011698 | Cluster: 0 | Score: 5.68 | Update #289
[2025-12-02 02:39:43] ✗ NEGATIVE | Customer: CUST_002054 | Cluster: 2 | Score: 0.69 | Update #290
[2025-12-02 02:39:43] 
💾 Saving model after 290 updates...
[2025-12-02 02:39:43] ✓ Model saved to /home/crazy_warlord/TargettedCalling/Persistence/model_car.json
[2025-12-02 02:39:43] ✓ Current state: Components=10, Positive=194, Negative=96

[2025-12-02 02:39:43] ✓ Batch complete: 5 updates, 0 errors
[2025-12-02 02:39:43] 📥 RECEIVED FEEDBACK | Customer: CUST_006098 | Bought: True
[2025-12-02 02:39:43] Buffer size: 1/5
[2025-12-02 02:39:43] 📥 RECEIVED FEEDBACK | Customer: CUST_006165 | Bought: True
[2025-12-02 02:39:43] Buffer size: 2/5
[2025-12-02 02:39:43] 📥 RECEIVED FEEDBACK | Customer: CUST_002051 | Bought: True
[2025-12-02 02:39:43] Buffer size: 3/5
[2025-12-02 02:39:43] 📥 RECEIVED FEEDBACK | Customer: CUST_006169 | Bought: True
[2025-12-02 02:39:43] Buffer size: 4/5
[2025-12-02 02:39:43] 📥 RECEIVED FEEDBACK | Customer: CUST_011698 | Bought: True
[2025-12-02 02:39:43] Buffer size: 5/5
[2025-12-02 02:39:43] 
============================================================
[2025-12-02 02:39:43] 🔄 Processing batch of 5 feedback points
[2025-12-02 02:39:43] ============================================================
[2025-12-02 02:39:43] ✓ POSITIVE | Customer: CUST_006098 | Cluster: 0 | Score: 4.29 | Update #291
[2025-12-02 02:39:43] ✓ POSITIVE | Customer: CUST_006165 | Cluster: 0 | Score: -1.18 | Update #292
[2025-12-02 02:39:43] ✓ POSITIVE | Customer: CUST_002051 | Cluster: 9 | Score: 2.50 | Update #293
[2025-12-02 02:39:44] ✓ POSITIVE | Customer: CUST_006169 | Cluster: 5 | Score: 0.59 | Update #294
[2025-12-02 02:39:44] ✓ POSITIVE | Customer: CUST_011698 | Cluster: 0 | Score: 6.37 | Update #295
[2025-12-02 02:39:44] 
💾 Saving model after 295 updates...
[2025-12-02 02:39:44] ✓ Model saved to /home/crazy_warlord/TargettedCalling/Persistence/model_car.json
[2025-12-02 02:39:44] ✓ Current state: Components=10, Positive=199, Negative=96

[2025-12-02 02:39:44] ✓ Batch complete: 5 updates, 0 errors
[2025-12-02 02:39:44] 📥 RECEIVED FEEDBACK | Customer: CUST_011702 | Bought: False
[2025-12-02 02:39:44] Buffer size: 1/5
[2025-12-02 02:39:44] 📥 RECEIVED FEEDBACK | Customer: CUST_011702 | Bought: False
[2025-12-02 02:39:44] Buffer size: 2/5
[2025-12-02 02:39:44] 📥 RECEIVED FEEDBACK | Customer: CUST_011667 | Bought: True
[2025-12-02 02:39:44] Buffer size: 3/5
[2025-12-02 02:39:44] 📥 RECEIVED FEEDBACK | Customer: CUST_002051 | Bought: True
[2025-12-02 02:39:44] Buffer size: 4/5
[2025-12-02 02:39:44] 📥 RECEIVED FEEDBACK | Customer: CUST_011698 | Bought: True
[2025-12-02 02:39:44] Buffer size: 5/5
[2025-12-02 02:39:44] 
============================================================
[2025-12-02 02:39:44] 🔄 Processing batch of 5 feedback points
[2025-12-02 02:39:44] ============================================================
[2025-12-02 02:39:44] ✗ NEGATIVE | Customer: CUST_011702 | Cluster: 4 | Score: 0.69 | Update #296
[2025-12-02 02:39:44] ✗ NEGATIVE | Customer: CUST_011702 | Cluster: 4 | Score: 0.69 | Update #297
[2025-12-02 02:39:44] ✓ POSITIVE | Customer: CUST_011667 | Cluster: 8 | Score: -3.58 | Update #298
[2025-12-02 02:39:44] ✓ POSITIVE | Customer: CUST_002051 | Cluster: 9 | Score: 2.75 | Update #299
[2025-12-02 02:39:44] ✓ POSITIVE | Customer: CUST_011698 | Cluster: 0 | Score: 6.99 | Update #300
[2025-12-02 02:39:44] 
💾 Saving model after 300 updates...
[2025-12-02 02:39:44] ✓ Model saved to /home/crazy_warlord/TargettedCalling/Persistence/model_car.json
[2025-12-02 02:39:44] ✓ Current state: Components=10, Positive=202, Negative=98

[2025-12-02 02:39:44] ✓ Batch complete: 5 updates, 0 errors
[2025-12-02 02:39:44] 📥 RECEIVED FEEDBACK | Customer: CUST_011667 | Bought: False
[2025-12-02 02:39:44] Buffer size: 1/5
[2025-12-02 02:39:44] 📥 RECEIVED FEEDBACK | Customer: CUST_011702 | Bought: True
[2025-12-02 02:39:44] Buffer size: 2/5
[2025-12-02 02:39:44] 📥 RECEIVED FEEDBACK | Customer: CUST_006165 | Bought: True
[2025-12-02 02:39:44] Buffer size: 3/5
[2025-12-02 02:39:44] 📥 RECEIVED FEEDBACK | Customer: CUST_006098 | Bought: True
[2025-12-02 02:39:44] Buffer size: 4/5
[2025-12-02 02:39:44] 📥 RECEIVED FEEDBACK | Customer: CUST_006165 | Bought: True
[2025-12-02 02:39:44] Buffer size: 5/5
[2025-12-02 02:39:44] 
============================================================
[2025-12-02 02:39:44] 🔄 Processing batch of 5 feedback points
[2025-12-02 02:39:44] ============================================================
[2025-12-02 02:39:44] ✗ NEGATIVE | Customer: CUST_011667 | Cluster: 8 | Score: -1.18 | Update #301
[2025-12-02 02:39:44] ✓ POSITIVE | Customer: CUST_011702 | Cluster: 4 | Score: 0.69 | Update #302
[2025-12-02 02:39:44] ✓ POSITIVE | Customer: CUST_006165 | Cluster: 0 | Score: -1.64 | Update #303
[2025-12-02 02:39:44] ✓ POSITIVE | Customer: CUST_006098 | Cluster: 0 | Score: 5.41 | Update #304
[2025-12-02 02:39:44] ✓ POSITIVE | Customer: CUST_006165 | Cluster: 0 | Score: -2.09 | Update #305
[2025-12-02 02:39:44] 
💾 Saving model after 305 updates...
[2025-12-02 02:39:44] ✓ Model saved to /home/crazy_warlord/TargettedCalling/Persistence/model_car.json
[2025-12-02 02:39:44] ✓ Current state: Components=10, Positive=206, Negative=99

[2025-12-02 02:39:44] ✓ Batch complete: 5 updates, 0 errors
[2025-12-02 02:39:46] 📥 RECEIVED FEEDBACK | Customer: CUST_006092 | Bought: True
[2025-12-02 02:39:46] Buffer size: 1/5
[2025-12-02 02:39:46] 📥 RECEIVED FEEDBACK | Customer: CUST_011662 | Bought: False
[2025-12-02 02:39:46] Buffer size: 2/5
[2025-12-02 02:39:46] 📥 RECEIVED FEEDBACK | Customer: CUST_008979 | Bought: True
[2025-12-02 02:39:46] Buffer size: 3/5
[2025-12-02 02:39:46] 📥 RECEIVED FEEDBACK | Customer: CUST_006092 | Bought: False
[2025-12-02 02:39:46] Buffer size: 4/5
[2025-12-02 02:39:46] 📥 RECEIVED FEEDBACK | Customer: CUST_011654 | Bought: True
[2025-12-02 02:39:46] Buffer size: 5/5
[2025-12-02 02:39:46] 
============================================================
[2025-12-02 02:39:46] 🔄 Processing batch of 5 feedback points
[2025-12-02 02:39:46] ============================================================
[2025-12-02 02:39:46] ✓ POSITIVE | Customer: CUST_006092 | Cluster: 5 | Score: 0.33 | Update #306
[2025-12-02 02:39:46] ✗ NEGATIVE | Customer: CUST_011662 | Cluster: 0 | Score: 7.02 | Update #307
[2025-12-02 02:39:46] ✓ POSITIVE | Customer: CUST_008979 | Cluster: 6 | Score: -2.46 | Update #308
[2025-12-02 02:39:46] ✗ NEGATIVE | Customer: CUST_006092 | Cluster: 5 | Score: 0.33 | Update #309
[2025-12-02 02:39:46] ✓ POSITIVE | Customer: CUST_011654 | Cluster: 5 | Score: 8.64 | Update #310
[2025-12-02 02:39:46] 
💾 Saving model after 310 updates...
[2025-12-02 02:39:46] ✓ Model saved to /home/crazy_warlord/TargettedCalling/Persistence/model_car.json
[2025-12-02 02:39:46] ✓ Current state: Components=10, Positive=209, Negative=101

[2025-12-02 02:39:46] ✓ Batch complete: 5 updates, 0 errors
[2025-12-02 02:39:46] 📥 RECEIVED FEEDBACK | Customer: CUST_002118 | Bought: True
[2025-12-02 02:39:46] Buffer size: 1/5
[2025-12-02 02:39:46] 📥 RECEIVED FEEDBACK | Customer: CUST_008979 | Bought: False
[2025-12-02 02:39:46] Buffer size: 2/5
[2025-12-02 02:39:46] 📥 RECEIVED FEEDBACK | Customer: CUST_008988 | Bought: True
[2025-12-02 02:39:46] Buffer size: 3/5
[2025-12-02 02:39:46] 📥 RECEIVED FEEDBACK | Customer: CUST_002104 | Bought: True
[2025-12-02 02:39:46] Buffer size: 4/5
[2025-12-02 02:39:46] 📥 RECEIVED FEEDBACK | Customer: CUST_002104 | Bought: True
[2025-12-02 02:39:46] Buffer size: 5/5
[2025-12-02 02:39:46] 
============================================================
[2025-12-02 02:39:46] 🔄 Processing batch of 5 feedback points
[2025-12-02 02:39:46] ============================================================
[2025-12-02 02:39:46] ✓ POSITIVE | Customer: CUST_002118 | Cluster: 8 | Score: -0.52 | Update #311
[2025-12-02 02:39:46] ✗ NEGATIVE | Customer: CUST_008979 | Cluster: 6 | Score: -2.46 | Update #312
[2025-12-02 02:39:46] ✓ POSITIVE | Customer: CUST_008988 | Cluster: 6 | Score: 0.69 | Update #313
[2025-12-02 02:39:46] ✓ POSITIVE | Customer: CUST_002104 | Cluster: 2 | Score: 1.24 | Update #314
[2025-12-02 02:39:46] ✓ POSITIVE | Customer: CUST_002104 | Cluster: 2 | Score: 1.74 | Update #315
[2025-12-02 02:39:46] 
💾 Saving model after 315 updates...
[2025-12-02 02:39:46] ✓ Model saved to /home/crazy_warlord/TargettedCalling/Persistence/model_car.json
[2025-12-02 02:39:46] ✓ Current state: Components=10, Positive=213, Negative=102

[2025-12-02 02:39:46] ✓ Batch complete: 5 updates, 0 errors
[2025-12-02 02:39:46] 📥 RECEIVED FEEDBACK | Customer: CUST_002104 | Bought: True
[2025-12-02 02:39:46] Buffer size: 1/5
[2025-12-02 02:39:46] 📥 RECEIVED FEEDBACK | Customer: CUST_008988 | Bought: True
[2025-12-02 02:39:46] Buffer size: 2/5
[2025-12-02 02:39:46] 📥 RECEIVED FEEDBACK | Customer: CUST_011654 | Bought: True
[2025-12-02 02:39:46] Buffer size: 3/5
[2025-12-02 02:39:46] 📥 RECEIVED FEEDBACK | Customer: CUST_011662 | Bought: True
[2025-12-02 02:39:46] Buffer size: 4/5
[2025-12-02 02:39:46] 📥 RECEIVED FEEDBACK | Customer: CUST_006083 | Bought: True
[2025-12-02 02:39:46] Buffer size: 5/5
[2025-12-02 02:39:46] 
============================================================
[2025-12-02 02:39:46] 🔄 Processing batch of 5 feedback points
[2025-12-02 02:39:46] ============================================================
[2025-12-02 02:39:46] ✓ POSITIVE | Customer: CUST_002104 | Cluster: 2 | Score: 2.11 | Update #316
[2025-12-02 02:39:46] ✓ POSITIVE | Customer: CUST_008988 | Cluster: 6 | Score: 2.31 | Update #317
[2025-12-02 02:39:46] ✓ POSITIVE | Customer: CUST_011654 | Cluster: 5 | Score: 8.91 | Update #318
[2025-12-02 02:39:46] ✓ POSITIVE | Customer: CUST_011662 | Cluster: 0 | Score: 7.02 | Update #319
[2025-12-02 02:39:47] ✓ POSITIVE | Customer: CUST_006083 | Cluster: 5 | Score: 5.63 | Update #320
[2025-12-02 02:39:47] 
💾 Saving model after 320 updates...
[2025-12-02 02:39:47] ✓ Model saved to /home/crazy_warlord/TargettedCalling/Persistence/model_car.json
[2025-12-02 02:39:47] ✓ Current state: Components=10, Positive=218, Negative=102

[2025-12-02 02:39:47] ✓ Batch complete: 5 updates, 0 errors
[2025-12-02 02:39:47] 📥 RECEIVED FEEDBACK | Customer: CUST_002104 | Bought: False
[2025-12-02 02:39:47] Buffer size: 1/5
[2025-12-02 02:39:47] 📥 RECEIVED FEEDBACK | Customer: CUST_006091 | Bought: True
[2025-12-02 02:39:47] Buffer size: 2/5
[2025-12-02 02:39:47] 📥 RECEIVED FEEDBACK | Customer: CUST_002118 | Bought: True
[2025-12-02 02:39:47] Buffer size: 3/5
[2025-12-02 02:39:47] 📥 RECEIVED FEEDBACK | Customer: CUST_006091 | Bought: True
[2025-12-02 02:39:47] Buffer size: 4/5
[2025-12-02 02:39:47] 📥 RECEIVED FEEDBACK | Customer: CUST_006083 | Bought: True
[2025-12-02 02:39:47] Buffer size: 5/5
[2025-12-02 02:39:47] 
============================================================
[2025-12-02 02:39:47] 🔄 Processing batch of 5 feedback points
[2025-12-02 02:39:47] ============================================================
[2025-12-02 02:39:47] ✗ NEGATIVE | Customer: CUST_002104 | Cluster: 2 | Score: 2.42 | Update #321
[2025-12-02 02:39:47] ✓ POSITIVE | Customer: CUST_006091 | Cluster: 4 | Score: -2.17 | Update #322
[2025-12-02 02:39:47] ✓ POSITIVE | Customer: CUST_002118 | Cluster: 8 | Score: 0.13 | Update #323
[2025-12-02 02:39:47] ✓ POSITIVE | Customer: CUST_006091 | Cluster: 4 | Score: -2.17 | Update #324
[2025-12-02 02:39:47] ✓ POSITIVE | Customer: CUST_006083 | Cluster: 5 | Score: 6.38 | Update #325
[2025-12-02 02:39:47] 
💾 Saving model after 325 updates...
[2025-12-02 02:39:47] ✓ Model saved to /home/crazy_warlord/TargettedCalling/Persistence/model_car.json
[2025-12-02 02:39:47] ✓ Current state: Components=10, Positive=222, Negative=103

[2025-12-02 02:39:47] ✓ Batch complete: 5 updates, 0 errors
[2025-12-02 02:39:47] 📥 RECEIVED FEEDBACK | Customer: CUST_006066 | Bought: True
[2025-12-02 02:39:47] Buffer size: 1/5
[2025-12-02 02:39:47] 📥 RECEIVED FEEDBACK | Customer: CUST_011662 | Bought: True
[2025-12-02 02:39:47] Buffer size: 2/5
[2025-12-02 02:39:47] 📥 RECEIVED FEEDBACK | Customer: CUST_009224 | Bought: True
[2025-12-02 02:39:47] Buffer size: 3/5
[2025-12-02 02:39:47] 📥 RECEIVED FEEDBACK | Customer: CUST_011662 | Bought: False
[2025-12-02 02:39:47] Buffer size: 4/5
[2025-12-02 02:39:47] 📥 RECEIVED FEEDBACK | Customer: CUST_006066 | Bought: False
[2025-12-02 02:39:47] Buffer size: 5/5
[2025-12-02 02:39:47] 
============================================================
[2025-12-02 02:39:47] 🔄 Processing batch of 5 feedback points
[2025-12-02 02:39:47] ============================================================
[2025-12-02 02:39:47] ✓ POSITIVE | Customer: CUST_006066 | Cluster: 6 | Score: -1.07 | Update #326
[2025-12-02 02:39:47] ✓ POSITIVE | Customer: CUST_011662 | Cluster: 0 | Score: 7.65 | Update #327
[2025-12-02 02:39:47] ✓ POSITIVE | Customer: CUST_009224 | Cluster: 6 | Score: 0.18 | Update #328
[2025-12-02 02:39:47] ✗ NEGATIVE | Customer: CUST_011662 | Cluster: 0 | Score: 8.14 | Update #329
[2025-12-02 02:39:47] ✗ NEGATIVE | Customer: CUST_006066 | Cluster: 6 | Score: -1.52 | Update #330
[2025-12-02 02:39:47] 
💾 Saving model after 330 updates...
[2025-12-02 02:39:47] ✓ Model saved to /home/crazy_warlord/TargettedCalling/Persistence/model_car.json
[2025-12-02 02:39:47] ✓ Current state: Components=10, Positive=225, Negative=105

[2025-12-02 02:39:47] ✓ Batch complete: 5 updates, 0 errors
[2025-12-02 02:39:47] 📥 RECEIVED FEEDBACK | Customer: CUST_009223 | Bought: False
[2025-12-02 02:39:47] Buffer size: 1/5
[2025-12-02 02:39:48] 📥 RECEIVED FEEDBACK | Customer: CUST_005912 | Bought: True
[2025-12-02 02:39:48] Buffer size: 2/5
[2025-12-02 02:39:48] 📥 RECEIVED FEEDBACK | Customer: CUST_002422 | Bought: True
[2025-12-02 02:39:48] Buffer size: 3/5
[2025-12-02 02:39:48] 📥 RECEIVED FEEDBACK | Customer: CUST_005912 | Bought: True
[2025-12-02 02:39:48] Buffer size: 4/5
[2025-12-02 02:39:48] 📥 RECEIVED FEEDBACK | Customer: CUST_009652 | Bought: True
[2025-12-02 02:39:48] Buffer size: 5/5
[2025-12-02 02:39:48] 
============================================================
[2025-12-02 02:39:48] 🔄 Processing batch of 5 feedback points
[2025-12-02 02:39:48] ============================================================
[2025-12-02 02:39:48] ✗ NEGATIVE | Customer: CUST_009223 | Cluster: 9 | Score: 1.72 | Update #331
[2025-12-02 02:39:48] ✓ POSITIVE | Customer: CUST_005912 | Cluster: 9 | Score: 1.30 | Update #332
[2025-12-02 02:39:48] ✓ POSITIVE | Customer: CUST_002422 | Cluster: 6 | Score: 2.51 | Update #333
[2025-12-02 02:39:48] ✓ POSITIVE | Customer: CUST_005912 | Cluster: 9 | Score: 1.90 | Update #334
[2025-12-02 02:39:48] ✓ POSITIVE | Customer: CUST_009652 | Cluster: 6 | Score: 2.17 | Update #335
[2025-12-02 02:39:48] 
💾 Saving model after 335 updates...
[2025-12-02 02:39:48] ✓ Model saved to /home/crazy_warlord/TargettedCalling/Persistence/model_car.json
[2025-12-02 02:39:48] ✓ Current state: Components=10, Positive=229, Negative=106

[2025-12-02 02:39:48] ✓ Batch complete: 5 updates, 0 errors
[2025-12-02 02:39:48] 📥 RECEIVED FEEDBACK | Customer: CUST_009652 | Bought: True
[2025-12-02 02:39:48] Buffer size: 1/5
[2025-12-02 02:39:48] 📥 RECEIVED FEEDBACK | Customer: CUST_009224 | Bought: True
[2025-12-02 02:39:48] Buffer size: 2/5
[2025-12-02 02:39:48] 📥 RECEIVED FEEDBACK | Customer: CUST_002422 | Bought: True
[2025-12-02 02:39:48] Buffer size: 3/5
[2025-12-02 02:39:48] 📥 RECEIVED FEEDBACK | Customer: CUST_009223 | Bought: True
[2025-12-02 02:39:48] Buffer size: 4/5
[2025-12-02 02:39:49] 📥 RECEIVED FEEDBACK | Customer: CUST_009236 | Bought: True
[2025-12-02 02:39:49] Buffer size: 5/5
[2025-12-02 02:39:49] 
============================================================
[2025-12-02 02:39:49] 🔄 Processing batch of 5 feedback points
[2025-12-02 02:39:49] ============================================================
[2025-12-02 02:39:49] ✓ POSITIVE | Customer: CUST_009652 | Cluster: 6 | Score: 3.02 | Update #336
[2025-12-02 02:39:49] ✓ POSITIVE | Customer: CUST_009224 | Cluster: 6 | Score: 1.82 | Update #337
[2025-12-02 02:39:49] ✓ POSITIVE | Customer: CUST_002422 | Cluster: 6 | Score: 3.36 | Update #338
[2025-12-02 02:39:49] ✓ POSITIVE | Customer: CUST_009223 | Cluster: 9 | Score: 1.85 | Update #339
[2025-12-02 02:39:49] ✓ POSITIVE | Customer: CUST_009236 | Cluster: 4 | Score: 0.85 | Update #340
[2025-12-02 02:39:49] 
💾 Saving model after 340 updates...
[2025-12-02 02:39:49] ✓ Model saved to /home/crazy_warlord/TargettedCalling/Persistence/model_car.json
[2025-12-02 02:39:49] ✓ Current state: Components=10, Positive=234, Negative=106

[2025-12-02 02:39:49] ✓ Batch complete: 5 updates, 0 errors
[2025-12-02 02:39:49] 📥 RECEIVED FEEDBACK | Customer: CUST_005725 | Bought: True
[2025-12-02 02:39:49] Buffer size: 1/5
[2025-12-02 02:39:49] 📥 RECEIVED FEEDBACK | Customer: CUST_009251 | Bought: True
[2025-12-02 02:39:49] Buffer size: 2/5
[2025-12-02 02:39:49] 📥 RECEIVED FEEDBACK | Customer: CUST_009251 | Bought: True
[2025-12-02 02:39:49] Buffer size: 3/5
[2025-12-02 02:39:49] 📥 RECEIVED FEEDBACK | Customer: CUST_005773 | Bought: True
[2025-12-02 02:39:49] Buffer size: 4/5
[2025-12-02 02:39:49] 📥 RECEIVED FEEDBACK | Customer: CUST_005725 | Bought: True
[2025-12-02 02:39:49] Buffer size: 5/5
[2025-12-02 02:39:49] 
============================================================
[2025-12-02 02:39:49] 🔄 Processing batch of 5 feedback points
[2025-12-02 02:39:49] ============================================================
[2025-12-02 02:39:49] ✓ POSITIVE | Customer: CUST_005725 | Cluster: 0 | Score: -21.33 | Update #341
[2025-12-02 02:39:49] ✓ POSITIVE | Customer: CUST_009251 | Cluster: 6 | Score: -0.77 | Update #342
[2025-12-02 02:39:49] ✓ POSITIVE | Customer: CUST_009251 | Cluster: 6 | Score: 1.72 | Update #343
[2025-12-02 02:39:49] ✓ POSITIVE | Customer: CUST_005773 | Cluster: 3 | Score: -0.63 | Update #344
[2025-12-02 02:39:49] ✓ POSITIVE | Customer: CUST_005725 | Cluster: 0 | Score: -21.33 | Update #345
[2025-12-02 02:39:49] 
💾 Saving model after 345 updates...
[2025-12-02 02:39:49] ✓ Model saved to /home/crazy_warlord/TargettedCalling/Persistence/model_car.json
[2025-12-02 02:39:49] ✓ Current state: Components=10, Positive=239, Negative=106

[2025-12-02 02:39:49] ✓ Batch complete: 5 updates, 0 errors
[2025-12-02 02:39:49] 📥 RECEIVED FEEDBACK | Customer: CUST_002422 | Bought: True
[2025-12-02 02:39:49] Buffer size: 1/5
[2025-12-02 02:39:49] 📥 RECEIVED FEEDBACK | Customer: CUST_005773 | Bought: True
[2025-12-02 02:39:49] Buffer size: 2/5
[2025-12-02 02:39:49] 📥 RECEIVED FEEDBACK | Customer: CUST_009236 | Bought: False
[2025-12-02 02:39:49] Buffer size: 3/5
[2025-12-02 02:39:49] 📥 RECEIVED FEEDBACK | Customer: CUST_002404 | Bought: True
[2025-12-02 02:39:49] Buffer size: 4/5
[2025-12-02 02:39:49] 📥 RECEIVED FEEDBACK | Customer: CUST_002404 | Bought: False
[2025-12-02 02:39:49] Buffer size: 5/5
[2025-12-02 02:39:49] 
============================================================
[2025-12-02 02:39:49] 🔄 Processing batch of 5 feedback points
[2025-12-02 02:39:49] ============================================================
[2025-12-02 02:39:49] ✓ POSITIVE | Customer: CUST_002422 | Cluster: 6 | Score: 3.65 | Update #346
[2025-12-02 02:39:49] ✓ POSITIVE | Customer: CUST_005773 | Cluster: 3 | Score: 1.45 | Update #347
[2025-12-02 02:39:49] ✗ NEGATIVE | Customer: CUST_009236 | Cluster: 4 | Score: 2.76 | Update #348
[2025-12-02 02:39:49] ✓ POSITIVE | Customer: CUST_002404 | Cluster: 3 | Score: -2.06 | Update #349
[2025-12-02 02:39:49] ✗ NEGATIVE | Customer: CUST_002404 | Cluster: 3 | Score: -2.06 | Update #350
[2025-12-02 02:39:49] 
💾 Saving model after 350 updates...
[2025-12-02 02:39:49] ✓ Model saved to /home/crazy_warlord/TargettedCalling/Persistence/model_car.json
[2025-12-02 02:39:49] ✓ Current state: Components=10, Positive=242, Negative=108

[2025-12-02 02:39:50] ✓ Batch complete: 5 updates, 0 errors
[2025-12-02 02:39:50] 📥 RECEIVED FEEDBACK | Customer: CUST_002422 | Bought: False
[2025-12-02 02:39:50] Buffer size: 1/5
[2025-12-02 02:39:50] 📥 RECEIVED FEEDBACK | Customer: CUST_005725 | Bought: True
[2025-12-02 02:39:50] Buffer size: 2/5
[2025-12-02 02:39:50] 📥 RECEIVED FEEDBACK | Customer: CUST_002512 | Bought: False
[2025-12-02 02:39:50] Buffer size: 3/5
[2025-12-02 02:39:50] 📥 RECEIVED FEEDBACK | Customer: CUST_009223 | Bought: False
[2025-12-02 02:39:50] Buffer size: 4/5
[2025-12-02 02:39:50] 📥 RECEIVED FEEDBACK | Customer: CUST_009223 | Bought: True
[2025-12-02 02:39:50] Buffer size: 5/5
[2025-12-02 02:39:50] 
============================================================
[2025-12-02 02:39:50] 🔄 Processing batch of 5 feedback points
[2025-12-02 02:39:50] ============================================================
[2025-12-02 02:39:50] ✗ NEGATIVE | Customer: CUST_002422 | Cluster: 6 | Score: 4.11 | Update #351
[2025-12-02 02:39:50] ✓ POSITIVE | Customer: CUST_005725 | Cluster: 0 | Score: -21.33 | Update #352
[2025-12-02 02:39:50] ✗ NEGATIVE | Customer: CUST_002512 | Cluster: 1 | Score: -0.10 | Update #353
[2025-12-02 02:39:50] ✗ NEGATIVE | Customer: CUST_009223 | Cluster: 9 | Score: 2.34 | Update #354
[2025-12-02 02:39:50] ✓ POSITIVE | Customer: CUST_009223 | Cluster: 9 | Score: 2.34 | Update #355
[2025-12-02 02:39:50] 
💾 Saving model after 355 updates...
[2025-12-02 02:39:50] ✓ Model saved to /home/crazy_warlord/TargettedCalling/Persistence/model_car.json
[2025-12-02 02:39:50] ✓ Current state: Components=10, Positive=244, Negative=111

[2025-12-02 02:39:50] ✓ Batch complete: 5 updates, 0 errors
[2025-12-02 02:39:50] 📥 RECEIVED FEEDBACK | Customer: CUST_011462 | Bought: True
[2025-12-02 02:39:50] Buffer size: 1/5
[2025-12-02 02:39:50] 📥 RECEIVED FEEDBACK | Customer: CUST_005662 | Bought: True
[2025-12-02 02:39:50] Buffer size: 2/5
[2025-12-02 02:39:50] 📥 RECEIVED FEEDBACK | Customer: CUST_011521 | Bought: False
[2025-12-02 02:39:50] Buffer size: 3/5
[2025-12-02 02:39:51] 📥 RECEIVED FEEDBACK | Customer: CUST_005725 | Bought: False
[2025-12-02 02:39:51] Buffer size: 4/5
[2025-12-02 02:39:51] 📥 RECEIVED FEEDBACK | Customer: CUST_011521 | Bought: False
[2025-12-02 02:39:51] Buffer size: 5/5
[2025-12-02 02:39:51] 
============================================================
[2025-12-02 02:39:51] 🔄 Processing batch of 5 feedback points
[2025-12-02 02:39:51] ============================================================
[2025-12-02 02:39:51] ✓ POSITIVE | Customer: CUST_011462 | Cluster: 1 | Score: 2.48 | Update #356
[2025-12-02 02:39:51] ✓ POSITIVE | Customer: CUST_005662 | Cluster: 8 | Score: -14.07 | Update #357
[2025-12-02 02:39:51] ✗ NEGATIVE | Customer: CUST_011521 | Cluster: 3 | Score: -3.91 | Update #358
[2025-12-02 02:39:51] ✗ NEGATIVE | Customer: CUST_005725 | Cluster: 0 | Score: -21.33 | Update #359
[2025-12-02 02:39:51] ✗ NEGATIVE | Customer: CUST_011521 | Cluster: 3 | Score: -3.91 | Update #360
[2025-12-02 02:39:51] 
💾 Saving model after 360 updates...
[2025-12-02 02:39:51] ✓ Model saved to /home/crazy_warlord/TargettedCalling/Persistence/model_car.json
[2025-12-02 02:39:51] ✓ Current state: Components=10, Positive=246, Negative=114

[2025-12-02 02:39:51] ✓ Batch complete: 5 updates, 0 errors
[2025-12-02 02:39:51] 📥 RECEIVED FEEDBACK | Customer: CUST_011521 | Bought: True
[2025-12-02 02:39:51] Buffer size: 1/5
[2025-12-02 02:39:51] 📥 RECEIVED FEEDBACK | Customer: CUST_009275 | Bought: True
[2025-12-02 02:39:51] Buffer size: 2/5
[2025-12-02 02:39:51] 📥 RECEIVED FEEDBACK | Customer: CUST_009275 | Bought: True
[2025-12-02 02:39:51] Buffer size: 3/5
[2025-12-02 02:39:51] 📥 RECEIVED FEEDBACK | Customer: CUST_011462 | Bought: False
[2025-12-02 02:39:51] Buffer size: 4/5
[2025-12-02 02:39:51] 📥 RECEIVED FEEDBACK | Customer: CUST_002512 | Bought: True
[2025-12-02 02:39:51] Buffer size: 5/5
[2025-12-02 02:39:51] 
============================================================
[2025-12-02 02:39:51] 🔄 Processing batch of 5 feedback points
[2025-12-02 02:39:51] ============================================================
[2025-12-02 02:39:51] ✓ POSITIVE | Customer: CUST_011521 | Cluster: 3 | Score: -3.91 | Update #361
[2025-12-02 02:39:51] ✓ POSITIVE | Customer: CUST_009275 | Cluster: 3 | Score: 1.60 | Update #362
[2025-12-02 02:39:51] ✓ POSITIVE | Customer: CUST_009275 | Cluster: 3 | Score: 2.55 | Update #363
[2025-12-02 02:39:51] ✗ NEGATIVE | Customer: CUST_011462 | Cluster: 1 | Score: 3.37 | Update #364
[2025-12-02 02:39:51] ✓ POSITIVE | Customer: CUST_002512 | Cluster: 1 | Score: -0.46 | Update #365
[2025-12-02 02:39:51] 
💾 Saving model after 365 updates...
[2025-12-02 02:39:51] ✓ Model saved to /home/crazy_warlord/TargettedCalling/Persistence/model_car.json
[2025-12-02 02:39:51] ✓ Current state: Components=10, Positive=250, Negative=115

[2025-12-02 02:39:51] ✓ Batch complete: 5 updates, 0 errors
[2025-12-02 02:39:51] 📥 RECEIVED FEEDBACK | Customer: CUST_002422 | Bought: True
[2025-12-02 02:39:51] Buffer size: 1/5
[2025-12-02 02:39:51] 📥 RECEIVED FEEDBACK | Customer: CUST_005662 | Bought: True
[2025-12-02 02:39:51] Buffer size: 2/5
[2025-12-02 02:39:51] 📥 RECEIVED FEEDBACK | Customer: CUST_002422 | Bought: False
[2025-12-02 02:39:51] Buffer size: 3/5
[2025-12-02 02:39:51] 📥 RECEIVED FEEDBACK | Customer: CUST_011521 | Bought: True
[2025-12-02 02:39:51] Buffer size: 4/5
[2025-12-02 02:39:52] 📥 RECEIVED FEEDBACK | Customer: CUST_002567 | Bought: True
[2025-12-02 02:39:52] Buffer size: 5/5
[2025-12-02 02:39:52] 
============================================================
[2025-12-02 02:39:52] 🔄 Processing batch of 5 feedback points
[2025-12-02 02:39:52] ============================================================
[2025-12-02 02:39:52] ✓ POSITIVE | Customer: CUST_002422 | Cluster: 6 | Score: 4.11 | Update #366
[2025-12-02 02:39:52] ✓ POSITIVE | Customer: CUST_005662 | Cluster: 8 | Score: -14.07 | Update #367
[2025-12-02 02:39:52] ✗ NEGATIVE | Customer: CUST_002422 | Cluster: 6 | Score: 4.47 | Update #368
[2025-12-02 02:39:52] ✓ POSITIVE | Customer: CUST_011521 | Cluster: 3 | Score: -4.28 | Update #369
[2025-12-02 02:39:52] ✓ POSITIVE | Customer: CUST_002567 | Cluster: 4 | Score: 4.44 | Update #370
[2025-12-02 02:39:52] 
💾 Saving model after 370 updates...
[2025-12-02 02:39:52] ✓ Model saved to /home/crazy_warlord/TargettedCalling/Persistence/model_car.json
[2025-12-02 02:39:52] ✓ Current state: Components=10, Positive=254, Negative=116

[2025-12-02 02:39:52] ✓ Batch complete: 5 updates, 0 errors
[2025-12-02 02:39:52] 📥 RECEIVED FEEDBACK | Customer: CUST_002536 | Bought: True
[2025-12-02 02:39:52] Buffer size: 1/5
[2025-12-02 02:39:52] 📥 RECEIVED FEEDBACK | Customer: CUST_009278 | Bought: True
[2025-12-02 02:39:52] Buffer size: 2/5
[2025-12-02 02:39:52] 📥 RECEIVED FEEDBACK | Customer: CUST_009278 | Bought: False
[2025-12-02 02:39:52] Buffer size: 3/5
[2025-12-02 02:39:52] 📥 RECEIVED FEEDBACK | Customer: CUST_002536 | Bought: True
[2025-12-02 02:39:52] Buffer size: 4/5
[2025-12-02 02:39:52] 📥 RECEIVED FEEDBACK | Customer: CUST_009275 | Bought: True
[2025-12-02 02:39:52] Buffer size: 5/5
[2025-12-02 02:39:52] 
============================================================
[2025-12-02 02:39:52] 🔄 Processing batch of 5 feedback points
[2025-12-02 02:39:52] ============================================================
[2025-12-02 02:39:52] ✓ POSITIVE | Customer: CUST_002536 | Cluster: 6 | Score: 3.68 | Update #371
[2025-12-02 02:39:52] ✓ POSITIVE | Customer: CUST_009278 | Cluster: 3 | Score: -10.74 | Update #372
[2025-12-02 02:39:52] ✗ NEGATIVE | Customer: CUST_009278 | Cluster: 3 | Score: -10.74 | Update #373
[2025-12-02 02:39:52] ✓ POSITIVE | Customer: CUST_002536 | Cluster: 6 | Score: 4.11 | Update #374
[2025-12-02 02:39:52] ✓ POSITIVE | Customer: CUST_009275 | Cluster: 3 | Score: 3.15 | Update #375
[2025-12-02 02:39:52] 
💾 Saving model after 375 updates...
[2025-12-02 02:39:52] ✓ Model saved to /home/crazy_warlord/TargettedCalling/Persistence/model_car.json
[2025-12-02 02:39:52] ✓ Current state: Components=10, Positive=258, Negative=117

[2025-12-02 02:39:52] ✓ Batch complete: 5 updates, 0 errors
[2025-12-02 02:39:52] 📥 RECEIVED FEEDBACK | Customer: CUST_002536 | Bought: True
[2025-12-02 02:39:52] Buffer size: 1/5
[2025-12-02 02:39:52] 📥 RECEIVED FEEDBACK | Customer: CUST_002536 | Bought: True
[2025-12-02 02:39:52] Buffer size: 2/5
[2025-12-02 02:39:52] 📥 RECEIVED FEEDBACK | Customer: CUST_002567 | Bought: False
[2025-12-02 02:39:52] Buffer size: 3/5
[2025-12-02 02:39:52] 📥 RECEIVED FEEDBACK | Customer: CUST_009275 | Bought: True
[2025-12-02 02:39:52] Buffer size: 4/5
[2025-12-02 02:39:52] 📥 RECEIVED FEEDBACK | Customer: CUST_002494 | Bought: True
[2025-12-02 02:39:52] Buffer size: 5/5
[2025-12-02 02:39:52] 
============================================================
[2025-12-02 02:39:52] 🔄 Processing batch of 5 feedback points
[2025-12-02 02:39:52] ============================================================
[2025-12-02 02:39:52] ✓ POSITIVE | Customer: CUST_002536 | Cluster: 6 | Score: 4.46 | Update #376
[2025-12-02 02:39:52] ✓ POSITIVE | Customer: CUST_002536 | Cluster: 6 | Score: 4.78 | Update #377
[2025-12-02 02:39:52] ✗ NEGATIVE | Customer: CUST_002567 | Cluster: 4 | Score: 4.82 | Update #378
[2025-12-02 02:39:52] ✓ POSITIVE | Customer: CUST_009275 | Cluster: 3 | Score: 3.58 | Update #379
[2025-12-02 02:39:52] ✓ POSITIVE | Customer: CUST_002494 | Cluster: 8 | Score: -13.02 | Update #380
[2025-12-02 02:39:52] 
💾 Saving model after 380 updates...
[2025-12-02 02:39:53] ✓ Model saved to /home/crazy_warlord/TargettedCalling/Persistence/model_car.json
[2025-12-02 02:39:53] ✓ Current state: Components=10, Positive=262, Negative=118

[2025-12-02 02:39:53] ✓ Batch complete: 5 updates, 0 errors
[2025-12-02 02:39:53] 📥 RECEIVED FEEDBACK | Customer: CUST_005725 | Bought: True
[2025-12-02 02:39:53] Buffer size: 1/5
[2025-12-02 02:39:53] 📥 RECEIVED FEEDBACK | Customer: CUST_005725 | Bought: False
[2025-12-02 02:39:53] Buffer size: 2/5
[2025-12-02 02:39:53] 📥 RECEIVED FEEDBACK | Customer: CUST_002494 | Bought: True
[2025-12-02 02:39:53] Buffer size: 3/5
[2025-12-02 02:39:53] 📥 RECEIVED FEEDBACK | Customer: CUST_011477 | Bought: False
[2025-12-02 02:39:53] Buffer size: 4/5
[2025-12-02 02:39:53] 📥 RECEIVED FEEDBACK | Customer: CUST_011477 | Bought: True
[2025-12-02 02:39:53] Buffer size: 5/5
[2025-12-02 02:39:53] 
============================================================
[2025-12-02 02:39:53] 🔄 Processing batch of 5 feedback points
[2025-12-02 02:39:53] ============================================================
[2025-12-02 02:39:53] ✓ POSITIVE | Customer: CUST_005725 | Cluster: 0 | Score: -21.33 | Update #381
[2025-12-02 02:39:53] ✗ NEGATIVE | Customer: CUST_005725 | Cluster: 0 | Score: -21.33 | Update #382
[2025-12-02 02:39:53] ✓ POSITIVE | Customer: CUST_002494 | Cluster: 8 | Score: -13.02 | Update #383
[2025-12-02 02:39:53] ✗ NEGATIVE | Customer: CUST_011477 | Cluster: 9 | Score: 0.41 | Update #384
[2025-12-02 02:39:53] ✓ POSITIVE | Customer: CUST_011477 | Cluster: 9 | Score: 0.41 | Update #385
[2025-12-02 02:39:53] 
💾 Saving model after 385 updates...
[2025-12-02 02:39:53] ✓ Model saved to /home/crazy_warlord/TargettedCalling/Persistence/model_car.json
[2025-12-02 02:39:53] ✓ Current state: Components=10, Positive=265, Negative=120

[2025-12-02 02:39:53] ✓ Batch complete: 5 updates, 0 errors
[2025-12-02 02:39:53] 📥 RECEIVED FEEDBACK | Customer: CUST_011477 | Bought: False
[2025-12-02 02:39:53] Buffer size: 1/5
[2025-12-02 02:39:53] 📥 RECEIVED FEEDBACK | Customer: CUST_011473 | Bought: True
[2025-12-02 02:39:53] Buffer size: 2/5
[2025-12-02 02:39:53] 📥 RECEIVED FEEDBACK | Customer: CUST_011473 | Bought: True
[2025-12-02 02:39:53] Buffer size: 3/5
[2025-12-02 02:39:53] 📥 RECEIVED FEEDBACK | Customer: CUST_011477 | Bought: True
[2025-12-02 02:39:54] Buffer size: 4/5
[2025-12-02 02:39:55] 📥 RECEIVED FEEDBACK | Customer: CUST_005833 | Bought: False
[2025-12-02 02:39:55] Buffer size: 5/5
[2025-12-02 02:39:55] 
============================================================
[2025-12-02 02:39:55] 🔄 Processing batch of 5 feedback points
[2025-12-02 02:39:55] ============================================================
[2025-12-02 02:39:55] ✗ NEGATIVE | Customer: CUST_011477 | Cluster: 9 | Score: 1.28 | Update #386
[2025-12-02 02:39:55] ✓ POSITIVE | Customer: CUST_011473 | Cluster: 1 | Score: 1.28 | Update #387
[2025-12-02 02:39:55] ✓ POSITIVE | Customer: CUST_011473 | Cluster: 1 | Score: 2.79 | Update #388
[2025-12-02 02:39:55] ✓ POSITIVE | Customer: CUST_011477 | Cluster: 9 | Score: 1.28 | Update #389
[2025-12-02 02:39:55] ✗ NEGATIVE | Customer: CUST_005833 | Cluster: 9 | Score: -2.95 | Update #390
[2025-12-02 02:39:55] 
💾 Saving model after 390 updates...
[2025-12-02 02:39:55] ✓ Model saved to /home/crazy_warlord/TargettedCalling/Persistence/model_car.json
[2025-12-02 02:39:55] ✓ Current state: Components=10, Positive=268, Negative=122

[2025-12-02 02:39:55] ✓ Batch complete: 5 updates, 0 errors
[2025-12-02 02:39:55] 📥 RECEIVED FEEDBACK | Customer: CUST_011462 | Bought: True
[2025-12-02 02:39:55] Buffer size: 1/5
[2025-12-02 02:39:55] 📥 RECEIVED FEEDBACK | Customer: CUST_000277 | Bought: True
[2025-12-02 02:39:55] Buffer size: 2/5
[2025-12-02 02:39:55] 📥 RECEIVED FEEDBACK | Customer: CUST_000277 | Bought: True
[2025-12-02 02:39:55] Buffer size: 3/5
[2025-12-02 02:39:55] 📥 RECEIVED FEEDBACK | Customer: CUST_005832 | Bought: True
[2025-12-02 02:39:55] Buffer size: 4/5
[2025-12-02 02:39:55] 📥 RECEIVED FEEDBACK | Customer: CUST_005773 | Bought: True
[2025-12-02 02:39:55] Buffer size: 5/5
[2025-12-02 02:39:55] 
============================================================
[2025-12-02 02:39:55] 🔄 Processing batch of 5 feedback points
[2025-12-02 02:39:55] ============================================================
[2025-12-02 02:39:55] ✓ POSITIVE | Customer: CUST_011462 | Cluster: 1 | Score: 2.70 | Update #391
[2025-12-02 02:39:55] ✓ POSITIVE | Customer: CUST_000277 | Cluster: 6 | Score: 2.27 | Update #392
[2025-12-02 02:39:55] ✓ POSITIVE | Customer: CUST_000277 | Cluster: 6 | Score: 3.37 | Update #393
[2025-12-02 02:39:55] ✓ POSITIVE | Customer: CUST_005832 | Cluster: 6 | Score: -0.70 | Update #394
[2025-12-02 02:39:55] ✓ POSITIVE | Customer: CUST_005773 | Cluster: 3 | Score: 2.07 | Update #395
[2025-12-02 02:39:55] 
💾 Saving model after 395 updates...
[2025-12-02 02:39:55] ✓ Model saved to /home/crazy_warlord/TargettedCalling/Persistence/model_car.json
[2025-12-02 02:39:55] ✓ Current state: Components=10, Positive=273, Negative=122

[2025-12-02 02:39:55] ✓ Batch complete: 5 updates, 0 errors
[2025-12-02 02:39:55] 📥 RECEIVED FEEDBACK | Customer: CUST_002494 | Bought: True
[2025-12-02 02:39:55] Buffer size: 1/5
[2025-12-02 02:39:55] 📥 RECEIVED FEEDBACK | Customer: CUST_005833 | Bought: False
[2025-12-02 02:39:55] Buffer size: 2/5
[2025-12-02 02:39:55] 📥 RECEIVED FEEDBACK | Customer: CUST_005773 | Bought: False
[2025-12-02 02:39:55] Buffer size: 3/5
[2025-12-02 02:39:55] 📥 RECEIVED FEEDBACK | Customer: CUST_005832 | Bought: True
[2025-12-02 02:39:55] Buffer size: 4/5
[2025-12-02 02:39:55] 📥 RECEIVED FEEDBACK | Customer: CUST_011465 | Bought: True
[2025-12-02 02:39:55] Buffer size: 5/5
[2025-12-02 02:39:55] 
============================================================
[2025-12-02 02:39:55] 🔄 Processing batch of 5 feedback points
[2025-12-02 02:39:55] ============================================================
[2025-12-02 02:39:55] ✓ POSITIVE | Customer: CUST_002494 | Cluster: 8 | Score: -13.02 | Update #396
[2025-12-02 02:39:55] ✗ NEGATIVE | Customer: CUST_005833 | Cluster: 9 | Score: -2.95 | Update #397
[2025-12-02 02:39:55] ✗ NEGATIVE | Customer: CUST_005773 | Cluster: 3 | Score: 2.92 | Update #398
[2025-12-02 02:39:55] ✓ POSITIVE | Customer: CUST_005832 | Cluster: 6 | Score: -0.70 | Update #399
[2025-12-02 02:39:55] ✓ POSITIVE | Customer: CUST_011465 | Cluster: 4 | Score: 3.70 | Update #400
[2025-12-02 02:39:55] 
💾 Saving model after 400 updates...
[2025-12-02 02:39:55] ✓ Model saved to /home/crazy_warlord/TargettedCalling/Persistence/model_car.json
[2025-12-02 02:39:56] ✓ Current state: Components=10, Positive=276, Negative=124

[2025-12-02 02:39:56] ✓ Batch complete: 5 updates, 0 errors
[2025-12-02 02:39:56] 📥 RECEIVED FEEDBACK | Customer: CUST_002494 | Bought: True
[2025-12-02 02:39:56] Buffer size: 1/5
[2025-12-02 02:39:56] 📥 RECEIVED FEEDBACK | Customer: CUST_011462 | Bought: False
[2025-12-02 02:39:56] Buffer size: 2/5
[2025-12-02 02:39:56] 📥 RECEIVED FEEDBACK | Customer: CUST_011465 | Bought: True
[2025-12-02 02:39:56] Buffer size: 3/5
[2025-12-02 02:39:56] 📥 RECEIVED FEEDBACK | Customer: CUST_009127 | Bought: True
[2025-12-02 02:39:56] Buffer size: 4/5
[2025-12-02 02:39:56] 📥 RECEIVED FEEDBACK | Customer: CUST_005912 | Bought: False
[2025-12-02 02:39:56] Buffer size: 5/5
[2025-12-02 02:39:56] 
============================================================
[2025-12-02 02:39:56] 🔄 Processing batch of 5 feedback points
[2025-12-02 02:39:56] ============================================================
[2025-12-02 02:39:56] ✓ POSITIVE | Customer: CUST_002494 | Cluster: 8 | Score: -13.02 | Update #401
[2025-12-02 02:39:56] ✗ NEGATIVE | Customer: CUST_011462 | Cluster: 1 | Score: 3.46 | Update #402
[2025-12-02 02:39:56] ✓ POSITIVE | Customer: CUST_011465 | Cluster: 4 | Score: 4.33 | Update #403
[2025-12-02 02:39:56] ✓ POSITIVE | Customer: CUST_009127 | Cluster: 8 | Score: -0.94 | Update #404
[2025-12-02 02:39:56] ✗ NEGATIVE | Customer: CUST_005912 | Cluster: 9 | Score: 2.36 | Update #405
[2025-12-02 02:39:56] 
💾 Saving model after 405 updates...
[2025-12-02 02:39:56] ✓ Model saved to /home/crazy_warlord/TargettedCalling/Persistence/model_car.json
[2025-12-02 02:39:56] ✓ Current state: Components=10, Positive=279, Negative=126

[2025-12-02 02:39:56] ✓ Batch complete: 5 updates, 0 errors
[2025-12-02 02:39:56] 📥 RECEIVED FEEDBACK | Customer: CUST_000277 | Bought: False
[2025-12-02 02:39:56] Buffer size: 1/5
[2025-12-02 02:39:56] 📥 RECEIVED FEEDBACK | Customer: CUST_005880 | Bought: True
[2025-12-02 02:39:56] Buffer size: 2/5
[2025-12-02 02:39:56] 📥 RECEIVED FEEDBACK | Customer: CUST_000277 | Bought: True
[2025-12-02 02:39:56] Buffer size: 3/5
[2025-12-02 02:39:56] 📥 RECEIVED FEEDBACK | Customer: CUST_005912 | Bought: True
[2025-12-02 02:39:56] Buffer size: 4/5
[2025-12-02 02:39:56] 📥 RECEIVED FEEDBACK | Customer: CUST_009127 | Bought: True
[2025-12-02 02:39:56] Buffer size: 5/5
[2025-12-02 02:39:56] 
============================================================
[2025-12-02 02:39:57] 🔄 Processing batch of 5 feedback points
[2025-12-02 02:39:57] ============================================================
[2025-12-02 02:39:57] ✗ NEGATIVE | Customer: CUST_000277 | Cluster: 6 | Score: 4.06 | Update #406
[2025-12-02 02:39:57] ✓ POSITIVE | Customer: CUST_005880 | Cluster: 9 | Score: -0.12 | Update #407
[2025-12-02 02:39:57] ✓ POSITIVE | Customer: CUST_000277 | Cluster: 6 | Score: 4.06 | Update #408
[2025-12-02 02:39:57] ✓ POSITIVE | Customer: CUST_005912 | Cluster: 9 | Score: 2.24 | Update #409
[2025-12-02 02:39:57] ✓ POSITIVE | Customer: CUST_009127 | Cluster: 8 | Score: -0.04 | Update #410
[2025-12-02 02:39:57] 
💾 Saving model after 410 updates...
[2025-12-02 02:39:57] ✓ Model saved to /home/crazy_warlord/TargettedCalling/Persistence/model_car.json
[2025-12-02 02:39:57] ✓ Current state: Components=10, Positive=283, Negative=127

[2025-12-02 02:39:57] ✓ Batch complete: 5 updates, 0 errors
[2025-12-02 02:39:57] 📥 RECEIVED FEEDBACK | Customer: CUST_005880 | Bought: True
[2025-12-02 02:39:57] Buffer size: 1/5
[2025-12-02 02:39:58] 📥 RECEIVED FEEDBACK | Customer: CUST_005880 | Bought: True
[2025-12-02 02:39:58] Buffer size: 2/5
[2025-12-02 02:39:58] 📥 RECEIVED FEEDBACK | Customer: CUST_005880 | Bought: True
[2025-12-02 02:39:58] Buffer size: 3/5
[2025-12-02 02:39:58] 📥 RECEIVED FEEDBACK | Customer: CUST_002296 | Bought: True
[2025-12-02 02:39:58] Buffer size: 4/5
[2025-12-02 02:39:58] 📥 RECEIVED FEEDBACK | Customer: CUST_002296 | Bought: True
[2025-12-02 02:39:58] Buffer size: 5/5
[2025-12-02 02:39:58] 
============================================================
[2025-12-02 02:39:58] 🔄 Processing batch of 5 feedback points
[2025-12-02 02:39:58] ============================================================
[2025-12-02 02:39:58] ✓ POSITIVE | Customer: CUST_005880 | Cluster: 9 | Score: 0.94 | Update #411
[2025-12-02 02:39:58] ✓ POSITIVE | Customer: CUST_005880 | Cluster: 9 | Score: 1.73 | Update #412
[2025-12-02 02:39:58] ✓ POSITIVE | Customer: CUST_005880 | Cluster: 9 | Score: 2.28 | Update #413
[2025-12-02 02:39:58] ✓ POSITIVE | Customer: CUST_002296 | Cluster: 9 | Score: 1.96 | Update #414
[2025-12-02 02:39:58] ✓ POSITIVE | Customer: CUST_002296 | Cluster: 9 | Score: 2.51 | Update #415
[2025-12-02 02:39:58] 
💾 Saving model after 415 updates...
[2025-12-02 02:39:58] ✓ Model saved to /home/crazy_warlord/TargettedCalling/Persistence/model_car.json
[2025-12-02 02:39:58] ✓ Current state: Components=10, Positive=288, Negative=127

[2025-12-02 02:39:58] ✓ Batch complete: 5 updates, 0 errors
[2025-12-02 02:39:58] 📥 RECEIVED FEEDBACK | Customer: CUST_005816 | Bought: True
[2025-12-02 02:39:58] Buffer size: 1/5
[2025-12-02 02:39:58] 📥 RECEIVED FEEDBACK | Customer: CUST_002296 | Bought: True
[2025-12-02 02:39:58] Buffer size: 2/5
[2025-12-02 02:39:58] 📥 RECEIVED FEEDBACK | Customer: CUST_005816 | Bought: True
[2025-12-02 02:39:58] Buffer size: 3/5
[2025-12-02 02:39:58] 📥 RECEIVED FEEDBACK | Customer: CUST_002296 | Bought: True
[2025-12-02 02:39:58] Buffer size: 4/5
[2025-12-02 02:39:58] 📥 RECEIVED FEEDBACK | Customer: CUST_005789 | Bought: True
[2025-12-02 02:39:58] Buffer size: 5/5
[2025-12-02 02:39:58] 
============================================================
[2025-12-02 02:39:58] 🔄 Processing batch of 5 feedback points
[2025-12-02 02:39:58] ============================================================
[2025-12-02 02:39:58] ✓ POSITIVE | Customer: CUST_005816 | Cluster: 9 | Score: -1.24 | Update #416
[2025-12-02 02:39:58] ✓ POSITIVE | Customer: CUST_002296 | Cluster: 9 | Score: 2.82 | Update #417
[2025-12-02 02:39:58] ✓ POSITIVE | Customer: CUST_005816 | Cluster: 9 | Score: 0.75 | Update #418
[2025-12-02 02:39:58] ✓ POSITIVE | Customer: CUST_002296 | Cluster: 9 | Score: 3.14 | Update #419
[2025-12-02 02:39:58] ✓ POSITIVE | Customer: CUST_005789 | Cluster: 8 | Score: -0.90 | Update #420
[2025-12-02 02:39:58] 
💾 Saving model after 420 updates...
[2025-12-02 02:39:58] ✓ Model saved to /home/crazy_warlord/TargettedCalling/Persistence/model_car.json
[2025-12-02 02:39:58] ✓ Current state: Components=10, Positive=293, Negative=127

[2025-12-02 02:39:58] ✓ Batch complete: 5 updates, 0 errors
[2025-12-02 02:39:58] 📥 RECEIVED FEEDBACK | Customer: CUST_005789 | Bought: False
[2025-12-02 02:39:58] Buffer size: 1/5
[2025-12-02 02:39:59] 📥 RECEIVED FEEDBACK | Customer: CUST_002395 | Bought: False
[2025-12-02 02:39:59] Buffer size: 2/5
[2025-12-02 02:39:59] 📥 RECEIVED FEEDBACK | Customer: CUST_002395 | Bought: False
[2025-12-02 02:39:59] Buffer size: 3/5
[2025-12-02 02:39:59] 📥 RECEIVED FEEDBACK | Customer: CUST_005789 | Bought: True
[2025-12-02 02:39:59] Buffer size: 4/5
[2025-12-02 02:39:59] 📥 RECEIVED FEEDBACK | Customer: CUST_011536 | Bought: True
[2025-12-02 02:39:59] Buffer size: 5/5
[2025-12-02 02:39:59] 
============================================================
[2025-12-02 02:39:59] 🔄 Processing batch of 5 feedback points
[2025-12-02 02:39:59] ============================================================
[2025-12-02 02:39:59] ✗ NEGATIVE | Customer: CUST_005789 | Cluster: 8 | Score: 0.17 | Update #421
[2025-12-02 02:39:59] ✗ NEGATIVE | Customer: CUST_002395 | Cluster: 9 | Score: 1.08 | Update #422
[2025-12-02 02:39:59] ✗ NEGATIVE | Customer: CUST_002395 | Cluster: 9 | Score: 1.08 | Update #423
[2025-12-02 02:39:59] ✓ POSITIVE | Customer: CUST_005789 | Cluster: 8 | Score: 0.17 | Update #424
[2025-12-02 02:39:59] ✓ POSITIVE | Customer: CUST_011536 | Cluster: 0 | Score: 7.41 | Update #425
[2025-12-02 02:39:59] 
💾 Saving model after 425 updates...
[2025-12-02 02:39:59] ✓ Model saved to /home/crazy_warlord/TargettedCalling/Persistence/model_car.json
[2025-12-02 02:39:59] ✓ Current state: Components=10, Positive=295, Negative=130

[2025-12-02 02:39:59] ✓ Batch complete: 5 updates, 0 errors
[2025-12-02 02:39:59] 📥 RECEIVED FEEDBACK | Customer: CUST_011536 | Bought: True
[2025-12-02 02:39:59] Buffer size: 1/5
[2025-12-02 02:39:59] 📥 RECEIVED FEEDBACK | Customer: CUST_005789 | Bought: True
[2025-12-02 02:39:59] Buffer size: 2/5
[2025-12-02 02:39:59] 📥 RECEIVED FEEDBACK | Customer: CUST_005816 | Bought: True
[2025-12-02 02:40:00] Buffer size: 3/5
[2025-12-02 02:40:00] 📥 RECEIVED FEEDBACK | Customer: CUST_009161 | Bought: True
[2025-12-02 02:40:00] Buffer size: 4/5
[2025-12-02 02:40:00] 📥 RECEIVED FEEDBACK | Customer: CUST_005816 | Bought: False
[2025-12-02 02:40:00] Buffer size: 5/5
[2025-12-02 02:40:00] 
============================================================
[2025-12-02 02:40:00] 🔄 Processing batch of 5 feedback points
[2025-12-02 02:40:00] ============================================================
[2025-12-02 02:40:00] ✓ POSITIVE | Customer: CUST_011536 | Cluster: 0 | Score: 8.01 | Update #426
[2025-12-02 02:40:00] ✓ POSITIVE | Customer: CUST_005789 | Cluster: 8 | Score: 0.85 | Update #427
[2025-12-02 02:40:00] ✓ POSITIVE | Customer: CUST_005816 | Cluster: 9 | Score: 1.83 | Update #428
[2025-12-02 02:40:00] ✓ POSITIVE | Customer: CUST_009161 | Cluster: 0 | Score: 2.74 | Update #429
[2025-12-02 02:40:00] ✗ NEGATIVE | Customer: CUST_005816 | Cluster: 9 | Score: 2.58 | Update #430
[2025-12-02 02:40:00] 
💾 Saving model after 430 updates...
[2025-12-02 02:40:00] ✓ Model saved to /home/crazy_warlord/TargettedCalling/Persistence/model_car.json
[2025-12-02 02:40:00] ✓ Current state: Components=10, Positive=299, Negative=131

[2025-12-02 02:40:00] ✓ Batch complete: 5 updates, 0 errors
[2025-12-02 02:40:00] 📥 RECEIVED FEEDBACK | Customer: CUST_009161 | Bought: True
[2025-12-02 02:40:00] Buffer size: 1/5
[2025-12-02 02:40:01] 📥 RECEIVED FEEDBACK | Customer: CUST_000729 | Bought: False
[2025-12-02 02:40:01] Buffer size: 2/5
[2025-12-02 02:40:01] 📥 RECEIVED FEEDBACK | Customer: CUST_002362 | Bought: True
[2025-12-02 02:40:01] Buffer size: 3/5
[2025-12-02 02:40:01] 📥 RECEIVED FEEDBACK | Customer: CUST_000729 | Bought: True
[2025-12-02 02:40:01] Buffer size: 4/5
[2025-12-02 02:40:01] 📥 RECEIVED FEEDBACK | Customer: CUST_010680 | Bought: True
[2025-12-02 02:40:01] Buffer size: 5/5
[2025-12-02 02:40:01] 
============================================================
[2025-12-02 02:40:01] 🔄 Processing batch of 5 feedback points
[2025-12-02 02:40:01] ============================================================
[2025-12-02 02:40:01] ✓ POSITIVE | Customer: CUST_009161 | Cluster: 0 | Score: 2.74 | Update #431
[2025-12-02 02:40:01] ✗ NEGATIVE | Customer: CUST_000729 | Cluster: 4 | Score: 4.03 | Update #432
[2025-12-02 02:40:01] ✓ POSITIVE | Customer: CUST_002362 | Cluster: 4 | Score: 1.29 | Update #433
[2025-12-02 02:40:01] ✓ POSITIVE | Customer: CUST_000729 | Cluster: 4 | Score: 3.98 | Update #434
[2025-12-02 02:40:01] ✓ POSITIVE | Customer: CUST_010680 | Cluster: 5 | Score: 6.59 | Update #435
[2025-12-02 02:40:01] 
💾 Saving model after 435 updates...
[2025-12-02 02:40:01] ✓ Model saved to /home/crazy_warlord/TargettedCalling/Persistence/model_car.json
[2025-12-02 02:40:01] ✓ Current state: Components=10, Positive=303, Negative=132

[2025-12-02 02:40:01] ✓ Batch complete: 5 updates, 0 errors
[2025-12-02 02:40:01] 📥 RECEIVED FEEDBACK | Customer: CUST_000888 | Bought: True
[2025-12-02 02:40:01] Buffer size: 1/5
[2025-12-02 02:40:01] 📥 RECEIVED FEEDBACK | Customer: CUST_005789 | Bought: True
[2025-12-02 02:40:01] Buffer size: 2/5
[2025-12-02 02:40:01] 📥 RECEIVED FEEDBACK | Customer: CUST_010680 | Bought: True
[2025-12-02 02:40:01] Buffer size: 3/5
[2025-12-02 02:40:01] 📥 RECEIVED FEEDBACK | Customer: CUST_011556 | Bought: True
[2025-12-02 02:40:01] Buffer size: 4/5
[2025-12-02 02:40:01] 📥 RECEIVED FEEDBACK | Customer: CUST_000888 | Bought: False
[2025-12-02 02:40:01] Buffer size: 5/5
[2025-12-02 02:40:01] 
============================================================
[2025-12-02 02:40:01] 🔄 Processing batch of 5 feedback points
[2025-12-02 02:40:01] ============================================================
[2025-12-02 02:40:01] ✓ POSITIVE | Customer: CUST_000888 | Cluster: 3 | Score: -18.54 | Update #436
[2025-12-02 02:40:01] ✓ POSITIVE | Customer: CUST_005789 | Cluster: 8 | Score: 1.35 | Update #437
[2025-12-02 02:40:01] ✓ POSITIVE | Customer: CUST_010680 | Cluster: 5 | Score: 7.18 | Update #438
[2025-12-02 02:40:01] ✓ POSITIVE | Customer: CUST_011556 | Cluster: 9 | Score: -3.69 | Update #439
[2025-12-02 02:40:01] ✗ NEGATIVE | Customer: CUST_000888 | Cluster: 3 | Score: -18.54 | Update #440
[2025-12-02 02:40:01] 
💾 Saving model after 440 updates...
[2025-12-02 02:40:01] ✓ Model saved to /home/crazy_warlord/TargettedCalling/Persistence/model_car.json
[2025-12-02 02:40:01] ✓ Current state: Components=10, Positive=307, Negative=133

[2025-12-02 02:40:01] ✓ Batch complete: 5 updates, 0 errors
[2025-12-02 02:40:01] 📥 RECEIVED FEEDBACK | Customer: CUST_000888 | Bought: True
[2025-12-02 02:40:01] Buffer size: 1/5
[2025-12-02 02:40:01] 📥 RECEIVED FEEDBACK | Customer: CUST_000888 | Bought: True
[2025-12-02 02:40:01] Buffer size: 2/5
[2025-12-02 02:40:01] 📥 RECEIVED FEEDBACK | Customer: CUST_002362 | Bought: True
[2025-12-02 02:40:01] Buffer size: 3/5
[2025-12-02 02:40:01] 📥 RECEIVED FEEDBACK | Customer: CUST_005789 | Bought: False
[2025-12-02 02:40:01] Buffer size: 4/5
[2025-12-02 02:40:01] 📥 RECEIVED FEEDBACK | Customer: CUST_011536 | Bought: True
[2025-12-02 02:40:01] Buffer size: 5/5
[2025-12-02 02:40:01] 
============================================================
[2025-12-02 02:40:01] 🔄 Processing batch of 5 feedback points
[2025-12-02 02:40:01] ============================================================
[2025-12-02 02:40:01] ✓ POSITIVE | Customer: CUST_000888 | Cluster: 3 | Score: -18.54 | Update #441
[2025-12-02 02:40:01] ✓ POSITIVE | Customer: CUST_000888 | Cluster: 3 | Score: -18.54 | Update #442
[2025-12-02 02:40:01] ✓ POSITIVE | Customer: CUST_002362 | Cluster: 4 | Score: 2.97 | Update #443
[2025-12-02 02:40:01] ✗ NEGATIVE | Customer: CUST_005789 | Cluster: 8 | Score: 1.74 | Update #444
[2025-12-02 02:40:01] ✓ POSITIVE | Customer: CUST_011536 | Cluster: 0 | Score: 8.48 | Update #445
[2025-12-02 02:40:02] 
💾 Saving model after 445 updates...
[2025-12-02 02:40:02] ✓ Model saved to /home/crazy_warlord/TargettedCalling/Persistence/model_car.json
[2025-12-02 02:40:02] ✓ Current state: Components=10, Positive=311, Negative=134

[2025-12-02 02:40:02] ✓ Batch complete: 5 updates, 0 errors
[2025-12-02 02:40:02] 📥 RECEIVED FEEDBACK | Customer: CUST_011536 | Bought: False
[2025-12-02 02:40:02] Buffer size: 1/5
[2025-12-02 02:40:02] 📥 RECEIVED FEEDBACK | Customer: CUST_002362 | Bought: True
[2025-12-02 02:40:02] Buffer size: 2/5
[2025-12-02 02:40:02] 📥 RECEIVED FEEDBACK | Customer: CUST_005079 | Bought: True
[2025-12-02 02:40:02] Buffer size: 3/5
[2025-12-02 02:40:02] 📥 RECEIVED FEEDBACK | Customer: CUST_011556 | Bought: True
[2025-12-02 02:40:02] Buffer size: 4/5
[2025-12-02 02:40:02] 📥 RECEIVED FEEDBACK | Customer: CUST_005079 | Bought: False
[2025-12-02 02:40:02] Buffer size: 5/5
[2025-12-02 02:40:02] 
============================================================
[2025-12-02 02:40:02] 🔄 Processing batch of 5 feedback points
[2025-12-02 02:40:02] ============================================================
[2025-12-02 02:40:02] ✗ NEGATIVE | Customer: CUST_011536 | Cluster: 0 | Score: 8.87 | Update #446
[2025-12-02 02:40:02] ✓ POSITIVE | Customer: CUST_002362 | Cluster: 4 | Score: 3.93 | Update #447
[2025-12-02 02:40:02] ✓ POSITIVE | Customer: CUST_005079 | Cluster: 9 | Score: -3.15 | Update #448
[2025-12-02 02:40:02] ✓ POSITIVE | Customer: CUST_011556 | Cluster: 9 | Score: -3.69 | Update #449
[2025-12-02 02:40:02] ✗ NEGATIVE | Customer: CUST_005079 | Cluster: 9 | Score: -3.15 | Update #450
[2025-12-02 02:40:02] 
💾 Saving model after 450 updates...
[2025-12-02 02:40:02] ✓ Model saved to /home/crazy_warlord/TargettedCalling/Persistence/model_car.json
[2025-12-02 02:40:02] ✓ Current state: Components=10, Positive=314, Negative=136

[2025-12-02 02:40:02] ✓ Batch complete: 5 updates, 0 errors
[2025-12-02 02:40:02] 📥 RECEIVED FEEDBACK | Customer: CUST_002362 | Bought: True
[2025-12-02 02:40:02] Buffer size: 1/5
[2025-12-02 02:40:02] 📥 RECEIVED FEEDBACK | Customer: CUST_010680 | Bought: False
[2025-12-02 02:40:02] Buffer size: 2/5
[2025-12-02 02:40:02] 📥 RECEIVED FEEDBACK | Customer: CUST_003588 | Bought: True
[2025-12-02 02:40:02] Buffer size: 3/5
[2025-12-02 02:40:02] 📥 RECEIVED FEEDBACK | Customer: CUST_004362 | Bought: True
[2025-12-02 02:40:02] Buffer size: 4/5
[2025-12-02 02:40:02] 📥 RECEIVED FEEDBACK | Customer: CUST_000190 | Bought: True
[2025-12-02 02:40:02] Buffer size: 5/5
[2025-12-02 02:40:02] 
============================================================
[2025-12-02 02:40:02] 🔄 Processing batch of 5 feedback points
[2025-12-02 02:40:02] ============================================================
[2025-12-02 02:40:02] ✓ POSITIVE | Customer: CUST_002362 | Cluster: 4 | Score: 4.53 | Update #451
[2025-12-02 02:40:02] ✗ NEGATIVE | Customer: CUST_010680 | Cluster: 5 | Score: 7.67 | Update #452
[2025-12-02 02:40:02] ✓ POSITIVE | Customer: CUST_003588 | Cluster: 6 | Score: -2.51 | Update #453
[2025-12-02 02:40:02] ✓ POSITIVE | Customer: CUST_004362 | Cluster: 9 | Score: -2.54 | Update #454
[2025-12-02 02:40:02] ✓ POSITIVE | Customer: CUST_000190 | Cluster: 9 | Score: -4.80 | Update #455
[2025-12-02 02:40:02] 
💾 Saving model after 455 updates...
[2025-12-02 02:40:02] ✓ Model saved to /home/crazy_warlord/TargettedCalling/Persistence/model_car.json
[2025-12-02 02:40:02] ✓ Current state: Components=10, Positive=318, Negative=137

[2025-12-02 02:40:02] ✓ Batch complete: 5 updates, 0 errors
[2025-12-02 02:40:02] 📥 RECEIVED FEEDBACK | Customer: CUST_003588 | Bought: False
[2025-12-02 02:40:02] Buffer size: 1/5
[2025-12-02 02:40:02] 📥 RECEIVED FEEDBACK | Customer: CUST_010680 | Bought: True
[2025-12-02 02:40:02] Buffer size: 2/5
[2025-12-02 02:40:02] 📥 RECEIVED FEEDBACK | Customer: CUST_004362 | Bought: True
[2025-12-02 02:40:02] Buffer size: 3/5
[2025-12-02 02:40:02] 📥 RECEIVED FEEDBACK | Customer: CUST_000190 | Bought: False
[2025-12-02 02:40:02] Buffer size: 4/5
[2025-12-02 02:40:04] 📥 RECEIVED FEEDBACK | Customer: CUST_003601 | Bought: True
[2025-12-02 02:40:04] Buffer size: 5/5
[2025-12-02 02:40:04] 
============================================================
[2025-12-02 02:40:04] 🔄 Processing batch of 5 feedback points
[2025-12-02 02:40:04] ============================================================
[2025-12-02 02:40:04] ✗ NEGATIVE | Customer: CUST_003588 | Cluster: 6 | Score: -2.51 | Update #456
[2025-12-02 02:40:04] ✓ POSITIVE | Customer: CUST_010680 | Cluster: 5 | Score: 7.67 | Update #457
[2025-12-02 02:40:04] ✓ POSITIVE | Customer: CUST_004362 | Cluster: 9 | Score: -2.54 | Update #458
[2025-12-02 02:40:04] ✗ NEGATIVE | Customer: CUST_000190 | Cluster: 9 | Score: -4.80 | Update #459
[2025-12-02 02:40:04] ✓ POSITIVE | Customer: CUST_003601 | Cluster: 3 | Score: 1.02 | Update #460
[2025-12-02 02:40:04] 
💾 Saving model after 460 updates...
[2025-12-02 02:40:04] ✓ Model saved to /home/crazy_warlord/TargettedCalling/Persistence/model_car.json
[2025-12-02 02:40:04] ✓ Current state: Components=10, Positive=321, Negative=139

[2025-12-02 02:40:04] ✓ Batch complete: 5 updates, 0 errors
[2025-12-02 02:40:04] 📥 RECEIVED FEEDBACK | Customer: CUST_010683 | Bought: True
[2025-12-02 02:40:04] Buffer size: 1/5
[2025-12-02 02:40:04] 📥 RECEIVED FEEDBACK | Customer: CUST_010683 | Bought: True
[2025-12-02 02:40:04] Buffer size: 2/5
[2025-12-02 02:40:04] 📥 RECEIVED FEEDBACK | Customer: CUST_004403 | Bought: False
[2025-12-02 02:40:04] Buffer size: 3/5
[2025-12-02 02:40:04] 📥 RECEIVED FEEDBACK | Customer: CUST_003588 | Bought: False
[2025-12-02 02:40:04] Buffer size: 4/5
[2025-12-02 02:40:04] 📥 RECEIVED FEEDBACK | Customer: CUST_010680 | Bought: True
[2025-12-02 02:40:04] Buffer size: 5/5
[2025-12-02 02:40:04] 
============================================================
[2025-12-02 02:40:04] 🔄 Processing batch of 5 feedback points
[2025-12-02 02:40:04] ============================================================
[2025-12-02 02:40:04] ✓ POSITIVE | Customer: CUST_010683 | Cluster: 5 | Score: 1.19 | Update #461
[2025-12-02 02:40:04] ✓ POSITIVE | Customer: CUST_010683 | Cluster: 5 | Score: 1.19 | Update #462
[2025-12-02 02:40:04] ✗ NEGATIVE | Customer: CUST_004403 | Cluster: 4 | Score: -6.47 | Update #463
[2025-12-02 02:40:04] ✗ NEGATIVE | Customer: CUST_003588 | Cluster: 6 | Score: -2.51 | Update #464
[2025-12-02 02:40:04] ✓ POSITIVE | Customer: CUST_010680 | Cluster: 5 | Score: 8.10 | Update #465
[2025-12-02 02:40:04] 
💾 Saving model after 465 updates...
[2025-12-02 02:40:04] ✓ Model saved to /home/crazy_warlord/TargettedCalling/Persistence/model_car.json
[2025-12-02 02:40:04] ✓ Current state: Components=10, Positive=324, Negative=141

[2025-12-02 02:40:04] ✓ Batch complete: 5 updates, 0 errors
[2025-12-02 02:40:04] 📥 RECEIVED FEEDBACK | Customer: CUST_000729 | Bought: True
[2025-12-02 02:40:04] Buffer size: 1/5
[2025-12-02 02:40:04] 📥 RECEIVED FEEDBACK | Customer: CUST_010186 | Bought: True
[2025-12-02 02:40:04] Buffer size: 2/5
[2025-12-02 02:40:04] 📥 RECEIVED FEEDBACK | Customer: CUST_010680 | Bought: True
[2025-12-02 02:40:04] Buffer size: 3/5
[2025-12-02 02:40:04] 📥 RECEIVED FEEDBACK | Customer: CUST_000729 | Bought: True
[2025-12-02 02:40:04] Buffer size: 4/5
[2025-12-02 02:40:04] 📥 RECEIVED FEEDBACK | Customer: CUST_010192 | Bought: True
[2025-12-02 02:40:04] Buffer size: 5/5
[2025-12-02 02:40:04] 
============================================================
[2025-12-02 02:40:04] 🔄 Processing batch of 5 feedback points
[2025-12-02 02:40:04] ============================================================
[2025-12-02 02:40:04] ✓ POSITIVE | Customer: CUST_000729 | Cluster: 4 | Score: 4.40 | Update #466
[2025-12-02 02:40:04] ✓ POSITIVE | Customer: CUST_010186 | Cluster: 8 | Score: -2.62 | Update #467
[2025-12-02 02:40:04] ✓ POSITIVE | Customer: CUST_010680 | Cluster: 5 | Score: 8.49 | Update #468
[2025-12-02 02:40:04] ✓ POSITIVE | Customer: CUST_000729 | Cluster: 4 | Score: 4.89 | Update #469
[2025-12-02 02:40:04] ✓ POSITIVE | Customer: CUST_010192 | Cluster: 1 | Score: -1.65 | Update #470
[2025-12-02 02:40:04] 
💾 Saving model after 470 updates...
[2025-12-02 02:40:05] ✓ Model saved to /home/crazy_warlord/TargettedCalling/Persistence/model_car.json
[2025-12-02 02:40:05] ✓ Current state: Components=10, Positive=329, Negative=141

[2025-12-02 02:40:05] ✓ Batch complete: 5 updates, 0 errors
[2025-12-02 02:40:05] 📥 RECEIVED FEEDBACK | Customer: CUST_003601 | Bought: True
[2025-12-02 02:40:05] Buffer size: 1/5
[2025-12-02 02:40:05] 📥 RECEIVED FEEDBACK | Customer: CUST_003588 | Bought: False
[2025-12-02 02:40:05] Buffer size: 2/5
[2025-12-02 02:40:05] 📥 RECEIVED FEEDBACK | Customer: CUST_010192 | Bought: False
[2025-12-02 02:40:05] Buffer size: 3/5
[2025-12-02 02:40:05] 📥 RECEIVED FEEDBACK | Customer: CUST_004403 | Bought: True
[2025-12-02 02:40:05] Buffer size: 4/5
[2025-12-02 02:40:05] 📥 RECEIVED FEEDBACK | Customer: CUST_010186 | Bought: True
[2025-12-02 02:40:05] Buffer size: 5/5
[2025-12-02 02:40:05] 
============================================================
[2025-12-02 02:40:05] 🔄 Processing batch of 5 feedback points
[2025-12-02 02:40:05] ============================================================
[2025-12-02 02:40:05] ✓ POSITIVE | Customer: CUST_003601 | Cluster: 3 | Score: 2.34 | Update #471
[2025-12-02 02:40:05] ✗ NEGATIVE | Customer: CUST_003588 | Cluster: 6 | Score: -2.51 | Update #472
[2025-12-02 02:40:05] ✗ NEGATIVE | Customer: CUST_010192 | Cluster: 1 | Score: -1.65 | Update #473
[2025-12-02 02:40:05] ✓ POSITIVE | Customer: CUST_004403 | Cluster: 8 | Score: -7.14 | Update #474
[2025-12-02 02:40:05] ✓ POSITIVE | Customer: CUST_010186 | Cluster: 8 | Score: -0.49 | Update #475
[2025-12-02 02:40:05] 
💾 Saving model after 475 updates...
[2025-12-02 02:40:05] ✓ Model saved to /home/crazy_warlord/TargettedCalling/Persistence/model_car.json
[2025-12-02 02:40:05] ✓ Current state: Components=10, Positive=332, Negative=143

[2025-12-02 02:40:05] ✓ Batch complete: 5 updates, 0 errors
[2025-12-02 02:40:05] 📥 RECEIVED FEEDBACK | Customer: CUST_010248 | Bought: True
[2025-12-02 02:40:05] Buffer size: 1/5
[2025-12-02 02:40:05] 📥 RECEIVED FEEDBACK | Customer: CUST_003688 | Bought: False
[2025-12-02 02:40:05] Buffer size: 2/5
[2025-12-02 02:40:05] 📥 RECEIVED FEEDBACK | Customer: CUST_010248 | Bought: False
[2025-12-02 02:40:05] Buffer size: 3/5
[2025-12-02 02:40:05] 📥 RECEIVED FEEDBACK | Customer: CUST_003688 | Bought: False
[2025-12-02 02:40:05] Buffer size: 4/5
[2025-12-02 02:40:05] 📥 RECEIVED FEEDBACK | Customer: CUST_004299 | Bought: True
[2025-12-02 02:40:05] Buffer size: 5/5
[2025-12-02 02:40:05] 
============================================================
[2025-12-02 02:40:05] 🔄 Processing batch of 5 feedback points
[2025-12-02 02:40:05] ============================================================
[2025-12-02 02:40:05] ✓ POSITIVE | Customer: CUST_010248 | Cluster: 0 | Score: -5.67 | Update #476
[2025-12-02 02:40:05] ✗ NEGATIVE | Customer: CUST_003688 | Cluster: 2 | Score: -0.69 | Update #477
[2025-12-02 02:40:05] ✗ NEGATIVE | Customer: CUST_010248 | Cluster: 9 | Score: 3.99 | Update #478
[2025-12-02 02:40:05] ✗ NEGATIVE | Customer: CUST_003688 | Cluster: 2 | Score: -0.69 | Update #479
[2025-12-02 02:40:05] ✓ POSITIVE | Customer: CUST_004299 | Cluster: 1 | Score: -1.83 | Update #480
[2025-12-02 02:40:05] 
💾 Saving model after 480 updates...
[2025-12-02 02:40:05] ✓ Model saved to /home/crazy_warlord/TargettedCalling/Persistence/model_car.json
[2025-12-02 02:40:05] ✓ Current state: Components=11, Positive=334, Negative=146

[2025-12-02 02:40:05] ✓ Batch complete: 5 updates, 0 errors
[2025-12-02 02:40:05] 📥 RECEIVED FEEDBACK | Customer: CUST_010248 | Bought: True
[2025-12-02 02:40:05] Buffer size: 1/5
[2025-12-02 02:40:06] 📥 RECEIVED FEEDBACK | Customer: CUST_004299 | Bought: False
[2025-12-02 02:40:06] Buffer size: 2/5
[2025-12-02 02:40:06] 📥 RECEIVED FEEDBACK | Customer: CUST_010248 | Bought: True
[2025-12-02 02:40:06] Buffer size: 3/5
[2025-12-02 02:40:07] 📥 RECEIVED FEEDBACK | Customer: CUST_003588 | Bought: False
[2025-12-02 02:40:07] Buffer size: 4/5
[2025-12-02 02:40:07] 📥 RECEIVED FEEDBACK | Customer: CUST_010226 | Bought: False
[2025-12-02 02:40:07] Buffer size: 5/5
[2025-12-02 02:40:07] 
============================================================
[2025-12-02 02:40:07] 🔄 Processing batch of 5 feedback points
[2025-12-02 02:40:07] ============================================================
[2025-12-02 02:40:07] ✓ POSITIVE | Customer: CUST_010248 | Cluster: 9 | Score: 3.99 | Update #481
[2025-12-02 02:40:07] ✗ NEGATIVE | Customer: CUST_004299 | Cluster: 1 | Score: 0.13 | Update #482
[2025-12-02 02:40:07] ✓ POSITIVE | Customer: CUST_010248 | Cluster: 9 | Score: 5.10 | Update #483
[2025-12-02 02:40:07] ✗ NEGATIVE | Customer: CUST_003588 | Cluster: 10 | Score: -2.07 | Update #484
[2025-12-02 02:40:07] ✗ NEGATIVE | Customer: CUST_010226 | Cluster: 8 | Score: -1.75 | Update #485
[2025-12-02 02:40:07] 
💾 Saving model after 485 updates...
[2025-12-02 02:40:07] ✓ Model saved to /home/crazy_warlord/TargettedCalling/Persistence/model_car.json
[2025-12-02 02:40:07] ✓ Current state: Components=11, Positive=336, Negative=149

[2025-12-02 02:40:07] ✓ Batch complete: 5 updates, 0 errors
[2025-12-02 02:40:07] 📥 RECEIVED FEEDBACK | Customer: CUST_004350 | Bought: True
[2025-12-02 02:40:07] Buffer size: 1/5
[2025-12-02 02:40:07] 📥 RECEIVED FEEDBACK | Customer: CUST_000190 | Bought: False
[2025-12-02 02:40:07] Buffer size: 2/5
[2025-12-02 02:40:07] 📥 RECEIVED FEEDBACK | Customer: CUST_010226 | Bought: True
[2025-12-02 02:40:07] Buffer size: 3/5
[2025-12-02 02:40:07] 📥 RECEIVED FEEDBACK | Customer: CUST_003642 | Bought: True
[2025-12-02 02:40:07] Buffer size: 4/5
[2025-12-02 02:40:07] 📥 RECEIVED FEEDBACK | Customer: CUST_003588 | Bought: True
[2025-12-02 02:40:07] Buffer size: 5/5
[2025-12-02 02:40:07] 
============================================================
[2025-12-02 02:40:07] 🔄 Processing batch of 5 feedback points
[2025-12-02 02:40:07] ============================================================
[2025-12-02 02:40:07] ✓ POSITIVE | Customer: CUST_004350 | Cluster: 10 | Score: 2.41 | Update #486
[2025-12-02 02:40:07] ✗ NEGATIVE | Customer: CUST_000190 | Cluster: 7 | Score: -4.80 | Update #487
[2025-12-02 02:40:07] ✓ POSITIVE | Customer: CUST_010226 | Cluster: 8 | Score: -1.75 | Update #488
[2025-12-02 02:40:07] ✓ POSITIVE | Customer: CUST_003642 | Cluster: 9 | Score: 4.32 | Update #489
[2025-12-02 02:40:07] ✓ POSITIVE | Customer: CUST_003588 | Cluster: 10 | Score: -2.11 | Update #490
[2025-12-02 02:40:07] 
💾 Saving model after 490 updates...
[2025-12-02 02:40:07] ✓ Model saved to /home/crazy_warlord/TargettedCalling/Persistence/model_car.json
[2025-12-02 02:40:07] ✓ Current state: Components=11, Positive=340, Negative=150

[2025-12-02 02:40:07] ✓ Batch complete: 5 updates, 0 errors
[2025-12-02 02:40:07] 📥 RECEIVED FEEDBACK | Customer: CUST_004350 | Bought: True
[2025-12-02 02:40:07] Buffer size: 1/5
[2025-12-02 02:40:07] 📥 RECEIVED FEEDBACK | Customer: CUST_000190 | Bought: False
[2025-12-02 02:40:07] Buffer size: 2/5
[2025-12-02 02:40:07] 📥 RECEIVED FEEDBACK | Customer: CUST_003642 | Bought: False
[2025-12-02 02:40:07] Buffer size: 3/5
[2025-12-02 02:40:08] 📥 RECEIVED FEEDBACK | Customer: CUST_004513 | Bought: True
[2025-12-02 02:40:08] Buffer size: 4/5
[2025-12-02 02:40:08] 📥 RECEIVED FEEDBACK | Customer: CUST_003585 | Bought: True
[2025-12-02 02:40:08] Buffer size: 5/5
[2025-12-02 02:40:08] 
============================================================
[2025-12-02 02:40:08] 🔄 Processing batch of 5 feedback points
[2025-12-02 02:40:08] ============================================================
[2025-12-02 02:40:08] ✓ POSITIVE | Customer: CUST_004350 | Cluster: 10 | Score: 2.68 | Update #491
[2025-12-02 02:40:08] ✗ NEGATIVE | Customer: CUST_000190 | Cluster: 7 | Score: -4.80 | Update #492
[2025-12-02 02:40:08] ✗ NEGATIVE | Customer: CUST_003642 | Cluster: 9 | Score: 5.47 | Update #493
[2025-12-02 02:40:08] ✓ POSITIVE | Customer: CUST_004513 | Cluster: 10 | Score: 2.47 | Update #494
[2025-12-02 02:40:08] ✓ POSITIVE | Customer: CUST_003585 | Cluster: 9 | Score: -1.04 | Update #495
[2025-12-02 02:40:08] 
💾 Saving model after 495 updates...
[2025-12-02 02:40:08] ✓ Model saved to /home/crazy_warlord/TargettedCalling/Persistence/model_car.json
[2025-12-02 02:40:08] ✓ Current state: Components=11, Positive=343, Negative=152

[2025-12-02 02:40:08] ✓ Batch complete: 5 updates, 0 errors
[2025-12-02 02:40:08] 📥 RECEIVED FEEDBACK | Customer: CUST_004495 | Bought: False
[2025-12-02 02:40:08] Buffer size: 1/5
[2025-12-02 02:40:08] 📥 RECEIVED FEEDBACK | Customer: CUST_010753 | Bought: True
[2025-12-02 02:40:08] Buffer size: 2/5
[2025-12-02 02:40:08] 📥 RECEIVED FEEDBACK | Customer: CUST_004495 | Bought: False
[2025-12-02 02:40:08] Buffer size: 3/5
[2025-12-02 02:40:08] 📥 RECEIVED FEEDBACK | Customer: CUST_010107 | Bought: True
[2025-12-02 02:40:08] Buffer size: 4/5
[2025-12-02 02:40:08] 📥 RECEIVED FEEDBACK | Customer: CUST_004513 | Bought: True
[2025-12-02 02:40:08] Buffer size: 5/5
[2025-12-02 02:40:09] 
============================================================
[2025-12-02 02:40:09] 🔄 Processing batch of 5 feedback points
[2025-12-02 02:40:09] ============================================================
[2025-12-02 02:40:09] ✗ NEGATIVE | Customer: CUST_004495 | Cluster: 3 | Score: 1.71 | Update #496
[2025-12-02 02:40:09] ✓ POSITIVE | Customer: CUST_010753 | Cluster: 3 | Score: -2.73 | Update #497
[2025-12-02 02:40:09] ✗ NEGATIVE | Customer: CUST_004495 | Cluster: 3 | Score: 1.71 | Update #498
[2025-12-02 02:40:09] ✓ POSITIVE | Customer: CUST_010107 | Cluster: 10 | Score: 1.42 | Update #499
[2025-12-02 02:40:09] ✓ POSITIVE | Customer: CUST_004513 | Cluster: 10 | Score: 2.81 | Update #500
[2025-12-02 02:40:09] 
💾 Saving model after 500 updates...
[2025-12-02 02:40:09] ✓ Model saved to /home/crazy_warlord/TargettedCalling/Persistence/model_car.json
[2025-12-02 02:40:09] ✓ Current state: Components=11, Positive=346, Negative=154

[2025-12-02 02:40:09] ✓ Batch complete: 5 updates, 0 errors
[2025-12-02 02:40:09] 📥 RECEIVED FEEDBACK | Customer: CUST_010753 | Bought: True
[2025-12-02 02:40:09] Buffer size: 1/5
[2025-12-02 02:40:09] 📥 RECEIVED FEEDBACK | Customer: CUST_004513 | Bought: False
[2025-12-02 02:40:09] Buffer size: 2/5
[2025-12-02 02:40:09] 📥 RECEIVED FEEDBACK | Customer: CUST_010107 | Bought: True
[2025-12-02 02:40:09] Buffer size: 3/5
[2025-12-02 02:40:09] 📥 RECEIVED FEEDBACK | Customer: CUST_010753 | Bought: False
[2025-12-02 02:40:09] Buffer size: 4/5
[2025-12-02 02:40:09] 📥 RECEIVED FEEDBACK | Customer: CUST_010753 | Bought: True
[2025-12-02 02:40:09] Buffer size: 5/5
[2025-12-02 02:40:09] 
============================================================
[2025-12-02 02:40:09] 🔄 Processing batch of 5 feedback points
[2025-12-02 02:40:09] ============================================================
[2025-12-02 02:40:09] ✓ POSITIVE | Customer: CUST_010753 | Cluster: 3 | Score: -2.73 | Update #501
[2025-12-02 02:40:09] ✗ NEGATIVE | Customer: CUST_004513 | Cluster: 10 | Score: 3.13 | Update #502
[2025-12-02 02:40:09] ✓ POSITIVE | Customer: CUST_010107 | Cluster: 10 | Score: 2.10 | Update #503
[2025-12-02 02:40:09] ✗ NEGATIVE | Customer: CUST_010753 | Cluster: 3 | Score: -2.73 | Update #504
[2025-12-02 02:40:09] ✓ POSITIVE | Customer: CUST_010753 | Cluster: 3 | Score: -2.73 | Update #505
[2025-12-02 02:40:09] 
💾 Saving model after 505 updates...
[2025-12-02 02:40:09] ✓ Model saved to /home/crazy_warlord/TargettedCalling/Persistence/model_car.json
[2025-12-02 02:40:09] ✓ Current state: Components=11, Positive=349, Negative=156

[2025-12-02 02:40:09] ✓ Batch complete: 5 updates, 0 errors
[2025-12-02 02:40:09] 📥 RECEIVED FEEDBACK | Customer: CUST_004513 | Bought: True
[2025-12-02 02:40:09] Buffer size: 1/5
[2025-12-02 02:40:09] 📥 RECEIVED FEEDBACK | Customer: CUST_003585 | Bought: True
[2025-12-02 02:40:09] Buffer size: 2/5
[2025-12-02 02:40:10] 📥 RECEIVED FEEDBACK | Customer: CUST_010036 | Bought: True
[2025-12-02 02:40:10] Buffer size: 3/5
[2025-12-02 02:40:10] 📥 RECEIVED FEEDBACK | Customer: CUST_010036 | Bought: True
[2025-12-02 02:40:10] Buffer size: 4/5
[2025-12-02 02:40:10] 📥 RECEIVED FEEDBACK | Customer: CUST_010036 | Bought: True
[2025-12-02 02:40:10] Buffer size: 5/5
[2025-12-02 02:40:10] 
============================================================
[2025-12-02 02:40:10] 🔄 Processing batch of 5 feedback points
[2025-12-02 02:40:10] ============================================================
[2025-12-02 02:40:10] ✓ POSITIVE | Customer: CUST_004513 | Cluster: 10 | Score: 3.14 | Update #506
[2025-12-02 02:40:10] ✓ POSITIVE | Customer: CUST_003585 | Cluster: 9 | Score: -1.04 | Update #507
[2025-12-02 02:40:10] ✓ POSITIVE | Customer: CUST_010036 | Cluster: 9 | Score: -0.38 | Update #508
[2025-12-02 02:40:10] ✓ POSITIVE | Customer: CUST_010036 | Cluster: 9 | Score: -0.38 | Update #509
[2025-12-02 02:40:10] ✓ POSITIVE | Customer: CUST_010036 | Cluster: 9 | Score: -0.38 | Update #510
[2025-12-02 02:40:10] 
💾 Saving model after 510 updates...
[2025-12-02 02:40:10] ✓ Model saved to /home/crazy_warlord/TargettedCalling/Persistence/model_car.json
[2025-12-02 02:40:10] ✓ Current state: Components=11, Positive=354, Negative=156

[2025-12-02 02:40:10] ✓ Batch complete: 5 updates, 0 errors
[2025-12-02 02:40:10] 📥 RECEIVED FEEDBACK | Customer: CUST_010038 | Bought: True
[2025-12-02 02:40:10] Buffer size: 1/5
[2025-12-02 02:40:10] 📥 RECEIVED FEEDBACK | Customer: CUST_010037 | Bought: True
[2025-12-02 02:40:10] Buffer size: 2/5
[2025-12-02 02:40:10] 📥 RECEIVED FEEDBACK | Customer: CUST_010038 | Bought: True
[2025-12-02 02:40:10] Buffer size: 3/5
[2025-12-02 02:40:10] 📥 RECEIVED FEEDBACK | Customer: CUST_010036 | Bought: False
[2025-12-02 02:40:10] Buffer size: 4/5
[2025-12-02 02:40:10] 📥 RECEIVED FEEDBACK | Customer: CUST_010037 | Bought: False
[2025-12-02 02:40:10] Buffer size: 5/5
[2025-12-02 02:40:10] 
============================================================
[2025-12-02 02:40:10] 🔄 Processing batch of 5 feedback points
[2025-12-02 02:40:10] ============================================================
[2025-12-02 02:40:10] ✓ POSITIVE | Customer: CUST_010038 | Cluster: 10 | Score: 0.64 | Update #511
[2025-12-02 02:40:10] ✓ POSITIVE | Customer: CUST_010037 | Cluster: 3 | Score: 2.93 | Update #512
[2025-12-02 02:40:10] ✓ POSITIVE | Customer: CUST_010038 | Cluster: 10 | Score: 1.60 | Update #513
[2025-12-02 02:40:10] ✗ NEGATIVE | Customer: CUST_010036 | Cluster: 9 | Score: -0.38 | Update #514
[2025-12-02 02:40:10] ✗ NEGATIVE | Customer: CUST_010037 | Cluster: 3 | Score: 4.02 | Update #515
[2025-12-02 02:40:10] 
💾 Saving model after 515 updates...
[2025-12-02 02:40:10] ✓ Model saved to /home/crazy_warlord/TargettedCalling/Persistence/model_car.json
[2025-12-02 02:40:10] ✓ Current state: Components=11, Positive=357, Negative=158

[2025-12-02 02:40:10] ✓ Batch complete: 5 updates, 0 errors
[2025-12-02 02:40:10] 📥 RECEIVED FEEDBACK | Customer: CUST_003508 | Bought: True
[2025-12-02 02:40:10] Buffer size: 1/5
[2025-12-02 02:40:10] 📥 RECEIVED FEEDBACK | Customer: CUST_003512 | Bought: False
[2025-12-02 02:40:10] Buffer size: 2/5
[2025-12-02 02:40:10] 📥 RECEIVED FEEDBACK | Customer: CUST_003508 | Bought: False
[2025-12-02 02:40:10] Buffer size: 3/5
[2025-12-02 02:40:10] 📥 RECEIVED FEEDBACK | Customer: CUST_003512 | Bought: False
[2025-12-02 02:40:10] Buffer size: 4/5
[2025-12-02 02:40:11] 📥 RECEIVED FEEDBACK | Customer: CUST_003512 | Bought: True
[2025-12-02 02:40:11] Buffer size: 5/5
[2025-12-02 02:40:11] 
============================================================
[2025-12-02 02:40:11] 🔄 Processing batch of 5 feedback points
[2025-12-02 02:40:11] ============================================================
[2025-12-02 02:40:11] ✓ POSITIVE | Customer: CUST_003508 | Cluster: 6 | Score: -1.15 | Update #516
[2025-12-02 02:40:11] ✗ NEGATIVE | Customer: CUST_003512 | Cluster: 6 | Score: -4.92 | Update #517
[2025-12-02 02:40:11] ✗ NEGATIVE | Customer: CUST_003508 | Cluster: 6 | Score: 0.22 | Update #518
[2025-12-02 02:40:11] ✗ NEGATIVE | Customer: CUST_003512 | Cluster: 6 | Score: -4.92 | Update #519
[2025-12-02 02:40:11] ✓ POSITIVE | Customer: CUST_003512 | Cluster: 6 | Score: -4.92 | Update #520
[2025-12-02 02:40:11] 
💾 Saving model after 520 updates...
[2025-12-02 02:40:11] ✓ Model saved to /home/crazy_warlord/TargettedCalling/Persistence/model_car.json
[2025-12-02 02:40:11] ✓ Current state: Components=11, Positive=359, Negative=161

[2025-12-02 02:40:11] ✓ Batch complete: 5 updates, 0 errors
[2025-12-02 02:40:11] 📥 RECEIVED FEEDBACK | Customer: CUST_003512 | Bought: False
[2025-12-02 02:40:11] Buffer size: 1/5
[2025-12-02 02:40:11] 📥 RECEIVED FEEDBACK | Customer: CUST_010148 | Bought: False
[2025-12-02 02:40:11] Buffer size: 2/5
[2025-12-02 02:40:11] 📥 RECEIVED FEEDBACK | Customer: CUST_010707 | Bought: True
[2025-12-02 02:40:11] Buffer size: 3/5
[2025-12-02 02:40:11] 📥 RECEIVED FEEDBACK | Customer: CUST_010148 | Bought: True
[2025-12-02 02:40:11] Buffer size: 4/5
[2025-12-02 02:40:11] 📥 RECEIVED FEEDBACK | Customer: CUST_010121 | Bought: True
[2025-12-02 02:40:11] Buffer size: 5/5
[2025-12-02 02:40:11] 
============================================================
[2025-12-02 02:40:11] 🔄 Processing batch of 5 feedback points
[2025-12-02 02:40:11] ============================================================
[2025-12-02 02:40:12] ✗ NEGATIVE | Customer: CUST_003512 | Cluster: 6 | Score: -4.92 | Update #521
[2025-12-02 02:40:12] ✗ NEGATIVE | Customer: CUST_010148 | Cluster: 2 | Score: -16.41 | Update #522
[2025-12-02 02:40:12] ✓ POSITIVE | Customer: CUST_010707 | Cluster: 1 | Score: 1.26 | Update #523
[2025-12-02 02:40:12] ✓ POSITIVE | Customer: CUST_010148 | Cluster: 2 | Score: -16.41 | Update #524
[2025-12-02 02:40:12] ✓ POSITIVE | Customer: CUST_010121 | Cluster: 10 | Score: -0.76 | Update #525
[2025-12-02 02:40:12] 
💾 Saving model after 525 updates...
[2025-12-02 02:40:12] ✓ Model saved to /home/crazy_warlord/TargettedCalling/Persistence/model_car.json
[2025-12-02 02:40:12] ✓ Current state: Components=11, Positive=362, Negative=163

[2025-12-02 02:40:12] ✓ Batch complete: 5 updates, 0 errors
[2025-12-02 02:40:12] 📥 RECEIVED FEEDBACK | Customer: CUST_010148 | Bought: True
[2025-12-02 02:40:12] Buffer size: 1/5
[2025-12-02 02:40:12] 📥 RECEIVED FEEDBACK | Customer: CUST_010121 | Bought: True
[2025-12-02 02:40:12] Buffer size: 2/5
[2025-12-02 02:40:12] 📥 RECEIVED FEEDBACK | Customer: CUST_010707 | Bought: True
[2025-12-02 02:40:12] Buffer size: 3/5
[2025-12-02 02:40:12] 📥 RECEIVED FEEDBACK | Customer: CUST_010148 | Bought: True
[2025-12-02 02:40:12] Buffer size: 4/5
[2025-12-02 02:40:13] 📥 RECEIVED FEEDBACK | Customer: CUST_003585 | Bought: True
[2025-12-02 02:40:13] Buffer size: 5/5
[2025-12-02 02:40:13] 
============================================================
[2025-12-02 02:40:13] 🔄 Processing batch of 5 feedback points
[2025-12-02 02:40:13] ============================================================
[2025-12-02 02:40:13] ✓ POSITIVE | Customer: CUST_010148 | Cluster: 2 | Score: -16.41 | Update #526
[2025-12-02 02:40:13] ✓ POSITIVE | Customer: CUST_010121 | Cluster: 10 | Score: 0.93 | Update #527
[2025-12-02 02:40:13] ✓ POSITIVE | Customer: CUST_010707 | Cluster: 1 | Score: 1.81 | Update #528
[2025-12-02 02:40:13] ✓ POSITIVE | Customer: CUST_010148 | Cluster: 2 | Score: -16.41 | Update #529
[2025-12-02 02:40:13] ✓ POSITIVE | Customer: CUST_003585 | Cluster: 9 | Score: -1.04 | Update #530
[2025-12-02 02:40:13] 
💾 Saving model after 530 updates...
[2025-12-02 02:40:13] ✓ Model saved to /home/crazy_warlord/TargettedCalling/Persistence/model_car.json
[2025-12-02 02:40:13] ✓ Current state: Components=11, Positive=367, Negative=163

[2025-12-02 02:40:13] ✓ Batch complete: 5 updates, 0 errors
[2025-12-02 02:40:13] 📥 RECEIVED FEEDBACK | Customer: CUST_004452 | Bought: False
[2025-12-02 02:40:13] Buffer size: 1/5
[2025-12-02 02:40:13] 📥 RECEIVED FEEDBACK | Customer: CUST_010153 | Bought: False
[2025-12-02 02:40:13] Buffer size: 2/5
[2025-12-02 02:40:13] 📥 RECEIVED FEEDBACK | Customer: CUST_003585 | Bought: True
[2025-12-02 02:40:13] Buffer size: 3/5
[2025-12-02 02:40:13] 📥 RECEIVED FEEDBACK | Customer: CUST_003557 | Bought: True
[2025-12-02 02:40:13] Buffer size: 4/5
[2025-12-02 02:40:13] 📥 RECEIVED FEEDBACK | Customer: CUST_003569 | Bought: True
[2025-12-02 02:40:13] Buffer size: 5/5
[2025-12-02 02:40:13] 
============================================================
[2025-12-02 02:40:13] 🔄 Processing batch of 5 feedback points
[2025-12-02 02:40:13] ============================================================
[2025-12-02 02:40:13] ✗ NEGATIVE | Customer: CUST_004452 | Cluster: 0 | Score: -4.75 | Update #531
[2025-12-02 02:40:13] ✗ NEGATIVE | Customer: CUST_010153 | Cluster: 9 | Score: 3.90 | Update #532
[2025-12-02 02:40:13] ✓ POSITIVE | Customer: CUST_003585 | Cluster: 9 | Score: -1.04 | Update #533
[2025-12-02 02:40:13] ✓ POSITIVE | Customer: CUST_003557 | Cluster: 3 | Score: 4.98 | Update #534
[2025-12-02 02:40:13] ✓ POSITIVE | Customer: CUST_003569 | Cluster: 9 | Score: 3.72 | Update #535
[2025-12-02 02:40:13] 
💾 Saving model after 535 updates...
[2025-12-02 02:40:13] ✓ Model saved to /home/crazy_warlord/TargettedCalling/Persistence/model_car.json
[2025-12-02 02:40:13] ✓ Current state: Components=11, Positive=370, Negative=165

[2025-12-02 02:40:13] ✓ Batch complete: 5 updates, 0 errors
[2025-12-02 02:40:13] 📥 RECEIVED FEEDBACK | Customer: CUST_010707 | Bought: True
[2025-12-02 02:40:13] Buffer size: 1/5
[2025-12-02 02:40:13] 📥 RECEIVED FEEDBACK | Customer: CUST_010153 | Bought: False
[2025-12-02 02:40:13] Buffer size: 2/5
[2025-12-02 02:40:13] 📥 RECEIVED FEEDBACK | Customer: CUST_004469 | Bought: False
[2025-12-02 02:40:13] Buffer size: 3/5
[2025-12-02 02:40:13] 📥 RECEIVED FEEDBACK | Customer: CUST_004469 | Bought: True
[2025-12-02 02:40:13] Buffer size: 4/5
[2025-12-02 02:40:13] 📥 RECEIVED FEEDBACK | Customer: CUST_010121 | Bought: False
[2025-12-02 02:40:13] Buffer size: 5/5
[2025-12-02 02:40:13] 
============================================================
[2025-12-02 02:40:13] 🔄 Processing batch of 5 feedback points
[2025-12-02 02:40:13] ============================================================
[2025-12-02 02:40:13] ✓ POSITIVE | Customer: CUST_010707 | Cluster: 1 | Score: 2.21 | Update #536
[2025-12-02 02:40:13] ✗ NEGATIVE | Customer: CUST_010153 | Cluster: 9 | Score: 3.66 | Update #537
[2025-12-02 02:40:13] ✗ NEGATIVE | Customer: CUST_004469 | Cluster: 9 | Score: 3.39 | Update #538
[2025-12-02 02:40:13] ✓ POSITIVE | Customer: CUST_004469 | Cluster: 9 | Score: 3.39 | Update #539
[2025-12-02 02:40:13] ✗ NEGATIVE | Customer: CUST_010121 | Cluster: 10 | Score: 1.85 | Update #540
[2025-12-02 02:40:13] 
💾 Saving model after 540 updates...
[2025-12-02 02:40:14] ✓ Model saved to /home/crazy_warlord/TargettedCalling/Persistence/model_car.json
[2025-12-02 02:40:14] ✓ Current state: Components=11, Positive=372, Negative=168

[2025-12-02 02:40:14] ✓ Batch complete: 5 updates, 0 errors
[2025-12-02 02:40:14] 📥 RECEIVED FEEDBACK | Customer: CUST_004469 | Bought: True
[2025-12-02 02:40:14] Buffer size: 1/5
[2025-12-02 02:40:14] 📥 RECEIVED FEEDBACK | Customer: CUST_003557 | Bought: False
[2025-12-02 02:40:14] Buffer size: 2/5
[2025-12-02 02:40:14] 📥 RECEIVED FEEDBACK | Customer: CUST_010707 | Bought: False
[2025-12-02 02:40:14] Buffer size: 3/5
[2025-12-02 02:40:14] 📥 RECEIVED FEEDBACK | Customer: CUST_010121 | Bought: False
[2025-12-02 02:40:14] Buffer size: 4/5
[2025-12-02 02:40:14] 📥 RECEIVED FEEDBACK | Customer: CUST_004469 | Bought: True
[2025-12-02 02:40:14] Buffer size: 5/5
[2025-12-02 02:40:14] 
============================================================
[2025-12-02 02:40:14] 🔄 Processing batch of 5 feedback points
[2025-12-02 02:40:14] ============================================================
[2025-12-02 02:40:14] ✓ POSITIVE | Customer: CUST_004469 | Cluster: 9 | Score: 4.68 | Update #541
[2025-12-02 02:40:14] ✗ NEGATIVE | Customer: CUST_003557 | Cluster: 3 | Score: 5.35 | Update #542
[2025-12-02 02:40:14] ✗ NEGATIVE | Customer: CUST_010707 | Cluster: 1 | Score: 2.54 | Update #543
[2025-12-02 02:40:14] ✗ NEGATIVE | Customer: CUST_010121 | Cluster: 10 | Score: 1.85 | Update #544
[2025-12-02 02:40:14] ✓ POSITIVE | Customer: CUST_004469 | Cluster: 9 | Score: 5.51 | Update #545
[2025-12-02 02:40:14] 
💾 Saving model after 545 updates...
[2025-12-02 02:40:14] ✓ Model saved to /home/crazy_warlord/TargettedCalling/Persistence/model_car.json
[2025-12-02 02:40:14] ✓ Current state: Components=11, Positive=374, Negative=171

[2025-12-02 02:40:14] ✓ Batch complete: 5 updates, 0 errors
[2025-12-02 02:40:14] 📥 RECEIVED FEEDBACK | Customer: CUST_003569 | Bought: True
[2025-12-02 02:40:14] Buffer size: 1/5
[2025-12-02 02:40:14] 📥 RECEIVED FEEDBACK | Customer: CUST_004452 | Bought: True
[2025-12-02 02:40:14] Buffer size: 2/5
[2025-12-02 02:40:14] 📥 RECEIVED FEEDBACK | Customer: CUST_010249 | Bought: False
[2025-12-02 02:40:14] Buffer size: 3/5
[2025-12-02 02:40:14] 📥 RECEIVED FEEDBACK | Customer: CUST_010249 | Bought: False
[2025-12-02 02:40:14] Buffer size: 4/5
[2025-12-02 02:40:14] 📥 RECEIVED FEEDBACK | Customer: CUST_004452 | Bought: False
[2025-12-02 02:40:14] Buffer size: 5/5
[2025-12-02 02:40:14] 
============================================================
[2025-12-02 02:40:14] 🔄 Processing batch of 5 feedback points
[2025-12-02 02:40:14] ============================================================
[2025-12-02 02:40:14] ✓ POSITIVE | Customer: CUST_003569 | Cluster: 9 | Score: 5.45 | Update #546
[2025-12-02 02:40:14] ✓ POSITIVE | Customer: CUST_004452 | Cluster: 0 | Score: -4.75 | Update #547
[2025-12-02 02:40:14] ✗ NEGATIVE | Customer: CUST_010249 | Cluster: 7 | Score: 3.20 | Update #548
[2025-12-02 02:40:14] ✗ NEGATIVE | Customer: CUST_010249 | Cluster: 7 | Score: 3.20 | Update #549
[2025-12-02 02:40:14] ✗ NEGATIVE | Customer: CUST_004452 | Cluster: 0 | Score: -4.75 | Update #550
[2025-12-02 02:40:14] 
💾 Saving model after 550 updates...
[2025-12-02 02:40:14] ✓ Model saved to /home/crazy_warlord/TargettedCalling/Persistence/model_car.json
[2025-12-02 02:40:14] ✓ Current state: Components=11, Positive=376, Negative=174

[2025-12-02 02:40:14] ✓ Batch complete: 5 updates, 0 errors
[2025-12-02 02:40:14] 📥 RECEIVED FEEDBACK | Customer: CUST_000175 | Bought: True
[2025-12-02 02:40:14] Buffer size: 1/5
[2025-12-02 02:40:14] 📥 RECEIVED FEEDBACK | Customer: CUST_010707 | Bought: True
[2025-12-02 02:40:14] Buffer size: 2/5
[2025-12-02 02:40:14] 📥 RECEIVED FEEDBACK | Customer: CUST_003688 | Bought: True
[2025-12-02 02:40:14] Buffer size: 3/5
[2025-12-02 02:40:14] 📥 RECEIVED FEEDBACK | Customer: CUST_000175 | Bought: True
[2025-12-02 02:40:14] Buffer size: 4/5
[2025-12-02 02:40:14] 📥 RECEIVED FEEDBACK | Customer: CUST_010707 | Bought: True
[2025-12-02 02:40:14] Buffer size: 5/5
[2025-12-02 02:40:15] 
============================================================
[2025-12-02 02:40:15] 🔄 Processing batch of 5 feedback points
[2025-12-02 02:40:15] ============================================================
[2025-12-02 02:40:15] ✓ POSITIVE | Customer: CUST_000175 | Cluster: 7 | Score: -0.62 | Update #551
[2025-12-02 02:40:15] ✓ POSITIVE | Customer: CUST_010707 | Cluster: 1 | Score: 2.54 | Update #552
[2025-12-02 02:40:15] ✓ POSITIVE | Customer: CUST_003688 | Cluster: 2 | Score: -0.69 | Update #553
[2025-12-02 02:40:15] ✓ POSITIVE | Customer: CUST_000175 | Cluster: 7 | Score: 1.03 | Update #554
[2025-12-02 02:40:15] ✓ POSITIVE | Customer: CUST_010707 | Cluster: 1 | Score: 2.81 | Update #555
[2025-12-02 02:40:15] 
💾 Saving model after 555 updates...
[2025-12-02 02:40:15] ✓ Model saved to /home/crazy_warlord/TargettedCalling/Persistence/model_car.json
[2025-12-02 02:40:15] ✓ Current state: Components=11, Positive=381, Negative=174

[2025-12-02 02:40:15] ✓ Batch complete: 5 updates, 0 errors
[2025-12-02 02:40:15] 📥 RECEIVED FEEDBACK | Customer: CUST_004452 | Bought: True
[2025-12-02 02:40:15] Buffer size: 1/5
[2025-12-02 02:40:15] 📥 RECEIVED FEEDBACK | Customer: CUST_003688 | Bought: True
[2025-12-02 02:40:15] Buffer size: 2/5
[2025-12-02 02:40:16] 📥 RECEIVED FEEDBACK | Customer: CUST_000175 | Bought: True
[2025-12-02 02:40:16] Buffer size: 3/5
[2025-12-02 02:40:16] 📥 RECEIVED FEEDBACK | Customer: CUST_010353 | Bought: True
[2025-12-02 02:40:16] Buffer size: 4/5
[2025-12-02 02:40:16] 📥 RECEIVED FEEDBACK | Customer: CUST_003793 | Bought: False
[2025-12-02 02:40:16] Buffer size: 5/5
[2025-12-02 02:40:16] 
============================================================
[2025-12-02 02:40:16] 🔄 Processing batch of 5 feedback points
[2025-12-02 02:40:16] ============================================================
[2025-12-02 02:40:16] ✓ POSITIVE | Customer: CUST_004452 | Cluster: 0 | Score: -4.75 | Update #556
[2025-12-02 02:40:16] ✓ POSITIVE | Customer: CUST_003688 | Cluster: 2 | Score: 1.55 | Update #557
[2025-12-02 02:40:16] ✓ POSITIVE | Customer: CUST_000175 | Cluster: 7 | Score: 1.95 | Update #558
[2025-12-02 02:40:16] ✓ POSITIVE | Customer: CUST_010353 | Cluster: 6 | Score: -0.08 | Update #559
[2025-12-02 02:40:16] ✗ NEGATIVE | Customer: CUST_003793 | Cluster: 2 | Score: 1.93 | Update #560
[2025-12-02 02:40:16] 
💾 Saving model after 560 updates...
[2025-12-02 02:40:16] ✓ Model saved to /home/crazy_warlord/TargettedCalling/Persistence/model_car.json
[2025-12-02 02:40:16] ✓ Current state: Components=11, Positive=385, Negative=175

[2025-12-02 02:40:16] ✓ Batch complete: 5 updates, 0 errors
[2025-12-02 02:40:16] 📥 RECEIVED FEEDBACK | Customer: CUST_010478 | Bought: False
[2025-12-02 02:40:16] Buffer size: 1/5
[2025-12-02 02:40:16] 📥 RECEIVED FEEDBACK | Customer: CUST_000175 | Bought: True
[2025-12-02 02:40:16] Buffer size: 2/5
[2025-12-02 02:40:16] 📥 RECEIVED FEEDBACK | Customer: CUST_003793 | Bought: True
[2025-12-02 02:40:16] Buffer size: 3/5
[2025-12-02 02:40:16] 📥 RECEIVED FEEDBACK | Customer: CUST_000175 | Bought: True
[2025-12-02 02:40:16] Buffer size: 4/5
[2025-12-02 02:40:16] 📥 RECEIVED FEEDBACK | Customer: CUST_010508 | Bought: True
[2025-12-02 02:40:16] Buffer size: 5/5
[2025-12-02 02:40:16] 
============================================================
[2025-12-02 02:40:16] 🔄 Processing batch of 5 feedback points
[2025-12-02 02:40:16] ============================================================
[2025-12-02 02:40:16] ✗ NEGATIVE | Customer: CUST_010478 | Cluster: 9 | Score: -0.99 | Update #561
[2025-12-02 02:40:16] ✓ POSITIVE | Customer: CUST_000175 | Cluster: 7 | Score: 2.56 | Update #562
[2025-12-02 02:40:16] ✓ POSITIVE | Customer: CUST_003793 | Cluster: 2 | Score: 1.93 | Update #563
[2025-12-02 02:40:16] ✓ POSITIVE | Customer: CUST_000175 | Cluster: 7 | Score: 3.03 | Update #564
[2025-12-02 02:40:16] ✓ POSITIVE | Customer: CUST_010508 | Cluster: 2 | Score: -14.47 | Update #565
[2025-12-02 02:40:16] 
💾 Saving model after 565 updates...
[2025-12-02 02:40:16] ✓ Model saved to /home/crazy_warlord/TargettedCalling/Persistence/model_car.json
[2025-12-02 02:40:16] ✓ Current state: Components=11, Positive=389, Negative=176

[2025-12-02 02:40:16] ✓ Batch complete: 5 updates, 0 errors
[2025-12-02 02:40:16] 📥 RECEIVED FEEDBACK | Customer: CUST_003840 | Bought: False
[2025-12-02 02:40:16] Buffer size: 1/5
[2025-12-02 02:40:16] 📥 RECEIVED FEEDBACK | Customer: CUST_010518 | Bought: True
[2025-12-02 02:40:16] Buffer size: 2/5
[2025-12-02 02:40:16] 📥 RECEIVED FEEDBACK | Customer: CUST_010358 | Bought: True
[2025-12-02 02:40:16] Buffer size: 3/5
[2025-12-02 02:40:16] 📥 RECEIVED FEEDBACK | Customer: CUST_003840 | Bought: True
[2025-12-02 02:40:16] Buffer size: 4/5
[2025-12-02 02:40:16] 📥 RECEIVED FEEDBACK | Customer: CUST_010358 | Bought: True
[2025-12-02 02:40:16] Buffer size: 5/5
[2025-12-02 02:40:16] 
============================================================
[2025-12-02 02:40:16] 🔄 Processing batch of 5 feedback points
[2025-12-02 02:40:16] ============================================================
[2025-12-02 02:40:16] ✗ NEGATIVE | Customer: CUST_003840 | Cluster: 9 | Score: -0.70 | Update #566
[2025-12-02 02:40:17] ✓ POSITIVE | Customer: CUST_010518 | Cluster: 9 | Score: 1.23 | Update #567
[2025-12-02 02:40:17] ✓ POSITIVE | Customer: CUST_010358 | Cluster: 10 | Score: 3.01 | Update #568
[2025-12-02 02:40:17] ✓ POSITIVE | Customer: CUST_003840 | Cluster: 9 | Score: -0.41 | Update #569
[2025-12-02 02:40:17] ✓ POSITIVE | Customer: CUST_010358 | Cluster: 10 | Score: 3.34 | Update #570
[2025-12-02 02:40:17] 
💾 Saving model after 570 updates...
[2025-12-02 02:40:17] ✓ Model saved to /home/crazy_warlord/TargettedCalling/Persistence/model_car.json
[2025-12-02 02:40:17] ✓ Current state: Components=11, Positive=393, Negative=177

[2025-12-02 02:40:17] ✓ Batch complete: 5 updates, 0 errors
[2025-12-02 02:40:17] 📥 RECEIVED FEEDBACK | Customer: CUST_000175 | Bought: True
[2025-12-02 02:40:17] Buffer size: 1/5
[2025-12-02 02:40:17] 📥 RECEIVED FEEDBACK | Customer: CUST_010518 | Bought: True
[2025-12-02 02:40:17] Buffer size: 2/5
[2025-12-02 02:40:17] 📥 RECEIVED FEEDBACK | Customer: CUST_010353 | Bought: False
[2025-12-02 02:40:17] Buffer size: 3/5
[2025-12-02 02:40:17] 📥 RECEIVED FEEDBACK | Customer: CUST_003840 | Bought: False
[2025-12-02 02:40:17] Buffer size: 4/5
[2025-12-02 02:40:17] 📥 RECEIVED FEEDBACK | Customer: CUST_010508 | Bought: True
[2025-12-02 02:40:17] Buffer size: 5/5
[2025-12-02 02:40:17] 
============================================================
[2025-12-02 02:40:17] 🔄 Processing batch of 5 feedback points
[2025-12-02 02:40:17] ============================================================
[2025-12-02 02:40:17] ✓ POSITIVE | Customer: CUST_000175 | Cluster: 7 | Score: 3.41 | Update #571
[2025-12-02 02:40:17] ✓ POSITIVE | Customer: CUST_010518 | Cluster: 9 | Score: 3.35 | Update #572
[2025-12-02 02:40:17] ✗ NEGATIVE | Customer: CUST_010353 | Cluster: 6 | Score: 0.83 | Update #573
[2025-12-02 02:40:17] ✗ NEGATIVE | Customer: CUST_003840 | Cluster: 9 | Score: -0.51 | Update #574
[2025-12-02 02:40:17] ✓ POSITIVE | Customer: CUST_010508 | Cluster: 2 | Score: -14.47 | Update #575
[2025-12-02 02:40:17] 
💾 Saving model after 575 updates...
[2025-12-02 02:40:17] ✓ Model saved to /home/crazy_warlord/TargettedCalling/Persistence/model_car.json
[2025-12-02 02:40:17] ✓ Current state: Components=11, Positive=396, Negative=179

[2025-12-02 02:40:17] ✓ Batch complete: 5 updates, 0 errors
[2025-12-02 02:40:17] 📥 RECEIVED FEEDBACK | Customer: CUST_010478 | Bought: True
[2025-12-02 02:40:17] Buffer size: 1/5
[2025-12-02 02:40:17] 📥 RECEIVED FEEDBACK | Customer: CUST_010353 | Bought: True
[2025-12-02 02:40:17] Buffer size: 2/5
[2025-12-02 02:40:17] 📥 RECEIVED FEEDBACK | Customer: CUST_010503 | Bought: False
[2025-12-02 02:40:17] Buffer size: 3/5
[2025-12-02 02:40:17] 📥 RECEIVED FEEDBACK | Customer: CUST_010503 | Bought: True
[2025-12-02 02:40:17] Buffer size: 4/5
[2025-12-02 02:40:17] 📥 RECEIVED FEEDBACK | Customer: CUST_010353 | Bought: True
[2025-12-02 02:40:17] Buffer size: 5/5
[2025-12-02 02:40:17] 
============================================================
[2025-12-02 02:40:17] 🔄 Processing batch of 5 feedback points
[2025-12-02 02:40:17] ============================================================
[2025-12-02 02:40:17] ✓ POSITIVE | Customer: CUST_010478 | Cluster: 9 | Score: -1.84 | Update #576
[2025-12-02 02:40:17] ✓ POSITIVE | Customer: CUST_010353 | Cluster: 6 | Score: 0.83 | Update #577
[2025-12-02 02:40:17] ✗ NEGATIVE | Customer: CUST_010503 | Cluster: 1 | Score: -13.18 | Update #578
[2025-12-02 02:40:17] ✓ POSITIVE | Customer: CUST_010503 | Cluster: 1 | Score: -13.18 | Update #579
[2025-12-02 02:40:17] ✓ POSITIVE | Customer: CUST_010353 | Cluster: 6 | Score: 1.42 | Update #580
[2025-12-02 02:40:17] 
💾 Saving model after 580 updates...
[2025-12-02 02:40:17] ✓ Model saved to /home/crazy_warlord/TargettedCalling/Persistence/model_car.json
[2025-12-02 02:40:17] ✓ Current state: Components=11, Positive=400, Negative=180

[2025-12-02 02:40:17] ✓ Batch complete: 5 updates, 0 errors
[2025-12-02 02:40:19] 📥 RECEIVED FEEDBACK | Customer: CUST_010368 | Bought: True
[2025-12-02 02:40:19] Buffer size: 1/5
[2025-12-02 02:40:19] 📥 RECEIVED FEEDBACK | Customer: CUST_003912 | Bought: True
[2025-12-02 02:40:19] Buffer size: 2/5
[2025-12-02 02:40:19] 📥 RECEIVED FEEDBACK | Customer: CUST_010368 | Bought: True
[2025-12-02 02:40:19] Buffer size: 3/5
[2025-12-02 02:40:19] 📥 RECEIVED FEEDBACK | Customer: CUST_003968 | Bought: True
[2025-12-02 02:40:19] Buffer size: 4/5
[2025-12-02 02:40:19] 📥 RECEIVED FEEDBACK | Customer: CUST_010375 | Bought: True
[2025-12-02 02:40:19] Buffer size: 5/5
[2025-12-02 02:40:19] 
============================================================
[2025-12-02 02:40:19] 🔄 Processing batch of 5 feedback points
[2025-12-02 02:40:19] ============================================================
[2025-12-02 02:40:19] ✓ POSITIVE | Customer: CUST_010368 | Cluster: 0 | Score: 0.94 | Update #581
[2025-12-02 02:40:19] ✓ POSITIVE | Customer: CUST_003912 | Cluster: 7 | Score: -1.75 | Update #582
[2025-12-02 02:40:19] ✓ POSITIVE | Customer: CUST_010368 | Cluster: 0 | Score: 2.66 | Update #583
[2025-12-02 02:40:19] ✓ POSITIVE | Customer: CUST_003968 | Cluster: 3 | Score: 2.79 | Update #584
[2025-12-02 02:40:19] ✓ POSITIVE | Customer: CUST_010375 | Cluster: 9 | Score: 4.37 | Update #585
[2025-12-02 02:40:19] 
💾 Saving model after 585 updates...
[2025-12-02 02:40:19] ✓ Model saved to /home/crazy_warlord/TargettedCalling/Persistence/model_car.json
[2025-12-02 02:40:19] ✓ Current state: Components=11, Positive=405, Negative=180

[2025-12-02 02:40:19] ✓ Batch complete: 5 updates, 0 errors
[2025-12-02 02:40:19] 📥 RECEIVED FEEDBACK | Customer: CUST_003912 | Bought: True
[2025-12-02 02:40:19] Buffer size: 1/5
[2025-12-02 02:40:19] 📥 RECEIVED FEEDBACK | Customer: CUST_010407 | Bought: True
[2025-12-02 02:40:19] Buffer size: 2/5
[2025-12-02 02:40:19] 📥 RECEIVED FEEDBACK | Customer: CUST_003969 | Bought: True
[2025-12-02 02:40:19] Buffer size: 3/5
[2025-12-02 02:40:19] 📥 RECEIVED FEEDBACK | Customer: CUST_003969 | Bought: True
[2025-12-02 02:40:19] Buffer size: 4/5
[2025-12-02 02:40:19] 📥 RECEIVED FEEDBACK | Customer: CUST_010375 | Bought: True
[2025-12-02 02:40:19] Buffer size: 5/5
[2025-12-02 02:40:19] 
============================================================
[2025-12-02 02:40:19] 🔄 Processing batch of 5 feedback points
[2025-12-02 02:40:19] ============================================================
[2025-12-02 02:40:19] ✓ POSITIVE | Customer: CUST_003912 | Cluster: 7 | Score: -1.75 | Update #586
[2025-12-02 02:40:19] ✓ POSITIVE | Customer: CUST_010407 | Cluster: 10 | Score: 2.41 | Update #587
[2025-12-02 02:40:19] ✓ POSITIVE | Customer: CUST_003969 | Cluster: 6 | Score: 2.56 | Update #588
[2025-12-02 02:40:19] ✓ POSITIVE | Customer: CUST_003969 | Cluster: 6 | Score: 2.79 | Update #589
[2025-12-02 02:40:19] ✓ POSITIVE | Customer: CUST_010375 | Cluster: 9 | Score: 5.28 | Update #590
[2025-12-02 02:40:19] 
💾 Saving model after 590 updates...
[2025-12-02 02:40:19] ✓ Model saved to /home/crazy_warlord/TargettedCalling/Persistence/model_car.json
[2025-12-02 02:40:19] ✓ Current state: Components=11, Positive=410, Negative=180

[2025-12-02 02:40:19] ✓ Batch complete: 5 updates, 0 errors
[2025-12-02 02:40:19] 📥 RECEIVED FEEDBACK | Customer: CUST_010407 | Bought: True
[2025-12-02 02:40:19] Buffer size: 1/5
[2025-12-02 02:40:19] 📥 RECEIVED FEEDBACK | Customer: CUST_003969 | Bought: False
[2025-12-02 02:40:19] Buffer size: 2/5
[2025-12-02 02:40:19] 📥 RECEIVED FEEDBACK | Customer: CUST_003969 | Bought: False
[2025-12-02 02:40:19] Buffer size: 3/5
[2025-12-02 02:40:19] 📥 RECEIVED FEEDBACK | Customer: CUST_003968 | Bought: False
[2025-12-02 02:40:19] Buffer size: 4/5
[2025-12-02 02:40:20] 📥 RECEIVED FEEDBACK | Customer: CUST_003866 | Bought: True
[2025-12-02 02:40:20] Buffer size: 5/5
[2025-12-02 02:40:20] 
============================================================
[2025-12-02 02:40:20] 🔄 Processing batch of 5 feedback points
[2025-12-02 02:40:20] ============================================================
[2025-12-02 02:40:20] ✓ POSITIVE | Customer: CUST_010407 | Cluster: 10 | Score: 2.95 | Update #591
[2025-12-02 02:40:20] ✗ NEGATIVE | Customer: CUST_003969 | Cluster: 6 | Score: 3.02 | Update #592
[2025-12-02 02:40:20] ✗ NEGATIVE | Customer: CUST_003969 | Cluster: 6 | Score: 3.02 | Update #593
[2025-12-02 02:40:20] ✗ NEGATIVE | Customer: CUST_003968 | Cluster: 3 | Score: 3.98 | Update #594
[2025-12-02 02:40:20] ✓ POSITIVE | Customer: CUST_003866 | Cluster: 2 | Score: -1.80 | Update #595
[2025-12-02 02:40:20] 
💾 Saving model after 595 updates...
[2025-12-02 02:40:20] ✓ Model saved to /home/crazy_warlord/TargettedCalling/Persistence/model_car.json
[2025-12-02 02:40:20] ✓ Current state: Components=11, Positive=412, Negative=183

[2025-12-02 02:40:20] ✓ Batch complete: 5 updates, 0 errors
[2025-12-02 02:40:20] 📥 RECEIVED FEEDBACK | Customer: CUST_010463 | Bought: True
[2025-12-02 02:40:20] Buffer size: 1/5
[2025-12-02 02:40:20] 📥 RECEIVED FEEDBACK | Customer: CUST_010375 | Bought: True
[2025-12-02 02:40:20] Buffer size: 2/5
[2025-12-02 02:40:20] 📥 RECEIVED FEEDBACK | Customer: CUST_010398 | Bought: False
[2025-12-02 02:40:20] Buffer size: 3/5
[2025-12-02 02:40:20] 📥 RECEIVED FEEDBACK | Customer: CUST_010398 | Bought: True
[2025-12-02 02:40:20] Buffer size: 4/5
[2025-12-02 02:40:20] 📥 RECEIVED FEEDBACK | Customer: CUST_003866 | Bought: True
[2025-12-02 02:40:20] Buffer size: 5/5
[2025-12-02 02:40:21] 
============================================================
[2025-12-02 02:40:21] 🔄 Processing batch of 5 feedback points
[2025-12-02 02:40:21] ============================================================
[2025-12-02 02:40:21] ✓ POSITIVE | Customer: CUST_010463 | Cluster: 9 | Score: -0.65 | Update #596
[2025-12-02 02:40:21] ✓ POSITIVE | Customer: CUST_010375 | Cluster: 9 | Score: 5.94 | Update #597
[2025-12-02 02:40:21] ✗ NEGATIVE | Customer: CUST_010398 | Cluster: 7 | Score: 2.23 | Update #598
[2025-12-02 02:40:21] ✓ POSITIVE | Customer: CUST_010398 | Cluster: 7 | Score: 2.23 | Update #599
[2025-12-02 02:40:21] ✓ POSITIVE | Customer: CUST_003866 | Cluster: 2 | Score: -1.80 | Update #600
[2025-12-02 02:40:21] 
💾 Saving model after 600 updates...
[2025-12-02 02:40:21] ✓ Model saved to /home/crazy_warlord/TargettedCalling/Persistence/model_car.json
[2025-12-02 02:40:21] ✓ Current state: Components=11, Positive=416, Negative=184

[2025-12-02 02:40:21] ✓ Batch complete: 5 updates, 0 errors
[2025-12-02 02:40:21] 📥 RECEIVED FEEDBACK | Customer: CUST_010398 | Bought: True
[2025-12-02 02:40:21] Buffer size: 1/5
[2025-12-02 02:40:21] 📥 RECEIVED FEEDBACK | Customer: CUST_003866 | Bought: True
[2025-12-02 02:40:21] Buffer size: 2/5
[2025-12-02 02:40:21] 📥 RECEIVED FEEDBACK | Customer: CUST_003866 | Bought: True
[2025-12-02 02:40:21] Buffer size: 3/5
[2025-12-02 02:40:21] 📥 RECEIVED FEEDBACK | Customer: CUST_010463 | Bought: True
[2025-12-02 02:40:21] Buffer size: 4/5
[2025-12-02 02:40:21] 📥 RECEIVED FEEDBACK | Customer: CUST_010398 | Bought: False
[2025-12-02 02:40:21] Buffer size: 5/5
[2025-12-02 02:40:21] 
============================================================
[2025-12-02 02:40:21] 🔄 Processing batch of 5 feedback points
[2025-12-02 02:40:21] ============================================================
[2025-12-02 02:40:21] ✓ POSITIVE | Customer: CUST_010398 | Cluster: 7 | Score: 2.89 | Update #601
[2025-12-02 02:40:21] ✓ POSITIVE | Customer: CUST_003866 | Cluster: 2 | Score: -1.80 | Update #602
[2025-12-02 02:40:21] ✓ POSITIVE | Customer: CUST_003866 | Cluster: 2 | Score: -1.80 | Update #603
[2025-12-02 02:40:21] ✓ POSITIVE | Customer: CUST_010463 | Cluster: 9 | Score: -0.89 | Update #604
[2025-12-02 02:40:21] ✗ NEGATIVE | Customer: CUST_010398 | Cluster: 7 | Score: 3.37 | Update #605
[2025-12-02 02:40:21] 
💾 Saving model after 605 updates...
[2025-12-02 02:40:21] ✓ Model saved to /home/crazy_warlord/TargettedCalling/Persistence/model_car.json
[2025-12-02 02:40:21] ✓ Current state: Components=11, Positive=420, Negative=185

[2025-12-02 02:40:21] ✓ Batch complete: 5 updates, 0 errors
[2025-12-02 02:40:21] 📥 RECEIVED FEEDBACK | Customer: CUST_004062 | Bought: False
[2025-12-02 02:40:21] Buffer size: 1/5
[2025-12-02 02:40:21] 📥 RECEIVED FEEDBACK | Customer: CUST_004062 | Bought: True
[2025-12-02 02:40:21] Buffer size: 2/5
[2025-12-02 02:40:21] 📥 RECEIVED FEEDBACK | Customer: CUST_010375 | Bought: False
[2025-12-02 02:40:21] Buffer size: 3/5
[2025-12-02 02:40:22] 📥 RECEIVED FEEDBACK | Customer: CUST_004235 | Bought: True
[2025-12-02 02:40:22] Buffer size: 4/5
[2025-12-02 02:40:22] 📥 RECEIVED FEEDBACK | Customer: CUST_004228 | Bought: False
[2025-12-02 02:40:22] Buffer size: 5/5
[2025-12-02 02:40:22] 
============================================================
[2025-12-02 02:40:22] 🔄 Processing batch of 5 feedback points
[2025-12-02 02:40:22] ============================================================
[2025-12-02 02:40:22] ✗ NEGATIVE | Customer: CUST_004062 | Cluster: 4 | Score: 2.07 | Update #606
[2025-12-02 02:40:22] ✓ POSITIVE | Customer: CUST_004062 | Cluster: 4 | Score: 2.07 | Update #607
[2025-12-02 02:40:22] ✗ NEGATIVE | Customer: CUST_010375 | Cluster: 9 | Score: 6.47 | Update #608
[2025-12-02 02:40:22] ✓ POSITIVE | Customer: CUST_004235 | Cluster: 10 | Score: -2.64 | Update #609
[2025-12-02 02:40:22] ✗ NEGATIVE | Customer: CUST_004228 | Cluster: 10 | Score: 1.57 | Update #610
[2025-12-02 02:40:22] 
💾 Saving model after 610 updates...
[2025-12-02 02:40:22] ✓ Model saved to /home/crazy_warlord/TargettedCalling/Persistence/model_car.json
[2025-12-02 02:40:22] ✓ Current state: Components=11, Positive=422, Negative=188

[2025-12-02 02:40:22] ✓ Batch complete: 5 updates, 0 errors
[2025-12-02 02:40:22] 📥 RECEIVED FEEDBACK | Customer: CUST_003688 | Bought: True
[2025-12-02 02:40:22] Buffer size: 1/5
[2025-12-02 02:40:22] 📥 RECEIVED FEEDBACK | Customer: CUST_003727 | Bought: False
[2025-12-02 02:40:22] Buffer size: 2/5
[2025-12-02 02:40:22] 📥 RECEIVED FEEDBACK | Customer: CUST_003727 | Bought: True
[2025-12-02 02:40:22] Buffer size: 3/5
[2025-12-02 02:40:22] 📥 RECEIVED FEEDBACK | Customer: CUST_010291 | Bought: True
[2025-12-02 02:40:22] Buffer size: 4/5
[2025-12-02 02:40:22] 📥 RECEIVED FEEDBACK | Customer: CUST_004235 | Bought: False
[2025-12-02 02:40:22] Buffer size: 5/5
[2025-12-02 02:40:22] 
============================================================
[2025-12-02 02:40:22] 🔄 Processing batch of 5 feedback points
[2025-12-02 02:40:22] ============================================================
[2025-12-02 02:40:22] ✓ POSITIVE | Customer: CUST_003688 | Cluster: 2 | Score: 2.51 | Update #611
[2025-12-02 02:40:22] ✗ NEGATIVE | Customer: CUST_003727 | Cluster: 2 | Score: -6.57 | Update #612
[2025-12-02 02:40:22] ✓ POSITIVE | Customer: CUST_003727 | Cluster: 2 | Score: -6.57 | Update #613
[2025-12-02 02:40:22] ✓ POSITIVE | Customer: CUST_010291 | Cluster: 4 | Score: 4.88 | Update #614
[2025-12-02 02:40:22] ✗ NEGATIVE | Customer: CUST_004235 | Cluster: 10 | Score: -2.64 | Update #615
[2025-12-02 02:40:22] 
💾 Saving model after 615 updates...
[2025-12-02 02:40:22] ✓ Model saved to /home/crazy_warlord/TargettedCalling/Persistence/model_car.json
[2025-12-02 02:40:22] ✓ Current state: Components=11, Positive=425, Negative=190

[2025-12-02 02:40:22] ✓ Batch complete: 5 updates, 0 errors
[2025-12-02 02:40:22] 📥 RECEIVED FEEDBACK | Customer: CUST_010571 | Bought: True
[2025-12-02 02:40:22] Buffer size: 1/5
[2025-12-02 02:40:22] 📥 RECEIVED FEEDBACK | Customer: CUST_000155 | Bought: True
[2025-12-02 02:40:22] Buffer size: 2/5
[2025-12-02 02:40:22] 📥 RECEIVED FEEDBACK | Customer: CUST_003688 | Bought: True
[2025-12-02 02:40:22] Buffer size: 3/5
[2025-12-02 02:40:22] 📥 RECEIVED FEEDBACK | Customer: CUST_004233 | Bought: True
[2025-12-02 02:40:22] Buffer size: 4/5
[2025-12-02 02:40:22] 📥 RECEIVED FEEDBACK | Customer: CUST_000155 | Bought: True
[2025-12-02 02:40:22] Buffer size: 5/5
[2025-12-02 02:40:22] 
============================================================
[2025-12-02 02:40:22] 🔄 Processing batch of 5 feedback points
[2025-12-02 02:40:22] ============================================================
[2025-12-02 02:40:22] ✓ POSITIVE | Customer: CUST_010571 | Cluster: 4 | Score: -3.46 | Update #616
[2025-12-02 02:40:22] ✓ POSITIVE | Customer: CUST_000155 | Cluster: 7 | Score: 1.31 | Update #617
[2025-12-02 02:40:22] ✓ POSITIVE | Customer: CUST_003688 | Cluster: 2 | Score: 3.20 | Update #618
[2025-12-02 02:40:22] ✓ POSITIVE | Customer: CUST_004233 | Cluster: 2 | Score: -6.36 | Update #619
[2025-12-02 02:40:23] ✓ POSITIVE | Customer: CUST_000155 | Cluster: 7 | Score: 2.40 | Update #620
[2025-12-02 02:40:23] 
💾 Saving model after 620 updates...
[2025-12-02 02:40:23] ✓ Model saved to /home/crazy_warlord/TargettedCalling/Persistence/model_car.json
[2025-12-02 02:40:23] ✓ Current state: Components=11, Positive=430, Negative=190

[2025-12-02 02:40:23] ✓ Batch complete: 5 updates, 0 errors
[2025-12-02 02:40:23] 📥 RECEIVED FEEDBACK | Customer: CUST_000155 | Bought: True
[2025-12-02 02:40:23] Buffer size: 1/5
[2025-12-02 02:40:23] 📥 RECEIVED FEEDBACK | Customer: CUST_004233 | Bought: True
[2025-12-02 02:40:23] Buffer size: 2/5
[2025-12-02 02:40:23] 📥 RECEIVED FEEDBACK | Customer: CUST_004228 | Bought: False
[2025-12-02 02:40:23] Buffer size: 3/5
[2025-12-02 02:40:23] 📥 RECEIVED FEEDBACK | Customer: CUST_003727 | Bought: True
[2025-12-02 02:40:23] Buffer size: 4/5
[2025-12-02 02:40:23] 📥 RECEIVED FEEDBACK | Customer: CUST_003727 | Bought: False
[2025-12-02 02:40:23] Buffer size: 5/5
[2025-12-02 02:40:23] 
============================================================
[2025-12-02 02:40:23] 🔄 Processing batch of 5 feedback points
[2025-12-02 02:40:23] ============================================================
[2025-12-02 02:40:23] ✓ POSITIVE | Customer: CUST_000155 | Cluster: 7 | Score: 3.07 | Update #621
[2025-12-02 02:40:23] ✓ POSITIVE | Customer: CUST_004233 | Cluster: 2 | Score: -6.36 | Update #622
[2025-12-02 02:40:23] ✗ NEGATIVE | Customer: CUST_004228 | Cluster: 10 | Score: 1.57 | Update #623
[2025-12-02 02:40:23] ✓ POSITIVE | Customer: CUST_003727 | Cluster: 2 | Score: -7.14 | Update #624
[2025-12-02 02:40:23] ✗ NEGATIVE | Customer: CUST_003727 | Cluster: 2 | Score: -7.14 | Update #625
[2025-12-02 02:40:23] 
💾 Saving model after 625 updates...
[2025-12-02 02:40:23] ✓ Model saved to /home/crazy_warlord/TargettedCalling/Persistence/model_car.json
[2025-12-02 02:40:23] ✓ Current state: Components=11, Positive=433, Negative=192

[2025-12-02 02:40:23] ✓ Batch complete: 5 updates, 0 errors
[2025-12-02 02:40:23] 📥 RECEIVED FEEDBACK | Customer: CUST_000155 | Bought: True
[2025-12-02 02:40:23] Buffer size: 1/5
[2025-12-02 02:40:23] 📥 RECEIVED FEEDBACK | Customer: CUST_003700 | Bought: False
[2025-12-02 02:40:23] Buffer size: 2/5
[2025-12-02 02:40:23] 📥 RECEIVED FEEDBACK | Customer: CUST_003700 | Bought: True
[2025-12-02 02:40:23] Buffer size: 3/5
[2025-12-02 02:40:23] 📥 RECEIVED FEEDBACK | Customer: CUST_010593 | Bought: True
[2025-12-02 02:40:23] Buffer size: 4/5
[2025-12-02 02:40:23] 📥 RECEIVED FEEDBACK | Customer: CUST_010593 | Bought: True
[2025-12-02 02:40:23] Buffer size: 5/5
[2025-12-02 02:40:23] 
============================================================
[2025-12-02 02:40:23] 🔄 Processing batch of 5 feedback points
[2025-12-02 02:40:23] ============================================================
[2025-12-02 02:40:23] ✓ POSITIVE | Customer: CUST_000155 | Cluster: 7 | Score: 3.56 | Update #626
[2025-12-02 02:40:23] ✗ NEGATIVE | Customer: CUST_003700 | Cluster: 7 | Score: 1.85 | Update #627
[2025-12-02 02:40:23] ✓ POSITIVE | Customer: CUST_003700 | Cluster: 7 | Score: 1.85 | Update #628
[2025-12-02 02:40:23] ✓ POSITIVE | Customer: CUST_010593 | Cluster: 2 | Score: -1.85 | Update #629
[2025-12-02 02:40:23] ✓ POSITIVE | Customer: CUST_010593 | Cluster: 2 | Score: -1.85 | Update #630
[2025-12-02 02:40:23] 
💾 Saving model after 630 updates...
[2025-12-02 02:40:23] ✓ Model saved to /home/crazy_warlord/TargettedCalling/Persistence/model_car.json
[2025-12-02 02:40:23] ✓ Current state: Components=11, Positive=437, Negative=193

[2025-12-02 02:40:23] ✓ Batch complete: 5 updates, 0 errors
[2025-12-02 02:40:23] 📥 RECEIVED FEEDBACK | Customer: CUST_010593 | Bought: False
[2025-12-02 02:40:23] Buffer size: 1/5
[2025-12-02 02:40:23] 📥 RECEIVED FEEDBACK | Customer: CUST_010593 | Bought: True
[2025-12-02 02:40:23] Buffer size: 2/5
[2025-12-02 02:40:23] 📥 RECEIVED FEEDBACK | Customer: CUST_003700 | Bought: False
[2025-12-02 02:40:23] Buffer size: 3/5
[2025-12-02 02:40:24] 📥 RECEIVED FEEDBACK | Customer: CUST_003700 | Bought: True
[2025-12-02 02:40:24] Buffer size: 4/5
[2025-12-02 02:40:25] 📥 RECEIVED FEEDBACK | Customer: CUST_003765 | Bought: False
[2025-12-02 02:40:25] Buffer size: 5/5
[2025-12-02 02:40:25] 
============================================================
[2025-12-02 02:40:25] 🔄 Processing batch of 5 feedback points
[2025-12-02 02:40:25] ============================================================
[2025-12-02 02:40:25] ✗ NEGATIVE | Customer: CUST_010593 | Cluster: 2 | Score: -1.85 | Update #631
[2025-12-02 02:40:25] ✓ POSITIVE | Customer: CUST_010593 | Cluster: 2 | Score: -1.85 | Update #632
[2025-12-02 02:40:25] ✗ NEGATIVE | Customer: CUST_003700 | Cluster: 7 | Score: 2.71 | Update #633
[2025-12-02 02:40:25] ✓ POSITIVE | Customer: CUST_003700 | Cluster: 7 | Score: 2.71 | Update #634
[2025-12-02 02:40:25] ✗ NEGATIVE | Customer: CUST_003765 | Cluster: 7 | Score: -4.60 | Update #635
[2025-12-02 02:40:25] 
💾 Saving model after 635 updates...
[2025-12-02 02:40:25] ✓ Model saved to /home/crazy_warlord/TargettedCalling/Persistence/model_car.json
[2025-12-02 02:40:25] ✓ Current state: Components=11, Positive=439, Negative=196

[2025-12-02 02:40:25] ✓ Batch complete: 5 updates, 0 errors
[2025-12-02 02:40:25] 📥 RECEIVED FEEDBACK | Customer: CUST_010536 | Bought: True
[2025-12-02 02:40:25] Buffer size: 1/5
[2025-12-02 02:40:25] 📥 RECEIVED FEEDBACK | Customer: CUST_003764 | Bought: True
[2025-12-02 02:40:25] Buffer size: 2/5
[2025-12-02 02:40:25] 📥 RECEIVED FEEDBACK | Customer: CUST_010536 | Bought: True
[2025-12-02 02:40:25] Buffer size: 3/5
[2025-12-02 02:40:25] 📥 RECEIVED FEEDBACK | Customer: CUST_003779 | Bought: True
[2025-12-02 02:40:25] Buffer size: 4/5
[2025-12-02 02:40:25] 📥 RECEIVED FEEDBACK | Customer: CUST_010536 | Bought: True
[2025-12-02 02:40:25] Buffer size: 5/5
[2025-12-02 02:40:25] 
============================================================
[2025-12-02 02:40:25] 🔄 Processing batch of 5 feedback points
[2025-12-02 02:40:25] ============================================================
[2025-12-02 02:40:25] ✓ POSITIVE | Customer: CUST_010536 | Cluster: 7 | Score: -1.64 | Update #636
[2025-12-02 02:40:25] ✓ POSITIVE | Customer: CUST_003764 | Cluster: 7 | Score: -0.19 | Update #637
[2025-12-02 02:40:25] ✓ POSITIVE | Customer: CUST_010536 | Cluster: 7 | Score: -1.43 | Update #638
[2025-12-02 02:40:25] ✓ POSITIVE | Customer: CUST_003779 | Cluster: 9 | Score: 2.91 | Update #639
[2025-12-02 02:40:25] ✓ POSITIVE | Customer: CUST_010536 | Cluster: 7 | Score: -1.43 | Update #640
[2025-12-02 02:40:25] 
💾 Saving model after 640 updates...
[2025-12-02 02:40:25] ✓ Model saved to /home/crazy_warlord/TargettedCalling/Persistence/model_car.json
[2025-12-02 02:40:25] ✓ Current state: Components=11, Positive=444, Negative=196

[2025-12-02 02:40:25] ✓ Batch complete: 5 updates, 0 errors
[2025-12-02 02:40:25] 📥 RECEIVED FEEDBACK | Customer: CUST_003761 | Bought: True
[2025-12-02 02:40:25] Buffer size: 1/5
[2025-12-02 02:40:25] 📥 RECEIVED FEEDBACK | Customer: CUST_003764 | Bought: True
[2025-12-02 02:40:25] Buffer size: 2/5
[2025-12-02 02:40:25] 📥 RECEIVED FEEDBACK | Customer: CUST_010536 | Bought: True
[2025-12-02 02:40:25] Buffer size: 3/5
[2025-12-02 02:40:25] 📥 RECEIVED FEEDBACK | Customer: CUST_003761 | Bought: True
[2025-12-02 02:40:25] Buffer size: 4/5
[2025-12-02 02:40:25] 📥 RECEIVED FEEDBACK | Customer: CUST_003765 | Bought: True
[2025-12-02 02:40:25] Buffer size: 5/5
[2025-12-02 02:40:25] 
============================================================
[2025-12-02 02:40:25] 🔄 Processing batch of 5 feedback points
[2025-12-02 02:40:25] ============================================================
[2025-12-02 02:40:25] ✓ POSITIVE | Customer: CUST_003761 | Cluster: 2 | Score: -0.69 | Update #641
[2025-12-02 02:40:25] ✓ POSITIVE | Customer: CUST_003764 | Cluster: 7 | Score: 1.81 | Update #642
[2025-12-02 02:40:25] ✓ POSITIVE | Customer: CUST_010536 | Cluster: 7 | Score: -1.48 | Update #643
[2025-12-02 02:40:25] ✓ POSITIVE | Customer: CUST_003761 | Cluster: 2 | Score: 1.59 | Update #644
[2025-12-02 02:40:26] ✓ POSITIVE | Customer: CUST_003765 | Cluster: 7 | Score: -2.15 | Update #645
[2025-12-02 02:40:26] 
💾 Saving model after 645 updates...
[2025-12-02 02:40:26] ✓ Model saved to /home/crazy_warlord/TargettedCalling/Persistence/model_car.json
[2025-12-02 02:40:26] ✓ Current state: Components=11, Positive=449, Negative=196

[2025-12-02 02:40:26] ✓ Batch complete: 5 updates, 0 errors
[2025-12-02 02:40:26] 📥 RECEIVED FEEDBACK | Customer: CUST_010554 | Bought: True
[2025-12-02 02:40:26] Buffer size: 1/5
[2025-12-02 02:40:26] 📥 RECEIVED FEEDBACK | Customer: CUST_003748 | Bought: True
[2025-12-02 02:40:26] Buffer size: 2/5
[2025-12-02 02:40:26] 📥 RECEIVED FEEDBACK | Customer: CUST_003793 | Bought: False
[2025-12-02 02:40:26] Buffer size: 3/5
[2025-12-02 02:40:26] 📥 RECEIVED FEEDBACK | Customer: CUST_003793 | Bought: False
[2025-12-02 02:40:26] Buffer size: 4/5
[2025-12-02 02:40:26] 📥 RECEIVED FEEDBACK | Customer: CUST_010554 | Bought: True
[2025-12-02 02:40:26] Buffer size: 5/5
[2025-12-02 02:40:26] 
============================================================
[2025-12-02 02:40:26] 🔄 Processing batch of 5 feedback points
[2025-12-02 02:40:26] ============================================================
[2025-12-02 02:40:26] ✓ POSITIVE | Customer: CUST_010554 | Cluster: 9 | Score: 4.84 | Update #646
[2025-12-02 02:40:26] ✓ POSITIVE | Customer: CUST_003748 | Cluster: 9 | Score: 4.88 | Update #647
[2025-12-02 02:40:26] ✗ NEGATIVE | Customer: CUST_003793 | Cluster: 2 | Score: 2.44 | Update #648
[2025-12-02 02:40:26] ✗ NEGATIVE | Customer: CUST_003793 | Cluster: 2 | Score: 2.44 | Update #649
[2025-12-02 02:40:26] ✓ POSITIVE | Customer: CUST_010554 | Cluster: 9 | Score: 5.44 | Update #650
[2025-12-02 02:40:26] 
💾 Saving model after 650 updates...
[2025-12-02 02:40:26] ✓ Model saved to /home/crazy_warlord/TargettedCalling/Persistence/model_car.json
[2025-12-02 02:40:26] ✓ Current state: Components=11, Positive=452, Negative=198

[2025-12-02 02:40:26] ✓ Batch complete: 5 updates, 0 errors
[2025-12-02 02:40:26] 📥 RECEIVED FEEDBACK | Customer: CUST_000155 | Bought: True
[2025-12-02 02:40:26] Buffer size: 1/5
[2025-12-02 02:40:26] 📥 RECEIVED FEEDBACK | Customer: CUST_004189 | Bought: True
[2025-12-02 02:40:27] Buffer size: 2/5
[2025-12-02 02:40:27] 📥 RECEIVED FEEDBACK | Customer: CUST_003793 | Bought: True
[2025-12-02 02:40:27] Buffer size: 3/5
[2025-12-02 02:40:27] 📥 RECEIVED FEEDBACK | Customer: CUST_003793 | Bought: True
[2025-12-02 02:40:27] Buffer size: 4/5
[2025-12-02 02:40:27] 📥 RECEIVED FEEDBACK | Customer: CUST_010309 | Bought: False
[2025-12-02 02:40:27] Buffer size: 5/5
[2025-12-02 02:40:27] 
============================================================
[2025-12-02 02:40:27] 🔄 Processing batch of 5 feedback points
[2025-12-02 02:40:27] ============================================================
[2025-12-02 02:40:27] ✓ POSITIVE | Customer: CUST_000155 | Cluster: 7 | Score: 3.89 | Update #651
[2025-12-02 02:40:27] ✓ POSITIVE | Customer: CUST_004189 | Cluster: 3 | Score: 1.93 | Update #652
[2025-12-02 02:40:27] ✓ POSITIVE | Customer: CUST_003793 | Cluster: 2 | Score: 2.44 | Update #653
[2025-12-02 02:40:27] ✓ POSITIVE | Customer: CUST_003793 | Cluster: 2 | Score: 3.17 | Update #654
[2025-12-02 02:40:27] ✗ NEGATIVE | Customer: CUST_010309 | Cluster: 6 | Score: -0.17 | Update #655
[2025-12-02 02:40:27] 
💾 Saving model after 655 updates...
[2025-12-02 02:40:27] ✓ Model saved to /home/crazy_warlord/TargettedCalling/Persistence/model_car.json
[2025-12-02 02:40:27] ✓ Current state: Components=11, Positive=456, Negative=199

[2025-12-02 02:40:27] ✓ Batch complete: 5 updates, 0 errors
[2025-12-02 02:40:27] 📥 RECEIVED FEEDBACK | Customer: CUST_010525 | Bought: True
[2025-12-02 02:40:27] Buffer size: 1/5
[2025-12-02 02:40:27] 📥 RECEIVED FEEDBACK | Customer: CUST_010554 | Bought: True
[2025-12-02 02:40:27] Buffer size: 2/5
[2025-12-02 02:40:27] 📥 RECEIVED FEEDBACK | Customer: CUST_003748 | Bought: True
[2025-12-02 02:40:27] Buffer size: 3/5
[2025-12-02 02:40:27] 📥 RECEIVED FEEDBACK | Customer: CUST_010525 | Bought: True
[2025-12-02 02:40:27] Buffer size: 4/5
[2025-12-02 02:40:27] 📥 RECEIVED FEEDBACK | Customer: CUST_010309 | Bought: True
[2025-12-02 02:40:27] Buffer size: 5/5
[2025-12-02 02:40:27] 
============================================================
[2025-12-02 02:40:27] 🔄 Processing batch of 5 feedback points
[2025-12-02 02:40:27] ============================================================
[2025-12-02 02:40:27] ✓ POSITIVE | Customer: CUST_010525 | Cluster: 2 | Score: -14.20 | Update #656
[2025-12-02 02:40:27] ✓ POSITIVE | Customer: CUST_010554 | Cluster: 9 | Score: 5.99 | Update #657
[2025-12-02 02:40:27] ✓ POSITIVE | Customer: CUST_003748 | Cluster: 9 | Score: 5.50 | Update #658
[2025-12-02 02:40:27] ✓ POSITIVE | Customer: CUST_010525 | Cluster: 2 | Score: -14.20 | Update #659
[2025-12-02 02:40:27] ✓ POSITIVE | Customer: CUST_010309 | Cluster: 6 | Score: -0.17 | Update #660
[2025-12-02 02:40:27] 
💾 Saving model after 660 updates...
[2025-12-02 02:40:27] ✓ Model saved to /home/crazy_warlord/TargettedCalling/Persistence/model_car.json
[2025-12-02 02:40:27] ✓ Current state: Components=11, Positive=461, Negative=199

[2025-12-02 02:40:27] ✓ Batch complete: 5 updates, 0 errors
[2025-12-02 02:40:27] 📥 RECEIVED FEEDBACK | Customer: CUST_000155 | Bought: False
[2025-12-02 02:40:27] Buffer size: 1/5
[2025-12-02 02:40:27] 📥 RECEIVED FEEDBACK | Customer: CUST_010554 | Bought: True
[2025-12-02 02:40:27] Buffer size: 2/5
[2025-12-02 02:40:27] 📥 RECEIVED FEEDBACK | Customer: CUST_003748 | Bought: True
[2025-12-02 02:40:27] Buffer size: 3/5
[2025-12-02 02:40:27] 📥 RECEIVED FEEDBACK | Customer: CUST_004189 | Bought: True
[2025-12-02 02:40:27] Buffer size: 4/5
[2025-12-02 02:40:27] 📥 RECEIVED FEEDBACK | Customer: CUST_003748 | Bought: True
[2025-12-02 02:40:27] Buffer size: 5/5
[2025-12-02 02:40:27] 
============================================================
[2025-12-02 02:40:27] 🔄 Processing batch of 5 feedback points
[2025-12-02 02:40:27] ============================================================
[2025-12-02 02:40:27] ✗ NEGATIVE | Customer: CUST_000155 | Cluster: 7 | Score: 4.23 | Update #661
[2025-12-02 02:40:27] ✓ POSITIVE | Customer: CUST_010554 | Cluster: 9 | Score: 6.40 | Update #662
[2025-12-02 02:40:27] ✓ POSITIVE | Customer: CUST_003748 | Cluster: 9 | Score: 6.07 | Update #663
[2025-12-02 02:40:27] ✓ POSITIVE | Customer: CUST_004189 | Cluster: 3 | Score: 3.54 | Update #664
[2025-12-02 02:40:27] ✓ POSITIVE | Customer: CUST_003748 | Cluster: 9 | Score: 6.61 | Update #665
[2025-12-02 02:40:27] 
💾 Saving model after 665 updates...
[2025-12-02 02:40:27] ✓ Model saved to /home/crazy_warlord/TargettedCalling/Persistence/model_car.json
[2025-12-02 02:40:28] ✓ Current state: Components=11, Positive=465, Negative=200

[2025-12-02 02:40:28] ✓ Batch complete: 5 updates, 0 errors
[2025-12-02 02:40:28] 📥 RECEIVED FEEDBACK | Customer: CUST_010309 | Bought: True
[2025-12-02 02:40:28] Buffer size: 1/5
[2025-12-02 02:40:28] 📥 RECEIVED FEEDBACK | Customer: CUST_000845 | Bought: True
[2025-12-02 02:40:28] Buffer size: 2/5
[2025-12-02 02:40:28] 📥 RECEIVED FEEDBACK | Customer: CUST_010554 | Bought: True
[2025-12-02 02:40:28] Buffer size: 3/5
[2025-12-02 02:40:28] 📥 RECEIVED FEEDBACK | Customer: CUST_000845 | Bought: True
[2025-12-02 02:40:28] Buffer size: 4/5
[2025-12-02 02:40:28] 📥 RECEIVED FEEDBACK | Customer: CUST_010035 | Bought: False
[2025-12-02 02:40:28] Buffer size: 5/5
[2025-12-02 02:40:28] 
============================================================
[2025-12-02 02:40:28] 🔄 Processing batch of 5 feedback points
[2025-12-02 02:40:28] ============================================================
[2025-12-02 02:40:28] ✓ POSITIVE | Customer: CUST_010309 | Cluster: 6 | Score: 1.00 | Update #666
[2025-12-02 02:40:28] ✓ POSITIVE | Customer: CUST_000845 | Cluster: 2 | Score: -28.54 | Update #667
[2025-12-02 02:40:28] ✓ POSITIVE | Customer: CUST_010554 | Cluster: 9 | Score: 6.70 | Update #668
[2025-12-02 02:40:28] ✓ POSITIVE | Customer: CUST_000845 | Cluster: 2 | Score: -28.54 | Update #669
[2025-12-02 02:40:28] ✗ NEGATIVE | Customer: CUST_010035 | Cluster: 7 | Score: -1.49 | Update #670
[2025-12-02 02:40:28] 
💾 Saving model after 670 updates...
[2025-12-02 02:40:28] ✓ Model saved to /home/crazy_warlord/TargettedCalling/Persistence/model_car.json
[2025-12-02 02:40:28] ✓ Current state: Components=11, Positive=469, Negative=201

[2025-12-02 02:40:28] ✓ Batch complete: 5 updates, 0 errors
[2025-12-02 02:40:28] 📥 RECEIVED FEEDBACK | Customer: CUST_010035 | Bought: True
[2025-12-02 02:40:28] Buffer size: 1/5
[2025-12-02 02:40:28] 📥 RECEIVED FEEDBACK | Customer: CUST_004189 | Bought: True
[2025-12-02 02:40:28] Buffer size: 2/5
[2025-12-02 02:40:28] 📥 RECEIVED FEEDBACK | Customer: CUST_004932 | Bought: True
[2025-12-02 02:40:28] Buffer size: 3/5
[2025-12-02 02:40:28] 📥 RECEIVED FEEDBACK | Customer: CUST_004189 | Bought: True
[2025-12-02 02:40:28] Buffer size: 4/5
[2025-12-02 02:40:28] 📥 RECEIVED FEEDBACK | Customer: CUST_003755 | Bought: False
[2025-12-02 02:40:28] Buffer size: 5/5
[2025-12-02 02:40:28] 
============================================================
[2025-12-02 02:40:28] 🔄 Processing batch of 5 feedback points
[2025-12-02 02:40:28] ============================================================
[2025-12-02 02:40:28] ✓ POSITIVE | Customer: CUST_010035 | Cluster: 7 | Score: -1.49 | Update #671
[2025-12-02 02:40:28] ✓ POSITIVE | Customer: CUST_004189 | Cluster: 3 | Score: 4.40 | Update #672
[2025-12-02 02:40:28] ✓ POSITIVE | Customer: CUST_004932 | Cluster: 9 | Score: 6.45 | Update #673
[2025-12-02 02:40:28] ✓ POSITIVE | Customer: CUST_004189 | Cluster: 3 | Score: 4.96 | Update #674
[2025-12-02 02:40:28] ✗ NEGATIVE | Customer: CUST_003755 | Cluster: 2 | Score: -6.61 | Update #675
[2025-12-02 02:40:28] 
💾 Saving model after 675 updates...
[2025-12-02 02:40:28] ✓ Model saved to /home/crazy_warlord/TargettedCalling/Persistence/model_car.json
[2025-12-02 02:40:28] ✓ Current state: Components=11, Positive=473, Negative=202

[2025-12-02 02:40:28] ✓ Batch complete: 5 updates, 0 errors
[2025-12-02 02:40:28] 📥 RECEIVED FEEDBACK | Customer: CUST_010309 | Bought: True
[2025-12-02 02:40:28] Buffer size: 1/5
[2025-12-02 02:40:28] 📥 RECEIVED FEEDBACK | Customer: CUST_010554 | Bought: True
[2025-12-02 02:40:28] Buffer size: 2/5
[2025-12-02 02:40:28] 📥 RECEIVED FEEDBACK | Customer: CUST_004932 | Bought: True
[2025-12-02 02:40:28] Buffer size: 3/5
[2025-12-02 02:40:28] 📥 RECEIVED FEEDBACK | Customer: CUST_003755 | Bought: True
[2025-12-02 02:40:28] Buffer size: 4/5
[2025-12-02 02:40:29] 📥 RECEIVED FEEDBACK | Customer: CUST_004912 | Bought: True
[2025-12-02 02:40:29] Buffer size: 5/5
[2025-12-02 02:40:29] 
============================================================
[2025-12-02 02:40:29] 🔄 Processing batch of 5 feedback points
[2025-12-02 02:40:29] ============================================================
[2025-12-02 02:40:29] ✓ POSITIVE | Customer: CUST_010309 | Cluster: 6 | Score: 1.70 | Update #676
[2025-12-02 02:40:29] ✓ POSITIVE | Customer: CUST_010554 | Cluster: 9 | Score: 7.05 | Update #677
[2025-12-02 02:40:29] ✓ POSITIVE | Customer: CUST_004932 | Cluster: 9 | Score: 6.92 | Update #678
[2025-12-02 02:40:29] ✓ POSITIVE | Customer: CUST_003755 | Cluster: 2 | Score: -6.61 | Update #679
[2025-12-02 02:40:29] ✓ POSITIVE | Customer: CUST_004912 | Cluster: 6 | Score: -10.09 | Update #680
[2025-12-02 02:40:29] 
💾 Saving model after 680 updates...
[2025-12-02 02:40:29] ✓ Model saved to /home/crazy_warlord/TargettedCalling/Persistence/model_car.json
[2025-12-02 02:40:29] ✓ Current state: Components=12, Positive=478, Negative=202

[2025-12-02 02:40:29] ✓ Batch complete: 5 updates, 0 errors
[2025-12-02 02:40:29] 📥 RECEIVED FEEDBACK | Customer: CUST_011017 | Bought: False
[2025-12-02 02:40:29] Buffer size: 1/5
[2025-12-02 02:40:29] 📥 RECEIVED FEEDBACK | Customer: CUST_004972 | Bought: True
[2025-12-02 02:40:29] Buffer size: 2/5
[2025-12-02 02:40:29] 📥 RECEIVED FEEDBACK | Customer: CUST_004942 | Bought: True
[2025-12-02 02:40:29] Buffer size: 3/5
[2025-12-02 02:40:29] 📥 RECEIVED FEEDBACK | Customer: CUST_004932 | Bought: True
[2025-12-02 02:40:29] Buffer size: 4/5
[2025-12-02 02:40:29] 📥 RECEIVED FEEDBACK | Customer: CUST_004932 | Bought: True
[2025-12-02 02:40:30] Buffer size: 5/5
[2025-12-02 02:40:30] 
============================================================
[2025-12-02 02:40:30] 🔄 Processing batch of 5 feedback points
[2025-12-02 02:40:30] ============================================================
[2025-12-02 02:40:30] ✗ NEGATIVE | Customer: CUST_011017 | Cluster: 10 | Score: 2.94 | Update #681
[2025-12-02 02:40:30] ✓ POSITIVE | Customer: CUST_004972 | Cluster: 2 | Score: -6.84 | Update #682
[2025-12-02 02:40:30] ✓ POSITIVE | Customer: CUST_004942 | Cluster: 11 | Score: 0.29 | Update #683
[2025-12-02 02:40:30] ✓ POSITIVE | Customer: CUST_004932 | Cluster: 7 | Score: 7.39 | Update #684
[2025-12-02 02:40:30] ✓ POSITIVE | Customer: CUST_004932 | Cluster: 7 | Score: 7.79 | Update #685
[2025-12-02 02:40:30] 
💾 Saving model after 685 updates...
[2025-12-02 02:40:30] ✓ Model saved to /home/crazy_warlord/TargettedCalling/Persistence/model_car.json
[2025-12-02 02:40:30] ✓ Current state: Components=12, Positive=482, Negative=203

[2025-12-02 02:40:30] ✓ Batch complete: 5 updates, 0 errors
[2025-12-02 02:40:30] 📥 RECEIVED FEEDBACK | Customer: CUST_004972 | Bought: False
[2025-12-02 02:40:30] Buffer size: 1/5
[2025-12-02 02:40:30] 📥 RECEIVED FEEDBACK | Customer: CUST_004912 | Bought: False
[2025-12-02 02:40:30] Buffer size: 2/5
[2025-12-02 02:40:30] 📥 RECEIVED FEEDBACK | Customer: CUST_011024 | Bought: True
[2025-12-02 02:40:30] Buffer size: 3/5
[2025-12-02 02:40:30] 📥 RECEIVED FEEDBACK | Customer: CUST_011024 | Bought: True
[2025-12-02 02:40:30] Buffer size: 4/5
[2025-12-02 02:40:30] 📥 RECEIVED FEEDBACK | Customer: CUST_003199 | Bought: False
[2025-12-02 02:40:30] Buffer size: 5/5
[2025-12-02 02:40:30] 
============================================================
[2025-12-02 02:40:30] 🔄 Processing batch of 5 feedback points
[2025-12-02 02:40:30] ============================================================
[2025-12-02 02:40:30] ✗ NEGATIVE | Customer: CUST_004972 | Cluster: 2 | Score: -6.84 | Update #686
[2025-12-02 02:40:30] ✗ NEGATIVE | Customer: CUST_004912 | Cluster: 11 | Score: -9.77 | Update #687
[2025-12-02 02:40:30] ✓ POSITIVE | Customer: CUST_011024 | Cluster: 0 | Score: 1.09 | Update #688
[2025-12-02 02:40:30] ✓ POSITIVE | Customer: CUST_011024 | Cluster: 0 | Score: 2.75 | Update #689
[2025-12-02 02:40:30] ✗ NEGATIVE | Customer: CUST_003199 | Cluster: 11 | Score: 0.62 | Update #690
[2025-12-02 02:40:30] 
💾 Saving model after 690 updates...
[2025-12-02 02:40:30] ✓ Model saved to /home/crazy_warlord/TargettedCalling/Persistence/model_car.json
[2025-12-02 02:40:30] ✓ Current state: Components=12, Positive=484, Negative=206

[2025-12-02 02:40:30] ✓ Batch complete: 5 updates, 0 errors
[2025-12-02 02:40:30] 📥 RECEIVED FEEDBACK | Customer: CUST_011017 | Bought: False
[2025-12-02 02:40:30] Buffer size: 1/5
[2025-12-02 02:40:30] 📥 RECEIVED FEEDBACK | Customer: CUST_003199 | Bought: True
[2025-12-02 02:40:30] Buffer size: 2/5
[2025-12-02 02:40:30] 📥 RECEIVED FEEDBACK | Customer: CUST_004942 | Bought: True
[2025-12-02 02:40:30] Buffer size: 3/5
[2025-12-02 02:40:31] 📥 RECEIVED FEEDBACK | Customer: CUST_009757 | Bought: False
[2025-12-02 02:40:31] Buffer size: 4/5
[2025-12-02 02:40:31] 📥 RECEIVED FEEDBACK | Customer: CUST_003215 | Bought: True
[2025-12-02 02:40:31] Buffer size: 5/5
[2025-12-02 02:40:31] 
============================================================
[2025-12-02 02:40:31] 🔄 Processing batch of 5 feedback points
[2025-12-02 02:40:31] ============================================================
[2025-12-02 02:40:31] ✗ NEGATIVE | Customer: CUST_011017 | Cluster: 10 | Score: 2.94 | Update #691
[2025-12-02 02:40:31] ✓ POSITIVE | Customer: CUST_003199 | Cluster: 11 | Score: 0.62 | Update #692
[2025-12-02 02:40:31] ✓ POSITIVE | Customer: CUST_004942 | Cluster: 11 | Score: 0.88 | Update #693
[2025-12-02 02:40:31] ✗ NEGATIVE | Customer: CUST_009757 | Cluster: 5 | Score: -1.45 | Update #694
[2025-12-02 02:40:31] ✓ POSITIVE | Customer: CUST_003215 | Cluster: 10 | Score: -3.03 | Update #695
[2025-12-02 02:40:31] 
💾 Saving model after 695 updates...
[2025-12-02 02:40:31] ✓ Model saved to /home/crazy_warlord/TargettedCalling/Persistence/model_car.json
[2025-12-02 02:40:31] ✓ Current state: Components=12, Positive=487, Negative=208

[2025-12-02 02:40:31] ✓ Batch complete: 5 updates, 0 errors
[2025-12-02 02:40:31] 📥 RECEIVED FEEDBACK | Customer: CUST_000214 | Bought: True
[2025-12-02 02:40:31] Buffer size: 1/5
[2025-12-02 02:40:31] 📥 RECEIVED FEEDBACK | Customer: CUST_000214 | Bought: False
[2025-12-02 02:40:31] Buffer size: 2/5
[2025-12-02 02:40:31] 📥 RECEIVED FEEDBACK | Customer: CUST_000142 | Bought: True
[2025-12-02 02:40:31] Buffer size: 3/5
[2025-12-02 02:40:31] 📥 RECEIVED FEEDBACK | Customer: CUST_003215 | Bought: False
[2025-12-02 02:40:31] Buffer size: 4/5
[2025-12-02 02:40:31] 📥 RECEIVED FEEDBACK | Customer: CUST_003199 | Bought: True
[2025-12-02 02:40:31] Buffer size: 5/5
[2025-12-02 02:40:31] 
============================================================
[2025-12-02 02:40:31] 🔄 Processing batch of 5 feedback points
[2025-12-02 02:40:31] ============================================================
[2025-12-02 02:40:31] ✓ POSITIVE | Customer: CUST_000214 | Cluster: 10 | Score: 3.32 | Update #696
[2025-12-02 02:40:31] ✗ NEGATIVE | Customer: CUST_000214 | Cluster: 10 | Score: 3.74 | Update #697
[2025-12-02 02:40:31] ✓ POSITIVE | Customer: CUST_000142 | Cluster: 10 | Score: -1.89 | Update #698
[2025-12-02 02:40:31] ✗ NEGATIVE | Customer: CUST_003215 | Cluster: 10 | Score: -2.75 | Update #699
[2025-12-02 02:40:31] ✓ POSITIVE | Customer: CUST_003199 | Cluster: 11 | Score: 1.12 | Update #700
[2025-12-02 02:40:31] 
💾 Saving model after 700 updates...
[2025-12-02 02:40:31] ✓ Model saved to /home/crazy_warlord/TargettedCalling/Persistence/model_car.json
[2025-12-02 02:40:31] ✓ Current state: Components=12, Positive=490, Negative=210

[2025-12-02 02:40:31] ✓ Batch complete: 5 updates, 0 errors
[2025-12-02 02:40:31] 📥 RECEIVED FEEDBACK | Customer: CUST_000142 | Bought: True
[2025-12-02 02:40:31] Buffer size: 1/5
[2025-12-02 02:40:31] 📥 RECEIVED FEEDBACK | Customer: CUST_009757 | Bought: False
[2025-12-02 02:40:31] Buffer size: 2/5
[2025-12-02 02:40:31] 📥 RECEIVED FEEDBACK | Customer: CUST_003199 | Bought: False
[2025-12-02 02:40:31] Buffer size: 3/5
[2025-12-02 02:40:31] 📥 RECEIVED FEEDBACK | Customer: CUST_011017 | Bought: True
[2025-12-02 02:40:31] Buffer size: 4/5
[2025-12-02 02:40:31] 📥 RECEIVED FEEDBACK | Customer: CUST_011017 | Bought: True
[2025-12-02 02:40:31] Buffer size: 5/5
[2025-12-02 02:40:31] 
============================================================
[2025-12-02 02:40:31] 🔄 Processing batch of 5 feedback points
[2025-12-02 02:40:31] ============================================================
[2025-12-02 02:40:31] ✓ POSITIVE | Customer: CUST_000142 | Cluster: 10 | Score: -1.89 | Update #701
[2025-12-02 02:40:31] ✗ NEGATIVE | Customer: CUST_009757 | Cluster: 5 | Score: -1.45 | Update #702
[2025-12-02 02:40:32] ✗ NEGATIVE | Customer: CUST_003199 | Cluster: 11 | Score: 1.50 | Update #703
[2025-12-02 02:40:32] ✓ POSITIVE | Customer: CUST_011017 | Cluster: 10 | Score: 2.85 | Update #704
[2025-12-02 02:40:32] ✓ POSITIVE | Customer: CUST_011017 | Cluster: 10 | Score: 3.35 | Update #705
[2025-12-02 02:40:32] 
💾 Saving model after 705 updates...
[2025-12-02 02:40:32] ✓ Model saved to /home/crazy_warlord/TargettedCalling/Persistence/model_car.json
[2025-12-02 02:40:32] ✓ Current state: Components=12, Positive=493, Negative=212

[2025-12-02 02:40:32] ✓ Batch complete: 5 updates, 0 errors
[2025-12-02 02:40:32] 📥 RECEIVED FEEDBACK | Customer: CUST_003290 | Bought: True
[2025-12-02 02:40:32] Buffer size: 1/5
[2025-12-02 02:40:32] 📥 RECEIVED FEEDBACK | Customer: CUST_003303 | Bought: False
[2025-12-02 02:40:32] Buffer size: 2/5
[2025-12-02 02:40:32] 📥 RECEIVED FEEDBACK | Customer: CUST_003303 | Bought: True
[2025-12-02 02:40:32] Buffer size: 3/5
[2025-12-02 02:40:32] 📥 RECEIVED FEEDBACK | Customer: CUST_009828 | Bought: False
[2025-12-02 02:40:32] Buffer size: 4/5
[2025-12-02 02:40:32] 📥 RECEIVED FEEDBACK | Customer: CUST_000668 | Bought: True
[2025-12-02 02:40:32] Buffer size: 5/5
[2025-12-02 02:40:32] 
============================================================
[2025-12-02 02:40:32] 🔄 Processing batch of 5 feedback points
[2025-12-02 02:40:32] ============================================================
[2025-12-02 02:40:32] ✓ POSITIVE | Customer: CUST_003290 | Cluster: 2 | Score: 2.49 | Update #706
[2025-12-02 02:40:32] ✗ NEGATIVE | Customer: CUST_003303 | Cluster: 1 | Score: -1.20 | Update #707
[2025-12-02 02:40:32] ✓ POSITIVE | Customer: CUST_003303 | Cluster: 1 | Score: -1.20 | Update #708
[2025-12-02 02:40:32] ✗ NEGATIVE | Customer: CUST_009828 | Cluster: 2 | Score: 1.09 | Update #709
[2025-12-02 02:40:32] ✓ POSITIVE | Customer: CUST_000668 | Cluster: 10 | Score: 2.91 | Update #710
[2025-12-02 02:40:32] 
💾 Saving model after 710 updates...
[2025-12-02 02:40:32] ✓ Model saved to /home/crazy_warlord/TargettedCalling/Persistence/model_car.json
[2025-12-02 02:40:32] ✓ Current state: Components=12, Positive=496, Negative=214

[2025-12-02 02:40:32] ✓ Batch complete: 5 updates, 0 errors
[2025-12-02 02:40:32] 📥 RECEIVED FEEDBACK | Customer: CUST_009828 | Bought: False
[2025-12-02 02:40:32] Buffer size: 1/5
[2025-12-02 02:40:32] 📥 RECEIVED FEEDBACK | Customer: CUST_004905 | Bought: True
[2025-12-02 02:40:33] Buffer size: 2/5
[2025-12-02 02:40:33] 📥 RECEIVED FEEDBACK | Customer: CUST_003290 | Bought: True
[2025-12-02 02:40:33] Buffer size: 3/5
[2025-12-02 02:40:33] 📥 RECEIVED FEEDBACK | Customer: CUST_009828 | Bought: True
[2025-12-02 02:40:33] Buffer size: 4/5
[2025-12-02 02:40:33] 📥 RECEIVED FEEDBACK | Customer: CUST_010974 | Bought: False
[2025-12-02 02:40:33] Buffer size: 5/5
[2025-12-02 02:40:33] 
============================================================
[2025-12-02 02:40:33] 🔄 Processing batch of 5 feedback points
[2025-12-02 02:40:33] ============================================================
[2025-12-02 02:40:33] ✗ NEGATIVE | Customer: CUST_009828 | Cluster: 2 | Score: 1.09 | Update #711
[2025-12-02 02:40:33] ✓ POSITIVE | Customer: CUST_004905 | Cluster: 11 | Score: -9.16 | Update #712
[2025-12-02 02:40:33] ✓ POSITIVE | Customer: CUST_003290 | Cluster: 2 | Score: 3.88 | Update #713
[2025-12-02 02:40:33] ✓ POSITIVE | Customer: CUST_009828 | Cluster: 2 | Score: 0.83 | Update #714
[2025-12-02 02:40:33] ✗ NEGATIVE | Customer: CUST_010974 | Cluster: 3 | Score: -0.29 | Update #715
[2025-12-02 02:40:33] 
💾 Saving model after 715 updates...
[2025-12-02 02:40:33] ✓ Model saved to /home/crazy_warlord/TargettedCalling/Persistence/model_car.json
[2025-12-02 02:40:33] ✓ Current state: Components=12, Positive=499, Negative=216

[2025-12-02 02:40:33] ✓ Batch complete: 5 updates, 0 errors
[2025-12-02 02:40:33] 📥 RECEIVED FEEDBACK | Customer: CUST_004905 | Bought: False
[2025-12-02 02:40:33] Buffer size: 1/5
[2025-12-02 02:40:33] 📥 RECEIVED FEEDBACK | Customer: CUST_000214 | Bought: False
[2025-12-02 02:40:33] Buffer size: 2/5
[2025-12-02 02:40:33] 📥 RECEIVED FEEDBACK | Customer: CUST_000668 | Bought: False
[2025-12-02 02:40:33] Buffer size: 3/5
[2025-12-02 02:40:33] 📥 RECEIVED FEEDBACK | Customer: CUST_000668 | Bought: True
[2025-12-02 02:40:33] Buffer size: 4/5
[2025-12-02 02:40:33] 📥 RECEIVED FEEDBACK | Customer: CUST_009828 | Bought: True
[2025-12-02 02:40:33] Buffer size: 5/5
[2025-12-02 02:40:33] 
============================================================
[2025-12-02 02:40:33] 🔄 Processing batch of 5 feedback points
[2025-12-02 02:40:33] ============================================================
[2025-12-02 02:40:33] ✗ NEGATIVE | Customer: CUST_004905 | Cluster: 11 | Score: -9.16 | Update #716
[2025-12-02 02:40:33] ✗ NEGATIVE | Customer: CUST_000214 | Cluster: 10 | Score: 3.60 | Update #717
[2025-12-02 02:40:33] ✗ NEGATIVE | Customer: CUST_000668 | Cluster: 10 | Score: 3.46 | Update #718
[2025-12-02 02:40:33] ✓ POSITIVE | Customer: CUST_000668 | Cluster: 10 | Score: 3.46 | Update #719
[2025-12-02 02:40:33] ✓ POSITIVE | Customer: CUST_009828 | Cluster: 2 | Score: 3.13 | Update #720
[2025-12-02 02:40:33] 
💾 Saving model after 720 updates...
[2025-12-02 02:40:33] ✓ Model saved to /home/crazy_warlord/TargettedCalling/Persistence/model_car.json
[2025-12-02 02:40:33] ✓ Current state: Components=12, Positive=501, Negative=219

[2025-12-02 02:40:33] ✓ Batch complete: 5 updates, 0 errors
[2025-12-02 02:40:33] 📥 RECEIVED FEEDBACK | Customer: CUST_000214 | Bought: False
[2025-12-02 02:40:33] Buffer size: 1/5
[2025-12-02 02:40:33] 📥 RECEIVED FEEDBACK | Customer: CUST_004856 | Bought: True
[2025-12-02 02:40:33] Buffer size: 2/5
[2025-12-02 02:40:33] 📥 RECEIVED FEEDBACK | Customer: CUST_010974 | Bought: True
[2025-12-02 02:40:33] Buffer size: 3/5
[2025-12-02 02:40:33] 📥 RECEIVED FEEDBACK | Customer: CUST_000668 | Bought: True
[2025-12-02 02:40:33] Buffer size: 4/5
[2025-12-02 02:40:33] 📥 RECEIVED FEEDBACK | Customer: CUST_004905 | Bought: True
[2025-12-02 02:40:33] Buffer size: 5/5
[2025-12-02 02:40:33] 
============================================================
[2025-12-02 02:40:33] 🔄 Processing batch of 5 feedback points
[2025-12-02 02:40:33] ============================================================
[2025-12-02 02:40:33] ✗ NEGATIVE | Customer: CUST_000214 | Cluster: 10 | Score: 3.58 | Update #721
[2025-12-02 02:40:33] ✓ POSITIVE | Customer: CUST_004856 | Cluster: 7 | Score: 2.19 | Update #722
[2025-12-02 02:40:33] ✓ POSITIVE | Customer: CUST_010974 | Cluster: 3 | Score: -0.29 | Update #723
[2025-12-02 02:40:33] ✓ POSITIVE | Customer: CUST_000668 | Cluster: 10 | Score: 3.89 | Update #724
[2025-12-02 02:40:33] ✓ POSITIVE | Customer: CUST_004905 | Cluster: 11 | Score: -9.16 | Update #725
[2025-12-02 02:40:33] 
💾 Saving model after 725 updates...
[2025-12-02 02:40:33] ✓ Model saved to /home/crazy_warlord/TargettedCalling/Persistence/model_car.json
[2025-12-02 02:40:33] ✓ Current state: Components=12, Positive=505, Negative=220

[2025-12-02 02:40:33] ✓ Batch complete: 5 updates, 0 errors
[2025-12-02 02:40:33] 📥 RECEIVED FEEDBACK | Customer: CUST_004905 | Bought: True
[2025-12-02 02:40:33] Buffer size: 1/5
[2025-12-02 02:40:33] 📥 RECEIVED FEEDBACK | Customer: CUST_009833 | Bought: True
[2025-12-02 02:40:33] Buffer size: 2/5
[2025-12-02 02:40:34] 📥 RECEIVED FEEDBACK | Customer: CUST_004898 | Bought: False
[2025-12-02 02:40:34] Buffer size: 3/5
[2025-12-02 02:40:34] 📥 RECEIVED FEEDBACK | Customer: CUST_009833 | Bought: True
[2025-12-02 02:40:34] Buffer size: 4/5
[2025-12-02 02:40:34] 📥 RECEIVED FEEDBACK | Customer: CUST_000214 | Bought: True
[2025-12-02 02:40:34] Buffer size: 5/5
[2025-12-02 02:40:34] 
============================================================
[2025-12-02 02:40:34] 🔄 Processing batch of 5 feedback points
[2025-12-02 02:40:34] ============================================================
[2025-12-02 02:40:34] ✓ POSITIVE | Customer: CUST_004905 | Cluster: 11 | Score: -9.16 | Update #726
[2025-12-02 02:40:34] ✓ POSITIVE | Customer: CUST_009833 | Cluster: 3 | Score: 5.66 | Update #727
[2025-12-02 02:40:34] ✗ NEGATIVE | Customer: CUST_004898 | Cluster: 1 | Score: -4.57 | Update #728
[2025-12-02 02:40:34] ✓ POSITIVE | Customer: CUST_009833 | Cluster: 3 | Score: 7.00 | Update #729
[2025-12-02 02:40:34] ✓ POSITIVE | Customer: CUST_000214 | Cluster: 10 | Score: 3.57 | Update #730
[2025-12-02 02:40:34] 
💾 Saving model after 730 updates...
[2025-12-02 02:40:34] ✓ Model saved to /home/crazy_warlord/TargettedCalling/Persistence/model_car.json
[2025-12-02 02:40:34] ✓ Current state: Components=12, Positive=509, Negative=221

[2025-12-02 02:40:34] ✓ Batch complete: 5 updates, 0 errors
[2025-12-02 02:40:34] 📥 RECEIVED FEEDBACK | Customer: CUST_004898 | Bought: True
[2025-12-02 02:40:34] Buffer size: 1/5
[2025-12-02 02:40:34] 📥 RECEIVED FEEDBACK | Customer: CUST_004898 | Bought: True
[2025-12-02 02:40:34] Buffer size: 2/5
[2025-12-02 02:40:34] 📥 RECEIVED FEEDBACK | Customer: CUST_000214 | Bought: True
[2025-12-02 02:40:34] Buffer size: 3/5
[2025-12-02 02:40:34] 📥 RECEIVED FEEDBACK | Customer: CUST_004898 | Bought: True
[2025-12-02 02:40:34] Buffer size: 4/5
[2025-12-02 02:40:34] 📥 RECEIVED FEEDBACK | Customer: CUST_003263 | Bought: True
[2025-12-02 02:40:34] Buffer size: 5/5
[2025-12-02 02:40:34] 
============================================================
[2025-12-02 02:40:34] 🔄 Processing batch of 5 feedback points
[2025-12-02 02:40:34] ============================================================
[2025-12-02 02:40:34] ✓ POSITIVE | Customer: CUST_004898 | Cluster: 1 | Score: -4.57 | Update #731
[2025-12-02 02:40:34] ✓ POSITIVE | Customer: CUST_004898 | Cluster: 1 | Score: -4.57 | Update #732
[2025-12-02 02:40:34] ✓ POSITIVE | Customer: CUST_000214 | Cluster: 10 | Score: 4.01 | Update #733
[2025-12-02 02:40:34] ✓ POSITIVE | Customer: CUST_004898 | Cluster: 1 | Score: -4.57 | Update #734
[2025-12-02 02:40:34] ✓ POSITIVE | Customer: CUST_003263 | Cluster: 10 | Score: 3.40 | Update #735
[2025-12-02 02:40:34] 
💾 Saving model after 735 updates...
[2025-12-02 02:40:34] ✓ Model saved to /home/crazy_warlord/TargettedCalling/Persistence/model_car.json
[2025-12-02 02:40:34] ✓ Current state: Components=12, Positive=514, Negative=221

[2025-12-02 02:40:34] ✓ Batch complete: 5 updates, 0 errors
[2025-12-02 02:40:34] 📥 RECEIVED FEEDBACK | Customer: CUST_009833 | Bought: True
[2025-12-02 02:40:34] Buffer size: 1/5
[2025-12-02 02:40:34] 📥 RECEIVED FEEDBACK | Customer: CUST_003263 | Bought: False
[2025-12-02 02:40:34] Buffer size: 2/5
[2025-12-02 02:40:34] 📥 RECEIVED FEEDBACK | Customer: CUST_003263 | Bought: True
[2025-12-02 02:40:34] Buffer size: 3/5
[2025-12-02 02:40:34] 📥 RECEIVED FEEDBACK | Customer: CUST_010987 | Bought: True
[2025-12-02 02:40:34] Buffer size: 4/5
[2025-12-02 02:40:34] 📥 RECEIVED FEEDBACK | Customer: CUST_004898 | Bought: True
[2025-12-02 02:40:34] Buffer size: 5/5
[2025-12-02 02:40:34] 
============================================================
[2025-12-02 02:40:34] 🔄 Processing batch of 5 feedback points
[2025-12-02 02:40:34] ============================================================
[2025-12-02 02:40:34] ✓ POSITIVE | Customer: CUST_009833 | Cluster: 3 | Score: 7.80 | Update #736
[2025-12-02 02:40:34] ✗ NEGATIVE | Customer: CUST_003263 | Cluster: 10 | Score: 3.93 | Update #737
[2025-12-02 02:40:34] ✓ POSITIVE | Customer: CUST_003263 | Cluster: 10 | Score: 3.93 | Update #738
[2025-12-02 02:40:34] ✓ POSITIVE | Customer: CUST_010987 | Cluster: 2 | Score: 4.60 | Update #739
[2025-12-02 02:40:35] ✓ POSITIVE | Customer: CUST_004898 | Cluster: 1 | Score: -4.57 | Update #740
[2025-12-02 02:40:35] 
💾 Saving model after 740 updates...
[2025-12-02 02:40:35] ✓ Model saved to /home/crazy_warlord/TargettedCalling/Persistence/model_car.json
[2025-12-02 02:40:35] ✓ Current state: Components=12, Positive=518, Negative=222

[2025-12-02 02:40:35] ✓ Batch complete: 5 updates, 0 errors
[2025-12-02 02:40:35] 📥 RECEIVED FEEDBACK | Customer: CUST_003263 | Bought: False
[2025-12-02 02:40:35] Buffer size: 1/5
[2025-12-02 02:40:35] 📥 RECEIVED FEEDBACK | Customer: CUST_010987 | Bought: True
[2025-12-02 02:40:35] Buffer size: 2/5
[2025-12-02 02:40:35] 📥 RECEIVED FEEDBACK | Customer: CUST_004898 | Bought: True
[2025-12-02 02:40:35] Buffer size: 3/5
[2025-12-02 02:40:35] 📥 RECEIVED FEEDBACK | Customer: CUST_011112 | Bought: False
[2025-12-02 02:40:35] Buffer size: 4/5
[2025-12-02 02:40:35] 📥 RECEIVED FEEDBACK | Customer: CUST_005056 | Bought: True
[2025-12-02 02:40:35] Buffer size: 5/5
[2025-12-02 02:40:35] 
============================================================
[2025-12-02 02:40:35] 🔄 Processing batch of 5 feedback points
[2025-12-02 02:40:35] ============================================================
[2025-12-02 02:40:35] ✗ NEGATIVE | Customer: CUST_003263 | Cluster: 10 | Score: 4.35 | Update #741
[2025-12-02 02:40:35] ✓ POSITIVE | Customer: CUST_010987 | Cluster: 2 | Score: 5.12 | Update #742
[2025-12-02 02:40:35] ✓ POSITIVE | Customer: CUST_004898 | Cluster: 1 | Score: -4.57 | Update #743
[2025-12-02 02:40:35] ✗ NEGATIVE | Customer: CUST_011112 | Cluster: 11 | Score: -5.73 | Update #744
[2025-12-02 02:40:35] ✓ POSITIVE | Customer: CUST_005056 | Cluster: 11 | Score: -0.40 | Update #745
[2025-12-02 02:40:35] 
💾 Saving model after 745 updates...
[2025-12-02 02:40:35] ✓ Model saved to /home/crazy_warlord/TargettedCalling/Persistence/model_car.json
[2025-12-02 02:40:35] ✓ Current state: Components=12, Positive=521, Negative=224

[2025-12-02 02:40:35] ✓ Batch complete: 5 updates, 0 errors
[2025-12-02 02:40:35] 📥 RECEIVED FEEDBACK | Customer: CUST_011112 | Bought: False
[2025-12-02 02:40:35] Buffer size: 1/5
[2025-12-02 02:40:35] 📥 RECEIVED FEEDBACK | Customer: CUST_005055 | Bought: False
[2025-12-02 02:40:35] Buffer size: 2/5
[2025-12-02 02:40:35] 📥 RECEIVED FEEDBACK | Customer: CUST_005056 | Bought: True
[2025-12-02 02:40:35] Buffer size: 3/5
[2025-12-02 02:40:35] 📥 RECEIVED FEEDBACK | Customer: CUST_000141 | Bought: True
[2025-12-02 02:40:35] Buffer size: 4/5
[2025-12-02 02:40:35] 📥 RECEIVED FEEDBACK | Customer: CUST_011105 | Bought: True
[2025-12-02 02:40:35] Buffer size: 5/5
[2025-12-02 02:40:35] 
============================================================
[2025-12-02 02:40:36] 🔄 Processing batch of 5 feedback points
[2025-12-02 02:40:36] ============================================================
[2025-12-02 02:40:36] ✗ NEGATIVE | Customer: CUST_011112 | Cluster: 11 | Score: -5.20 | Update #746
[2025-12-02 02:40:36] ✗ NEGATIVE | Customer: CUST_005055 | Cluster: 0 | Score: 2.92 | Update #747
[2025-12-02 02:40:36] ✓ POSITIVE | Customer: CUST_005056 | Cluster: 11 | Score: 0.52 | Update #748
[2025-12-02 02:40:36] ✓ POSITIVE | Customer: CUST_000141 | Cluster: 8 | Score: -1.14 | Update #749
[2025-12-02 02:40:36] ✓ POSITIVE | Customer: CUST_011105 | Cluster: 5 | Score: -3.38 | Update #750
[2025-12-02 02:40:36] 
💾 Saving model after 750 updates...
[2025-12-02 02:40:36] ✓ Model saved to /home/crazy_warlord/TargettedCalling/Persistence/model_car.json
[2025-12-02 02:40:36] ✓ Current state: Components=12, Positive=524, Negative=226

[2025-12-02 02:40:36] ✓ Batch complete: 5 updates, 0 errors
[2025-12-02 02:40:36] 📥 RECEIVED FEEDBACK | Customer: CUST_009686 | Bought: True
[2025-12-02 02:40:36] Buffer size: 1/5
[2025-12-02 02:40:36] 📥 RECEIVED FEEDBACK | Customer: CUST_011105 | Bought: True
[2025-12-02 02:40:36] Buffer size: 2/5
[2025-12-02 02:40:36] 📥 RECEIVED FEEDBACK | Customer: CUST_000141 | Bought: True
[2025-12-02 02:40:36] Buffer size: 3/5
[2025-12-02 02:40:36] 📥 RECEIVED FEEDBACK | Customer: CUST_005055 | Bought: False
[2025-12-02 02:40:36] Buffer size: 4/5
[2025-12-02 02:40:36] 📥 RECEIVED FEEDBACK | Customer: CUST_009679 | Bought: False
[2025-12-02 02:40:36] Buffer size: 5/5
[2025-12-02 02:40:36] 
============================================================
[2025-12-02 02:40:36] 🔄 Processing batch of 5 feedback points
[2025-12-02 02:40:36] ============================================================
[2025-12-02 02:40:36] ✓ POSITIVE | Customer: CUST_009686 | Cluster: 10 | Score: -6.47 | Update #751
[2025-12-02 02:40:36] ✓ POSITIVE | Customer: CUST_011105 | Cluster: 5 | Score: -3.38 | Update #752
[2025-12-02 02:40:36] ✓ POSITIVE | Customer: CUST_000141 | Cluster: 8 | Score: 0.90 | Update #753
[2025-12-02 02:40:36] ✗ NEGATIVE | Customer: CUST_005055 | Cluster: 0 | Score: 2.92 | Update #754
[2025-12-02 02:40:36] ✗ NEGATIVE | Customer: CUST_009679 | Cluster: 6 | Score: -0.40 | Update #755
[2025-12-02 02:40:36] 
💾 Saving model after 755 updates...
[2025-12-02 02:40:36] ✓ Model saved to /home/crazy_warlord/TargettedCalling/Persistence/model_car.json
[2025-12-02 02:40:36] ✓ Current state: Components=12, Positive=527, Negative=228

[2025-12-02 02:40:36] ✓ Batch complete: 5 updates, 0 errors
[2025-12-02 02:40:36] 📥 RECEIVED FEEDBACK | Customer: CUST_011112 | Bought: True
[2025-12-02 02:40:36] Buffer size: 1/5
[2025-12-02 02:40:36] 📥 RECEIVED FEEDBACK | Customer: CUST_011112 | Bought: True
[2025-12-02 02:40:36] Buffer size: 2/5
[2025-12-02 02:40:36] 📥 RECEIVED FEEDBACK | Customer: CUST_009679 | Bought: True
[2025-12-02 02:40:36] Buffer size: 3/5
[2025-12-02 02:40:36] 📥 RECEIVED FEEDBACK | Customer: CUST_009686 | Bought: True
[2025-12-02 02:40:36] Buffer size: 4/5
[2025-12-02 02:40:37] 📥 RECEIVED FEEDBACK | Customer: CUST_011131 | Bought: True
[2025-12-02 02:40:37] Buffer size: 5/5
[2025-12-02 02:40:37] 
============================================================
[2025-12-02 02:40:37] 🔄 Processing batch of 5 feedback points
[2025-12-02 02:40:37] ============================================================
[2025-12-02 02:40:37] ✓ POSITIVE | Customer: CUST_011112 | Cluster: 11 | Score: -4.89 | Update #756
[2025-12-02 02:40:37] ✓ POSITIVE | Customer: CUST_011112 | Cluster: 11 | Score: -3.12 | Update #757
[2025-12-02 02:40:37] ✓ POSITIVE | Customer: CUST_009679 | Cluster: 6 | Score: -0.40 | Update #758
[2025-12-02 02:40:37] ✓ POSITIVE | Customer: CUST_009686 | Cluster: 10 | Score: -6.47 | Update #759
[2025-12-02 02:40:37] ✓ POSITIVE | Customer: CUST_011131 | Cluster: 9 | Score: -5.33 | Update #760
[2025-12-02 02:40:37] 
💾 Saving model after 760 updates...
[2025-12-02 02:40:37] ✓ Model saved to /home/crazy_warlord/TargettedCalling/Persistence/model_car.json
[2025-12-02 02:40:37] ✓ Current state: Components=12, Positive=532, Negative=228

[2025-12-02 02:40:37] ✓ Batch complete: 5 updates, 0 errors
[2025-12-02 02:40:37] 📥 RECEIVED FEEDBACK | Customer: CUST_009656 | Bought: True
[2025-12-02 02:40:37] Buffer size: 1/5
[2025-12-02 02:40:37] 📥 RECEIVED FEEDBACK | Customer: CUST_009652 | Bought: True
[2025-12-02 02:40:37] Buffer size: 2/5
[2025-12-02 02:40:37] 📥 RECEIVED FEEDBACK | Customer: CUST_011142 | Bought: True
[2025-12-02 02:40:37] Buffer size: 3/5
[2025-12-02 02:40:37] 📥 RECEIVED FEEDBACK | Customer: CUST_005057 | Bought: False
[2025-12-02 02:40:37] Buffer size: 4/5
[2025-12-02 02:40:37] 📥 RECEIVED FEEDBACK | Customer: CUST_005057 | Bought: True
[2025-12-02 02:40:37] Buffer size: 5/5
[2025-12-02 02:40:37] 
============================================================
[2025-12-02 02:40:37] 🔄 Processing batch of 5 feedback points
[2025-12-02 02:40:37] ============================================================
[2025-12-02 02:40:37] ✓ POSITIVE | Customer: CUST_009656 | Cluster: 10 | Score: 1.37 | Update #761
[2025-12-02 02:40:37] ✓ POSITIVE | Customer: CUST_009652 | Cluster: 7 | Score: 0.69 | Update #762
[2025-12-02 02:40:37] ✓ POSITIVE | Customer: CUST_011142 | Cluster: 9 | Score: -1.01 | Update #763
[2025-12-02 02:40:37] ✗ NEGATIVE | Customer: CUST_005057 | Cluster: 0 | Score: -1.27 | Update #764
[2025-12-02 02:40:37] ✓ POSITIVE | Customer: CUST_005057 | Cluster: 0 | Score: -1.27 | Update #765
[2025-12-02 02:40:37] 
💾 Saving model after 765 updates...
[2025-12-02 02:40:37] ✓ Model saved to /home/crazy_warlord/TargettedCalling/Persistence/model_car.json
[2025-12-02 02:40:37] ✓ Current state: Components=11, Positive=536, Negative=229

[2025-12-02 02:40:37] ✓ Batch complete: 5 updates, 0 errors
[2025-12-02 02:40:37] 📥 RECEIVED FEEDBACK | Customer: CUST_005068 | Bought: True
[2025-12-02 02:40:37] Buffer size: 1/5
[2025-12-02 02:40:37] 📥 RECEIVED FEEDBACK | Customer: CUST_009656 | Bought: True
[2025-12-02 02:40:37] Buffer size: 2/5
[2025-12-02 02:40:37] 📥 RECEIVED FEEDBACK | Customer: CUST_011131 | Bought: False
[2025-12-02 02:40:37] Buffer size: 3/5
[2025-12-02 02:40:37] 📥 RECEIVED FEEDBACK | Customer: CUST_009652 | Bought: False
[2025-12-02 02:40:37] Buffer size: 4/5
[2025-12-02 02:40:37] 📥 RECEIVED FEEDBACK | Customer: CUST_005079 | Bought: True
[2025-12-02 02:40:37] Buffer size: 5/5
[2025-12-02 02:40:37] 
============================================================
[2025-12-02 02:40:37] 🔄 Processing batch of 5 feedback points
[2025-12-02 02:40:37] ============================================================
[2025-12-02 02:40:37] ✓ POSITIVE | Customer: CUST_005068 | Cluster: 5 | Score: -3.74 | Update #766
[2025-12-02 02:40:37] ✓ POSITIVE | Customer: CUST_009656 | Cluster: 9 | Score: 2.76 | Update #767
[2025-12-02 02:40:37] ✗ NEGATIVE | Customer: CUST_011131 | Cluster: 8 | Score: -5.33 | Update #768
[2025-12-02 02:40:37] ✗ NEGATIVE | Customer: CUST_009652 | Cluster: 7 | Score: 1.93 | Update #769
[2025-12-02 02:40:37] ✓ POSITIVE | Customer: CUST_005079 | Cluster: 9 | Score: -0.80 | Update #770
[2025-12-02 02:40:37] 
💾 Saving model after 770 updates...
[2025-12-02 02:40:37] ✓ Model saved to /home/crazy_warlord/TargettedCalling/Persistence/model_car.json
[2025-12-02 02:40:38] ✓ Current state: Components=11, Positive=539, Negative=231

[2025-12-02 02:40:38] ✓ Batch complete: 5 updates, 0 errors
[2025-12-02 02:40:38] 📥 RECEIVED FEEDBACK | Customer: CUST_009652 | Bought: True
[2025-12-02 02:40:38] Buffer size: 1/5
[2025-12-02 02:40:38] 📥 RECEIVED FEEDBACK | Customer: CUST_011142 | Bought: True
[2025-12-02 02:40:38] Buffer size: 2/5
[2025-12-02 02:40:38] 📥 RECEIVED FEEDBACK | Customer: CUST_005079 | Bought: True
[2025-12-02 02:40:38] Buffer size: 3/5
[2025-12-02 02:40:38] 📥 RECEIVED FEEDBACK | Customer: CUST_011131 | Bought: False
[2025-12-02 02:40:38] Buffer size: 4/5
[2025-12-02 02:40:38] 📥 RECEIVED FEEDBACK | Customer: CUST_005069 | Bought: True
[2025-12-02 02:40:38] Buffer size: 5/5
[2025-12-02 02:40:38] 
============================================================
[2025-12-02 02:40:38] 🔄 Processing batch of 5 feedback points
[2025-12-02 02:40:38] ============================================================
[2025-12-02 02:40:38] ✓ POSITIVE | Customer: CUST_009652 | Cluster: 7 | Score: 1.93 | Update #771
[2025-12-02 02:40:38] ✓ POSITIVE | Customer: CUST_011142 | Cluster: 9 | Score: -1.06 | Update #772
[2025-12-02 02:40:38] ✓ POSITIVE | Customer: CUST_005079 | Cluster: 9 | Score: -0.80 | Update #773
[2025-12-02 02:40:38] ✗ NEGATIVE | Customer: CUST_011131 | Cluster: 8 | Score: -5.33 | Update #774
[2025-12-02 02:40:38] ✓ POSITIVE | Customer: CUST_005069 | Cluster: 0 | Score: 1.54 | Update #775
[2025-12-02 02:40:38] 
💾 Saving model after 775 updates...
[2025-12-02 02:40:38] ✓ Model saved to /home/crazy_warlord/TargettedCalling/Persistence/model_car.json
[2025-12-02 02:40:38] ✓ Current state: Components=11, Positive=543, Negative=232

[2025-12-02 02:40:38] ✓ Batch complete: 5 updates, 0 errors
[2025-12-02 02:40:38] 📥 RECEIVED FEEDBACK | Customer: CUST_005056 | Bought: True
[2025-12-02 02:40:38] Buffer size: 1/5
[2025-12-02 02:40:38] 📥 RECEIVED FEEDBACK | Customer: CUST_005069 | Bought: True
[2025-12-02 02:40:38] Buffer size: 2/5
[2025-12-02 02:40:38] 📥 RECEIVED FEEDBACK | Customer: CUST_011131 | Bought: False
[2025-12-02 02:40:38] Buffer size: 3/5
[2025-12-02 02:40:38] 📥 RECEIVED FEEDBACK | Customer: CUST_005068 | Bought: True
[2025-12-02 02:40:38] Buffer size: 4/5
[2025-12-02 02:40:38] 📥 RECEIVED FEEDBACK | Customer: CUST_009652 | Bought: True
[2025-12-02 02:40:38] Buffer size: 5/5
[2025-12-02 02:40:38] 
============================================================
[2025-12-02 02:40:38] 🔄 Processing batch of 5 feedback points
[2025-12-02 02:40:38] ============================================================
[2025-12-02 02:40:38] ✓ POSITIVE | Customer: CUST_005056 | Cluster: 10 | Score: 1.41 | Update #776
[2025-12-02 02:40:38] ✓ POSITIVE | Customer: CUST_005069 | Cluster: 0 | Score: 2.99 | Update #777
[2025-12-02 02:40:38] ✗ NEGATIVE | Customer: CUST_011131 | Cluster: 8 | Score: -5.33 | Update #778
[2025-12-02 02:40:38] ✓ POSITIVE | Customer: CUST_005068 | Cluster: 5 | Score: -3.74 | Update #779
[2025-12-02 02:40:38] ✓ POSITIVE | Customer: CUST_009652 | Cluster: 7 | Score: 2.67 | Update #780
[2025-12-02 02:40:38] 
💾 Saving model after 780 updates...
[2025-12-02 02:40:38] ✓ Model saved to /home/crazy_warlord/TargettedCalling/Persistence/model_car.json
[2025-12-02 02:40:38] ✓ Current state: Components=11, Positive=547, Negative=233

[2025-12-02 02:40:38] ✓ Batch complete: 5 updates, 0 errors
[2025-12-02 02:40:38] 📥 RECEIVED FEEDBACK | Customer: CUST_005056 | Bought: False
[2025-12-02 02:40:38] Buffer size: 1/5
[2025-12-02 02:40:40] 📥 RECEIVED FEEDBACK | Customer: CUST_005006 | Bought: True
[2025-12-02 02:40:40] Buffer size: 2/5
[2025-12-02 02:40:40] 📥 RECEIVED FEEDBACK | Customer: CUST_004997 | Bought: True
[2025-12-02 02:40:40] Buffer size: 3/5
[2025-12-02 02:40:40] 📥 RECEIVED FEEDBACK | Customer: CUST_004993 | Bought: False
[2025-12-02 02:40:40] Buffer size: 4/5
[2025-12-02 02:40:40] 📥 RECEIVED FEEDBACK | Customer: CUST_009693 | Bought: False
[2025-12-02 02:40:40] Buffer size: 5/5
[2025-12-02 02:40:40] 
============================================================
[2025-12-02 02:40:40] 🔄 Processing batch of 5 feedback points
[2025-12-02 02:40:40] ============================================================
[2025-12-02 02:40:40] ✗ NEGATIVE | Customer: CUST_005056 | Cluster: 10 | Score: 1.76 | Update #781
[2025-12-02 02:40:40] ✓ POSITIVE | Customer: CUST_005006 | Cluster: 6 | Score: 6.56 | Update #782
[2025-12-02 02:40:40] ✓ POSITIVE | Customer: CUST_004997 | Cluster: 4 | Score: -0.63 | Update #783
[2025-12-02 02:40:40] ✗ NEGATIVE | Customer: CUST_004993 | Cluster: 2 | Score: 1.24 | Update #784
[2025-12-02 02:40:40] ✗ NEGATIVE | Customer: CUST_009693 | Cluster: 7 | Score: -1.02 | Update #785
[2025-12-02 02:40:40] 
💾 Saving model after 785 updates...
[2025-12-02 02:40:40] ✓ Model saved to /home/crazy_warlord/TargettedCalling/Persistence/model_car.json
[2025-12-02 02:40:40] ✓ Current state: Components=11, Positive=549, Negative=236

[2025-12-02 02:40:40] ✓ Batch complete: 5 updates, 0 errors
[2025-12-02 02:40:40] 📥 RECEIVED FEEDBACK | Customer: CUST_003113 | Bought: True
[2025-12-02 02:40:40] Buffer size: 1/5
[2025-12-02 02:40:40] 📥 RECEIVED FEEDBACK | Customer: CUST_003180 | Bought: True
[2025-12-02 02:40:40] Buffer size: 2/5
[2025-12-02 02:40:40] 📥 RECEIVED FEEDBACK | Customer: CUST_003180 | Bought: True
[2025-12-02 02:40:40] Buffer size: 3/5
[2025-12-02 02:40:40] 📥 RECEIVED FEEDBACK | Customer: CUST_011042 | Bought: True
[2025-12-02 02:40:40] Buffer size: 4/5
[2025-12-02 02:40:40] 📥 RECEIVED FEEDBACK | Customer: CUST_004997 | Bought: False
[2025-12-02 02:40:40] Buffer size: 5/5
[2025-12-02 02:40:40] 
============================================================
[2025-12-02 02:40:40] 🔄 Processing batch of 5 feedback points
[2025-12-02 02:40:40] ============================================================
[2025-12-02 02:40:40] ✓ POSITIVE | Customer: CUST_003113 | Cluster: 2 | Score: -2.29 | Update #786
[2025-12-02 02:40:40] ✓ POSITIVE | Customer: CUST_003180 | Cluster: 7 | Score: -3.22 | Update #787
[2025-12-02 02:40:40] ✓ POSITIVE | Customer: CUST_003180 | Cluster: 7 | Score: -3.22 | Update #788
[2025-12-02 02:40:40] ✓ POSITIVE | Customer: CUST_011042 | Cluster: 6 | Score: 5.94 | Update #789
[2025-12-02 02:40:40] ✗ NEGATIVE | Customer: CUST_004997 | Cluster: 4 | Score: 0.38 | Update #790
[2025-12-02 02:40:40] 
💾 Saving model after 790 updates...
[2025-12-02 02:40:40] ✓ Model saved to /home/crazy_warlord/TargettedCalling/Persistence/model_car.json
[2025-12-02 02:40:40] ✓ Current state: Components=11, Positive=553, Negative=237

[2025-12-02 02:40:40] ✓ Batch complete: 5 updates, 0 errors
[2025-12-02 02:40:40] 📥 RECEIVED FEEDBACK | Customer: CUST_003105 | Bought: True
[2025-12-02 02:40:40] Buffer size: 1/5
[2025-12-02 02:40:40] 📥 RECEIVED FEEDBACK | Customer: CUST_011042 | Bought: True
[2025-12-02 02:40:40] Buffer size: 2/5
[2025-12-02 02:40:40] 📥 RECEIVED FEEDBACK | Customer: CUST_003113 | Bought: True
[2025-12-02 02:40:40] Buffer size: 3/5
[2025-12-02 02:40:40] 📥 RECEIVED FEEDBACK | Customer: CUST_003113 | Bought: True
[2025-12-02 02:40:40] Buffer size: 4/5
[2025-12-02 02:40:40] 📥 RECEIVED FEEDBACK | Customer: CUST_004993 | Bought: True
[2025-12-02 02:40:40] Buffer size: 5/5
[2025-12-02 02:40:40] 
============================================================
[2025-12-02 02:40:40] 🔄 Processing batch of 5 feedback points
[2025-12-02 02:40:40] ============================================================
[2025-12-02 02:40:40] ✓ POSITIVE | Customer: CUST_003105 | Cluster: 10 | Score: -3.94 | Update #791
[2025-12-02 02:40:40] ✓ POSITIVE | Customer: CUST_011042 | Cluster: 6 | Score: 6.57 | Update #792
[2025-12-02 02:40:40] ✓ POSITIVE | Customer: CUST_003113 | Cluster: 2 | Score: -2.29 | Update #793
[2025-12-02 02:40:41] ✓ POSITIVE | Customer: CUST_003113 | Cluster: 2 | Score: -2.29 | Update #794
[2025-12-02 02:40:41] ✓ POSITIVE | Customer: CUST_004993 | Cluster: 2 | Score: 1.24 | Update #795
[2025-12-02 02:40:41] 
💾 Saving model after 795 updates...
[2025-12-02 02:40:41] ✓ Model saved to /home/crazy_warlord/TargettedCalling/Persistence/model_car.json
[2025-12-02 02:40:41] ✓ Current state: Components=11, Positive=558, Negative=237

[2025-12-02 02:40:41] ✓ Batch complete: 5 updates, 0 errors
[2025-12-02 02:40:41] 📥 RECEIVED FEEDBACK | Customer: CUST_003180 | Bought: False
[2025-12-02 02:40:41] Buffer size: 1/5
[2025-12-02 02:40:41] 📥 RECEIVED FEEDBACK | Customer: CUST_009693 | Bought: False
[2025-12-02 02:40:41] Buffer size: 2/5
[2025-12-02 02:40:41] 📥 RECEIVED FEEDBACK | Customer: CUST_005017 | Bought: True
[2025-12-02 02:40:41] Buffer size: 3/5
[2025-12-02 02:40:41] 📥 RECEIVED FEEDBACK | Customer: CUST_009693 | Bought: True
[2025-12-02 02:40:41] Buffer size: 4/5
[2025-12-02 02:40:41] 📥 RECEIVED FEEDBACK | Customer: CUST_004993 | Bought: False
[2025-12-02 02:40:41] Buffer size: 5/5
[2025-12-02 02:40:41] 
============================================================
[2025-12-02 02:40:41] 🔄 Processing batch of 5 feedback points
[2025-12-02 02:40:41] ============================================================
[2025-12-02 02:40:41] ✗ NEGATIVE | Customer: CUST_003180 | Cluster: 7 | Score: -3.22 | Update #796
[2025-12-02 02:40:41] ✗ NEGATIVE | Customer: CUST_009693 | Cluster: 7 | Score: -1.02 | Update #797
[2025-12-02 02:40:41] ✓ POSITIVE | Customer: CUST_005017 | Cluster: 4 | Score: -1.17 | Update #798
[2025-12-02 02:40:41] ✓ POSITIVE | Customer: CUST_009693 | Cluster: 7 | Score: -1.02 | Update #799
[2025-12-02 02:40:41] ✗ NEGATIVE | Customer: CUST_004993 | Cluster: 2 | Score: 3.34 | Update #800
[2025-12-02 02:40:41] 
💾 Saving model after 800 updates...
[2025-12-02 02:40:41] ✓ Model saved to /home/crazy_warlord/TargettedCalling/Persistence/model_car.json
[2025-12-02 02:40:41] ✓ Current state: Components=11, Positive=560, Negative=240

[2025-12-02 02:40:41] ✓ Batch complete: 5 updates, 0 errors
[2025-12-02 02:40:41] 📥 RECEIVED FEEDBACK | Customer: CUST_003180 | Bought: True
[2025-12-02 02:40:41] Buffer size: 1/5
[2025-12-02 02:40:41] 📥 RECEIVED FEEDBACK | Customer: CUST_011042 | Bought: True
[2025-12-02 02:40:41] Buffer size: 2/5
[2025-12-02 02:40:41] 📥 RECEIVED FEEDBACK | Customer: CUST_003113 | Bought: True
[2025-12-02 02:40:41] Buffer size: 3/5
[2025-12-02 02:40:41] 📥 RECEIVED FEEDBACK | Customer: CUST_005017 | Bought: True
[2025-12-02 02:40:41] Buffer size: 4/5
[2025-12-02 02:40:41] 📥 RECEIVED FEEDBACK | Customer: CUST_003105 | Bought: True
[2025-12-02 02:40:41] Buffer size: 5/5
[2025-12-02 02:40:41] 
============================================================
[2025-12-02 02:40:41] 🔄 Processing batch of 5 feedback points
[2025-12-02 02:40:41] ============================================================
[2025-12-02 02:40:41] ✓ POSITIVE | Customer: CUST_003180 | Cluster: 7 | Score: -3.68 | Update #801
[2025-12-02 02:40:41] ✓ POSITIVE | Customer: CUST_011042 | Cluster: 6 | Score: 7.09 | Update #802
[2025-12-02 02:40:41] ✓ POSITIVE | Customer: CUST_003113 | Cluster: 2 | Score: -2.44 | Update #803
[2025-12-02 02:40:41] ✓ POSITIVE | Customer: CUST_005017 | Cluster: 4 | Score: 0.57 | Update #804
[2025-12-02 02:40:41] ✓ POSITIVE | Customer: CUST_003105 | Cluster: 10 | Score: -3.94 | Update #805
[2025-12-02 02:40:41] 
💾 Saving model after 805 updates...
[2025-12-02 02:40:41] ✓ Model saved to /home/crazy_warlord/TargettedCalling/Persistence/model_car.json
[2025-12-02 02:40:41] ✓ Current state: Components=11, Positive=565, Negative=240

[2025-12-02 02:40:41] ✓ Batch complete: 5 updates, 0 errors
[2025-12-02 02:40:41] 📥 RECEIVED FEEDBACK | Customer: CUST_009720 | Bought: True
[2025-12-02 02:40:41] Buffer size: 1/5
[2025-12-02 02:40:41] 📥 RECEIVED FEEDBACK | Customer: CUST_005006 | Bought: True
[2025-12-02 02:40:41] Buffer size: 2/5
[2025-12-02 02:40:41] 📥 RECEIVED FEEDBACK | Customer: CUST_009720 | Bought: True
[2025-12-02 02:40:41] Buffer size: 3/5
[2025-12-02 02:40:41] 📥 RECEIVED FEEDBACK | Customer: CUST_011042 | Bought: False
[2025-12-02 02:40:41] Buffer size: 4/5
[2025-12-02 02:40:41] 📥 RECEIVED FEEDBACK | Customer: CUST_003180 | Bought: True
[2025-12-02 02:40:41] Buffer size: 5/5
[2025-12-02 02:40:41] 
============================================================
[2025-12-02 02:40:41] 🔄 Processing batch of 5 feedback points
[2025-12-02 02:40:41] ============================================================
[2025-12-02 02:40:41] ✓ POSITIVE | Customer: CUST_009720 | Cluster: 9 | Score: 0.10 | Update #806
[2025-12-02 02:40:41] ✓ POSITIVE | Customer: CUST_005006 | Cluster: 6 | Score: 7.36 | Update #807
[2025-12-02 02:40:41] ✓ POSITIVE | Customer: CUST_009720 | Cluster: 9 | Score: 2.17 | Update #808
[2025-12-02 02:40:41] ✗ NEGATIVE | Customer: CUST_011042 | Cluster: 6 | Score: 7.59 | Update #809
[2025-12-02 02:40:42] ✓ POSITIVE | Customer: CUST_003180 | Cluster: 7 | Score: -3.68 | Update #810
[2025-12-02 02:40:42] 
💾 Saving model after 810 updates...
[2025-12-02 02:40:42] ✓ Model saved to /home/crazy_warlord/TargettedCalling/Persistence/model_car.json
[2025-12-02 02:40:42] ✓ Current state: Components=11, Positive=569, Negative=241

[2025-12-02 02:40:42] ✓ Batch complete: 5 updates, 0 errors
[2025-12-02 02:40:42] 📥 RECEIVED FEEDBACK | Customer: CUST_005057 | Bought: False
[2025-12-02 02:40:42] Buffer size: 1/5
[2025-12-02 02:40:42] 📥 RECEIVED FEEDBACK | Customer: CUST_005057 | Bought: False
[2025-12-02 02:40:42] Buffer size: 2/5
[2025-12-02 02:40:42] 📥 RECEIVED FEEDBACK | Customer: CUST_009693 | Bought: True
[2025-12-02 02:40:42] Buffer size: 3/5
[2025-12-02 02:40:42] 📥 RECEIVED FEEDBACK | Customer: CUST_004993 | Bought: True
[2025-12-02 02:40:42] Buffer size: 4/5
[2025-12-02 02:40:42] 📥 RECEIVED FEEDBACK | Customer: CUST_003180 | Bought: True
[2025-12-02 02:40:42] Buffer size: 5/5
[2025-12-02 02:40:42] 
============================================================
[2025-12-02 02:40:42] 🔄 Processing batch of 5 feedback points
[2025-12-02 02:40:42] ============================================================
[2025-12-02 02:40:42] ✗ NEGATIVE | Customer: CUST_005057 | Cluster: 0 | Score: -1.49 | Update #811
[2025-12-02 02:40:42] ✗ NEGATIVE | Customer: CUST_005057 | Cluster: 0 | Score: -1.49 | Update #812
[2025-12-02 02:40:42] ✓ POSITIVE | Customer: CUST_009693 | Cluster: 7 | Score: 1.21 | Update #813
[2025-12-02 02:40:42] ✓ POSITIVE | Customer: CUST_004993 | Cluster: 2 | Score: 3.34 | Update #814
[2025-12-02 02:40:42] ✓ POSITIVE | Customer: CUST_003180 | Cluster: 7 | Score: -4.10 | Update #815
[2025-12-02 02:40:42] 
💾 Saving model after 815 updates...
[2025-12-02 02:40:42] ✓ Model saved to /home/crazy_warlord/TargettedCalling/Persistence/model_car.json
[2025-12-02 02:40:42] ✓ Current state: Components=11, Positive=572, Negative=243

[2025-12-02 02:40:42] ✓ Batch complete: 5 updates, 0 errors
[2025-12-02 02:40:43] 📥 RECEIVED FEEDBACK | Customer: CUST_005002 | Bought: False
[2025-12-02 02:40:43] Buffer size: 1/5
[2025-12-02 02:40:43] 📥 RECEIVED FEEDBACK | Customer: CUST_003443 | Bought: True
[2025-12-02 02:40:43] Buffer size: 2/5
[2025-12-02 02:40:43] 📥 RECEIVED FEEDBACK | Customer: CUST_009985 | Bought: False
[2025-12-02 02:40:43] Buffer size: 3/5
[2025-12-02 02:40:43] 📥 RECEIVED FEEDBACK | Customer: CUST_003443 | Bought: False
[2025-12-02 02:40:43] Buffer size: 4/5
[2025-12-02 02:40:43] 📥 RECEIVED FEEDBACK | Customer: CUST_003441 | Bought: False
[2025-12-02 02:40:43] Buffer size: 5/5
[2025-12-02 02:40:43] 
============================================================
[2025-12-02 02:40:43] 🔄 Processing batch of 5 feedback points
[2025-12-02 02:40:43] ============================================================
[2025-12-02 02:40:43] ✗ NEGATIVE | Customer: CUST_005002 | Cluster: 0 | Score: -0.44 | Update #816
[2025-12-02 02:40:43] ✓ POSITIVE | Customer: CUST_003443 | Cluster: 3 | Score: -0.69 | Update #817
[2025-12-02 02:40:43] ✗ NEGATIVE | Customer: CUST_009985 | Cluster: 9 | Score: -4.26 | Update #818
[2025-12-02 02:40:43] ✗ NEGATIVE | Customer: CUST_003443 | Cluster: 3 | Score: -0.69 | Update #819
[2025-12-02 02:40:43] ✗ NEGATIVE | Customer: CUST_003441 | Cluster: 4 | Score: 1.09 | Update #820
[2025-12-02 02:40:43] 
💾 Saving model after 820 updates...
[2025-12-02 02:40:43] ✓ Model saved to /home/crazy_warlord/TargettedCalling/Persistence/model_car.json
[2025-12-02 02:40:43] ✓ Current state: Components=11, Positive=573, Negative=247

[2025-12-02 02:40:43] ✓ Batch complete: 5 updates, 0 errors
[2025-12-02 02:40:43] 📥 RECEIVED FEEDBACK | Customer: CUST_005005 | Bought: True
[2025-12-02 02:40:43] Buffer size: 1/5
[2025-12-02 02:40:43] 📥 RECEIVED FEEDBACK | Customer: CUST_003443 | Bought: True
[2025-12-02 02:40:43] Buffer size: 2/5
[2025-12-02 02:40:43] 📥 RECEIVED FEEDBACK | Customer: CUST_010866 | Bought: False
[2025-12-02 02:40:43] Buffer size: 3/5
[2025-12-02 02:40:43] 📥 RECEIVED FEEDBACK | Customer: CUST_005002 | Bought: True
[2025-12-02 02:40:43] Buffer size: 4/5
[2025-12-02 02:40:43] 📥 RECEIVED FEEDBACK | Customer: CUST_003441 | Bought: True
[2025-12-02 02:40:43] Buffer size: 5/5
[2025-12-02 02:40:43] 
============================================================
[2025-12-02 02:40:43] 🔄 Processing batch of 5 feedback points
[2025-12-02 02:40:43] ============================================================
[2025-12-02 02:40:43] ✓ POSITIVE | Customer: CUST_005005 | Cluster: 9 | Score: 3.70 | Update #821
[2025-12-02 02:40:43] ✓ POSITIVE | Customer: CUST_003443 | Cluster: 3 | Score: -0.69 | Update #822
[2025-12-02 02:40:43] ✗ NEGATIVE | Customer: CUST_010866 | Cluster: 7 | Score: 1.38 | Update #823
[2025-12-02 02:40:43] ✓ POSITIVE | Customer: CUST_005002 | Cluster: 0 | Score: -0.44 | Update #824
[2025-12-02 02:40:43] ✓ POSITIVE | Customer: CUST_003441 | Cluster: 4 | Score: 1.09 | Update #825
[2025-12-02 02:40:43] 
💾 Saving model after 825 updates...
[2025-12-02 02:40:43] ✓ Model saved to /home/crazy_warlord/TargettedCalling/Persistence/model_car.json
[2025-12-02 02:40:43] ✓ Current state: Components=11, Positive=577, Negative=248

[2025-12-02 02:40:43] ✓ Batch complete: 5 updates, 0 errors
[2025-12-02 02:40:43] 📥 RECEIVED FEEDBACK | Customer: CUST_003441 | Bought: True
[2025-12-02 02:40:43] Buffer size: 1/5
[2025-12-02 02:40:43] 📥 RECEIVED FEEDBACK | Customer: CUST_010035 | Bought: True
[2025-12-02 02:40:43] Buffer size: 2/5
[2025-12-02 02:40:43] 📥 RECEIVED FEEDBACK | Customer: CUST_009985 | Bought: False
[2025-12-02 02:40:43] Buffer size: 3/5
[2025-12-02 02:40:43] 📥 RECEIVED FEEDBACK | Customer: CUST_003431 | Bought: False
[2025-12-02 02:40:43] Buffer size: 4/5
[2025-12-02 02:40:43] 📥 RECEIVED FEEDBACK | Customer: CUST_003431 | Bought: True
[2025-12-02 02:40:43] Buffer size: 5/5
[2025-12-02 02:40:43] 
============================================================
[2025-12-02 02:40:43] 🔄 Processing batch of 5 feedback points
[2025-12-02 02:40:43] ============================================================
[2025-12-02 02:40:43] ✓ POSITIVE | Customer: CUST_003441 | Cluster: 4 | Score: 1.81 | Update #826
[2025-12-02 02:40:43] ✓ POSITIVE | Customer: CUST_010035 | Cluster: 9 | Score: -1.84 | Update #827
[2025-12-02 02:40:44] ✗ NEGATIVE | Customer: CUST_009985 | Cluster: 9 | Score: -4.72 | Update #828
[2025-12-02 02:40:44] ✗ NEGATIVE | Customer: CUST_003431 | Cluster: 3 | Score: 4.02 | Update #829
[2025-12-02 02:40:44] ✓ POSITIVE | Customer: CUST_003431 | Cluster: 3 | Score: 4.02 | Update #830
[2025-12-02 02:40:44] 
💾 Saving model after 830 updates...
[2025-12-02 02:40:44] ✓ Model saved to /home/crazy_warlord/TargettedCalling/Persistence/model_car.json
[2025-12-02 02:40:44] ✓ Current state: Components=11, Positive=580, Negative=250

[2025-12-02 02:40:44] ✓ Batch complete: 5 updates, 0 errors
[2025-12-02 02:40:44] 📥 RECEIVED FEEDBACK | Customer: CUST_010866 | Bought: True
[2025-12-02 02:40:44] Buffer size: 1/5
[2025-12-02 02:40:44] 📥 RECEIVED FEEDBACK | Customer: CUST_005006 | Bought: False
[2025-12-02 02:40:44] Buffer size: 2/5
[2025-12-02 02:40:44] 📥 RECEIVED FEEDBACK | Customer: CUST_009985 | Bought: True
[2025-12-02 02:40:44] Buffer size: 3/5
[2025-12-02 02:40:44] 📥 RECEIVED FEEDBACK | Customer: CUST_005017 | Bought: True
[2025-12-02 02:40:44] Buffer size: 4/5
[2025-12-02 02:40:44] 📥 RECEIVED FEEDBACK | Customer: CUST_000826 | Bought: True
[2025-12-02 02:40:44] Buffer size: 5/5
[2025-12-02 02:40:44] 
============================================================
[2025-12-02 02:40:44] 🔄 Processing batch of 5 feedback points
[2025-12-02 02:40:44] ============================================================
[2025-12-02 02:40:44] ✓ POSITIVE | Customer: CUST_010866 | Cluster: 7 | Score: 1.38 | Update #831
[2025-12-02 02:40:44] ✗ NEGATIVE | Customer: CUST_005006 | Cluster: 6 | Score: 7.82 | Update #832
[2025-12-02 02:40:44] ✓ POSITIVE | Customer: CUST_009985 | Cluster: 9 | Score: -4.72 | Update #833
[2025-12-02 02:40:44] ✓ POSITIVE | Customer: CUST_005017 | Cluster: 4 | Score: 1.35 | Update #834
[2025-12-02 02:40:44] ✓ POSITIVE | Customer: CUST_000826 | Cluster: 10 | Score: -6.84 | Update #835
[2025-12-02 02:40:44] 
💾 Saving model after 835 updates...
[2025-12-02 02:40:44] ✓ Model saved to /home/crazy_warlord/TargettedCalling/Persistence/model_car.json
[2025-12-02 02:40:44] ✓ Current state: Components=11, Positive=584, Negative=251

[2025-12-02 02:40:44] ✓ Batch complete: 5 updates, 0 errors
[2025-12-02 02:40:44] 📥 RECEIVED FEEDBACK | Customer: CUST_010894 | Bought: True
[2025-12-02 02:40:44] Buffer size: 1/5
[2025-12-02 02:40:44] 📥 RECEIVED FEEDBACK | Customer: CUST_000826 | Bought: False
[2025-12-02 02:40:44] Buffer size: 2/5
[2025-12-02 02:40:44] 📥 RECEIVED FEEDBACK | Customer: CUST_009985 | Bought: True
[2025-12-02 02:40:44] Buffer size: 3/5
[2025-12-02 02:40:44] 📥 RECEIVED FEEDBACK | Customer: CUST_010894 | Bought: True
[2025-12-02 02:40:44] Buffer size: 4/5
[2025-12-02 02:40:44] 📥 RECEIVED FEEDBACK | Customer: CUST_004655 | Bought: False
[2025-12-02 02:40:44] Buffer size: 5/5
[2025-12-02 02:40:44] 
============================================================
[2025-12-02 02:40:44] 🔄 Processing batch of 5 feedback points
[2025-12-02 02:40:44] ============================================================
[2025-12-02 02:40:44] ✓ POSITIVE | Customer: CUST_010894 | Cluster: 9 | Score: -9.04 | Update #836
[2025-12-02 02:40:44] ✗ NEGATIVE | Customer: CUST_000826 | Cluster: 10 | Score: -3.91 | Update #837
[2025-12-02 02:40:44] ✓ POSITIVE | Customer: CUST_009985 | Cluster: 9 | Score: -4.72 | Update #838
[2025-12-02 02:40:44] ✓ POSITIVE | Customer: CUST_010894 | Cluster: 9 | Score: -9.04 | Update #839
[2025-12-02 02:40:44] ✗ NEGATIVE | Customer: CUST_004655 | Cluster: 9 | Score: 0.50 | Update #840
[2025-12-02 02:40:44] 
💾 Saving model after 840 updates...
[2025-12-02 02:40:44] ✓ Model saved to /home/crazy_warlord/TargettedCalling/Persistence/model_car.json
[2025-12-02 02:40:44] ✓ Current state: Components=11, Positive=587, Negative=253

[2025-12-02 02:40:44] ✓ Batch complete: 5 updates, 0 errors
[2025-12-02 02:40:44] 📥 RECEIVED FEEDBACK | Customer: CUST_005005 | Bought: False
[2025-12-02 02:40:44] Buffer size: 1/5
[2025-12-02 02:40:44] 📥 RECEIVED FEEDBACK | Customer: CUST_000147 | Bought: False
[2025-12-02 02:40:44] Buffer size: 2/5
[2025-12-02 02:40:44] 📥 RECEIVED FEEDBACK | Customer: CUST_003433 | Bought: False
[2025-12-02 02:40:44] Buffer size: 3/5
[2025-12-02 02:40:44] 📥 RECEIVED FEEDBACK | Customer: CUST_005006 | Bought: True
[2025-12-02 02:40:44] Buffer size: 4/5
[2025-12-02 02:40:44] 📥 RECEIVED FEEDBACK | Customer: CUST_010035 | Bought: True
[2025-12-02 02:40:44] Buffer size: 5/5
[2025-12-02 02:40:44] 
============================================================
[2025-12-02 02:40:44] 🔄 Processing batch of 5 feedback points
[2025-12-02 02:40:44] ============================================================
[2025-12-02 02:40:44] ✗ NEGATIVE | Customer: CUST_005005 | Cluster: 9 | Score: 4.20 | Update #841
[2025-12-02 02:40:44] ✗ NEGATIVE | Customer: CUST_000147 | Cluster: 10 | Score: -13.74 | Update #842
[2025-12-02 02:40:44] ✗ NEGATIVE | Customer: CUST_003433 | Cluster: 2 | Score: 3.15 | Update #843
[2025-12-02 02:40:44] ✓ POSITIVE | Customer: CUST_005006 | Cluster: 6 | Score: 7.82 | Update #844
[2025-12-02 02:40:45] ✓ POSITIVE | Customer: CUST_010035 | Cluster: 9 | Score: -1.84 | Update #845
[2025-12-02 02:40:45] 
💾 Saving model after 845 updates...
[2025-12-02 02:40:45] ✓ Model saved to /home/crazy_warlord/TargettedCalling/Persistence/model_car.json
[2025-12-02 02:40:45] ✓ Current state: Components=11, Positive=589, Negative=256

[2025-12-02 02:40:45] ✓ Batch complete: 5 updates, 0 errors
[2025-12-02 02:40:45] 📥 RECEIVED FEEDBACK | Customer: CUST_004655 | Bought: False
[2025-12-02 02:40:45] Buffer size: 1/5
[2025-12-02 02:40:45] 📥 RECEIVED FEEDBACK | Customer: CUST_003443 | Bought: True
[2025-12-02 02:40:45] Buffer size: 2/5
[2025-12-02 02:40:45] 📥 RECEIVED FEEDBACK | Customer: CUST_003431 | Bought: True
[2025-12-02 02:40:45] Buffer size: 3/5
[2025-12-02 02:40:45] 📥 RECEIVED FEEDBACK | Customer: CUST_003433 | Bought: True
[2025-12-02 02:40:45] Buffer size: 4/5
[2025-12-02 02:40:45] 📥 RECEIVED FEEDBACK | Customer: CUST_003431 | Bought: False
[2025-12-02 02:40:45] Buffer size: 5/5
[2025-12-02 02:40:45] 
============================================================
[2025-12-02 02:40:45] 🔄 Processing batch of 5 feedback points
[2025-12-02 02:40:45] ============================================================
[2025-12-02 02:40:45] ✗ NEGATIVE | Customer: CUST_004655 | Cluster: 9 | Score: 0.50 | Update #846
[2025-12-02 02:40:45] ✓ POSITIVE | Customer: CUST_003443 | Cluster: 3 | Score: -0.36 | Update #847
[2025-12-02 02:40:45] ✓ POSITIVE | Customer: CUST_003431 | Cluster: 3 | Score: 5.46 | Update #848
[2025-12-02 02:40:45] ✓ POSITIVE | Customer: CUST_003433 | Cluster: 2 | Score: 3.15 | Update #849
[2025-12-02 02:40:45] ✗ NEGATIVE | Customer: CUST_003431 | Cluster: 3 | Score: 6.40 | Update #850
[2025-12-02 02:40:45] 
💾 Saving model after 850 updates...
[2025-12-02 02:40:45] ✓ Model saved to /home/crazy_warlord/TargettedCalling/Persistence/model_car.json
[2025-12-02 02:40:45] ✓ Current state: Components=11, Positive=592, Negative=258

[2025-12-02 02:40:45] ✓ Batch complete: 5 updates, 0 errors
[2025-12-02 02:40:45] 📥 RECEIVED FEEDBACK | Customer: CUST_000147 | Bought: False
[2025-12-02 02:40:45] Buffer size: 1/5
[2025-12-02 02:40:45] 📥 RECEIVED FEEDBACK | Customer: CUST_000147 | Bought: True
[2025-12-02 02:40:45] Buffer size: 2/5
[2025-12-02 02:40:45] 📥 RECEIVED FEEDBACK | Customer: CUST_003441 | Bought: False
[2025-12-02 02:40:45] Buffer size: 3/5
[2025-12-02 02:40:45] 📥 RECEIVED FEEDBACK | Customer: CUST_005017 | Bought: False
[2025-12-02 02:40:45] Buffer size: 4/5
[2025-12-02 02:40:45] 📥 RECEIVED FEEDBACK | Customer: CUST_000147 | Bought: True
[2025-12-02 02:40:45] Buffer size: 5/5
[2025-12-02 02:40:45] 
============================================================
[2025-12-02 02:40:45] 🔄 Processing batch of 5 feedback points
[2025-12-02 02:40:45] ============================================================
[2025-12-02 02:40:45] ✗ NEGATIVE | Customer: CUST_000147 | Cluster: 10 | Score: -13.74 | Update #851
[2025-12-02 02:40:45] ✓ POSITIVE | Customer: CUST_000147 | Cluster: 10 | Score: -13.74 | Update #852
[2025-12-02 02:40:45] ✗ NEGATIVE | Customer: CUST_003441 | Cluster: 4 | Score: 2.28 | Update #853
[2025-12-02 02:40:45] ✗ NEGATIVE | Customer: CUST_005017 | Cluster: 4 | Score: 2.03 | Update #854
[2025-12-02 02:40:45] ✓ POSITIVE | Customer: CUST_000147 | Cluster: 10 | Score: -13.74 | Update #855
[2025-12-02 02:40:45] 
💾 Saving model after 855 updates...
[2025-12-02 02:40:45] ✓ Model saved to /home/crazy_warlord/TargettedCalling/Persistence/model_car.json
[2025-12-02 02:40:45] ✓ Current state: Components=11, Positive=594, Negative=261

[2025-12-02 02:40:45] ✓ Batch complete: 5 updates, 0 errors
[2025-12-02 02:40:45] 📥 RECEIVED FEEDBACK | Customer: CUST_004655 | Bought: True
[2025-12-02 02:40:45] Buffer size: 1/5
[2025-12-02 02:40:45] 📥 RECEIVED FEEDBACK | Customer: CUST_004655 | Bought: False
[2025-12-02 02:40:45] Buffer size: 2/5
