[2025-12-07 11:57:32] Loading model from /home/crazy_warlord/TargettedCalling/Persistence/model_car.json...
[2025-12-07 11:57:32] ✓ Model loaded (Load #1). Components: 8
[2025-12-07 11:57:32] ═══════════════════════════════════════════════
[2025-12-07 11:57:32]     CAR LOAN PREDICTION NODE (PATHWAY)        
[2025-12-07 11:57:32] ═══════════════════════════════════════════════
[2025-12-07 11:57:32] Input Topic:  leads.checkCarLoan
[2025-12-07 11:57:32] Output Topic: leads.callCarLoan
[2025-12-07 11:57:32] Model Path:   /home/crazy_warlord/TargettedCalling/Persistence/model_car.json
[2025-12-07 11:57:32] Log File:     /home/crazy_warlord/TargettedCalling/carLoanPredictor/prediction_node.log
[2025-12-07 11:57:32] Batch Config: Reload every 100 predictions
[2025-12-07 11:57:32] ═══════════════════════════════════════════════

[2025-12-07 11:57:32] ✓ Listening for car loan leads on 'leads.checkCarLoan'...
[2025-12-07 11:57:32] ✓ Publishing ALL predictions (qualified + rejected) to 'leads.callCarLoan'...
[2025-12-07 11:57:32] ✓ STREAMING TO: leads.callCarLoan
[2025-12-07 11:57:32] 
✓ Car Loan Prediction Node is running.

[2025-12-07 11:58:08] ✗ PREDICTED NO | Customer: CUST_000390 | Cluster: 2 | Score: -125.51 | Total Predicted No: 1
[2025-12-07 11:58:08] ✗ PREDICTED NO | Customer: CUST_000390 | Cluster: 2 | Score: -125.51 | Total Predicted No: 2
[2025-12-07 11:58:08] ✗ PREDICTED NO | Customer: CUST_000390 | Cluster: 2 | Score: -134.80 | Total Predicted No: 3
[2025-12-07 11:58:08] ✗ PREDICTED NO | Customer: CUST_000390 | Cluster: 2 | Score: -109.59 | Total Predicted No: 4
[2025-12-07 11:58:08] ✗ PREDICTED NO | Customer: CUST_000391 | Cluster: 3 | Score: -43.99 | Total Predicted No: 5
[2025-12-07 11:58:08] ✗ PREDICTED NO | Customer: CUST_000390 | Cluster: 2 | Score: -109.59 | Total Predicted No: 6
[2025-12-07 11:58:08] ✗ PREDICTED NO | Customer: CUST_000391 | Cluster: 3 | Score: -152.36 | Total Predicted No: 7
[2025-12-07 11:58:08] ✗ PREDICTED NO | Customer: CUST_000390 | Cluster: 2 | Score: -137.62 | Total Predicted No: 8
[2025-12-07 11:58:08] ✗ PREDICTED NO | Customer: CUST_000390 | Cluster: 2 | Score: -158.59 | Total Predicted No: 9
[2025-12-07 11:58:08] ✗ PREDICTED NO | Customer: CUST_000390 | Cluster: 2 | Score: -158.59 | Total Predicted No: 10
[2025-12-07 11:58:08] ✗ PREDICTED NO | Customer: CUST_000391 | Cluster: 3 | Score: -133.29 | Total Predicted No: 11
[2025-12-07 11:58:08] ✗ PREDICTED NO | Customer: CUST_000391 | Cluster: 3 | Score: -43.99 | Total Predicted No: 12
[2025-12-07 11:58:08] ✗ PREDICTED NO | Customer: CUST_000390 | Cluster: 2 | Score: -137.62 | Total Predicted No: 13
[2025-12-07 11:58:08] ✗ PREDICTED NO | Customer: CUST_000391 | Cluster: 3 | Score: -152.36 | Total Predicted No: 14
[2025-12-07 11:58:09] ✗ PREDICTED NO | Customer: CUST_000391 | Cluster: 2 | Score: -393.76 | Total Predicted No: 15
[2025-12-07 11:58:09] ✗ PREDICTED NO | Customer: CUST_000391 | Cluster: 2 | Score: -663.11 | Total Predicted No: 16
[2025-12-07 11:58:10] ✗ PREDICTED NO | Customer: CUST_000391 | Cluster: 2 | Score: -548.50 | Total Predicted No: 17
[2025-12-07 11:58:10] ✗ PREDICTED NO | Customer: CUST_000391 | Cluster: 3 | Score: -133.29 | Total Predicted No: 18
[2025-12-07 11:58:10] ✗ PREDICTED NO | Customer: CUST_000391 | Cluster: 2 | Score: -663.11 | Total Predicted No: 19
[2025-12-07 11:58:10] ✗ PREDICTED NO | Customer: CUST_000391 | Cluster: 2 | Score: -548.50 | Total Predicted No: 20
[2025-12-07 11:58:10] ✗ PREDICTED NO | Customer: CUST_000391 | Cluster: 2 | Score: -579.14 | Total Predicted No: 21
[2025-12-07 11:58:10] ✗ PREDICTED NO | Customer: CUST_000391 | Cluster: 2 | Score: -393.76 | Total Predicted No: 22
[2025-12-07 11:58:14] ✗ PREDICTED NO | Customer: CUST_000424 | Cluster: 2 | Score: -94.43 | Total Predicted No: 23
[2025-12-07 11:58:14] ✗ PREDICTED NO | Customer: CUST_000420 | Cluster: 4 | Score: -1007.24 | Total Predicted No: 24
[2025-12-07 11:58:14] ✗ PREDICTED NO | Customer: CUST_000424 | Cluster: 2 | Score: -206.71 | Total Predicted No: 25
[2025-12-07 11:58:14] ✗ PREDICTED NO | Customer: CUST_000424 | Cluster: 7 | Score: -101.99 | Total Predicted No: 26
[2025-12-07 11:58:14] ✗ PREDICTED NO | Customer: CUST_000420 | Cluster: 4 | Score: -819.69 | Total Predicted No: 27
[2025-12-07 11:58:14] ✗ PREDICTED NO | Customer: CUST_000420 | Cluster: 4 | Score: -557.61 | Total Predicted No: 28
[2025-12-07 11:58:14] ✗ PREDICTED NO | Customer: CUST_000420 | Cluster: 4 | Score: -2121.67 | Total Predicted No: 29
[2025-12-07 11:58:14] ✗ PREDICTED NO | Customer: CUST_000424 | Cluster: 2 | Score: -206.71 | Total Predicted No: 30
[2025-12-07 11:58:14] ✗ PREDICTED NO | Customer: CUST_000420 | Cluster: 4 | Score: -1445.71 | Total Predicted No: 31
[2025-12-07 11:58:14] ✗ PREDICTED NO | Customer: CUST_000420 | Cluster: 4 | Score: -1445.71 | Total Predicted No: 32
[2025-12-07 11:58:14] ✗ PREDICTED NO | Customer: CUST_000424 | Cluster: 2 | Score: -184.43 | Total Predicted No: 33
[2025-12-07 11:58:14] ✗ PREDICTED NO | Customer: CUST_000420 | Cluster: 4 | Score: -1590.45 | Total Predicted No: 34
[2025-12-07 11:58:14] ✗ PREDICTED NO | Customer: CUST_000420 | Cluster: 4 | Score: -2121.67 | Total Predicted No: 35
[2025-12-07 11:58:14] ✗ PREDICTED NO | Customer: CUST_000424 | Cluster: 7 | Score: -101.99 | Total Predicted No: 36
[2025-12-07 11:58:14] ✗ PREDICTED NO | Customer: CUST_000424 | Cluster: 2 | Score: -94.43 | Total Predicted No: 37
[2025-12-07 11:58:14] ✗ PREDICTED NO | Customer: CUST_000420 | Cluster: 4 | Score: -819.69 | Total Predicted No: 38
[2025-12-07 11:58:14] ✗ PREDICTED NO | Customer: CUST_000420 | Cluster: 4 | Score: -1590.45 | Total Predicted No: 39
[2025-12-07 11:58:14] ✗ PREDICTED NO | Customer: CUST_000424 | Cluster: 6 | Score: -42.45 | Total Predicted No: 40
[2025-12-07 11:58:14] ✗ PREDICTED NO | Customer: CUST_000420 | Cluster: 4 | Score: -305.97 | Total Predicted No: 41
[2025-12-07 11:58:15] ✗ PREDICTED NO | Customer: CUST_000420 | Cluster: 4 | Score: -1007.24 | Total Predicted No: 42
[2025-12-07 11:58:15] ✗ PREDICTED NO | Customer: CUST_000424 | Cluster: 2 | Score: -245.88 | Total Predicted No: 43
[2025-12-07 11:58:15] ✗ PREDICTED NO | Customer: CUST_000420 | Cluster: 4 | Score: -557.61 | Total Predicted No: 44
[2025-12-07 11:58:15] ✗ PREDICTED NO | Customer: CUST_000424 | Cluster: 1 | Score: -34.81 | Total Predicted No: 45
[2025-12-07 11:58:15] ✗ PREDICTED NO | Customer: CUST_000424 | Cluster: 2 | Score: -184.43 | Total Predicted No: 46
[2025-12-07 11:58:15] ✗ PREDICTED NO | Customer: CUST_000420 | Cluster: 4 | Score: -305.97 | Total Predicted No: 47
[2025-12-07 11:58:15] ✗ PREDICTED NO | Customer: CUST_000420 | Cluster: 4 | Score: -604.73 | Total Predicted No: 48
[2025-12-07 11:58:15] ✗ PREDICTED NO | Customer: CUST_000420 | Cluster: 4 | Score: -604.73 | Total Predicted No: 49
[2025-12-07 11:58:15] ✗ PREDICTED NO | Customer: CUST_000420 | Cluster: 4 | Score: -2450.42 | Total Predicted No: 50
[2025-12-07 11:58:15] ✗ PREDICTED NO | Customer: CUST_000424 | Cluster: 6 | Score: -42.45 | Total Predicted No: 51
[2025-12-07 11:58:15] ✗ PREDICTED NO | Customer: CUST_000424 | Cluster: 1 | Score: -34.81 | Total Predicted No: 52
[2025-12-07 11:58:15] ✗ PREDICTED NO | Customer: CUST_000424 | Cluster: 2 | Score: -270.32 | Total Predicted No: 53
[2025-12-07 11:58:15] ✗ PREDICTED NO | Customer: CUST_000424 | Cluster: 2 | Score: -273.34 | Total Predicted No: 54
[2025-12-07 11:58:15] ✗ PREDICTED NO | Customer: CUST_000424 | Cluster: 2 | Score: -245.88 | Total Predicted No: 55
[2025-12-07 11:58:16] ✗ PREDICTED NO | Customer: CUST_000424 | Cluster: 2 | Score: -270.32 | Total Predicted No: 56
[2025-12-07 11:58:27] ✗ PREDICTED NO | Customer: CUST_000532 | Cluster: 2 | Score: -772.51 | Total Predicted No: 57
[2025-12-07 11:58:27] ✗ PREDICTED NO | Customer: CUST_000532 | Cluster: 2 | Score: -39.37 | Total Predicted No: 58
[2025-12-07 11:58:28] ✗ PREDICTED NO | Customer: CUST_000532 | Cluster: 2 | Score: -464.35 | Total Predicted No: 59
[2025-12-07 11:58:28] ✗ PREDICTED NO | Customer: CUST_000532 | Cluster: 2 | Score: -772.51 | Total Predicted No: 60
[2025-12-07 11:58:28] ✗ PREDICTED NO | Customer: CUST_000532 | Cluster: 2 | Score: -134.32 | Total Predicted No: 61
[2025-12-07 11:58:28] ✗ PREDICTED NO | Customer: CUST_000532 | Cluster: 2 | Score: -811.52 | Total Predicted No: 62
[2025-12-07 11:58:28] ✗ PREDICTED NO | Customer: CUST_000532 | Cluster: 2 | Score: -811.52 | Total Predicted No: 63
[2025-12-07 11:58:28] ✗ PREDICTED NO | Customer: CUST_000532 | Cluster: 2 | Score: -134.32 | Total Predicted No: 64
[2025-12-07 11:58:28] ✗ PREDICTED NO | Customer: CUST_000532 | Cluster: 2 | Score: -464.35 | Total Predicted No: 65
[2025-12-07 11:58:28] ✗ PREDICTED NO | Customer: CUST_000532 | Cluster: 2 | Score: -821.97 | Total Predicted No: 66
[2025-12-07 11:58:28] ✗ PREDICTED NO | Customer: CUST_000532 | Cluster: 2 | Score: -139.33 | Total Predicted No: 67
[2025-12-07 11:58:28] ✗ PREDICTED NO | Customer: CUST_000532 | Cluster: 2 | Score: -139.33 | Total Predicted No: 68
[2025-12-07 11:58:28] ✗ PREDICTED NO | Customer: CUST_000532 | Cluster: 2 | Score: -39.37 | Total Predicted No: 69
[2025-12-07 11:58:35] ✗ PREDICTED NO | Customer: CUST_000571 | Cluster: 4 | Score: -240.44 | Total Predicted No: 70
[2025-12-07 11:58:35] ✓ PREDICTED YES | Customer: CUST_000571 | Cluster: 0 | Score: 2.87 | Exemplars: ['CUST_000013', 'CUST_000015', 'CUST_000041', 'CUST_000048', 'CUST_000051', 'CUST_000063'] | Total Predicted Yes: 1
[2025-12-07 11:58:35] ✓ PREDICTED YES | Customer: CUST_000571 | Cluster: 0 | Score: 2.87 | Exemplars: ['CUST_000013', 'CUST_000015', 'CUST_000041', 'CUST_000048', 'CUST_000051', 'CUST_000063'] | Total Predicted Yes: 2
[2025-12-07 11:58:35] ✗ PREDICTED NO | Customer: CUST_000571 | Cluster: 4 | Score: -123.57 | Total Predicted No: 71
[2025-12-07 11:58:35] ✗ PREDICTED NO | Customer: CUST_000571 | Cluster: 4 | Score: -313.09 | Total Predicted No: 72
[2025-12-07 11:58:35] ✗ PREDICTED NO | Customer: CUST_000571 | Cluster: 4 | Score: -507.35 | Total Predicted No: 73
[2025-12-07 11:58:35] ✗ PREDICTED NO | Customer: CUST_000571 | Cluster: 4 | Score: -690.69 | Total Predicted No: 74
[2025-12-07 11:58:35] ✗ PREDICTED NO | Customer: CUST_000571 | Cluster: 4 | Score: -797.01 | Total Predicted No: 75
[2025-12-07 11:58:35] ✗ PREDICTED NO | Customer: CUST_000571 | Cluster: 4 | Score: -313.09 | Total Predicted No: 76
[2025-12-07 11:58:35] ✗ PREDICTED NO | Customer: CUST_000571 | Cluster: 4 | Score: -507.35 | Total Predicted No: 77
[2025-12-07 11:58:35] ✗ PREDICTED NO | Customer: CUST_000571 | Cluster: 4 | Score: -240.44 | Total Predicted No: 78
[2025-12-07 11:58:35] ✗ PREDICTED NO | Customer: CUST_000571 | Cluster: 4 | Score: -123.57 | Total Predicted No: 79
[2025-12-07 11:58:35] ✗ PREDICTED NO | Customer: CUST_000571 | Cluster: 4 | Score: -690.69 | Total Predicted No: 80
[2025-12-07 11:58:36] ✗ PREDICTED NO | Customer: CUST_000571 | Cluster: 4 | Score: -897.66 | Total Predicted No: 81
[2025-12-07 11:58:36] ✗ PREDICTED NO | Customer: CUST_000571 | Cluster: 4 | Score: -897.66 | Total Predicted No: 82
[2025-12-07 11:58:36] ✗ PREDICTED NO | Customer: CUST_000571 | Cluster: 4 | Score: -797.01 | Total Predicted No: 83
[2025-12-07 11:58:37] ✗ PREDICTED NO | Customer: CUST_000571 | Cluster: 4 | Score: -2158.75 | Total Predicted No: 84
[2025-12-07 11:58:39] ✗ PREDICTED NO | Customer: CUST_000584 | Cluster: 2 | Score: -163.04 | Total Predicted No: 85
[2025-12-07 11:58:39] ✗ PREDICTED NO | Customer: CUST_000584 | Cluster: 1 | Score: -53.75 | Total Predicted No: 86
[2025-12-07 11:58:39] ✗ PREDICTED NO | Customer: CUST_000584 | Cluster: 2 | Score: -225.10 | Total Predicted No: 87
[2025-12-07 11:58:40] ✗ PREDICTED NO | Customer: CUST_000584 | Cluster: 1 | Score: -45.50 | Total Predicted No: 88
[2025-12-07 11:58:40] ✗ PREDICTED NO | Customer: CUST_000584 | Cluster: 2 | Score: -225.10 | Total Predicted No: 89
[2025-12-07 11:58:40] ✗ PREDICTED NO | Customer: CUST_000584 | Cluster: 1 | Score: -13.98 | Total Predicted No: 90
[2025-12-07 11:58:40] ✗ PREDICTED NO | Customer: CUST_000584 | Cluster: 1 | Score: -13.98 | Total Predicted No: 91
[2025-12-07 11:58:40] ✗ PREDICTED NO | Customer: CUST_000584 | Cluster: 1 | Score: -45.50 | Total Predicted No: 92
[2025-12-07 11:58:40] ✗ PREDICTED NO | Customer: CUST_000584 | Cluster: 1 | Score: -53.75 | Total Predicted No: 93
[2025-12-07 11:58:40] ✗ PREDICTED NO | Customer: CUST_000584 | Cluster: 2 | Score: -183.62 | Total Predicted No: 94
[2025-12-07 11:58:40] ✗ PREDICTED NO | Customer: CUST_000584 | Cluster: 2 | Score: -163.04 | Total Predicted No: 95
[2025-12-07 11:58:40] ✗ PREDICTED NO | Customer: CUST_000584 | Cluster: 2 | Score: -190.86 | Total Predicted No: 96
[2025-12-07 11:58:40] ✗ PREDICTED NO | Customer: CUST_000584 | Cluster: 1 | Score: -63.94 | Total Predicted No: 97
[2025-12-07 11:58:40] ✗ PREDICTED NO | Customer: CUST_000584 | Cluster: 1 | Score: -63.94 | Total Predicted No: 98
[2025-12-07 11:58:40] ⟳ Reloading model after 100 predictions...
[2025-12-07 11:58:40] Loading model from /home/crazy_warlord/TargettedCalling/Persistence/model_car.json...
[2025-12-07 11:58:40] ✓ Model loaded (Load #2). Components: 8
[2025-12-07 11:58:40] ✗ PREDICTED NO | Customer: CUST_000584 | Cluster: 1 | Score: -168.95 | Total Predicted No: 99
[2025-12-07 11:58:40] ✗ PREDICTED NO | Customer: CUST_000584 | Cluster: 1 | Score: -226.80 | Total Predicted No: 100
[2025-12-07 11:58:40] ✗ PREDICTED NO | Customer: CUST_000584 | Cluster: 1 | Score: -168.95 | Total Predicted No: 101
[2025-12-07 11:58:44] ✗ PREDICTED NO | Customer: CUST_000632 | Cluster: 3 | Score: -22.83 | Total Predicted No: 102
[2025-12-07 11:58:44] ✗ PREDICTED NO | Customer: CUST_000632 | Cluster: 3 | Score: -78.86 | Total Predicted No: 103
[2025-12-07 11:58:44] ✗ PREDICTED NO | Customer: CUST_000632 | Cluster: 3 | Score: -286.51 | Total Predicted No: 104
[2025-12-07 11:58:44] ✗ PREDICTED NO | Customer: CUST_000632 | Cluster: 3 | Score: -78.86 | Total Predicted No: 105
[2025-12-07 11:58:44] ✗ PREDICTED NO | Customer: CUST_000632 | Cluster: 3 | Score: -22.83 | Total Predicted No: 106
[2025-12-07 11:58:44] ✗ PREDICTED NO | Customer: CUST_000632 | Cluster: 3 | Score: -18.64 | Total Predicted No: 107
[2025-12-07 11:58:44] ✗ PREDICTED NO | Customer: CUST_000632 | Cluster: 3 | Score: -18.64 | Total Predicted No: 108
[2025-12-07 11:58:45] ✓ PREDICTED YES | Customer: CUST_000637 | Cluster: 5 | Score: -1.18 | Exemplars: ['CUST_000011', 'CUST_000016', 'CUST_000022', 'CUST_000024', 'CUST_000026', 'CUST_000027'] | Total Predicted Yes: 3
[2025-12-07 11:58:46] ✗ PREDICTED NO | Customer: CUST_000637 | Cluster: 1 | Score: -8.78 | Total Predicted No: 109
[2025-12-07 11:58:46] ✗ PREDICTED NO | Customer: CUST_000637 | Cluster: 1 | Score: -106.55 | Total Predicted No: 110
[2025-12-07 11:58:46] ✗ PREDICTED NO | Customer: CUST_000637 | Cluster: 1 | Score: -15.30 | Total Predicted No: 111
[2025-12-07 11:58:46] ✗ PREDICTED NO | Customer: CUST_000632 | Cluster: 3 | Score: -460.14 | Total Predicted No: 112
[2025-12-07 11:58:46] ✗ PREDICTED NO | Customer: CUST_000637 | Cluster: 1 | Score: -11.44 | Total Predicted No: 113
[2025-12-07 11:58:46] ✗ PREDICTED NO | Customer: CUST_000637 | Cluster: 1 | Score: -11.44 | Total Predicted No: 114
[2025-12-07 11:58:46] ✗ PREDICTED NO | Customer: CUST_000632 | Cluster: 3 | Score: -305.34 | Total Predicted No: 115
[2025-12-07 11:58:46] ✗ PREDICTED NO | Customer: CUST_000637 | Cluster: 1 | Score: -8.78 | Total Predicted No: 116
[2025-12-07 11:58:46] ✗ PREDICTED NO | Customer: CUST_000632 | Cluster: 3 | Score: -286.51 | Total Predicted No: 117
[2025-12-07 11:58:46] ✗ PREDICTED NO | Customer: CUST_000632 | Cluster: 3 | Score: -305.34 | Total Predicted No: 118
[2025-12-07 11:58:46] ✗ PREDICTED NO | Customer: CUST_000637 | Cluster: 1 | Score: -15.30 | Total Predicted No: 119
[2025-12-07 11:58:46] ✓ PREDICTED YES | Customer: CUST_000637 | Cluster: 5 | Score: -1.18 | Exemplars: ['CUST_000011', 'CUST_000016', 'CUST_000022', 'CUST_000024', 'CUST_000026', 'CUST_000027'] | Total Predicted Yes: 4
[2025-12-07 11:58:47] ✗ PREDICTED NO | Customer: CUST_000637 | Cluster: 1 | Score: -172.86 | Total Predicted No: 120
[2025-12-07 11:58:47] ✗ PREDICTED NO | Customer: CUST_000637 | Cluster: 1 | Score: -78.46 | Total Predicted No: 121
[2025-12-07 11:58:47] ✗ PREDICTED NO | Customer: CUST_000637 | Cluster: 1 | Score: -148.56 | Total Predicted No: 122
[2025-12-07 11:58:47] ✗ PREDICTED NO | Customer: CUST_000637 | Cluster: 1 | Score: -148.56 | Total Predicted No: 123
[2025-12-07 11:58:47] ✗ PREDICTED NO | Customer: CUST_000637 | Cluster: 1 | Score: -172.86 | Total Predicted No: 124
[2025-12-07 11:58:47] ✗ PREDICTED NO | Customer: CUST_000637 | Cluster: 1 | Score: -106.55 | Total Predicted No: 125
[2025-12-07 11:58:47] ✗ PREDICTED NO | Customer: CUST_000637 | Cluster: 1 | Score: -136.49 | Total Predicted No: 126
[2025-12-07 11:58:47] ✗ PREDICTED NO | Customer: CUST_000637 | Cluster: 1 | Score: -78.46 | Total Predicted No: 127
[2025-12-07 11:59:00] ✗ PREDICTED NO | Customer: CUST_000720 | Cluster: 2 | Score: -723.02 | Total Predicted No: 128
[2025-12-07 11:59:00] ✗ PREDICTED NO | Customer: CUST_000720 | Cluster: 2 | Score: -234.77 | Total Predicted No: 129
[2025-12-07 11:59:00] ✗ PREDICTED NO | Customer: CUST_000720 | Cluster: 2 | Score: -1158.36 | Total Predicted No: 130
[2025-12-07 11:59:01] ✗ PREDICTED NO | Customer: CUST_000720 | Cluster: 2 | Score: -234.77 | Total Predicted No: 131
[2025-12-07 11:59:01] ✗ PREDICTED NO | Customer: CUST_000720 | Cluster: 2 | Score: -723.02 | Total Predicted No: 132
[2025-12-07 11:59:01] ✗ PREDICTED NO | Customer: CUST_000720 | Cluster: 2 | Score: -267.89 | Total Predicted No: 133
[2025-12-07 11:59:01] ✗ PREDICTED NO | Customer: CUST_000720 | Cluster: 2 | Score: -83.10 | Total Predicted No: 134
[2025-12-07 11:59:01] ✗ PREDICTED NO | Customer: CUST_000720 | Cluster: 2 | Score: -77.73 | Total Predicted No: 135
[2025-12-07 11:59:01] ✗ PREDICTED NO | Customer: CUST_000720 | Cluster: 2 | Score: -77.73 | Total Predicted No: 136
[2025-12-07 11:59:01] ✗ PREDICTED NO | Customer: CUST_000720 | Cluster: 2 | Score: -1158.36 | Total Predicted No: 137
[2025-12-07 11:59:01] ✗ PREDICTED NO | Customer: CUST_000720 | Cluster: 2 | Score: -83.10 | Total Predicted No: 138
[2025-12-07 11:59:01] ✗ PREDICTED NO | Customer: CUST_000720 | Cluster: 2 | Score: -1141.23 | Total Predicted No: 139
[2025-12-07 11:59:01] ✗ PREDICTED NO | Customer: CUST_000720 | Cluster: 2 | Score: -267.89 | Total Predicted No: 140
[2025-12-07 11:59:01] ✗ PREDICTED NO | Customer: CUST_000720 | Cluster: 2 | Score: -1201.16 | Total Predicted No: 141
[2025-12-07 11:59:01] ✗ PREDICTED NO | Customer: CUST_000720 | Cluster: 2 | Score: -1201.16 | Total Predicted No: 142
[2025-12-07 11:59:15] ✗ PREDICTED NO | Customer: CUST_000825 | Cluster: 3 | Score: -310.55 | Total Predicted No: 143
[2025-12-07 11:59:15] ✗ PREDICTED NO | Customer: CUST_000825 | Cluster: 3 | Score: -37.87 | Total Predicted No: 144
[2025-12-07 11:59:15] ✗ PREDICTED NO | Customer: CUST_000825 | Cluster: 3 | Score: -370.94 | Total Predicted No: 145
[2025-12-07 11:59:16] ✗ PREDICTED NO | Customer: CUST_000825 | Cluster: 3 | Score: -556.90 | Total Predicted No: 146
[2025-12-07 11:59:16] ✗ PREDICTED NO | Customer: CUST_000825 | Cluster: 3 | Score: -310.55 | Total Predicted No: 147
[2025-12-07 11:59:16] ✗ PREDICTED NO | Customer: CUST_000825 | Cluster: 3 | Score: -32.33 | Total Predicted No: 148
[2025-12-07 11:59:16] ✗ PREDICTED NO | Customer: CUST_000825 | Cluster: 3 | Score: -556.90 | Total Predicted No: 149
[2025-12-07 11:59:16] ✗ PREDICTED NO | Customer: CUST_000825 | Cluster: 3 | Score: -508.69 | Total Predicted No: 150
[2025-12-07 11:59:16] ✗ PREDICTED NO | Customer: CUST_000825 | Cluster: 3 | Score: -37.87 | Total Predicted No: 151
[2025-12-07 11:59:16] ✗ PREDICTED NO | Customer: CUST_000825 | Cluster: 3 | Score: -575.60 | Total Predicted No: 152
[2025-12-07 11:59:16] ✗ PREDICTED NO | Customer: CUST_000825 | Cluster: 3 | Score: -32.33 | Total Predicted No: 153
[2025-12-07 11:59:16] ✗ PREDICTED NO | Customer: CUST_000825 | Cluster: 3 | Score: -105.36 | Total Predicted No: 154
[2025-12-07 11:59:16] ✗ PREDICTED NO | Customer: CUST_000825 | Cluster: 3 | Score: -370.94 | Total Predicted No: 155
[2025-12-07 11:59:16] ✗ PREDICTED NO | Customer: CUST_000825 | Cluster: 3 | Score: -508.69 | Total Predicted No: 156
[2025-12-07 11:59:16] ✗ PREDICTED NO | Customer: CUST_000825 | Cluster: 3 | Score: -105.36 | Total Predicted No: 157
[2025-12-07 11:59:27] ✗ PREDICTED NO | Customer: CUST_000883 | Cluster: 1 | Score: -75.02 | Total Predicted No: 158
[2025-12-07 11:59:27] ✗ PREDICTED NO | Customer: CUST_000883 | Cluster: 1 | Score: -25.42 | Total Predicted No: 159
[2025-12-07 11:59:27] ✗ PREDICTED NO | Customer: CUST_000883 | Cluster: 1 | Score: -14.79 | Total Predicted No: 160
[2025-12-07 11:59:28] ✗ PREDICTED NO | Customer: CUST_000883 | Cluster: 1 | Score: -131.13 | Total Predicted No: 161
[2025-12-07 11:59:28] ✗ PREDICTED NO | Customer: CUST_000883 | Cluster: 1 | Score: -10.49 | Total Predicted No: 162
[2025-12-07 11:59:28] ✗ PREDICTED NO | Customer: CUST_000883 | Cluster: 1 | Score: -119.85 | Total Predicted No: 163
[2025-12-07 11:59:28] ✓ PREDICTED YES | Customer: CUST_000883 | Cluster: 1 | Score: -5.52 | Exemplars: ['CUST_000002', 'CUST_000003', 'CUST_000004', 'CUST_000014', 'CUST_000029', 'CUST_000038'] | Total Predicted Yes: 5
[2025-12-07 11:59:28] ✗ PREDICTED NO | Customer: CUST_000883 | Cluster: 1 | Score: -119.85 | Total Predicted No: 164
[2025-12-07 11:59:28] ✗ PREDICTED NO | Customer: CUST_000883 | Cluster: 1 | Score: -114.97 | Total Predicted No: 165
[2025-12-07 11:59:28] ✗ PREDICTED NO | Customer: CUST_000883 | Cluster: 1 | Score: -93.47 | Total Predicted No: 166
[2025-12-07 11:59:28] ✗ PREDICTED NO | Customer: CUST_000883 | Cluster: 1 | Score: -25.42 | Total Predicted No: 167
[2025-12-07 11:59:28] ✗ PREDICTED NO | Customer: CUST_000883 | Cluster: 1 | Score: -75.02 | Total Predicted No: 168
[2025-12-07 11:59:28] ✗ PREDICTED NO | Customer: CUST_000883 | Cluster: 1 | Score: -10.49 | Total Predicted No: 169
[2025-12-07 11:59:28] ✗ PREDICTED NO | Customer: CUST_000883 | Cluster: 1 | Score: -131.13 | Total Predicted No: 170
[2025-12-07 11:59:28] ✗ PREDICTED NO | Customer: CUST_000883 | Cluster: 1 | Score: -93.47 | Total Predicted No: 171
[2025-12-07 11:59:28] ✓ PREDICTED YES | Customer: CUST_000883 | Cluster: 1 | Score: -5.52 | Exemplars: ['CUST_000002', 'CUST_000003', 'CUST_000004', 'CUST_000014', 'CUST_000029', 'CUST_000038'] | Total Predicted Yes: 6
[2025-12-07 11:59:28] ✗ PREDICTED NO | Customer: CUST_000883 | Cluster: 1 | Score: -14.79 | Total Predicted No: 172
[2025-12-07 11:59:45] ✗ PREDICTED NO | Customer: CUST_000993 | Cluster: 3 | Score: -388.02 | Total Predicted No: 173
[2025-12-07 11:59:45] ✗ PREDICTED NO | Customer: CUST_000993 | Cluster: 3 | Score: -121.89 | Total Predicted No: 174
[2025-12-07 11:59:45] ✗ PREDICTED NO | Customer: CUST_000993 | Cluster: 3 | Score: -675.71 | Total Predicted No: 175
[2025-12-07 11:59:46] ✗ PREDICTED NO | Customer: CUST_001009 | Cluster: 2 | Score: -59.07 | Total Predicted No: 176
[2025-12-07 11:59:46] ✗ PREDICTED NO | Customer: CUST_000993 | Cluster: 3 | Score: -624.25 | Total Predicted No: 177
[2025-12-07 11:59:46] ✗ PREDICTED NO | Customer: CUST_001009 | Cluster: 2 | Score: -210.09 | Total Predicted No: 178
[2025-12-07 11:59:46] ✗ PREDICTED NO | Customer: CUST_000993 | Cluster: 3 | Score: -143.80 | Total Predicted No: 179
[2025-12-07 11:59:46] ✗ PREDICTED NO | Customer: CUST_000993 | Cluster: 3 | Score: -624.25 | Total Predicted No: 180
[2025-12-07 11:59:46] ✗ PREDICTED NO | Customer: CUST_000993 | Cluster: 3 | Score: -638.34 | Total Predicted No: 181
[2025-12-07 11:59:46] ✗ PREDICTED NO | Customer: CUST_000993 | Cluster: 3 | Score: -121.89 | Total Predicted No: 182
[2025-12-07 11:59:46] ✗ PREDICTED NO | Customer: CUST_000993 | Cluster: 3 | Score: -388.02 | Total Predicted No: 183
[2025-12-07 11:59:46] ✗ PREDICTED NO | Customer: CUST_000993 | Cluster: 3 | Score: -638.34 | Total Predicted No: 184
[2025-12-07 11:59:46] ✗ PREDICTED NO | Customer: CUST_001009 | Cluster: 2 | Score: -50.96 | Total Predicted No: 185
[2025-12-07 11:59:46] ✗ PREDICTED NO | Customer: CUST_001009 | Cluster: 2 | Score: -59.07 | Total Predicted No: 186
[2025-12-07 11:59:46] ✗ PREDICTED NO | Customer: CUST_000993 | Cluster: 3 | Score: -143.80 | Total Predicted No: 187
[2025-12-07 11:59:46] ✗ PREDICTED NO | Customer: CUST_000993 | Cluster: 3 | Score: -138.06 | Total Predicted No: 188
[2025-12-07 11:59:46] ✗ PREDICTED NO | Customer: CUST_001009 | Cluster: 2 | Score: -50.96 | Total Predicted No: 189
[2025-12-07 11:59:46] ✗ PREDICTED NO | Customer: CUST_000993 | Cluster: 3 | Score: -138.06 | Total Predicted No: 190
[2025-12-07 11:59:47] ✗ PREDICTED NO | Customer: CUST_001014 | Cluster: 2 | Score: -1218.22 | Total Predicted No: 191
[2025-12-07 11:59:47] ✗ PREDICTED NO | Customer: CUST_001014 | Cluster: 2 | Score: -736.64 | Total Predicted No: 192
[2025-12-07 11:59:47] ✗ PREDICTED NO | Customer: CUST_001014 | Cluster: 2 | Score: -72.36 | Total Predicted No: 193
[2025-12-07 11:59:47] ✗ PREDICTED NO | Customer: CUST_001014 | Cluster: 2 | Score: -805.73 | Total Predicted No: 194
[2025-12-07 11:59:47] ⟳ Reloading model after 200 predictions...
[2025-12-07 11:59:47] Loading model from /home/crazy_warlord/TargettedCalling/Persistence/model_car.json...
[2025-12-07 11:59:47] ✓ Model loaded (Load #3). Components: 8
[2025-12-07 11:59:47] ✗ PREDICTED NO | Customer: CUST_001014 | Cluster: 2 | Score: -1218.22 | Total Predicted No: 195
[2025-12-07 11:59:47] ✗ PREDICTED NO | Customer: CUST_001014 | Cluster: 2 | Score: -62.02 | Total Predicted No: 196
[2025-12-07 11:59:47] ✗ PREDICTED NO | Customer: CUST_001014 | Cluster: 2 | Score: -72.36 | Total Predicted No: 197
[2025-12-07 11:59:47] ✗ PREDICTED NO | Customer: CUST_001014 | Cluster: 2 | Score: -226.71 | Total Predicted No: 198
[2025-12-07 11:59:47] ✗ PREDICTED NO | Customer: CUST_001009 | Cluster: 3 | Score: -867.97 | Total Predicted No: 199
[2025-12-07 11:59:47] ✗ PREDICTED NO | Customer: CUST_001014 | Cluster: 2 | Score: -1217.54 | Total Predicted No: 200
[2025-12-07 11:59:47] ✗ PREDICTED NO | Customer: CUST_001009 | Cluster: 3 | Score: -867.97 | Total Predicted No: 201
[2025-12-07 11:59:47] ✗ PREDICTED NO | Customer: CUST_001009 | Cluster: 3 | Score: -845.60 | Total Predicted No: 202
[2025-12-07 11:59:47] ✗ PREDICTED NO | Customer: CUST_001009 | Cluster: 3 | Score: -629.69 | Total Predicted No: 203
[2025-12-07 11:59:47] ✗ PREDICTED NO | Customer: CUST_001014 | Cluster: 2 | Score: -226.71 | Total Predicted No: 204
[2025-12-07 11:59:47] ✗ PREDICTED NO | Customer: CUST_001009 | Cluster: 2 | Score: -198.24 | Total Predicted No: 205
[2025-12-07 11:59:47] ✗ PREDICTED NO | Customer: CUST_001009 | Cluster: 2 | Score: -210.09 | Total Predicted No: 206
[2025-12-07 11:59:47] ✗ PREDICTED NO | Customer: CUST_001014 | Cluster: 2 | Score: -736.64 | Total Predicted No: 207
[2025-12-07 11:59:47] ✗ PREDICTED NO | Customer: CUST_001009 | Cluster: 3 | Score: -629.69 | Total Predicted No: 208
[2025-12-07 11:59:48] ✗ PREDICTED NO | Customer: CUST_001009 | Cluster: 2 | Score: -198.24 | Total Predicted No: 209
[2025-12-07 11:59:48] ✗ PREDICTED NO | Customer: CUST_001014 | Cluster: 2 | Score: -62.02 | Total Predicted No: 210
[2025-12-07 11:59:48] ✗ PREDICTED NO | Customer: CUST_001014 | Cluster: 2 | Score: -805.73 | Total Predicted No: 211
[2025-12-07 11:59:50] ✗ PREDICTED NO | Customer: CUST_001041 | Cluster: 1 | Score: -62.57 | Total Predicted No: 212
[2025-12-07 11:59:50] ✗ PREDICTED NO | Customer: CUST_001041 | Cluster: 1 | Score: -62.57 | Total Predicted No: 213
[2025-12-07 11:59:50] ✗ PREDICTED NO | Customer: CUST_001041 | Cluster: 1 | Score: -230.08 | Total Predicted No: 214
[2025-12-07 11:59:50] ✗ PREDICTED NO | Customer: CUST_001041 | Cluster: 1 | Score: -24.87 | Total Predicted No: 215
[2025-12-07 11:59:50] ✗ PREDICTED NO | Customer: CUST_001041 | Cluster: 1 | Score: -246.63 | Total Predicted No: 216
[2025-12-07 11:59:50] ✗ PREDICTED NO | Customer: CUST_001041 | Cluster: 1 | Score: -18.55 | Total Predicted No: 217
[2025-12-07 11:59:50] ✗ PREDICTED NO | Customer: CUST_001041 | Cluster: 1 | Score: -18.55 | Total Predicted No: 218
[2025-12-07 11:59:50] ✗ PREDICTED NO | Customer: CUST_001041 | Cluster: 1 | Score: -230.08 | Total Predicted No: 219
[2025-12-07 11:59:50] ✗ PREDICTED NO | Customer: CUST_001041 | Cluster: 1 | Score: -24.87 | Total Predicted No: 220
[2025-12-07 11:59:50] ✗ PREDICTED NO | Customer: CUST_001041 | Cluster: 1 | Score: -165.04 | Total Predicted No: 221
[2025-12-07 11:59:50] ✗ PREDICTED NO | Customer: CUST_001041 | Cluster: 1 | Score: -165.04 | Total Predicted No: 222
[2025-12-07 11:59:51] ✗ PREDICTED NO | Customer: CUST_001041 | Cluster: 1 | Score: -246.63 | Total Predicted No: 223
[2025-12-07 11:59:51] ✗ PREDICTED NO | Customer: CUST_001041 | Cluster: 1 | Score: -223.87 | Total Predicted No: 224
[2025-12-07 11:59:51] ✗ PREDICTED NO | Customer: CUST_001041 | Cluster: 1 | Score: -232.33 | Total Predicted No: 225
[2025-12-07 11:59:52] ✗ PREDICTED NO | Customer: CUST_001041 | Cluster: 1 | Score: -232.33 | Total Predicted No: 226
[2025-12-07 11:59:53] ✗ PREDICTED NO | Customer: CUST_001066 | Cluster: 4 | Score: -62.20 | Total Predicted No: 227
[2025-12-07 11:59:53] ✗ PREDICTED NO | Customer: CUST_001066 | Cluster: 4 | Score: -104.31 | Total Predicted No: 228
[2025-12-07 11:59:53] ✗ PREDICTED NO | Customer: CUST_001066 | Cluster: 4 | Score: -235.04 | Total Predicted No: 229
[2025-12-07 11:59:53] ✗ PREDICTED NO | Customer: CUST_001066 | Cluster: 4 | Score: -294.60 | Total Predicted No: 230
[2025-12-07 11:59:53] ✗ PREDICTED NO | Customer: CUST_001066 | Cluster: 4 | Score: -235.04 | Total Predicted No: 231
[2025-12-07 11:59:53] ✗ PREDICTED NO | Customer: CUST_001066 | Cluster: 4 | Score: -244.84 | Total Predicted No: 232
[2025-12-07 11:59:53] ✗ PREDICTED NO | Customer: CUST_001066 | Cluster: 4 | Score: -491.43 | Total Predicted No: 233
[2025-12-07 11:59:53] ✗ PREDICTED NO | Customer: CUST_001066 | Cluster: 4 | Score: -62.20 | Total Predicted No: 234
[2025-12-07 11:59:53] ✗ PREDICTED NO | Customer: CUST_001066 | Cluster: 4 | Score: -244.84 | Total Predicted No: 235
[2025-12-07 11:59:53] ✗ PREDICTED NO | Customer: CUST_001066 | Cluster: 4 | Score: -294.60 | Total Predicted No: 236
[2025-12-07 11:59:53] ✗ PREDICTED NO | Customer: CUST_001066 | Cluster: 4 | Score: -104.31 | Total Predicted No: 237
[2025-12-07 11:59:54] ✗ PREDICTED NO | Customer: CUST_001066 | Cluster: 4 | Score: -1503.77 | Total Predicted No: 238
[2025-12-07 11:59:54] ✗ PREDICTED NO | Customer: CUST_001067 | Cluster: 3 | Score: -309.85 | Total Predicted No: 239
[2025-12-07 11:59:55] ✗ PREDICTED NO | Customer: CUST_001067 | Cluster: 3 | Score: -256.89 | Total Predicted No: 240
[2025-12-07 11:59:55] ✗ PREDICTED NO | Customer: CUST_001066 | Cluster: 4 | Score: -1913.31 | Total Predicted No: 241
[2025-12-07 11:59:55] ✗ PREDICTED NO | Customer: CUST_001066 | Cluster: 4 | Score: -491.43 | Total Predicted No: 242
[2025-12-07 11:59:55] ✗ PREDICTED NO | Customer: CUST_001067 | Cluster: 3 | Score: -404.99 | Total Predicted No: 243
[2025-12-07 11:59:55] ✗ PREDICTED NO | Customer: CUST_001067 | Cluster: 3 | Score: -25.82 | Total Predicted No: 244
[2025-12-07 11:59:55] ✗ PREDICTED NO | Customer: CUST_001067 | Cluster: 3 | Score: -32.30 | Total Predicted No: 245
[2025-12-07 11:59:55] ✗ PREDICTED NO | Customer: CUST_001067 | Cluster: 3 | Score: -90.64 | Total Predicted No: 246
[2025-12-07 11:59:55] ✗ PREDICTED NO | Customer: CUST_001067 | Cluster: 3 | Score: -22.66 | Total Predicted No: 247
[2025-12-07 11:59:55] ✗ PREDICTED NO | Customer: CUST_001067 | Cluster: 3 | Score: -90.64 | Total Predicted No: 248
[2025-12-07 11:59:55] ✗ PREDICTED NO | Customer: CUST_001067 | Cluster: 3 | Score: -22.66 | Total Predicted No: 249
[2025-12-07 11:59:55] ✗ PREDICTED NO | Customer: CUST_001067 | Cluster: 3 | Score: -256.89 | Total Predicted No: 250
[2025-12-07 11:59:55] ✗ PREDICTED NO | Customer: CUST_001067 | Cluster: 3 | Score: -32.30 | Total Predicted No: 251
[2025-12-07 11:59:55] ✗ PREDICTED NO | Customer: CUST_001066 | Cluster: 4 | Score: -1503.77 | Total Predicted No: 252
[2025-12-07 11:59:55] ✗ PREDICTED NO | Customer: CUST_001067 | Cluster: 3 | Score: -404.99 | Total Predicted No: 253
[2025-12-07 11:59:55] ✗ PREDICTED NO | Customer: CUST_001067 | Cluster: 3 | Score: -384.33 | Total Predicted No: 254
[2025-12-07 11:59:55] ✗ PREDICTED NO | Customer: CUST_001067 | Cluster: 3 | Score: -309.85 | Total Predicted No: 255
[2025-12-07 11:59:55] ✗ PREDICTED NO | Customer: CUST_001067 | Cluster: 3 | Score: -25.82 | Total Predicted No: 256
[2025-12-07 12:00:02] ✗ PREDICTED NO | Customer: CUST_001123 | Cluster: 3 | Score: -96.37 | Total Predicted No: 257
[2025-12-07 12:00:02] ✗ PREDICTED NO | Customer: CUST_001123 | Cluster: 3 | Score: -25.94 | Total Predicted No: 258
[2025-12-07 12:00:02] ✗ PREDICTED NO | Customer: CUST_001123 | Cluster: 3 | Score: -25.94 | Total Predicted No: 259
[2025-12-07 12:00:02] ✗ PREDICTED NO | Customer: CUST_001123 | Cluster: 3 | Score: -96.37 | Total Predicted No: 260
[2025-12-07 12:00:02] ✗ PREDICTED NO | Customer: CUST_001123 | Cluster: 3 | Score: -503.48 | Total Predicted No: 261
[2025-12-07 12:00:02] ✗ PREDICTED NO | Customer: CUST_001123 | Cluster: 3 | Score: -494.46 | Total Predicted No: 262
[2025-12-07 12:00:02] ✗ PREDICTED NO | Customer: CUST_001123 | Cluster: 3 | Score: -336.68 | Total Predicted No: 263
[2025-12-07 12:00:02] ✗ PREDICTED NO | Customer: CUST_001123 | Cluster: 3 | Score: -491.59 | Total Predicted No: 264
[2025-12-07 12:00:02] ✗ PREDICTED NO | Customer: CUST_001123 | Cluster: 3 | Score: -336.68 | Total Predicted No: 265
[2025-12-07 12:00:02] ✗ PREDICTED NO | Customer: CUST_001123 | Cluster: 3 | Score: -503.48 | Total Predicted No: 266
[2025-12-07 12:00:02] ✗ PREDICTED NO | Customer: CUST_001123 | Cluster: 3 | Score: -58.67 | Total Predicted No: 267
[2025-12-07 12:00:02] ✗ PREDICTED NO | Customer: CUST_001123 | Cluster: 3 | Score: -116.19 | Total Predicted No: 268
[2025-12-07 12:00:02] ✗ PREDICTED NO | Customer: CUST_001123 | Cluster: 3 | Score: -116.19 | Total Predicted No: 269
[2025-12-07 12:00:02] ✗ PREDICTED NO | Customer: CUST_001123 | Cluster: 3 | Score: -58.67 | Total Predicted No: 270
[2025-12-07 12:00:02] ✗ PREDICTED NO | Customer: CUST_001123 | Cluster: 3 | Score: -494.46 | Total Predicted No: 271
[2025-12-07 12:00:05] ✗ PREDICTED NO | Customer: CUST_001137 | Cluster: 3 | Score: -264.23 | Total Predicted No: 272
[2025-12-07 12:00:05] ✗ PREDICTED NO | Customer: CUST_001137 | Cluster: 3 | Score: -77.25 | Total Predicted No: 273
[2025-12-07 12:00:05] ✗ PREDICTED NO | Customer: CUST_001137 | Cluster: 3 | Score: -77.25 | Total Predicted No: 274
[2025-12-07 12:00:05] ✗ PREDICTED NO | Customer: CUST_001137 | Cluster: 3 | Score: -24.51 | Total Predicted No: 275
[2025-12-07 12:00:05] ✗ PREDICTED NO | Customer: CUST_001137 | Cluster: 3 | Score: -67.59 | Total Predicted No: 276
[2025-12-07 12:00:05] ✗ PREDICTED NO | Customer: CUST_001137 | Cluster: 3 | Score: -18.84 | Total Predicted No: 277
[2025-12-07 12:00:05] ✗ PREDICTED NO | Customer: CUST_001137 | Cluster: 3 | Score: -18.84 | Total Predicted No: 278
[2025-12-07 12:00:05] ✗ PREDICTED NO | Customer: CUST_001137 | Cluster: 3 | Score: -24.51 | Total Predicted No: 279
[2025-12-07 12:00:05] ✗ PREDICTED NO | Customer: CUST_001137 | Cluster: 3 | Score: -67.59 | Total Predicted No: 280
[2025-12-07 12:00:06] ✗ PREDICTED NO | Customer: CUST_001137 | Cluster: 3 | Score: -422.76 | Total Predicted No: 281
[2025-12-07 12:00:06] ✗ PREDICTED NO | Customer: CUST_001137 | Cluster: 3 | Score: -264.23 | Total Predicted No: 282
[2025-12-07 12:00:06] ✗ PREDICTED NO | Customer: CUST_001137 | Cluster: 3 | Score: -239.41 | Total Predicted No: 283
[2025-12-07 12:00:07] ✗ PREDICTED NO | Customer: CUST_001137 | Cluster: 3 | Score: -422.76 | Total Predicted No: 284
[2025-12-07 12:00:07] ✗ PREDICTED NO | Customer: CUST_001137 | Cluster: 3 | Score: -239.41 | Total Predicted No: 285
[2025-12-07 12:00:07] ✗ PREDICTED NO | Customer: CUST_001137 | Cluster: 3 | Score: -505.87 | Total Predicted No: 286
[2025-12-07 12:00:12] ✗ PREDICTED NO | Customer: CUST_001185 | Cluster: 2 | Score: -435.00 | Total Predicted No: 287
[2025-12-07 12:00:12] ✗ PREDICTED NO | Customer: CUST_001185 | Cluster: 3 | Score: -815.39 | Total Predicted No: 288
[2025-12-07 12:00:12] ✗ PREDICTED NO | Customer: CUST_001185 | Cluster: 2 | Score: -435.00 | Total Predicted No: 289
[2025-12-07 12:00:13] ✗ PREDICTED NO | Customer: CUST_001185 | Cluster: 3 | Score: -846.81 | Total Predicted No: 290
[2025-12-07 12:00:13] ✗ PREDICTED NO | Customer: CUST_001185 | Cluster: 3 | Score: -1139.67 | Total Predicted No: 291
[2025-12-07 12:00:13] ✗ PREDICTED NO | Customer: CUST_001185 | Cluster: 3 | Score: -881.38 | Total Predicted No: 292
[2025-12-07 12:00:13] ✗ PREDICTED NO | Customer: CUST_001185 | Cluster: 2 | Score: -136.72 | Total Predicted No: 293
[2025-12-07 12:00:13] ✗ PREDICTED NO | Customer: CUST_001185 | Cluster: 3 | Score: -846.81 | Total Predicted No: 294
[2025-12-07 12:00:13] ⟳ Reloading model after 300 predictions...
[2025-12-07 12:00:13] Loading model from /home/crazy_warlord/TargettedCalling/Persistence/model_car.json...
[2025-12-07 12:00:13] ✓ Model loaded (Load #4). Components: 8
[2025-12-07 12:00:13] ✗ PREDICTED NO | Customer: CUST_001185 | Cluster: 2 | Score: -136.72 | Total Predicted No: 295
[2025-12-07 12:00:13] ✗ PREDICTED NO | Customer: CUST_001185 | Cluster: 3 | Score: -881.38 | Total Predicted No: 296
[2025-12-07 12:00:13] ✗ PREDICTED NO | Customer: CUST_001185 | Cluster: 3 | Score: -815.39 | Total Predicted No: 297
[2025-12-07 12:00:14] ✗ PREDICTED NO | Customer: CUST_001185 | Cluster: 3 | Score: -1139.67 | Total Predicted No: 298
[2025-12-07 12:00:14] ✗ PREDICTED NO | Customer: CUST_001185 | Cluster: 3 | Score: -1081.73 | Total Predicted No: 299
[2025-12-07 12:00:15] ✗ PREDICTED NO | Customer: CUST_001208 | Cluster: 4 | Score: -306.49 | Total Predicted No: 300
[2025-12-07 12:00:15] ✗ PREDICTED NO | Customer: CUST_001208 | Cluster: 0 | Score: -48.72 | Total Predicted No: 301
[2025-12-07 12:00:16] ✗ PREDICTED NO | Customer: CUST_001208 | Cluster: 4 | Score: -306.49 | Total Predicted No: 302
[2025-12-07 12:00:16] ✗ PREDICTED NO | Customer: CUST_001208 | Cluster: 4 | Score: -813.41 | Total Predicted No: 303
[2025-12-07 12:00:16] ✗ PREDICTED NO | Customer: CUST_001208 | Cluster: 4 | Score: -146.03 | Total Predicted No: 304
[2025-12-07 12:00:16] ✗ PREDICTED NO | Customer: CUST_001208 | Cluster: 0 | Score: -48.72 | Total Predicted No: 305
[2025-12-07 12:00:16] ✗ PREDICTED NO | Customer: CUST_001208 | Cluster: 4 | Score: -146.03 | Total Predicted No: 306
[2025-12-07 12:00:16] ✗ PREDICTED NO | Customer: CUST_001208 | Cluster: 4 | Score: -813.41 | Total Predicted No: 307
[2025-12-07 12:00:16] ✗ PREDICTED NO | Customer: CUST_001208 | Cluster: 4 | Score: -905.23 | Total Predicted No: 308
[2025-12-07 12:00:17] ✗ PREDICTED NO | Customer: CUST_001208 | Cluster: 4 | Score: -2460.82 | Total Predicted No: 309
[2025-12-07 12:00:17] ✗ PREDICTED NO | Customer: CUST_001208 | Cluster: 4 | Score: -3027.53 | Total Predicted No: 310
[2025-12-07 12:00:17] ✗ PREDICTED NO | Customer: CUST_001208 | Cluster: 4 | Score: -1904.24 | Total Predicted No: 311
[2025-12-07 12:00:17] ✗ PREDICTED NO | Customer: CUST_001208 | Cluster: 4 | Score: -3027.53 | Total Predicted No: 312
[2025-12-07 12:00:17] ✗ PREDICTED NO | Customer: CUST_001208 | Cluster: 4 | Score: -1469.94 | Total Predicted No: 313
[2025-12-07 12:00:17] ✗ PREDICTED NO | Customer: CUST_001208 | Cluster: 4 | Score: -905.23 | Total Predicted No: 314
[2025-12-07 12:00:17] ✗ PREDICTED NO | Customer: CUST_001208 | Cluster: 4 | Score: -2460.82 | Total Predicted No: 315
[2025-12-07 12:00:17] ✗ PREDICTED NO | Customer: CUST_001208 | Cluster: 4 | Score: -1904.24 | Total Predicted No: 316
[2025-12-07 12:00:17] ✗ PREDICTED NO | Customer: CUST_001208 | Cluster: 4 | Score: -1469.94 | Total Predicted No: 317
[2025-12-07 12:00:17] ✗ PREDICTED NO | Customer: CUST_001208 | Cluster: 4 | Score: -3082.37 | Total Predicted No: 318
[2025-12-07 12:00:18] ✗ PREDICTED NO | Customer: CUST_001239 | Cluster: 3 | Score: -83.33 | Total Predicted No: 319
[2025-12-07 12:00:18] ✗ PREDICTED NO | Customer: CUST_001239 | Cluster: 3 | Score: -508.07 | Total Predicted No: 320
[2025-12-07 12:00:18] ✗ PREDICTED NO | Customer: CUST_001239 | Cluster: 3 | Score: -83.33 | Total Predicted No: 321
[2025-12-07 12:00:19] ✗ PREDICTED NO | Customer: CUST_001239 | Cluster: 3 | Score: -94.50 | Total Predicted No: 322
[2025-12-07 12:00:19] ✗ PREDICTED NO | Customer: CUST_001239 | Cluster: 3 | Score: -499.43 | Total Predicted No: 323
[2025-12-07 12:00:19] ✗ PREDICTED NO | Customer: CUST_001239 | Cluster: 3 | Score: -21.05 | Total Predicted No: 324
[2025-12-07 12:00:19] ✗ PREDICTED NO | Customer: CUST_001239 | Cluster: 3 | Score: -499.43 | Total Predicted No: 325
[2025-12-07 12:00:19] ✗ PREDICTED NO | Customer: CUST_001239 | Cluster: 3 | Score: -94.50 | Total Predicted No: 326
[2025-12-07 12:00:19] ✗ PREDICTED NO | Customer: CUST_001239 | Cluster: 3 | Score: -21.05 | Total Predicted No: 327
[2025-12-07 12:00:21] ✗ PREDICTED NO | Customer: CUST_001252 | Cluster: 1 | Score: -49.48 | Total Predicted No: 328
[2025-12-07 12:00:21] ✗ PREDICTED NO | Customer: CUST_001252 | Cluster: 1 | Score: -38.80 | Total Predicted No: 329
[2025-12-07 12:00:21] ✗ PREDICTED NO | Customer: CUST_001252 | Cluster: 1 | Score: -289.74 | Total Predicted No: 330
[2025-12-07 12:00:22] ✗ PREDICTED NO | Customer: CUST_001252 | Cluster: 1 | Score: -49.48 | Total Predicted No: 331
[2025-12-07 12:00:22] ✗ PREDICTED NO | Customer: CUST_001252 | Cluster: 3 | Score: -268.68 | Total Predicted No: 332
[2025-12-07 12:00:22] ✗ PREDICTED NO | Customer: CUST_001252 | Cluster: 3 | Score: -284.59 | Total Predicted No: 333
[2025-12-07 12:00:22] ✗ PREDICTED NO | Customer: CUST_001252 | Cluster: 1 | Score: -183.75 | Total Predicted No: 334
[2025-12-07 12:00:22] ✗ PREDICTED NO | Customer: CUST_001252 | Cluster: 1 | Score: -289.74 | Total Predicted No: 335
[2025-12-07 12:00:22] ✗ PREDICTED NO | Customer: CUST_001252 | Cluster: 3 | Score: -284.59 | Total Predicted No: 336
[2025-12-07 12:00:22] ✗ PREDICTED NO | Customer: CUST_001252 | Cluster: 1 | Score: -38.80 | Total Predicted No: 337
[2025-12-07 12:00:22] ✗ PREDICTED NO | Customer: CUST_001252 | Cluster: 1 | Score: -183.75 | Total Predicted No: 338
[2025-12-07 12:00:23] ✗ PREDICTED NO | Customer: CUST_001268 | Cluster: 4 | Score: -39.47 | Total Predicted No: 339
[2025-12-07 12:00:23] ✗ PREDICTED NO | Customer: CUST_001268 | Cluster: 4 | Score: -96.87 | Total Predicted No: 340
[2025-12-07 12:00:23] ✗ PREDICTED NO | Customer: CUST_001268 | Cluster: 4 | Score: -39.47 | Total Predicted No: 341
[2025-12-07 12:00:23] ✗ PREDICTED NO | Customer: CUST_001268 | Cluster: 4 | Score: -139.84 | Total Predicted No: 342
[2025-12-07 12:00:23] ✗ PREDICTED NO | Customer: CUST_001268 | Cluster: 4 | Score: -196.01 | Total Predicted No: 343
[2025-12-07 12:00:23] ✗ PREDICTED NO | Customer: CUST_001268 | Cluster: 4 | Score: -139.84 | Total Predicted No: 344
[2025-12-07 12:00:23] ✗ PREDICTED NO | Customer: CUST_001268 | Cluster: 4 | Score: -96.87 | Total Predicted No: 345
[2025-12-07 12:00:24] ✗ PREDICTED NO | Customer: CUST_001268 | Cluster: 4 | Score: -456.52 | Total Predicted No: 346
[2025-12-07 12:00:24] ✗ PREDICTED NO | Customer: CUST_001268 | Cluster: 4 | Score: -809.94 | Total Predicted No: 347
[2025-12-07 12:00:24] ✗ PREDICTED NO | Customer: CUST_001268 | Cluster: 4 | Score: -196.01 | Total Predicted No: 348
[2025-12-07 12:00:25] ✗ PREDICTED NO | Customer: CUST_001268 | Cluster: 4 | Score: -285.97 | Total Predicted No: 349
[2025-12-07 12:00:25] ✗ PREDICTED NO | Customer: CUST_001268 | Cluster: 4 | Score: -409.81 | Total Predicted No: 350
[2025-12-07 12:00:25] ✗ PREDICTED NO | Customer: CUST_001268 | Cluster: 4 | Score: -409.81 | Total Predicted No: 351
[2025-12-07 12:00:25] ✗ PREDICTED NO | Customer: CUST_001268 | Cluster: 4 | Score: -1451.80 | Total Predicted No: 352
[2025-12-07 12:00:25] ✗ PREDICTED NO | Customer: CUST_001268 | Cluster: 4 | Score: -1073.41 | Total Predicted No: 353
[2025-12-07 12:00:25] ✗ PREDICTED NO | Customer: CUST_001268 | Cluster: 4 | Score: -809.94 | Total Predicted No: 354
[2025-12-07 12:00:25] ✗ PREDICTED NO | Customer: CUST_001268 | Cluster: 4 | Score: -456.52 | Total Predicted No: 355
[2025-12-07 12:00:25] ✗ PREDICTED NO | Customer: CUST_001268 | Cluster: 4 | Score: -285.97 | Total Predicted No: 356
[2025-12-07 12:00:25] ✗ PREDICTED NO | Customer: CUST_001268 | Cluster: 4 | Score: -1073.41 | Total Predicted No: 357
[2025-12-07 12:00:29] ✗ PREDICTED NO | Customer: CUST_001306 | Cluster: 3 | Score: -61.66 | Total Predicted No: 358
[2025-12-07 12:00:29] ✗ PREDICTED NO | Customer: CUST_001306 | Cluster: 3 | Score: -61.66 | Total Predicted No: 359
[2025-12-07 12:00:29] ✗ PREDICTED NO | Customer: CUST_001306 | Cluster: 3 | Score: -31.10 | Total Predicted No: 360
[2025-12-07 12:00:30] ✗ PREDICTED NO | Customer: CUST_001306 | Cluster: 3 | Score: -116.09 | Total Predicted No: 361
[2025-12-07 12:00:30] ✗ PREDICTED NO | Customer: CUST_001306 | Cluster: 3 | Score: -336.70 | Total Predicted No: 362
[2025-12-07 12:00:30] ✗ PREDICTED NO | Customer: CUST_001306 | Cluster: 3 | Score: -116.09 | Total Predicted No: 363
[2025-12-07 12:00:31] ✗ PREDICTED NO | Customer: CUST_001306 | Cluster: 3 | Score: -521.31 | Total Predicted No: 364
[2025-12-07 12:00:31] ✗ PREDICTED NO | Customer: CUST_001306 | Cluster: 3 | Score: -522.14 | Total Predicted No: 365
[2025-12-07 12:00:31] ✗ PREDICTED NO | Customer: CUST_001306 | Cluster: 3 | Score: -31.10 | Total Predicted No: 366
[2025-12-07 12:00:31] ✗ PREDICTED NO | Customer: CUST_001306 | Cluster: 3 | Score: -529.17 | Total Predicted No: 367
[2025-12-07 12:00:31] ✗ PREDICTED NO | Customer: CUST_001306 | Cluster: 3 | Score: -109.40 | Total Predicted No: 368
[2025-12-07 12:00:31] ✗ PREDICTED NO | Customer: CUST_001306 | Cluster: 3 | Score: -336.70 | Total Predicted No: 369
[2025-12-07 12:00:31] ✗ PREDICTED NO | Customer: CUST_001306 | Cluster: 3 | Score: -533.79 | Total Predicted No: 370
[2025-12-07 12:00:31] ✗ PREDICTED NO | Customer: CUST_001306 | Cluster: 3 | Score: -529.17 | Total Predicted No: 371
[2025-12-07 12:00:31] ✗ PREDICTED NO | Customer: CUST_001306 | Cluster: 3 | Score: -521.31 | Total Predicted No: 372
[2025-12-07 12:00:31] ✗ PREDICTED NO | Customer: CUST_001306 | Cluster: 3 | Score: -533.79 | Total Predicted No: 373
[2025-12-07 12:00:31] ✗ PREDICTED NO | Customer: CUST_001306 | Cluster: 3 | Score: -109.40 | Total Predicted No: 374
[2025-12-07 12:00:32] ✗ PREDICTED NO | Customer: CUST_001326 | Cluster: 4 | Score: -76.02 | Total Predicted No: 375
[2025-12-07 12:00:33] ✗ PREDICTED NO | Customer: CUST_001326 | Cluster: 4 | Score: -926.21 | Total Predicted No: 376
[2025-12-07 12:00:33] ✗ PREDICTED NO | Customer: CUST_001326 | Cluster: 4 | Score: -668.49 | Total Predicted No: 377
[2025-12-07 12:00:33] ✗ PREDICTED NO | Customer: CUST_001327 | Cluster: 1 | Score: -36.40 | Total Predicted No: 378
[2025-12-07 12:00:34] ✗ PREDICTED NO | Customer: CUST_001326 | Cluster: 4 | Score: -124.66 | Total Predicted No: 379
[2025-12-07 12:00:34] ✗ PREDICTED NO | Customer: CUST_001326 | Cluster: 4 | Score: -172.67 | Total Predicted No: 380
[2025-12-07 12:00:34] ✗ PREDICTED NO | Customer: CUST_001326 | Cluster: 4 | Score: -124.66 | Total Predicted No: 381
[2025-12-07 12:00:34] ✗ PREDICTED NO | Customer: CUST_001326 | Cluster: 4 | Score: -1709.55 | Total Predicted No: 382
[2025-12-07 12:00:34] ✗ PREDICTED NO | Customer: CUST_001327 | Cluster: 1 | Score: -36.40 | Total Predicted No: 383
[2025-12-07 12:00:34] ✗ PREDICTED NO | Customer: CUST_001326 | Cluster: 4 | Score: -172.67 | Total Predicted No: 384
[2025-12-07 12:00:34] ✗ PREDICTED NO | Customer: CUST_001327 | Cluster: 1 | Score: -64.18 | Total Predicted No: 385
[2025-12-07 12:00:34] ✗ PREDICTED NO | Customer: CUST_001326 | Cluster: 4 | Score: -1039.37 | Total Predicted No: 386
[2025-12-07 12:00:34] ✗ PREDICTED NO | Customer: CUST_001327 | Cluster: 1 | Score: -242.75 | Total Predicted No: 387
[2025-12-07 12:00:34] ✗ PREDICTED NO | Customer: CUST_001326 | Cluster: 4 | Score: -2741.28 | Total Predicted No: 388
[2025-12-07 12:00:34] ✗ PREDICTED NO | Customer: CUST_001327 | Cluster: 1 | Score: -28.26 | Total Predicted No: 389
[2025-12-07 12:00:34] ✗ PREDICTED NO | Customer: CUST_001327 | Cluster: 1 | Score: -80.42 | Total Predicted No: 390
[2025-12-07 12:00:34] ✗ PREDICTED NO | Customer: CUST_001326 | Cluster: 4 | Score: -300.21 | Total Predicted No: 391
[2025-12-07 12:00:34] ✗ PREDICTED NO | Customer: CUST_001327 | Cluster: 1 | Score: -64.18 | Total Predicted No: 392
[2025-12-07 12:00:34] ✗ PREDICTED NO | Customer: CUST_001326 | Cluster: 4 | Score: -919.91 | Total Predicted No: 393
[2025-12-07 12:00:34] ✗ PREDICTED NO | Customer: CUST_001326 | Cluster: 4 | Score: -2036.31 | Total Predicted No: 394
[2025-12-07 12:00:34] ⟳ Reloading model after 400 predictions...
[2025-12-07 12:00:34] Loading model from /home/crazy_warlord/TargettedCalling/Persistence/model_car.json...
[2025-12-07 12:00:34] ✓ Model loaded (Load #5). Components: 8
[2025-12-07 12:00:34] ✗ PREDICTED NO | Customer: CUST_001326 | Cluster: 4 | Score: -1690.06 | Total Predicted No: 395
[2025-12-07 12:00:34] ✗ PREDICTED NO | Customer: CUST_001326 | Cluster: 4 | Score: -1690.06 | Total Predicted No: 396
[2025-12-07 12:00:34] ✗ PREDICTED NO | Customer: CUST_001326 | Cluster: 4 | Score: -919.91 | Total Predicted No: 397
[2025-12-07 12:00:34] ✗ PREDICTED NO | Customer: CUST_001327 | Cluster: 1 | Score: -80.42 | Total Predicted No: 398
[2025-12-07 12:00:34] ✗ PREDICTED NO | Customer: CUST_001326 | Cluster: 4 | Score: -668.49 | Total Predicted No: 399
[2025-12-07 12:00:34] ✗ PREDICTED NO | Customer: CUST_001326 | Cluster: 4 | Score: -1039.37 | Total Predicted No: 400
[2025-12-07 12:00:34] ✗ PREDICTED NO | Customer: CUST_001326 | Cluster: 4 | Score: -300.21 | Total Predicted No: 401
[2025-12-07 12:00:34] ✗ PREDICTED NO | Customer: CUST_001326 | Cluster: 4 | Score: -1709.55 | Total Predicted No: 402
[2025-12-07 12:00:34] ✗ PREDICTED NO | Customer: CUST_001326 | Cluster: 4 | Score: -2036.31 | Total Predicted No: 403
[2025-12-07 12:00:34] ✗ PREDICTED NO | Customer: CUST_001327 | Cluster: 1 | Score: -28.26 | Total Predicted No: 404
[2025-12-07 12:00:34] ✗ PREDICTED NO | Customer: CUST_001326 | Cluster: 4 | Score: -926.21 | Total Predicted No: 405
[2025-12-07 12:00:34] ✗ PREDICTED NO | Customer: CUST_001326 | Cluster: 4 | Score: -76.02 | Total Predicted No: 406
[2025-12-07 12:00:35] ✗ PREDICTED NO | Customer: CUST_001327 | Cluster: 1 | Score: -228.62 | Total Predicted No: 407
[2025-12-07 12:00:35] ✗ PREDICTED NO | Customer: CUST_001327 | Cluster: 1 | Score: -258.94 | Total Predicted No: 408
[2025-12-07 12:00:35] ✗ PREDICTED NO | Customer: CUST_001327 | Cluster: 1 | Score: -151.30 | Total Predicted No: 409
[2025-12-07 12:00:35] ✗ PREDICTED NO | Customer: CUST_001327 | Cluster: 1 | Score: -258.94 | Total Predicted No: 410
[2025-12-07 12:00:35] ✗ PREDICTED NO | Customer: CUST_001327 | Cluster: 1 | Score: -151.30 | Total Predicted No: 411
[2025-12-07 12:00:35] ✗ PREDICTED NO | Customer: CUST_001327 | Cluster: 1 | Score: -242.75 | Total Predicted No: 412
[2025-12-07 12:00:38] ✗ PREDICTED NO | Customer: CUST_001366 | Cluster: 1 | Score: -42.12 | Total Predicted No: 413
[2025-12-07 12:00:38] ✗ PREDICTED NO | Customer: CUST_001366 | Cluster: 1 | Score: -203.31 | Total Predicted No: 414
[2025-12-07 12:00:38] ✗ PREDICTED NO | Customer: CUST_001366 | Cluster: 1 | Score: -119.50 | Total Predicted No: 415
[2025-12-07 12:00:38] ✗ PREDICTED NO | Customer: CUST_001366 | Cluster: 1 | Score: -130.66 | Total Predicted No: 416
[2025-12-07 12:00:38] ✗ PREDICTED NO | Customer: CUST_001366 | Cluster: 1 | Score: -44.83 | Total Predicted No: 417
[2025-12-07 12:00:38] ✗ PREDICTED NO | Customer: CUST_001366 | Cluster: 1 | Score: -44.83 | Total Predicted No: 418
[2025-12-07 12:00:38] ✗ PREDICTED NO | Customer: CUST_001366 | Cluster: 1 | Score: -199.32 | Total Predicted No: 419
[2025-12-07 12:00:38] ✗ PREDICTED NO | Customer: CUST_001366 | Cluster: 1 | Score: -55.91 | Total Predicted No: 420
[2025-12-07 12:00:38] ✗ PREDICTED NO | Customer: CUST_001366 | Cluster: 1 | Score: -55.91 | Total Predicted No: 421
[2025-12-07 12:00:38] ✗ PREDICTED NO | Customer: CUST_001366 | Cluster: 1 | Score: -42.12 | Total Predicted No: 422
[2025-12-07 12:00:38] ✗ PREDICTED NO | Customer: CUST_001366 | Cluster: 1 | Score: -26.00 | Total Predicted No: 423
[2025-12-07 12:00:38] ✗ PREDICTED NO | Customer: CUST_001366 | Cluster: 1 | Score: -191.34 | Total Predicted No: 424
[2025-12-07 12:00:38] ✗ PREDICTED NO | Customer: CUST_001366 | Cluster: 1 | Score: -119.50 | Total Predicted No: 425
[2025-12-07 12:00:38] ✗ PREDICTED NO | Customer: CUST_001366 | Cluster: 1 | Score: -130.66 | Total Predicted No: 426
[2025-12-07 12:00:38] ✗ PREDICTED NO | Customer: CUST_001366 | Cluster: 1 | Score: -203.31 | Total Predicted No: 427
[2025-12-07 12:00:39] ✗ PREDICTED NO | Customer: CUST_001366 | Cluster: 1 | Score: -26.00 | Total Predicted No: 428
[2025-12-07 12:00:39] ✗ PREDICTED NO | Customer: CUST_001366 | Cluster: 1 | Score: -191.34 | Total Predicted No: 429
[2025-12-07 12:01:06] ✗ PREDICTED NO | Customer: CUST_001543 | Cluster: 3 | Score: -66.70 | Total Predicted No: 430
[2025-12-07 12:01:06] ✗ PREDICTED NO | Customer: CUST_001543 | Cluster: 1 | Score: -164.44 | Total Predicted No: 431
[2025-12-07 12:01:06] ✗ PREDICTED NO | Customer: CUST_001543 | Cluster: 3 | Score: -48.59 | Total Predicted No: 432
[2025-12-07 12:01:06] ✗ PREDICTED NO | Customer: CUST_001543 | Cluster: 3 | Score: -48.59 | Total Predicted No: 433
[2025-12-07 12:01:07] ✗ PREDICTED NO | Customer: CUST_001543 | Cluster: 3 | Score: -23.11 | Total Predicted No: 434
[2025-12-07 12:01:07] ✗ PREDICTED NO | Customer: CUST_001543 | Cluster: 3 | Score: -23.11 | Total Predicted No: 435
[2025-12-07 12:01:07] ✗ PREDICTED NO | Customer: CUST_001543 | Cluster: 3 | Score: -66.70 | Total Predicted No: 436
[2025-12-07 12:01:08] ✗ PREDICTED NO | Customer: CUST_001543 | Cluster: 1 | Score: -274.44 | Total Predicted No: 437
[2025-12-07 12:01:08] ✗ PREDICTED NO | Customer: CUST_001543 | Cluster: 1 | Score: -155.84 | Total Predicted No: 438
[2025-12-07 12:01:08] ✗ PREDICTED NO | Customer: CUST_001543 | Cluster: 1 | Score: -274.44 | Total Predicted No: 439
[2025-12-07 12:01:08] ✗ PREDICTED NO | Customer: CUST_001543 | Cluster: 3 | Score: -271.12 | Total Predicted No: 440
[2025-12-07 12:01:08] ✗ PREDICTED NO | Customer: CUST_001543 | Cluster: 1 | Score: -155.84 | Total Predicted No: 441
[2025-12-07 12:01:08] ✗ PREDICTED NO | Customer: CUST_001543 | Cluster: 1 | Score: -164.44 | Total Predicted No: 442
[2025-12-07 12:01:14] ✗ PREDICTED NO | Customer: CUST_001620 | Cluster: 1 | Score: -132.90 | Total Predicted No: 443
[2025-12-07 12:01:14] ✗ PREDICTED NO | Customer: CUST_001620 | Cluster: 3 | Score: -83.00 | Total Predicted No: 444
[2025-12-07 12:01:14] ✗ PREDICTED NO | Customer: CUST_001620 | Cluster: 3 | Score: -39.37 | Total Predicted No: 445
[2025-12-07 12:01:14] ✗ PREDICTED NO | Customer: CUST_001620 | Cluster: 1 | Score: -188.18 | Total Predicted No: 446
[2025-12-07 12:01:14] ✗ PREDICTED NO | Customer: CUST_001620 | Cluster: 3 | Score: -83.00 | Total Predicted No: 447
[2025-12-07 12:01:14] ✗ PREDICTED NO | Customer: CUST_001620 | Cluster: 1 | Score: -132.90 | Total Predicted No: 448
[2025-12-07 12:01:14] ✗ PREDICTED NO | Customer: CUST_001620 | Cluster: 3 | Score: -39.37 | Total Predicted No: 449
[2025-12-07 12:01:14] ✗ PREDICTED NO | Customer: CUST_001620 | Cluster: 3 | Score: -21.06 | Total Predicted No: 450
[2025-12-07 12:01:14] ✗ PREDICTED NO | Customer: CUST_001620 | Cluster: 3 | Score: -31.87 | Total Predicted No: 451
[2025-12-07 12:01:14] ✗ PREDICTED NO | Customer: CUST_001620 | Cluster: 3 | Score: -21.06 | Total Predicted No: 452
[2025-12-07 12:01:14] ✗ PREDICTED NO | Customer: CUST_001620 | Cluster: 1 | Score: -201.27 | Total Predicted No: 453
[2025-12-07 12:01:14] ✗ PREDICTED NO | Customer: CUST_001620 | Cluster: 3 | Score: -31.87 | Total Predicted No: 454
[2025-12-07 12:01:14] ✗ PREDICTED NO | Customer: CUST_001620 | Cluster: 1 | Score: -182.33 | Total Predicted No: 455
[2025-12-07 12:01:14] ✗ PREDICTED NO | Customer: CUST_001620 | Cluster: 1 | Score: -182.33 | Total Predicted No: 456
[2025-12-07 12:01:14] ✗ PREDICTED NO | Customer: CUST_001620 | Cluster: 1 | Score: -201.27 | Total Predicted No: 457
[2025-12-07 12:01:15] ✗ PREDICTED NO | Customer: CUST_001629 | Cluster: 3 | Score: -548.15 | Total Predicted No: 458
[2025-12-07 12:01:15] ✗ PREDICTED NO | Customer: CUST_001629 | Cluster: 3 | Score: -31.94 | Total Predicted No: 459
[2025-12-07 12:01:16] ✗ PREDICTED NO | Customer: CUST_001629 | Cluster: 3 | Score: -31.94 | Total Predicted No: 460
[2025-12-07 12:01:16] ✗ PREDICTED NO | Customer: CUST_001629 | Cluster: 3 | Score: -580.72 | Total Predicted No: 461
[2025-12-07 12:01:16] ✗ PREDICTED NO | Customer: CUST_001629 | Cluster: 3 | Score: -565.18 | Total Predicted No: 462
[2025-12-07 12:01:16] ✗ PREDICTED NO | Customer: CUST_001629 | Cluster: 3 | Score: -580.72 | Total Predicted No: 463
[2025-12-07 12:01:16] ✗ PREDICTED NO | Customer: CUST_001629 | Cluster: 3 | Score: -548.15 | Total Predicted No: 464
[2025-12-07 12:01:26] ✗ PREDICTED NO | Customer: CUST_001675 | Cluster: 4 | Score: -173.71 | Total Predicted No: 465
[2025-12-07 12:01:26] ✗ PREDICTED NO | Customer: CUST_001675 | Cluster: 4 | Score: -38.12 | Total Predicted No: 466
[2025-12-07 12:01:26] ✗ PREDICTED NO | Customer: CUST_001675 | Cluster: 4 | Score: -27.24 | Total Predicted No: 467
[2025-12-07 12:01:26] ✗ PREDICTED NO | Customer: CUST_001675 | Cluster: 4 | Score: -38.12 | Total Predicted No: 468
[2025-12-07 12:01:26] ✗ PREDICTED NO | Customer: CUST_001675 | Cluster: 4 | Score: -297.84 | Total Predicted No: 469
[2025-12-07 12:01:26] ✗ PREDICTED NO | Customer: CUST_001675 | Cluster: 4 | Score: -99.23 | Total Predicted No: 470
[2025-12-07 12:01:26] ✗ PREDICTED NO | Customer: CUST_001675 | Cluster: 4 | Score: -173.71 | Total Predicted No: 471
[2025-12-07 12:01:26] ✗ PREDICTED NO | Customer: CUST_001675 | Cluster: 4 | Score: -302.85 | Total Predicted No: 472
[2025-12-07 12:01:26] ✗ PREDICTED NO | Customer: CUST_001675 | Cluster: 4 | Score: -45.93 | Total Predicted No: 473
[2025-12-07 12:01:26] ✗ PREDICTED NO | Customer: CUST_001675 | Cluster: 4 | Score: -366.20 | Total Predicted No: 474
[2025-12-07 12:01:26] ✗ PREDICTED NO | Customer: CUST_001675 | Cluster: 4 | Score: -302.85 | Total Predicted No: 475
[2025-12-07 12:01:26] ✗ PREDICTED NO | Customer: CUST_001675 | Cluster: 4 | Score: -27.24 | Total Predicted No: 476
[2025-12-07 12:01:26] ✗ PREDICTED NO | Customer: CUST_001675 | Cluster: 4 | Score: -99.23 | Total Predicted No: 477
[2025-12-07 12:01:26] ✗ PREDICTED NO | Customer: CUST_001675 | Cluster: 4 | Score: -297.84 | Total Predicted No: 478
[2025-12-07 12:01:26] ✗ PREDICTED NO | Customer: CUST_001675 | Cluster: 4 | Score: -45.93 | Total Predicted No: 479
[2025-12-07 12:01:27] ✗ PREDICTED NO | Customer: CUST_001675 | Cluster: 4 | Score: -575.20 | Total Predicted No: 480
[2025-12-07 12:01:27] ✗ PREDICTED NO | Customer: CUST_001675 | Cluster: 4 | Score: -670.29 | Total Predicted No: 481
[2025-12-07 12:01:27] ✗ PREDICTED NO | Customer: CUST_001675 | Cluster: 4 | Score: -486.32 | Total Predicted No: 482
[2025-12-07 12:01:28] ✗ PREDICTED NO | Customer: CUST_001675 | Cluster: 4 | Score: -963.23 | Total Predicted No: 483
[2025-12-07 12:01:28] ✗ PREDICTED NO | Customer: CUST_001675 | Cluster: 4 | Score: -1210.31 | Total Predicted No: 484
[2025-12-07 12:01:28] ✗ PREDICTED NO | Customer: CUST_001675 | Cluster: 4 | Score: -366.20 | Total Predicted No: 485
[2025-12-07 12:01:28] ✗ PREDICTED NO | Customer: CUST_001675 | Cluster: 4 | Score: -575.20 | Total Predicted No: 486
[2025-12-07 12:01:28] ✗ PREDICTED NO | Customer: CUST_001675 | Cluster: 4 | Score: -963.23 | Total Predicted No: 487
[2025-12-07 12:01:28] ✗ PREDICTED NO | Customer: CUST_001675 | Cluster: 4 | Score: -486.32 | Total Predicted No: 488
[2025-12-07 12:01:28] ✗ PREDICTED NO | Customer: CUST_001675 | Cluster: 4 | Score: -670.29 | Total Predicted No: 489
[2025-12-07 12:01:29] ✗ PREDICTED NO | Customer: CUST_001688 | Cluster: 1 | Score: -161.37 | Total Predicted No: 490
[2025-12-07 12:01:29] ✗ PREDICTED NO | Customer: CUST_001688 | Cluster: 1 | Score: -187.06 | Total Predicted No: 491
[2025-12-07 12:01:29] ✗ PREDICTED NO | Customer: CUST_001688 | Cluster: 1 | Score: -29.11 | Total Predicted No: 492
[2025-12-07 12:01:29] ✗ PREDICTED NO | Customer: CUST_001688 | Cluster: 1 | Score: -161.37 | Total Predicted No: 493
[2025-12-07 12:01:29] ✗ PREDICTED NO | Customer: CUST_001688 | Cluster: 1 | Score: -44.46 | Total Predicted No: 494
[2025-12-07 12:01:29] ⟳ Reloading model after 500 predictions...
[2025-12-07 12:01:29] Loading model from /home/crazy_warlord/TargettedCalling/Persistence/model_car.json...
[2025-12-07 12:01:29] ✓ Model loaded (Load #6). Components: 11
[2025-12-07 12:01:29] ✗ PREDICTED NO | Customer: CUST_001688 | Cluster: 1 | Score: -159.17 | Total Predicted No: 495
[2025-12-07 12:01:29] ✗ PREDICTED NO | Customer: CUST_001688 | Cluster: 1 | Score: -147.48 | Total Predicted No: 496
[2025-12-07 12:01:29] ✗ PREDICTED NO | Customer: CUST_001688 | Cluster: 1 | Score: -159.17 | Total Predicted No: 497
[2025-12-07 12:01:29] ✗ PREDICTED NO | Customer: CUST_001688 | Cluster: 1 | Score: -29.11 | Total Predicted No: 498
[2025-12-07 12:01:29] ✗ PREDICTED NO | Customer: CUST_001688 | Cluster: 1 | Score: -187.06 | Total Predicted No: 499
[2025-12-07 12:01:29] ✗ PREDICTED NO | Customer: CUST_001688 | Cluster: 1 | Score: -44.46 | Total Predicted No: 500
[2025-12-07 12:01:29] ✗ PREDICTED NO | Customer: CUST_001688 | Cluster: 1 | Score: -22.83 | Total Predicted No: 501
[2025-12-07 12:01:29] ✗ PREDICTED NO | Customer: CUST_001688 | Cluster: 1 | Score: -22.83 | Total Predicted No: 502
[2025-12-07 12:01:50] ✗ PREDICTED NO | Customer: CUST_001813 | Cluster: 1 | Score: -20.61 | Total Predicted No: 503
[2025-12-07 12:01:50] ✗ PREDICTED NO | Customer: CUST_001813 | Cluster: 5 | Score: -5.17 | Total Predicted No: 504
[2025-12-07 12:01:50] ✗ PREDICTED NO | Customer: CUST_001813 | Cluster: 5 | Score: -5.17 | Total Predicted No: 505
[2025-12-07 12:01:50] ✗ PREDICTED NO | Customer: CUST_001813 | Cluster: 1 | Score: -111.69 | Total Predicted No: 506
[2025-12-07 12:01:50] ✗ PREDICTED NO | Customer: CUST_001813 | Cluster: 1 | Score: -16.87 | Total Predicted No: 507
[2025-12-07 12:01:50] ✗ PREDICTED NO | Customer: CUST_001813 | Cluster: 1 | Score: -19.12 | Total Predicted No: 508
[2025-12-07 12:01:50] ✗ PREDICTED NO | Customer: CUST_001813 | Cluster: 1 | Score: -16.87 | Total Predicted No: 509
[2025-12-07 12:01:50] ✗ PREDICTED NO | Customer: CUST_001813 | Cluster: 1 | Score: -27.32 | Total Predicted No: 510
[2025-12-07 12:01:50] ✗ PREDICTED NO | Customer: CUST_001813 | Cluster: 1 | Score: -20.61 | Total Predicted No: 511
[2025-12-07 12:01:50] ✗ PREDICTED NO | Customer: CUST_001813 | Cluster: 1 | Score: -27.32 | Total Predicted No: 512
[2025-12-07 12:01:50] ✗ PREDICTED NO | Customer: CUST_001813 | Cluster: 1 | Score: -19.12 | Total Predicted No: 513
[2025-12-07 12:01:51] ✗ PREDICTED NO | Customer: CUST_001814 | Cluster: 7 | Score: -6.79 | Total Predicted No: 514
[2025-12-07 12:01:51] ✗ PREDICTED NO | Customer: CUST_001813 | Cluster: 1 | Score: -132.19 | Total Predicted No: 515
[2025-12-07 12:01:51] ✗ PREDICTED NO | Customer: CUST_001814 | Cluster: 4 | Score: -150.12 | Total Predicted No: 516
[2025-12-07 12:01:51] ✗ PREDICTED NO | Customer: CUST_001814 | Cluster: 7 | Score: -373.98 | Total Predicted No: 517
[2025-12-07 12:01:52] ✗ PREDICTED NO | Customer: CUST_001814 | Cluster: 7 | Score: -27.68 | Total Predicted No: 518
[2025-12-07 12:01:52] ✗ PREDICTED NO | Customer: CUST_001814 | Cluster: 7 | Score: -54.80 | Total Predicted No: 519
[2025-12-07 12:01:52] ✗ PREDICTED NO | Customer: CUST_001814 | Cluster: 1 | Score: -45.15 | Total Predicted No: 520
[2025-12-07 12:01:52] ✗ PREDICTED NO | Customer: CUST_001814 | Cluster: 4 | Score: -205.95 | Total Predicted No: 521
[2025-12-07 12:01:52] ✗ PREDICTED NO | Customer: CUST_001814 | Cluster: 4 | Score: -150.12 | Total Predicted No: 522
[2025-12-07 12:01:52] ✗ PREDICTED NO | Customer: CUST_001814 | Cluster: 7 | Score: -197.08 | Total Predicted No: 523
[2025-12-07 12:01:52] ✗ PREDICTED NO | Customer: CUST_001814 | Cluster: 7 | Score: -197.08 | Total Predicted No: 524
[2025-12-07 12:01:52] ✗ PREDICTED NO | Customer: CUST_001813 | Cluster: 1 | Score: -147.50 | Total Predicted No: 525
[2025-12-07 12:01:52] ✗ PREDICTED NO | Customer: CUST_001814 | Cluster: 7 | Score: -343.26 | Total Predicted No: 526
[2025-12-07 12:01:52] ✗ PREDICTED NO | Customer: CUST_001813 | Cluster: 1 | Score: -134.92 | Total Predicted No: 527
[2025-12-07 12:01:52] ✗ PREDICTED NO | Customer: CUST_001814 | Cluster: 7 | Score: -344.65 | Total Predicted No: 528
[2025-12-07 12:01:52] ✗ PREDICTED NO | Customer: CUST_001813 | Cluster: 1 | Score: -94.97 | Total Predicted No: 529
[2025-12-07 12:01:52] ✗ PREDICTED NO | Customer: CUST_001814 | Cluster: 4 | Score: -205.95 | Total Predicted No: 530
[2025-12-07 12:01:52] ✗ PREDICTED NO | Customer: CUST_001814 | Cluster: 7 | Score: -373.98 | Total Predicted No: 531
[2025-12-07 12:01:52] ✗ PREDICTED NO | Customer: CUST_001813 | Cluster: 1 | Score: -134.92 | Total Predicted No: 532
[2025-12-07 12:01:52] ✗ PREDICTED NO | Customer: CUST_001814 | Cluster: 1 | Score: -45.15 | Total Predicted No: 533
[2025-12-07 12:01:52] ✗ PREDICTED NO | Customer: CUST_001814 | Cluster: 7 | Score: -6.79 | Total Predicted No: 534
[2025-12-07 12:01:52] ✗ PREDICTED NO | Customer: CUST_001813 | Cluster: 1 | Score: -111.69 | Total Predicted No: 535
[2025-12-07 12:01:52] ✗ PREDICTED NO | Customer: CUST_001813 | Cluster: 1 | Score: -94.97 | Total Predicted No: 536
[2025-12-07 12:01:52] ✗ PREDICTED NO | Customer: CUST_001813 | Cluster: 1 | Score: -147.50 | Total Predicted No: 537
[2025-12-07 12:01:52] ✗ PREDICTED NO | Customer: CUST_001814 | Cluster: 7 | Score: -27.68 | Total Predicted No: 538
[2025-12-07 12:01:52] ✗ PREDICTED NO | Customer: CUST_001814 | Cluster: 7 | Score: -344.65 | Total Predicted No: 539
[2025-12-07 12:01:52] ✗ PREDICTED NO | Customer: CUST_001814 | Cluster: 7 | Score: -54.80 | Total Predicted No: 540
[2025-12-07 12:01:54] ✗ PREDICTED NO | Customer: CUST_001831 | Cluster: 1 | Score: -282.30 | Total Predicted No: 541
[2025-12-07 12:01:54] ✗ PREDICTED NO | Customer: CUST_001831 | Cluster: 1 | Score: -66.67 | Total Predicted No: 542
[2025-12-07 12:01:54] ✗ PREDICTED NO | Customer: CUST_001831 | Cluster: 1 | Score: -165.23 | Total Predicted No: 543
[2025-12-07 12:01:55] ✗ PREDICTED NO | Customer: CUST_001831 | Cluster: 1 | Score: -66.67 | Total Predicted No: 544
[2025-12-07 12:01:55] ✗ PREDICTED NO | Customer: CUST_001831 | Cluster: 1 | Score: -242.39 | Total Predicted No: 545
[2025-12-07 12:01:55] ✗ PREDICTED NO | Customer: CUST_001831 | Cluster: 1 | Score: -179.34 | Total Predicted No: 546
[2025-12-07 12:01:55] ✗ PREDICTED NO | Customer: CUST_001831 | Cluster: 1 | Score: -208.11 | Total Predicted No: 547
[2025-12-07 12:01:55] ✗ PREDICTED NO | Customer: CUST_001831 | Cluster: 1 | Score: -165.23 | Total Predicted No: 548
[2025-12-07 12:01:55] ✗ PREDICTED NO | Customer: CUST_001831 | Cluster: 1 | Score: -43.53 | Total Predicted No: 549
[2025-12-07 12:01:55] ✗ PREDICTED NO | Customer: CUST_001831 | Cluster: 1 | Score: -30.69 | Total Predicted No: 550
[2025-12-07 12:01:55] ✗ PREDICTED NO | Customer: CUST_001831 | Cluster: 1 | Score: -30.69 | Total Predicted No: 551
[2025-12-07 12:01:55] ✗ PREDICTED NO | Customer: CUST_001831 | Cluster: 1 | Score: -282.30 | Total Predicted No: 552
[2025-12-07 12:01:55] ✗ PREDICTED NO | Customer: CUST_001831 | Cluster: 1 | Score: -242.39 | Total Predicted No: 553
[2025-12-07 12:01:55] ✗ PREDICTED NO | Customer: CUST_001831 | Cluster: 1 | Score: -208.11 | Total Predicted No: 554
[2025-12-07 12:01:55] ✗ PREDICTED NO | Customer: CUST_001831 | Cluster: 1 | Score: -43.53 | Total Predicted No: 555
[2025-12-07 12:01:57] ✗ PREDICTED NO | Customer: CUST_001853 | Cluster: 4 | Score: -53.50 | Total Predicted No: 556
[2025-12-07 12:01:57] ✗ PREDICTED NO | Customer: CUST_001853 | Cluster: 4 | Score: -53.50 | Total Predicted No: 557
[2025-12-07 12:01:57] ✗ PREDICTED NO | Customer: CUST_001853 | Cluster: 4 | Score: -64.24 | Total Predicted No: 558
[2025-12-07 12:01:59] ✗ PREDICTED NO | Customer: CUST_001853 | Cluster: 4 | Score: -880.54 | Total Predicted No: 559
[2025-12-07 12:01:59] ✗ PREDICTED NO | Customer: CUST_001853 | Cluster: 4 | Score: -1134.96 | Total Predicted No: 560
[2025-12-07 12:01:59] ✗ PREDICTED NO | Customer: CUST_001853 | Cluster: 4 | Score: -718.31 | Total Predicted No: 561
[2025-12-07 12:01:59] ✗ PREDICTED NO | Customer: CUST_001853 | Cluster: 4 | Score: -959.80 | Total Predicted No: 562
[2025-12-07 12:01:59] ✗ PREDICTED NO | Customer: CUST_001853 | Cluster: 4 | Score: -1806.25 | Total Predicted No: 563
[2025-12-07 12:01:59] ✗ PREDICTED NO | Customer: CUST_001853 | Cluster: 4 | Score: -147.46 | Total Predicted No: 564
[2025-12-07 12:01:59] ✗ PREDICTED NO | Customer: CUST_001853 | Cluster: 4 | Score: -64.24 | Total Predicted No: 565
[2025-12-07 12:01:59] ✗ PREDICTED NO | Customer: CUST_001853 | Cluster: 4 | Score: -1134.96 | Total Predicted No: 566
[2025-12-07 12:01:59] ✗ PREDICTED NO | Customer: CUST_001853 | Cluster: 4 | Score: -1551.72 | Total Predicted No: 567
[2025-12-07 12:01:59] ✗ PREDICTED NO | Customer: CUST_001853 | Cluster: 4 | Score: -880.54 | Total Predicted No: 568
[2025-12-07 12:01:59] ✗ PREDICTED NO | Customer: CUST_001853 | Cluster: 4 | Score: -1551.72 | Total Predicted No: 569
[2025-12-07 12:01:59] ✗ PREDICTED NO | Customer: CUST_001853 | Cluster: 4 | Score: -959.80 | Total Predicted No: 570
[2025-12-07 12:01:59] ✗ PREDICTED NO | Customer: CUST_001853 | Cluster: 4 | Score: -718.31 | Total Predicted No: 571
[2025-12-07 12:01:59] ✗ PREDICTED NO | Customer: CUST_001853 | Cluster: 4 | Score: -147.46 | Total Predicted No: 572
[2025-12-07 12:02:00] ✗ PREDICTED NO | Customer: CUST_001858 | Cluster: 3 | Score: -16.78 | Total Predicted No: 573
[2025-12-07 12:02:00] ✗ PREDICTED NO | Customer: CUST_001857 | Cluster: 4 | Score: -50.31 | Total Predicted No: 574
[2025-12-07 12:02:01] ✗ PREDICTED NO | Customer: CUST_001857 | Cluster: 4 | Score: -1042.58 | Total Predicted No: 575
[2025-12-07 12:02:01] ✗ PREDICTED NO | Customer: CUST_001857 | Cluster: 4 | Score: -1737.98 | Total Predicted No: 576
[2025-12-07 12:02:01] ✗ PREDICTED NO | Customer: CUST_001857 | Cluster: 4 | Score: -1737.98 | Total Predicted No: 577
[2025-12-07 12:02:01] ✗ PREDICTED NO | Customer: CUST_001857 | Cluster: 4 | Score: -759.56 | Total Predicted No: 578
[2025-12-07 12:02:01] ✗ PREDICTED NO | Customer: CUST_001857 | Cluster: 4 | Score: -3135.67 | Total Predicted No: 579
[2025-12-07 12:02:01] ✗ PREDICTED NO | Customer: CUST_001857 | Cluster: 4 | Score: -759.56 | Total Predicted No: 580
[2025-12-07 12:02:01] ✗ PREDICTED NO | Customer: CUST_001857 | Cluster: 4 | Score: -1042.58 | Total Predicted No: 581
[2025-12-07 12:02:01] ✗ PREDICTED NO | Customer: CUST_001857 | Cluster: 4 | Score: -50.31 | Total Predicted No: 582
[2025-12-07 12:02:01] ✗ PREDICTED NO | Customer: CUST_001857 | Cluster: 4 | Score: -98.57 | Total Predicted No: 583
[2025-12-07 12:02:01] ✗ PREDICTED NO | Customer: CUST_001857 | Cluster: 4 | Score: -98.57 | Total Predicted No: 584
[2025-12-07 12:02:01] ✗ PREDICTED NO | Customer: CUST_001857 | Cluster: 4 | Score: -2442.34 | Total Predicted No: 585
[2025-12-07 12:02:01] ✗ PREDICTED NO | Customer: CUST_001857 | Cluster: 4 | Score: -2442.34 | Total Predicted No: 586
[2025-12-07 12:02:01] ✗ PREDICTED NO | Customer: CUST_001857 | Cluster: 4 | Score: -273.39 | Total Predicted No: 587
[2025-12-07 12:02:01] ✗ PREDICTED NO | Customer: CUST_001857 | Cluster: 4 | Score: -1864.25 | Total Predicted No: 588
[2025-12-07 12:02:01] ✗ PREDICTED NO | Customer: CUST_001857 | Cluster: 4 | Score: -1330.07 | Total Predicted No: 589
[2025-12-07 12:02:01] ✗ PREDICTED NO | Customer: CUST_001857 | Cluster: 4 | Score: -273.39 | Total Predicted No: 590
[2025-12-07 12:02:01] ✗ PREDICTED NO | Customer: CUST_001857 | Cluster: 4 | Score: -368.73 | Total Predicted No: 591
[2025-12-07 12:02:01] ✗ PREDICTED NO | Customer: CUST_001857 | Cluster: 4 | Score: -368.73 | Total Predicted No: 592
[2025-12-07 12:02:01] ✗ PREDICTED NO | Customer: CUST_001857 | Cluster: 4 | Score: -1330.07 | Total Predicted No: 593
[2025-12-07 12:02:01] ✗ PREDICTED NO | Customer: CUST_001857 | Cluster: 4 | Score: -1864.25 | Total Predicted No: 594
[2025-12-07 12:02:01] ⟳ Reloading model after 600 predictions...
[2025-12-07 12:02:01] Loading model from /home/crazy_warlord/TargettedCalling/Persistence/model_car.json...
[2025-12-07 12:02:01] ✓ Model loaded (Load #7). Components: 12
[2025-12-07 12:02:01] ✗ PREDICTED NO | Customer: CUST_001857 | Cluster: 3 | Score: -3182.84 | Total Predicted No: 595
[2025-12-07 12:02:01] ✗ PREDICTED NO | Customer: CUST_001857 | Cluster: 3 | Score: -3135.67 | Total Predicted No: 596
[2025-12-07 12:02:02] ✗ PREDICTED NO | Customer: CUST_001858 | Cluster: 1 | Score: -70.57 | Total Predicted No: 597
[2025-12-07 12:02:02] ✗ PREDICTED NO | Customer: CUST_001858 | Cluster: 1 | Score: -208.30 | Total Predicted No: 598
[2025-12-07 12:02:02] ✗ PREDICTED NO | Customer: CUST_001858 | Cluster: 1 | Score: -234.49 | Total Predicted No: 599
[2025-12-07 12:02:02] ✗ PREDICTED NO | Customer: CUST_001858 | Cluster: 1 | Score: -203.66 | Total Predicted No: 600
[2025-12-07 12:02:02] ✗ PREDICTED NO | Customer: CUST_001858 | Cluster: 1 | Score: -203.66 | Total Predicted No: 601
[2025-12-07 12:02:02] ✗ PREDICTED NO | Customer: CUST_001858 | Cluster: 1 | Score: -40.94 | Total Predicted No: 602
[2025-12-07 12:02:02] ✗ PREDICTED NO | Customer: CUST_001858 | Cluster: 1 | Score: -85.43 | Total Predicted No: 603
[2025-12-07 12:02:02] ✗ PREDICTED NO | Customer: CUST_001858 | Cluster: 1 | Score: -174.88 | Total Predicted No: 604
[2025-12-07 12:02:02] ✗ PREDICTED NO | Customer: CUST_001858 | Cluster: 1 | Score: -255.12 | Total Predicted No: 605
[2025-12-07 12:02:02] ✗ PREDICTED NO | Customer: CUST_001858 | Cluster: 1 | Score: -174.88 | Total Predicted No: 606
[2025-12-07 12:02:02] ✗ PREDICTED NO | Customer: CUST_001858 | Cluster: 1 | Score: -255.12 | Total Predicted No: 607
[2025-12-07 12:02:02] ✗ PREDICTED NO | Customer: CUST_001858 | Cluster: 1 | Score: -234.49 | Total Predicted No: 608
[2025-12-07 12:02:02] ✗ PREDICTED NO | Customer: CUST_001858 | Cluster: 1 | Score: -70.57 | Total Predicted No: 609
[2025-12-07 12:02:02] ✗ PREDICTED NO | Customer: CUST_001858 | Cluster: 1 | Score: -85.43 | Total Predicted No: 610
[2025-12-07 12:02:12] ✗ PREDICTED NO | Customer: CUST_001959 | Cluster: 5 | Score: -56.53 | Total Predicted No: 611
[2025-12-07 12:02:14] ✗ PREDICTED NO | Customer: CUST_001959 | Cluster: 3 | Score: -738.93 | Total Predicted No: 612
[2025-12-07 12:02:14] ✗ PREDICTED NO | Customer: CUST_001959 | Cluster: 1 | Score: -118.99 | Total Predicted No: 613
[2025-12-07 12:02:14] ✗ PREDICTED NO | Customer: CUST_001959 | Cluster: 3 | Score: -521.02 | Total Predicted No: 614
[2025-12-07 12:02:14] ✗ PREDICTED NO | Customer: CUST_001959 | Cluster: 3 | Score: -294.76 | Total Predicted No: 615
[2025-12-07 12:02:14] ✗ PREDICTED NO | Customer: CUST_001959 | Cluster: 3 | Score: -363.74 | Total Predicted No: 616
[2025-12-07 12:02:14] ✗ PREDICTED NO | Customer: CUST_001959 | Cluster: 3 | Score: -363.74 | Total Predicted No: 617
[2025-12-07 12:02:14] ✗ PREDICTED NO | Customer: CUST_001959 | Cluster: 3 | Score: -834.46 | Total Predicted No: 618
[2025-12-07 12:02:14] ✗ PREDICTED NO | Customer: CUST_001959 | Cluster: 3 | Score: -521.02 | Total Predicted No: 619
[2025-12-07 12:02:14] ✗ PREDICTED NO | Customer: CUST_001959 | Cluster: 3 | Score: -294.76 | Total Predicted No: 620
[2025-12-07 12:02:14] ✗ PREDICTED NO | Customer: CUST_001959 | Cluster: 3 | Score: -738.93 | Total Predicted No: 621
[2025-12-07 12:02:14] ✗ PREDICTED NO | Customer: CUST_001959 | Cluster: 5 | Score: -56.53 | Total Predicted No: 622
[2025-12-07 12:02:14] ✗ PREDICTED NO | Customer: CUST_001959 | Cluster: 3 | Score: -839.21 | Total Predicted No: 623
[2025-12-07 12:02:14] ✗ PREDICTED NO | Customer: CUST_001959 | Cluster: 2 | Score: -128.36 | Total Predicted No: 624
[2025-12-07 12:02:14] ✗ PREDICTED NO | Customer: CUST_001959 | Cluster: 1 | Score: -118.99 | Total Predicted No: 625
[2025-12-07 12:02:14] ✗ PREDICTED NO | Customer: CUST_001959 | Cluster: 2 | Score: -128.36 | Total Predicted No: 626
[2025-12-07 12:02:14] ✗ PREDICTED NO | Customer: CUST_001959 | Cluster: 3 | Score: -834.46 | Total Predicted No: 627
[2025-12-07 12:02:15] ✗ PREDICTED NO | Customer: CUST_001981 | Cluster: 3 | Score: -63.86 | Total Predicted No: 628
[2025-12-07 12:02:15] ✗ PREDICTED NO | Customer: CUST_001981 | Cluster: 3 | Score: -82.33 | Total Predicted No: 629
[2025-12-07 12:02:15] ✗ PREDICTED NO | Customer: CUST_001981 | Cluster: 3 | Score: -63.86 | Total Predicted No: 630
[2025-12-07 12:02:17] ✗ PREDICTED NO | Customer: CUST_001981 | Cluster: 3 | Score: -472.49 | Total Predicted No: 631
[2025-12-07 12:02:17] ✗ PREDICTED NO | Customer: CUST_001981 | Cluster: 3 | Score: -329.03 | Total Predicted No: 632
[2025-12-07 12:02:17] ✗ PREDICTED NO | Customer: CUST_001981 | Cluster: 3 | Score: -472.49 | Total Predicted No: 633
[2025-12-07 12:02:17] ✗ PREDICTED NO | Customer: CUST_001981 | Cluster: 3 | Score: -82.33 | Total Predicted No: 634
[2025-12-07 12:02:17] ✗ PREDICTED NO | Customer: CUST_001981 | Cluster: 3 | Score: -603.79 | Total Predicted No: 635
[2025-12-07 12:02:17] ✗ PREDICTED NO | Customer: CUST_001981 | Cluster: 3 | Score: -159.09 | Total Predicted No: 636
[2025-12-07 12:02:17] ✗ PREDICTED NO | Customer: CUST_001981 | Cluster: 3 | Score: -1007.64 | Total Predicted No: 637
[2025-12-07 12:02:17] ✗ PREDICTED NO | Customer: CUST_001981 | Cluster: 3 | Score: -329.03 | Total Predicted No: 638
[2025-12-07 12:02:17] ✗ PREDICTED NO | Customer: CUST_001981 | Cluster: 3 | Score: -159.09 | Total Predicted No: 639
[2025-12-07 12:02:17] ✗ PREDICTED NO | Customer: CUST_001981 | Cluster: 3 | Score: -827.84 | Total Predicted No: 640
[2025-12-07 12:02:17] ✗ PREDICTED NO | Customer: CUST_001981 | Cluster: 3 | Score: -827.84 | Total Predicted No: 641
[2025-12-07 12:02:17] ✗ PREDICTED NO | Customer: CUST_001981 | Cluster: 3 | Score: -1007.64 | Total Predicted No: 642
[2025-12-07 12:02:17] ✗ PREDICTED NO | Customer: CUST_001981 | Cluster: 3 | Score: -603.79 | Total Predicted No: 643
[2025-12-07 12:02:17] ✗ PREDICTED NO | Customer: CUST_001981 | Cluster: 3 | Score: -1208.63 | Total Predicted No: 644
[2025-12-07 12:02:21] ✗ PREDICTED NO | Customer: CUST_002000 | Cluster: 1 | Score: -270.29 | Total Predicted No: 645
[2025-12-07 12:02:21] ✗ PREDICTED NO | Customer: CUST_002000 | Cluster: 2 | Score: -115.62 | Total Predicted No: 646
[2025-12-07 12:02:21] ✗ PREDICTED NO | Customer: CUST_002000 | Cluster: 2 | Score: -60.99 | Total Predicted No: 647
[2025-12-07 12:02:21] ✗ PREDICTED NO | Customer: CUST_002000 | Cluster: 2 | Score: -115.62 | Total Predicted No: 648
[2025-12-07 12:02:22] ✗ PREDICTED NO | Customer: CUST_002000 | Cluster: 2 | Score: -60.99 | Total Predicted No: 649
[2025-12-07 12:02:22] ✗ PREDICTED NO | Customer: CUST_002000 | Cluster: 1 | Score: -480.61 | Total Predicted No: 650
[2025-12-07 12:02:22] ✗ PREDICTED NO | Customer: CUST_002000 | Cluster: 1 | Score: -270.29 | Total Predicted No: 651
[2025-12-07 12:02:22] ✗ PREDICTED NO | Customer: CUST_002000 | Cluster: 1 | Score: -344.75 | Total Predicted No: 652
[2025-12-07 12:02:22] ✗ PREDICTED NO | Customer: CUST_002000 | Cluster: 2 | Score: -132.73 | Total Predicted No: 653
[2025-12-07 12:02:22] ✗ PREDICTED NO | Customer: CUST_002000 | Cluster: 2 | Score: -132.73 | Total Predicted No: 654
[2025-12-07 12:02:22] ✗ PREDICTED NO | Customer: CUST_002000 | Cluster: 1 | Score: -397.02 | Total Predicted No: 655
[2025-12-07 12:02:22] ✗ PREDICTED NO | Customer: CUST_002000 | Cluster: 2 | Score: -59.80 | Total Predicted No: 656
[2025-12-07 12:02:22] ✗ PREDICTED NO | Customer: CUST_002000 | Cluster: 1 | Score: -344.75 | Total Predicted No: 657
[2025-12-07 12:02:22] ✗ PREDICTED NO | Customer: CUST_002000 | Cluster: 1 | Score: -397.02 | Total Predicted No: 658
[2025-12-07 12:02:22] ✗ PREDICTED NO | Customer: CUST_002000 | Cluster: 2 | Score: -59.80 | Total Predicted No: 659
[2025-12-07 12:29:59] Loading model from /home/crazy_warlord/TargettedCalling/Persistence/model_car.json...
[2025-12-07 12:29:59] ✓ Model loaded (Load #1). Components: 8
[2025-12-07 12:29:59] ═══════════════════════════════════════════════
[2025-12-07 12:29:59]     CAR LOAN PREDICTION NODE (PATHWAY)        
[2025-12-07 12:29:59] ═══════════════════════════════════════════════
[2025-12-07 12:29:59] Input Topic:  leads.checkCarLoan
[2025-12-07 12:29:59] Output Topic: leads.callCarLoan
[2025-12-07 12:29:59] Model Path:   /home/crazy_warlord/TargettedCalling/Persistence/model_car.json
[2025-12-07 12:29:59] Log File:     /home/crazy_warlord/TargettedCalling/carLoanPredictor/prediction_node.log
[2025-12-07 12:29:59] Batch Config: Reload every 100 predictions
[2025-12-07 12:29:59] ═══════════════════════════════════════════════

[2025-12-07 12:29:59] ✓ Listening for car loan leads on 'leads.checkCarLoan'...
[2025-12-07 12:29:59] ✓ Publishing ALL predictions (qualified + rejected) to 'leads.callCarLoan'...
[2025-12-07 12:29:59] ✓ STREAMING TO: leads.callCarLoan
[2025-12-07 12:29:59] 
✓ Car Loan Prediction Node is running.

[2025-12-07 12:30:06] ✗ PREDICTED NO | Customer: CUST_000017 | Cluster: 2 | Score: -26.71 | Total Predicted No: 1
[2025-12-07 12:30:06] ✗ PREDICTED NO | Customer: CUST_000017 | Cluster: 2 | Score: -199.81 | Total Predicted No: 2
[2025-12-07 12:30:06] ✗ PREDICTED NO | Customer: CUST_000017 | Cluster: 2 | Score: -26.71 | Total Predicted No: 3
[2025-12-07 12:30:06] ✗ PREDICTED NO | Customer: CUST_000017 | Cluster: 3 | Score: -191.89 | Total Predicted No: 4
[2025-12-07 12:30:06] ✗ PREDICTED NO | Customer: CUST_000017 | Cluster: 2 | Score: -199.81 | Total Predicted No: 5
[2025-12-07 12:30:08] ✗ PREDICTED NO | Customer: CUST_000041 | Cluster: 2 | Score: -20.79 | Total Predicted No: 6
[2025-12-07 12:30:09] ✗ PREDICTED NO | Customer: CUST_000041 | Cluster: 3 | Score: -258.55 | Total Predicted No: 7
[2025-12-07 12:30:09] ✗ PREDICTED NO | Customer: CUST_000041 | Cluster: 2 | Score: -20.79 | Total Predicted No: 8
[2025-12-07 12:30:11] ✗ PREDICTED NO | Customer: CUST_000055 | Cluster: 1 | Score: -35.30 | Total Predicted No: 9
[2025-12-07 12:30:11] ✗ PREDICTED NO | Customer: CUST_000055 | Cluster: 1 | Score: -35.30 | Total Predicted No: 10
[2025-12-07 12:30:11] ✗ PREDICTED NO | Customer: CUST_000055 | Cluster: 2 | Score: -535.03 | Total Predicted No: 11
[2025-12-07 12:30:11] ✗ PREDICTED NO | Customer: CUST_000055 | Cluster: 2 | Score: -476.10 | Total Predicted No: 12
[2025-12-07 12:30:11] ✗ PREDICTED NO | Customer: CUST_000055 | Cluster: 2 | Score: -476.10 | Total Predicted No: 13
[2025-12-07 12:30:12] ✗ PREDICTED NO | Customer: CUST_000055 | Cluster: 2 | Score: -1579.32 | Total Predicted No: 14
[2025-12-07 12:30:12] ✗ PREDICTED NO | Customer: CUST_000055 | Cluster: 2 | Score: -1723.82 | Total Predicted No: 15
[2025-12-07 12:30:12] ✗ PREDICTED NO | Customer: CUST_000055 | Cluster: 2 | Score: -535.03 | Total Predicted No: 16
[2025-12-07 12:30:12] ✗ PREDICTED NO | Customer: CUST_000055 | Cluster: 2 | Score: -1579.32 | Total Predicted No: 17
[2025-12-07 12:30:14] ✗ PREDICTED NO | Customer: CUST_000073 | Cluster: 2 | Score: -227.50 | Total Predicted No: 18
[2025-12-07 12:30:15] ✗ PREDICTED NO | Customer: CUST_000078 | Cluster: 2 | Score: -19.75 | Total Predicted No: 19
[2025-12-07 12:30:15] ✗ PREDICTED NO | Customer: CUST_000073 | Cluster: 2 | Score: -783.66 | Total Predicted No: 20
[2025-12-07 12:30:15] ✗ PREDICTED NO | Customer: CUST_000073 | Cluster: 2 | Score: -227.50 | Total Predicted No: 21
[2025-12-07 12:30:15] ✗ PREDICTED NO | Customer: CUST_000073 | Cluster: 2 | Score: -783.66 | Total Predicted No: 22
[2025-12-07 12:30:15] ✗ PREDICTED NO | Customer: CUST_000073 | Cluster: 2 | Score: -1490.93 | Total Predicted No: 23
[2025-12-07 12:30:15] ✗ PREDICTED NO | Customer: CUST_000078 | Cluster: 2 | Score: -19.75 | Total Predicted No: 24
[2025-12-07 12:30:15] ✗ PREDICTED NO | Customer: CUST_000078 | Cluster: 2 | Score: -20.00 | Total Predicted No: 25
[2025-12-07 12:30:15] ✗ PREDICTED NO | Customer: CUST_000078 | Cluster: 2 | Score: -20.00 | Total Predicted No: 26
[2025-12-07 12:30:16] ✗ PREDICTED NO | Customer: CUST_000078 | Cluster: 3 | Score: -141.69 | Total Predicted No: 27
[2025-12-07 12:30:17] ✗ PREDICTED NO | Customer: CUST_000079 | Cluster: 3 | Score: -557.81 | Total Predicted No: 28
[2025-12-07 12:30:17] ✗ PREDICTED NO | Customer: CUST_000078 | Cluster: 3 | Score: -130.53 | Total Predicted No: 29
[2025-12-07 12:30:17] ✗ PREDICTED NO | Customer: CUST_000079 | Cluster: 3 | Score: -555.09 | Total Predicted No: 30
[2025-12-07 12:30:17] ✗ PREDICTED NO | Customer: CUST_000079 | Cluster: 3 | Score: -555.09 | Total Predicted No: 31
[2025-12-07 12:30:17] ✗ PREDICTED NO | Customer: CUST_000079 | Cluster: 3 | Score: -557.81 | Total Predicted No: 32
[2025-12-07 12:30:17] ✗ PREDICTED NO | Customer: CUST_000079 | Cluster: 3 | Score: -583.58 | Total Predicted No: 33
[2025-12-07 12:30:17] ✗ PREDICTED NO | Customer: CUST_000079 | Cluster: 2 | Score: -444.61 | Total Predicted No: 34
[2025-12-07 12:30:17] ✗ PREDICTED NO | Customer: CUST_000078 | Cluster: 3 | Score: -141.69 | Total Predicted No: 35
[2025-12-07 12:30:17] ✗ PREDICTED NO | Customer: CUST_000079 | Cluster: 2 | Score: -444.61 | Total Predicted No: 36
[2025-12-07 12:30:18] ✗ PREDICTED NO | Customer: CUST_000090 | Cluster: 2 | Score: -102.30 | Total Predicted No: 37
[2025-12-07 12:30:20] ✗ PREDICTED NO | Customer: CUST_000090 | Cluster: 3 | Score: -496.13 | Total Predicted No: 38
[2025-12-07 12:30:20] ✗ PREDICTED NO | Customer: CUST_000090 | Cluster: 2 | Score: -102.30 | Total Predicted No: 39
[2025-12-07 12:30:20] ✗ PREDICTED NO | Customer: CUST_000098 | Cluster: 6 | Score: -78.44 | Total Predicted No: 40
[2025-12-07 12:30:20] ✗ PREDICTED NO | Customer: CUST_000098 | Cluster: 6 | Score: -78.44 | Total Predicted No: 41
[2025-12-07 12:30:20] ✗ PREDICTED NO | Customer: CUST_000098 | Cluster: 3 | Score: -590.53 | Total Predicted No: 42
[2025-12-07 12:30:23] ✗ PREDICTED NO | Customer: CUST_000131 | Cluster: 2 | Score: -395.59 | Total Predicted No: 43
[2025-12-07 12:30:23] ✗ PREDICTED NO | Customer: CUST_000131 | Cluster: 2 | Score: -395.59 | Total Predicted No: 44
[2025-12-07 12:30:23] ✗ PREDICTED NO | Customer: CUST_000131 | Cluster: 2 | Score: -500.03 | Total Predicted No: 45
[2025-12-07 12:30:23] ✓ PREDICTED YES | Customer: CUST_000131 | Cluster: 5 | Score: 3.63 | Exemplars: ['CUST_000015', 'CUST_000031', 'CUST_000035', 'CUST_000093', 'CUST_000121', 'CUST_000139'] | Total Predicted Yes: 1
[2025-12-07 12:30:23] ✓ PREDICTED YES | Customer: CUST_000131 | Cluster: 5 | Score: 3.63 | Exemplars: ['CUST_000015', 'CUST_000031', 'CUST_000035', 'CUST_000093', 'CUST_000121', 'CUST_000139'] | Total Predicted Yes: 2
[2025-12-07 12:30:24] ✗ PREDICTED NO | Customer: CUST_000137 | Cluster: 1 | Score: -37.20 | Total Predicted No: 46
[2025-12-07 12:30:24] ✗ PREDICTED NO | Customer: CUST_000131 | Cluster: 2 | Score: -601.49 | Total Predicted No: 47
[2025-12-07 12:30:24] ✗ PREDICTED NO | Customer: CUST_000131 | Cluster: 2 | Score: -601.49 | Total Predicted No: 48
[2025-12-07 12:30:24] ✗ PREDICTED NO | Customer: CUST_000131 | Cluster: 2 | Score: -500.03 | Total Predicted No: 49
[2025-12-07 12:30:24] ✗ PREDICTED NO | Customer: CUST_000131 | Cluster: 2 | Score: -699.53 | Total Predicted No: 50
[2025-12-07 12:30:24] ✗ PREDICTED NO | Customer: CUST_000131 | Cluster: 2 | Score: -1314.35 | Total Predicted No: 51
[2025-12-07 12:30:24] ✗ PREDICTED NO | Customer: CUST_000131 | Cluster: 2 | Score: -699.53 | Total Predicted No: 52
[2025-12-07 12:30:26] ✗ PREDICTED NO | Customer: CUST_000137 | Cluster: 2 | Score: -1537.50 | Total Predicted No: 53
[2025-12-07 12:30:26] ✗ PREDICTED NO | Customer: CUST_000137 | Cluster: 1 | Score: -37.20 | Total Predicted No: 54
[2025-12-07 12:30:26] ✗ PREDICTED NO | Customer: CUST_000137 | Cluster: 2 | Score: -535.97 | Total Predicted No: 55
[2025-12-07 12:30:26] ✗ PREDICTED NO | Customer: CUST_000137 | Cluster: 2 | Score: -535.97 | Total Predicted No: 56
[2025-12-07 12:30:27] ✗ PREDICTED NO | Customer: CUST_000143 | Cluster: 2 | Score: -40.87 | Total Predicted No: 57
[2025-12-07 12:30:27] ✗ PREDICTED NO | Customer: CUST_000143 | Cluster: 2 | Score: -116.98 | Total Predicted No: 58
[2025-12-07 12:30:27] ✗ PREDICTED NO | Customer: CUST_000143 | Cluster: 2 | Score: -44.62 | Total Predicted No: 59
[2025-12-07 12:30:27] ✗ PREDICTED NO | Customer: CUST_000143 | Cluster: 2 | Score: -72.51 | Total Predicted No: 60
[2025-12-07 12:30:27] ✗ PREDICTED NO | Customer: CUST_000143 | Cluster: 2 | Score: -72.51 | Total Predicted No: 61
[2025-12-07 12:30:27] ✗ PREDICTED NO | Customer: CUST_000143 | Cluster: 0 | Score: -30.32 | Total Predicted No: 62
[2025-12-07 12:30:27] ✗ PREDICTED NO | Customer: CUST_000143 | Cluster: 2 | Score: -68.26 | Total Predicted No: 63
[2025-12-07 12:30:27] ✗ PREDICTED NO | Customer: CUST_000143 | Cluster: 2 | Score: -40.87 | Total Predicted No: 64
[2025-12-07 12:30:28] ✗ PREDICTED NO | Customer: CUST_000143 | Cluster: 0 | Score: -23.93 | Total Predicted No: 65
[2025-12-07 12:30:28] ✗ PREDICTED NO | Customer: CUST_000143 | Cluster: 2 | Score: -44.62 | Total Predicted No: 66
[2025-12-07 12:30:28] ✗ PREDICTED NO | Customer: CUST_000143 | Cluster: 2 | Score: -68.26 | Total Predicted No: 67
[2025-12-07 12:30:28] ✗ PREDICTED NO | Customer: CUST_000143 | Cluster: 0 | Score: -23.93 | Total Predicted No: 68
[2025-12-07 12:30:28] ✗ PREDICTED NO | Customer: CUST_000143 | Cluster: 0 | Score: -30.32 | Total Predicted No: 69
[2025-12-07 12:30:29] ✗ PREDICTED NO | Customer: CUST_000143 | Cluster: 2 | Score: -186.76 | Total Predicted No: 70
[2025-12-07 12:30:29] ✗ PREDICTED NO | Customer: CUST_000143 | Cluster: 2 | Score: -180.77 | Total Predicted No: 71
[2025-12-07 12:30:29] ✗ PREDICTED NO | Customer: CUST_000143 | Cluster: 2 | Score: -116.98 | Total Predicted No: 72
[2025-12-07 12:30:29] ✗ PREDICTED NO | Customer: CUST_000143 | Cluster: 2 | Score: -180.77 | Total Predicted No: 73
[2025-12-07 12:30:41] ✗ PREDICTED NO | Customer: CUST_000203 | Cluster: 4 | Score: -6.15 | Total Predicted No: 74
[2025-12-07 12:30:41] ✗ PREDICTED NO | Customer: CUST_000203 | Cluster: 4 | Score: -6.15 | Total Predicted No: 75
[2025-12-07 12:30:41] ✓ PREDICTED YES | Customer: CUST_000203 | Cluster: 4 | Score: -0.56 | Exemplars: ['CUST_000007', 'CUST_000016', 'CUST_000027', 'CUST_000029', 'CUST_000039', 'CUST_000048'] | Total Predicted Yes: 3
[2025-12-07 12:30:42] ✗ PREDICTED NO | Customer: CUST_000203 | Cluster: 2 | Score: -108.60 | Total Predicted No: 76
[2025-12-07 12:30:42] ✓ PREDICTED YES | Customer: CUST_000203 | Cluster: 4 | Score: -0.56 | Exemplars: ['CUST_000007', 'CUST_000016', 'CUST_000027', 'CUST_000029', 'CUST_000039', 'CUST_000048'] | Total Predicted Yes: 4
[2025-12-07 12:30:42] ✗ PREDICTED NO | Customer: CUST_000203 | Cluster: 2 | Score: -108.60 | Total Predicted No: 77
[2025-12-07 12:30:42] ✗ PREDICTED NO | Customer: CUST_000203 | Cluster: 3 | Score: -109.72 | Total Predicted No: 78
[2025-12-07 12:30:47] ✗ PREDICTED NO | Customer: CUST_000242 | Cluster: 2 | Score: -390.31 | Total Predicted No: 79
[2025-12-07 12:30:47] ✗ PREDICTED NO | Customer: CUST_000242 | Cluster: 0 | Score: -19.68 | Total Predicted No: 80
[2025-12-07 12:30:47] ✗ PREDICTED NO | Customer: CUST_000242 | Cluster: 0 | Score: -68.95 | Total Predicted No: 81
[2025-12-07 12:30:47] ✗ PREDICTED NO | Customer: CUST_000242 | Cluster: 2 | Score: -390.31 | Total Predicted No: 82
[2025-12-07 12:30:47] ✗ PREDICTED NO | Customer: CUST_000242 | Cluster: 2 | Score: -223.35 | Total Predicted No: 83
[2025-12-07 12:30:47] ✗ PREDICTED NO | Customer: CUST_000242 | Cluster: 2 | Score: -223.35 | Total Predicted No: 84
[2025-12-07 12:30:47] ✗ PREDICTED NO | Customer: CUST_000242 | Cluster: 3 | Score: -457.36 | Total Predicted No: 85
[2025-12-07 12:30:47] ✗ PREDICTED NO | Customer: CUST_000242 | Cluster: 0 | Score: -61.15 | Total Predicted No: 86
[2025-12-07 12:30:47] ✗ PREDICTED NO | Customer: CUST_000242 | Cluster: 0 | Score: -68.95 | Total Predicted No: 87
[2025-12-07 12:30:47] ✗ PREDICTED NO | Customer: CUST_000242 | Cluster: 2 | Score: -233.01 | Total Predicted No: 88
[2025-12-07 12:30:47] ✗ PREDICTED NO | Customer: CUST_000242 | Cluster: 2 | Score: -233.01 | Total Predicted No: 89
[2025-12-07 12:30:47] ✗ PREDICTED NO | Customer: CUST_000242 | Cluster: 0 | Score: -19.68 | Total Predicted No: 90
[2025-12-07 12:30:47] ✗ PREDICTED NO | Customer: CUST_000242 | Cluster: 0 | Score: -61.15 | Total Predicted No: 91
[2025-12-07 12:30:48] ✗ PREDICTED NO | Customer: CUST_000256 | Cluster: 2 | Score: -146.79 | Total Predicted No: 92
[2025-12-07 12:30:48] ✗ PREDICTED NO | Customer: CUST_000256 | Cluster: 3 | Score: -496.29 | Total Predicted No: 93
[2025-12-07 12:30:48] ✗ PREDICTED NO | Customer: CUST_000256 | Cluster: 6 | Score: -26.76 | Total Predicted No: 94
[2025-12-07 12:30:48] ✗ PREDICTED NO | Customer: CUST_000256 | Cluster: 2 | Score: -195.74 | Total Predicted No: 95
[2025-12-07 12:30:48] ✗ PREDICTED NO | Customer: CUST_000256 | Cluster: 6 | Score: -67.95 | Total Predicted No: 96
[2025-12-07 12:30:48] ⟳ Reloading model after 100 predictions...
[2025-12-07 12:30:48] Loading model from /home/crazy_warlord/TargettedCalling/Persistence/model_car.json...
[2025-12-07 12:30:48] ✓ Model loaded (Load #2). Components: 8
[2025-12-07 12:30:48] ✗ PREDICTED NO | Customer: CUST_000256 | Cluster: 2 | Score: -371.27 | Total Predicted No: 97
[2025-12-07 12:30:48] ✗ PREDICTED NO | Customer: CUST_000256 | Cluster: 2 | Score: -146.79 | Total Predicted No: 98
[2025-12-07 12:30:48] ✗ PREDICTED NO | Customer: CUST_000256 | Cluster: 6 | Score: -16.64 | Total Predicted No: 99
[2025-12-07 12:30:48] ✗ PREDICTED NO | Customer: CUST_000256 | Cluster: 6 | Score: -68.68 | Total Predicted No: 100
[2025-12-07 12:30:49] ✗ PREDICTED NO | Customer: CUST_000256 | Cluster: 6 | Score: -25.79 | Total Predicted No: 101
[2025-12-07 12:30:49] ✗ PREDICTED NO | Customer: CUST_000256 | Cluster: 2 | Score: -371.27 | Total Predicted No: 102
[2025-12-07 12:30:49] ✗ PREDICTED NO | Customer: CUST_000256 | Cluster: 2 | Score: -195.74 | Total Predicted No: 103
[2025-12-07 12:30:49] ✗ PREDICTED NO | Customer: CUST_000256 | Cluster: 6 | Score: -16.64 | Total Predicted No: 104
[2025-12-07 12:30:50] ✗ PREDICTED NO | Customer: CUST_000263 | Cluster: 3 | Score: -270.69 | Total Predicted No: 105
[2025-12-07 12:30:50] ✗ PREDICTED NO | Customer: CUST_000263 | Cluster: 2 | Score: -118.70 | Total Predicted No: 106
[2025-12-07 12:30:50] ✗ PREDICTED NO | Customer: CUST_000263 | Cluster: 2 | Score: -30.37 | Total Predicted No: 107
[2025-12-07 12:30:50] ✗ PREDICTED NO | Customer: CUST_000265 | Cluster: 2 | Score: -31.98 | Total Predicted No: 108
[2025-12-07 12:30:50] ✗ PREDICTED NO | Customer: CUST_000263 | Cluster: 2 | Score: -30.37 | Total Predicted No: 109
[2025-12-07 12:30:50] ✗ PREDICTED NO | Customer: CUST_000263 | Cluster: 3 | Score: -267.81 | Total Predicted No: 110
[2025-12-07 12:30:50] ✗ PREDICTED NO | Customer: CUST_000263 | Cluster: 2 | Score: -91.34 | Total Predicted No: 111
[2025-12-07 12:30:50] ✗ PREDICTED NO | Customer: CUST_000265 | Cluster: 2 | Score: -24.13 | Total Predicted No: 112
[2025-12-07 12:30:50] ✗ PREDICTED NO | Customer: CUST_000265 | Cluster: 2 | Score: -24.13 | Total Predicted No: 113
[2025-12-07 12:30:50] ✗ PREDICTED NO | Customer: CUST_000265 | Cluster: 2 | Score: -26.96 | Total Predicted No: 114
[2025-12-07 12:30:50] ✗ PREDICTED NO | Customer: CUST_000263 | Cluster: 0 | Score: -23.78 | Total Predicted No: 115
[2025-12-07 12:30:50] ✗ PREDICTED NO | Customer: CUST_000263 | Cluster: 2 | Score: -118.70 | Total Predicted No: 116
[2025-12-07 12:30:50] ✗ PREDICTED NO | Customer: CUST_000263 | Cluster: 2 | Score: -91.34 | Total Predicted No: 117
[2025-12-07 12:30:50] ✗ PREDICTED NO | Customer: CUST_000263 | Cluster: 0 | Score: -23.78 | Total Predicted No: 118
[2025-12-07 12:30:50] ✗ PREDICTED NO | Customer: CUST_000263 | Cluster: 3 | Score: -270.69 | Total Predicted No: 119
[2025-12-07 12:30:50] ✗ PREDICTED NO | Customer: CUST_000265 | Cluster: 2 | Score: -26.96 | Total Predicted No: 120
[2025-12-07 12:30:51] ✗ PREDICTED NO | Customer: CUST_000265 | Cluster: 2 | Score: -53.67 | Total Predicted No: 121
[2025-12-07 12:30:51] ✗ PREDICTED NO | Customer: CUST_000265 | Cluster: 2 | Score: -116.46 | Total Predicted No: 122
[2025-12-07 12:30:51] ✗ PREDICTED NO | Customer: CUST_000265 | Cluster: 3 | Score: -201.77 | Total Predicted No: 123
[2025-12-07 12:30:51] ✗ PREDICTED NO | Customer: CUST_000265 | Cluster: 2 | Score: -31.98 | Total Predicted No: 124
[2025-12-07 12:30:51] ✗ PREDICTED NO | Customer: CUST_000265 | Cluster: 2 | Score: -28.06 | Total Predicted No: 125
[2025-12-07 12:30:51] ✗ PREDICTED NO | Customer: CUST_000265 | Cluster: 2 | Score: -62.77 | Total Predicted No: 126
[2025-12-07 12:30:51] ✗ PREDICTED NO | Customer: CUST_000265 | Cluster: 3 | Score: -202.05 | Total Predicted No: 127
[2025-12-07 12:30:51] ✗ PREDICTED NO | Customer: CUST_000265 | Cluster: 2 | Score: -116.46 | Total Predicted No: 128
[2025-12-07 12:30:52] ✗ PREDICTED NO | Customer: CUST_000265 | Cluster: 3 | Score: -201.77 | Total Predicted No: 129
[2025-12-07 12:30:52] ✗ PREDICTED NO | Customer: CUST_000265 | Cluster: 2 | Score: -62.77 | Total Predicted No: 130
[2025-12-07 12:30:52] ✗ PREDICTED NO | Customer: CUST_000265 | Cluster: 2 | Score: -53.67 | Total Predicted No: 131
[2025-12-07 12:30:52] ✗ PREDICTED NO | Customer: CUST_000265 | Cluster: 2 | Score: -28.06 | Total Predicted No: 132
[2025-12-07 12:30:57] ✗ PREDICTED NO | Customer: CUST_000330 | Cluster: 0 | Score: -488.67 | Total Predicted No: 133
[2025-12-07 12:30:57] ✗ PREDICTED NO | Customer: CUST_000330 | Cluster: 0 | Score: -27.53 | Total Predicted No: 134
[2025-12-07 12:30:57] ✗ PREDICTED NO | Customer: CUST_000330 | Cluster: 0 | Score: -103.33 | Total Predicted No: 135
[2025-12-07 12:30:57] ✗ PREDICTED NO | Customer: CUST_000330 | Cluster: 2 | Score: -281.10 | Total Predicted No: 136
[2025-12-07 12:30:57] ✗ PREDICTED NO | Customer: CUST_000330 | Cluster: 0 | Score: -103.33 | Total Predicted No: 137
[2025-12-07 12:30:57] ✗ PREDICTED NO | Customer: CUST_000330 | Cluster: 0 | Score: -87.20 | Total Predicted No: 138
[2025-12-07 12:30:57] ✗ PREDICTED NO | Customer: CUST_000330 | Cluster: 0 | Score: -27.53 | Total Predicted No: 139
[2025-12-07 12:30:57] ✗ PREDICTED NO | Customer: CUST_000330 | Cluster: 0 | Score: -488.67 | Total Predicted No: 140
[2025-12-07 12:30:57] ✗ PREDICTED NO | Customer: CUST_000330 | Cluster: 0 | Score: -324.02 | Total Predicted No: 141
[2025-12-07 12:30:57] ✗ PREDICTED NO | Customer: CUST_000330 | Cluster: 0 | Score: -324.02 | Total Predicted No: 142
[2025-12-07 12:30:58] ✗ PREDICTED NO | Customer: CUST_000330 | Cluster: 3 | Score: -521.06 | Total Predicted No: 143
[2025-12-07 12:30:58] ✗ PREDICTED NO | Customer: CUST_000330 | Cluster: 0 | Score: -87.20 | Total Predicted No: 144
[2025-12-07 12:30:58] ✗ PREDICTED NO | Customer: CUST_000330 | Cluster: 2 | Score: -281.10 | Total Predicted No: 145
[2025-12-07 12:31:00] ✗ PREDICTED NO | Customer: CUST_000343 | Cluster: 2 | Score: -93.36 | Total Predicted No: 146
[2025-12-07 12:31:00] ✗ PREDICTED NO | Customer: CUST_000343 | Cluster: 2 | Score: -99.35 | Total Predicted No: 147
[2025-12-07 12:31:00] ✗ PREDICTED NO | Customer: CUST_000343 | Cluster: 3 | Score: -537.15 | Total Predicted No: 148
[2025-12-07 12:31:00] ✗ PREDICTED NO | Customer: CUST_000343 | Cluster: 2 | Score: -140.43 | Total Predicted No: 149
[2025-12-07 12:31:00] ✗ PREDICTED NO | Customer: CUST_000343 | Cluster: 2 | Score: -99.35 | Total Predicted No: 150
[2025-12-07 12:31:00] ✗ PREDICTED NO | Customer: CUST_000343 | Cluster: 2 | Score: -213.08 | Total Predicted No: 151
[2025-12-07 12:31:00] ✗ PREDICTED NO | Customer: CUST_000343 | Cluster: 2 | Score: -213.08 | Total Predicted No: 152
[2025-12-07 12:31:00] ✗ PREDICTED NO | Customer: CUST_000343 | Cluster: 2 | Score: -291.49 | Total Predicted No: 153
[2025-12-07 12:31:00] ✗ PREDICTED NO | Customer: CUST_000343 | Cluster: 3 | Score: -525.57 | Total Predicted No: 154
[2025-12-07 12:31:00] ✗ PREDICTED NO | Customer: CUST_000343 | Cluster: 3 | Score: -537.15 | Total Predicted No: 155
[2025-12-07 12:31:01] ✗ PREDICTED NO | Customer: CUST_000343 | Cluster: 6 | Score: -40.08 | Total Predicted No: 156
[2025-12-07 12:31:01] ✗ PREDICTED NO | Customer: CUST_000343 | Cluster: 2 | Score: -291.49 | Total Predicted No: 157
[2025-12-07 12:31:01] ✗ PREDICTED NO | Customer: CUST_000343 | Cluster: 2 | Score: -93.36 | Total Predicted No: 158
[2025-12-07 12:31:01] ✗ PREDICTED NO | Customer: CUST_000343 | Cluster: 2 | Score: -140.43 | Total Predicted No: 159
[2025-12-07 12:31:01] ✗ PREDICTED NO | Customer: CUST_000343 | Cluster: 6 | Score: -40.08 | Total Predicted No: 160
[2025-12-07 12:31:02] ✗ PREDICTED NO | Customer: CUST_000349 | Cluster: 2 | Score: -426.17 | Total Predicted No: 161
[2025-12-07 12:31:02] ✗ PREDICTED NO | Customer: CUST_000349 | Cluster: 0 | Score: -26.18 | Total Predicted No: 162
[2025-12-07 12:31:02] ✗ PREDICTED NO | Customer: CUST_000349 | Cluster: 3 | Score: -94.52 | Total Predicted No: 163
[2025-12-07 12:31:02] ✗ PREDICTED NO | Customer: CUST_000349 | Cluster: 3 | Score: -486.13 | Total Predicted No: 164
[2025-12-07 12:31:02] ✗ PREDICTED NO | Customer: CUST_000349 | Cluster: 3 | Score: -84.42 | Total Predicted No: 165
[2025-12-07 12:31:02] ✗ PREDICTED NO | Customer: CUST_000349 | Cluster: 2 | Score: -426.17 | Total Predicted No: 166
[2025-12-07 12:31:02] ✗ PREDICTED NO | Customer: CUST_000349 | Cluster: 3 | Score: -94.52 | Total Predicted No: 167
[2025-12-07 12:31:02] ✗ PREDICTED NO | Customer: CUST_000349 | Cluster: 3 | Score: -295.19 | Total Predicted No: 168
[2025-12-07 12:31:02] ✗ PREDICTED NO | Customer: CUST_000349 | Cluster: 2 | Score: -199.04 | Total Predicted No: 169
[2025-12-07 12:31:02] ✗ PREDICTED NO | Customer: CUST_000349 | Cluster: 0 | Score: -26.18 | Total Predicted No: 170
[2025-12-07 12:31:02] ✗ PREDICTED NO | Customer: CUST_000349 | Cluster: 3 | Score: -84.42 | Total Predicted No: 171
[2025-12-07 12:31:02] ✗ PREDICTED NO | Customer: CUST_000349 | Cluster: 3 | Score: -295.19 | Total Predicted No: 172
[2025-12-07 12:31:02] ✗ PREDICTED NO | Customer: CUST_000349 | Cluster: 2 | Score: -199.04 | Total Predicted No: 173
[2025-12-07 12:31:02] ✗ PREDICTED NO | Customer: CUST_000349 | Cluster: 6 | Score: -28.02 | Total Predicted No: 174
[2025-12-07 12:31:02] ✗ PREDICTED NO | Customer: CUST_000349 | Cluster: 6 | Score: -28.02 | Total Predicted No: 175
[2025-12-07 12:31:06] ✗ PREDICTED NO | Customer: CUST_000383 | Cluster: 3 | Score: -61.28 | Total Predicted No: 176
[2025-12-07 12:31:06] ✗ PREDICTED NO | Customer: CUST_000383 | Cluster: 3 | Score: -152.95 | Total Predicted No: 177
[2025-12-07 12:31:06] ✗ PREDICTED NO | Customer: CUST_000383 | Cluster: 3 | Score: -61.28 | Total Predicted No: 178
[2025-12-07 12:31:06] ✗ PREDICTED NO | Customer: CUST_000383 | Cluster: 3 | Score: -175.37 | Total Predicted No: 179
[2025-12-07 12:31:06] ✗ PREDICTED NO | Customer: CUST_000383 | Cluster: 3 | Score: -175.37 | Total Predicted No: 180
[2025-12-07 12:31:08] ✗ PREDICTED NO | Customer: CUST_000383 | Cluster: 3 | Score: -484.63 | Total Predicted No: 181
[2025-12-07 12:31:08] ✗ PREDICTED NO | Customer: CUST_000383 | Cluster: 3 | Score: -737.31 | Total Predicted No: 182
[2025-12-07 12:31:08] ✗ PREDICTED NO | Customer: CUST_000383 | Cluster: 3 | Score: -484.63 | Total Predicted No: 183
[2025-12-07 12:31:08] ✗ PREDICTED NO | Customer: CUST_000383 | Cluster: 3 | Score: -152.95 | Total Predicted No: 184
[2025-12-07 12:31:08] ✗ PREDICTED NO | Customer: CUST_000383 | Cluster: 3 | Score: -749.85 | Total Predicted No: 185
[2025-12-07 12:31:08] ✗ PREDICTED NO | Customer: CUST_000383 | Cluster: 3 | Score: -449.94 | Total Predicted No: 186
[2025-12-07 12:31:08] ✗ PREDICTED NO | Customer: CUST_000383 | Cluster: 3 | Score: -449.94 | Total Predicted No: 187
[2025-12-07 12:31:08] ✗ PREDICTED NO | Customer: CUST_000383 | Cluster: 3 | Score: -749.85 | Total Predicted No: 188
[2025-12-07 12:31:11] ✗ PREDICTED NO | Customer: CUST_000406 | Cluster: 3 | Score: -252.35 | Total Predicted No: 189
[2025-12-07 12:31:11] ✗ PREDICTED NO | Customer: CUST_000406 | Cluster: 3 | Score: -282.73 | Total Predicted No: 190
[2025-12-07 12:31:11] ✗ PREDICTED NO | Customer: CUST_000406 | Cluster: 2 | Score: -21.22 | Total Predicted No: 191
[2025-12-07 12:31:11] ✗ PREDICTED NO | Customer: CUST_000406 | Cluster: 3 | Score: -282.73 | Total Predicted No: 192
[2025-12-07 12:31:11] ✗ PREDICTED NO | Customer: CUST_000406 | Cluster: 3 | Score: -149.30 | Total Predicted No: 193
[2025-12-07 12:31:11] ✗ PREDICTED NO | Customer: CUST_000406 | Cluster: 2 | Score: -27.33 | Total Predicted No: 194
[2025-12-07 12:31:11] ✗ PREDICTED NO | Customer: CUST_000406 | Cluster: 3 | Score: -265.71 | Total Predicted No: 195
[2025-12-07 12:31:11] ✗ PREDICTED NO | Customer: CUST_000406 | Cluster: 3 | Score: -149.30 | Total Predicted No: 196
[2025-12-07 12:31:11] ⟳ Reloading model after 200 predictions...
[2025-12-07 12:31:11] Loading model from /home/crazy_warlord/TargettedCalling/Persistence/model_car.json...
[2025-12-07 12:31:11] ✓ Model loaded (Load #3). Components: 8
[2025-12-07 12:31:11] ✗ PREDICTED NO | Customer: CUST_000406 | Cluster: 2 | Score: -27.58 | Total Predicted No: 197
[2025-12-07 12:31:11] ✗ PREDICTED NO | Customer: CUST_000406 | Cluster: 2 | Score: -85.71 | Total Predicted No: 198
[2025-12-07 12:31:11] ✗ PREDICTED NO | Customer: CUST_000406 | Cluster: 2 | Score: -21.22 | Total Predicted No: 199
[2025-12-07 12:31:11] ✗ PREDICTED NO | Customer: CUST_000406 | Cluster: 2 | Score: -85.71 | Total Predicted No: 200
[2025-12-07 12:31:11] ✗ PREDICTED NO | Customer: CUST_000406 | Cluster: 2 | Score: -27.33 | Total Predicted No: 201
[2025-12-07 12:31:11] ✗ PREDICTED NO | Customer: CUST_000406 | Cluster: 2 | Score: -27.58 | Total Predicted No: 202
[2025-12-07 12:31:11] ✗ PREDICTED NO | Customer: CUST_000406 | Cluster: 3 | Score: -265.71 | Total Predicted No: 203
[2025-12-07 12:31:17] ✗ PREDICTED NO | Customer: CUST_000499 | Cluster: 7 | Score: -11.12 | Total Predicted No: 204
[2025-12-07 12:31:17] ✗ PREDICTED NO | Customer: CUST_000499 | Cluster: 4 | Score: -15.43 | Total Predicted No: 205
[2025-12-07 12:31:17] ✗ PREDICTED NO | Customer: CUST_000499 | Cluster: 4 | Score: -15.43 | Total Predicted No: 206
[2025-12-07 12:31:18] ✗ PREDICTED NO | Customer: CUST_000499 | Cluster: 4 | Score: -28.23 | Total Predicted No: 207
[2025-12-07 12:31:18] ✗ PREDICTED NO | Customer: CUST_000499 | Cluster: 2 | Score: -19.75 | Total Predicted No: 208
[2025-12-07 12:31:18] ✗ PREDICTED NO | Customer: CUST_000499 | Cluster: 7 | Score: -11.12 | Total Predicted No: 209
[2025-12-07 12:31:18] ✗ PREDICTED NO | Customer: CUST_000499 | Cluster: 2 | Score: -19.75 | Total Predicted No: 210
[2025-12-07 12:31:18] ✗ PREDICTED NO | Customer: CUST_000499 | Cluster: 3 | Score: -139.79 | Total Predicted No: 211
[2025-12-07 12:31:18] ✗ PREDICTED NO | Customer: CUST_000499 | Cluster: 2 | Score: -72.97 | Total Predicted No: 212
[2025-12-07 12:31:18] ✗ PREDICTED NO | Customer: CUST_000499 | Cluster: 2 | Score: -62.59 | Total Predicted No: 213
[2025-12-07 12:31:18] ✗ PREDICTED NO | Customer: CUST_000499 | Cluster: 2 | Score: -40.74 | Total Predicted No: 214
[2025-12-07 12:31:18] ✗ PREDICTED NO | Customer: CUST_000499 | Cluster: 2 | Score: -72.97 | Total Predicted No: 215
[2025-12-07 12:31:19] ✗ PREDICTED NO | Customer: CUST_000499 | Cluster: 2 | Score: -40.74 | Total Predicted No: 216
[2025-12-07 12:31:19] ✗ PREDICTED NO | Customer: CUST_000499 | Cluster: 2 | Score: -62.59 | Total Predicted No: 217
[2025-12-07 12:31:19] ✗ PREDICTED NO | Customer: CUST_000499 | Cluster: 4 | Score: -28.23 | Total Predicted No: 218
[2025-12-07 12:31:20] ✗ PREDICTED NO | Customer: CUST_000513 | Cluster: 2 | Score: -87.46 | Total Predicted No: 219
[2025-12-07 12:31:20] ✗ PREDICTED NO | Customer: CUST_000513 | Cluster: 2 | Score: -157.66 | Total Predicted No: 220
[2025-12-07 12:31:20] ✗ PREDICTED NO | Customer: CUST_000513 | Cluster: 4 | Score: -24.35 | Total Predicted No: 221
[2025-12-07 12:31:20] ✗ PREDICTED NO | Customer: CUST_000513 | Cluster: 4 | Score: -24.35 | Total Predicted No: 222
[2025-12-07 12:31:20] ✗ PREDICTED NO | Customer: CUST_000513 | Cluster: 2 | Score: -34.30 | Total Predicted No: 223
[2025-12-07 12:31:20] ✗ PREDICTED NO | Customer: CUST_000513 | Cluster: 2 | Score: -29.17 | Total Predicted No: 224
[2025-12-07 12:31:20] ✗ PREDICTED NO | Customer: CUST_000513 | Cluster: 2 | Score: -63.52 | Total Predicted No: 225
[2025-12-07 12:31:20] ✗ PREDICTED NO | Customer: CUST_000513 | Cluster: 2 | Score: -87.46 | Total Predicted No: 226
[2025-12-07 12:31:20] ✗ PREDICTED NO | Customer: CUST_000513 | Cluster: 2 | Score: -63.52 | Total Predicted No: 227
[2025-12-07 12:31:20] ✗ PREDICTED NO | Customer: CUST_000513 | Cluster: 4 | Score: -14.44 | Total Predicted No: 228
[2025-12-07 12:31:20] ✗ PREDICTED NO | Customer: CUST_000513 | Cluster: 2 | Score: -34.30 | Total Predicted No: 229
[2025-12-07 12:31:20] ✗ PREDICTED NO | Customer: CUST_000513 | Cluster: 4 | Score: -14.44 | Total Predicted No: 230
[2025-12-07 12:31:20] ✗ PREDICTED NO | Customer: CUST_000513 | Cluster: 2 | Score: -157.66 | Total Predicted No: 231
[2025-12-07 12:31:20] ✗ PREDICTED NO | Customer: CUST_000513 | Cluster: 3 | Score: -203.29 | Total Predicted No: 232
[2025-12-07 12:31:20] ✗ PREDICTED NO | Customer: CUST_000513 | Cluster: 2 | Score: -29.17 | Total Predicted No: 233
[2025-12-07 12:31:26] ✗ PREDICTED NO | Customer: CUST_000542 | Cluster: 3 | Score: -96.09 | Total Predicted No: 234
[2025-12-07 12:31:26] ✗ PREDICTED NO | Customer: CUST_000542 | Cluster: 2 | Score: -83.25 | Total Predicted No: 235
[2025-12-07 12:31:26] ✗ PREDICTED NO | Customer: CUST_000542 | Cluster: 4 | Score: -13.30 | Total Predicted No: 236
[2025-12-07 12:31:26] ✗ PREDICTED NO | Customer: CUST_000542 | Cluster: 4 | Score: -3.05 | Total Predicted No: 237
[2025-12-07 12:31:26] ✗ PREDICTED NO | Customer: CUST_000542 | Cluster: 4 | Score: -35.34 | Total Predicted No: 238
[2025-12-07 12:31:26] ✗ PREDICTED NO | Customer: CUST_000542 | Cluster: 4 | Score: -13.30 | Total Predicted No: 239
[2025-12-07 12:31:26] ✗ PREDICTED NO | Customer: CUST_000542 | Cluster: 4 | Score: -3.05 | Total Predicted No: 240
[2025-12-07 12:31:26] ✗ PREDICTED NO | Customer: CUST_000542 | Cluster: 4 | Score: -35.34 | Total Predicted No: 241
[2025-12-07 12:31:26] ✗ PREDICTED NO | Customer: CUST_000542 | Cluster: 2 | Score: -83.25 | Total Predicted No: 242
[2025-12-07 12:31:26] ✗ PREDICTED NO | Customer: CUST_000542 | Cluster: 2 | Score: -36.09 | Total Predicted No: 243
[2025-12-07 12:31:26] ✗ PREDICTED NO | Customer: CUST_000542 | Cluster: 2 | Score: -36.09 | Total Predicted No: 244
